date,sku,on_hand,on_order
2023-01-01,P101,3466,0
2023-01-02,P101,3299,0
2023-01-03,P101,3128,0
2023-01-04,P101,2968,0
2023-01-05,P101,2813,0
2023-01-06,P101,2666,0
2023-01-07,P101,2599,0
2023-01-08,P101,2566,0
2023-01-09,P101,2440,0
2023-01-10,P101,2300,0
2023-01-11,P101,2127,0
2023-01-12,P101,1967,0
2023-01-13,P101,1804,0
2023-01-14,P101,1729,0
2023-01-15,P101,1702,0
2023-01-16,P101,1557,0
2023-01-17,P101,1401,0
2023-01-18,P101,1248,0
2023-01-19,P101,1082,0
2023-01-20,P101,947,0
2023-01-21,P101,866,0
2023-01-22,P101,838,0
2023-01-23,P101,681,725
2023-01-24,P101,525,725
2023-01-25,P101,1110,0
2023-01-26,P101,965,0
2023-01-27,P101,826,0
2023-01-28,P101,750,700
2023-01-29,P101,713,700
2023-01-30,P101,564,700
2023-01-31,P101,411,700
2023-02-01,P101,992,0
2023-02-02,P101,857,0
2023-02-03,P101,718,680
2023-02-04,P101,645,680
2023-02-05,P101,609,680
2023-02-06,P101,460,680
2023-02-07,P101,960,0
2023-02-08,P101,804,0
2023-02-09,P101,652,695
2023-02-10,P101,509,695
2023-02-11,P101,430,695
2023-02-12,P101,392,695
2023-02-13,P101,278,695
2023-02-14,P101,154,695
2023-02-15,P101,702,685
2023-02-16,P101,550,685
2023-02-17,P101,394,685
2023-02-18,P101,310,685
2023-02-19,P101,279,685
2023-02-20,P101,793,0
2023-02-21,P101,615,710
2023-02-22,P101,455,710
2023-02-23,P101,286,710
2023-02-24,P101,136,710
2023-02-25,P101,61,710
2023-02-26,P101,26,710
2023-02-27,P101,579,735
2023-02-28,P101,418,735
2023-03-01,P101,234,735
2023-03-02,P101,122,735
2023-03-03,P101,0,735
2023-03-04,P101,0,735
2023-03-05,P101,0,735
2023-03-06,P101,584,725
2023-03-07,P101,449,725
2023-03-08,P101,307,725
2023-03-09,P101,167,725
2023-03-10,P101,0,725
2023-03-11,P101,561,740
2023-03-12,P101,530,740
2023-03-13,P101,380,740
2023-03-14,P101,978,0
2023-03-15,P101,852,0
2023-03-16,P101,699,720
2023-03-17,P101,567,720
2023-03-18,P101,486,720
2023-03-19,P101,459,720
2023-03-20,P101,315,720
2023-03-21,P101,869,0
2023-03-22,P101,702,745
2023-03-23,P101,539,745
2023-03-24,P101,412,745
2023-03-25,P101,323,745
2023-03-26,P101,293,745
2023-03-27,P101,870,0
2023-03-28,P101,707,715
2023-03-29,P101,571,715
2023-03-30,P101,420,715
2023-03-31,P101,265,715
2023-04-01,P101,178,715
2023-04-02,P101,116,715
2023-04-03,P101,0,715
2023-04-04,P101,533,770
2023-04-05,P101,235,770
2023-04-06,P101,65,770
2023-04-07,P101,654,845
2023-04-08,P101,554,845
2023-04-09,P101,526,845
2023-04-10,P101,1229,0
2023-04-11,P101,838,935
2023-04-12,P101,695,935
2023-04-13,P101,561,935
2023-04-14,P101,420,935
2023-04-15,P101,1269,0
2023-04-16,P101,1236,0
2023-04-17,P101,1089,0
2023-04-18,P101,937,885
2023-04-19,P101,788,885
2023-04-20,P101,646,885
2023-04-21,P101,459,885
2023-04-22,P101,374,885
2023-04-23,P101,338,885
2023-04-24,P101,1073,0
2023-04-25,P101,912,0
2023-04-26,P101,763,720
2023-04-27,P101,652,720
2023-04-28,P101,525,720
2023-04-29,P101,459,720
2023-04-30,P101,434,720
2023-05-01,P101,296,720
2023-05-02,P101,827,0
2023-05-03,P101,666,710
2023-05-04,P101,487,710
2023-05-05,P101,331,710
2023-05-06,P101,242,710
2023-05-07,P101,212,710
2023-05-08,P101,44,710
2023-05-09,P101,576,725
2023-05-10,P101,425,725
2023-05-11,P101,258,725
2023-05-12,P101,99,725
2023-05-13,P101,22,725
2023-05-14,P101,0,725
2023-05-15,P101,587,770
2023-05-16,P101,421,770
2023-05-17,P101,254,770
2023-05-18,P101,35,770
2023-05-19,P101,0,770
2023-05-20,P101,683,775
2023-05-21,P101,648,775
2023-05-22,P101,463,775
2023-05-23,P101,1051,0
2023-05-24,P101,908,0
2023-05-25,P101,723,795
2023-05-26,P101,583,795
2023-05-27,P101,492,795
2023-05-28,P101,459,795
2023-05-29,P101,309,795
2023-05-30,P101,178,795
2023-05-31,P101,816,780
2023-06-01,P101,687,780
2023-06-02,P101,523,780
2023-06-03,P101,428,780
2023-06-04,P101,1178,0
2023-06-05,P101,1016,0
2023-06-06,P101,866,0
2023-06-07,P101,717,725
2023-06-08,P101,548,725
2023-06-09,P101,401,725
2023-06-10,P101,304,725
2023-06-11,P101,273,725
2023-06-12,P101,824,0
2023-06-13,P101,660,750
2023-06-14,P101,487,750
2023-06-15,P101,340,750
2023-06-16,P101,193,750
2023-06-17,P101,863,0
2023-06-18,P101,834,0
2023-06-19,P101,667,750
2023-06-20,P101,494,750
2023-06-21,P101,325,750
2023-06-22,P101,145,750
2023-06-23,P101,0,750
2023-06-24,P101,673,775
2023-06-25,P101,639,775
2023-06-26,P101,494,775
2023-06-27,P101,333,775
2023-06-28,P101,185,775
2023-06-29,P101,4,775
2023-06-30,P101,627,770
2023-07-01,P101,549,770
2023-07-02,P101,513,770
2023-07-03,P101,1165,0
2023-07-04,P101,1040,0
2023-07-05,P101,869,0
2023-07-06,P101,715,720
2023-07-07,P101,566,720
2023-07-08,P101,1218,0
2023-07-09,P101,1186,0
2023-07-10,P101,998,0
2023-07-11,P101,824,0
2023-07-12,P101,665,735
2023-07-13,P101,520,735
2023-07-14,P101,382,735
2023-07-15,P101,321,735
2023-07-16,P101,288,735
2023-07-17,P101,0,735
2023-07-18,P101,604,800
2023-07-19,P101,460,800
2023-07-20,P101,328,800
2023-07-21,P101,199,800
2023-07-22,P101,119,800
2023-07-23,P101,895,0
2023-07-24,P101,732,765
2023-07-25,P101,561,765
2023-07-26,P101,410,765
2023-07-27,P101,301,765
2023-07-28,P101,173,765
2023-07-29,P101,84,765
2023-07-30,P101,827,0
2023-07-31,P101,681,665
2023-08-01,P101,544,665
2023-08-02,P101,376,665
2023-08-03,P101,124,665
2023-08-04,P101,0,665
2023-08-05,P101,0,665
2023-08-06,P101,627,745
2023-08-07,P101,479,745
2023-08-08,P101,316,745
2023-08-09,P101,188,745
2023-08-10,P101,19,745
2023-08-11,P101,0,745
2023-08-12,P101,672,745
2023-08-13,P101,641,745
2023-08-14,P101,517,745
2023-08-15,P101,357,745
2023-08-16,P101,933,0
2023-08-17,P101,780,0
2023-08-18,P101,663,695
2023-08-19,P101,586,695
2023-08-20,P101,552,695
2023-08-21,P101,433,695
2023-08-22,P101,991,0
2023-08-23,P101,824,0
2023-08-24,P101,672,675
2023-08-25,P101,525,675
2023-08-26,P101,432,675
2023-08-27,P101,399,675
2023-08-28,P101,914,0
2023-08-29,P101,713,725
2023-08-30,P101,565,725
2023-08-31,P101,431,725
2023-09-01,P101,284,725
2023-09-02,P101,203,725
2023-09-03,P101,174,725
2023-09-04,P101,42,725
2023-09-05,P101,421,810
2023-09-06,P101,264,810
2023-09-07,P101,129,810
2023-09-08,P101,0,810
2023-09-09,P101,0,810
2023-09-10,P101,780,795
2023-09-11,P101,623,795
2023-09-12,P101,491,795
2023-09-13,P101,334,795
2023-09-14,P101,157,795
2023-09-15,P101,10,795
2023-09-16,P101,731,785
2023-09-17,P101,702,785
2023-09-18,P101,561,785
2023-09-19,P101,412,785
2023-09-20,P101,268,785
2023-09-21,P101,892,0
2023-09-22,P101,779,0
2023-09-23,P101,695,700
2023-09-24,P101,666,700
2023-09-25,P101,512,700
2023-09-26,P101,378,700
2023-09-27,P101,206,700
2023-09-28,P101,40,700
2023-09-29,P101,0,700
2023-09-30,P101,636,700
2023-10-01,P101,603,700
2023-10-02,P101,449,700
2023-10-03,P101,323,700
2023-10-04,P101,173,700
2023-10-05,P101,21,700
2023-10-06,P101,573,710
2023-10-07,P101,495,710
2023-10-08,P101,1173,0
2023-10-09,P101,1002,0
2023-10-10,P101,828,0
2023-10-11,P101,725,700
2023-10-12,P101,584,700
2023-10-13,P101,447,700
2023-10-14,P101,385,700
2023-10-15,P101,354,700
2023-10-16,P101,186,700
2023-10-17,P101,751,0
2023-10-18,P101,595,695
2023-10-19,P101,463,695
2023-10-20,P101,334,695
2023-10-21,P101,245,695
2023-10-22,P101,911,0
2023-10-23,P101,756,0
2023-10-24,P101,634,655
2023-10-25,P101,452,655
2023-10-26,P101,296,655
2023-10-27,P101,159,655
2023-10-28,P101,77,655
2023-10-29,P101,51,655
2023-10-30,P101,0,655
2023-10-31,P101,0,655
2023-11-01,P101,507,700
2023-11-02,P101,368,700
2023-11-03,P101,237,700
2023-11-04,P101,154,700
2023-11-05,P101,122,700
2023-11-06,P101,0,700
2023-11-07,P101,0,700
2023-11-08,P101,0,700
2023-11-09,P101,0,700
2023-11-10,P101,0,700
2023-11-11,P101,0,700
2023-11-12,P101,665,715
2023-11-13,P101,493,715
2023-11-14,P101,353,715
2023-11-15,P101,164,715
2023-11-16,P101,0,715
2023-11-17,P101,0,715
2023-11-18,P101,637,750
2023-11-19,P101,607,750
2023-11-20,P101,461,750
2023-11-21,P101,299,750
2023-11-22,P101,123,750
2023-11-23,P101,721,755
2023-11-24,P101,593,755
2023-11-25,P101,508,755
2023-11-26,P101,1229,0
2023-11-27,P101,1068,0
2023-11-28,P101,899,0
2023-11-29,P101,750,735
2023-11-30,P101,616,735
2023-12-01,P101,487,735
2023-12-02,P101,423,735
2023-12-03,P101,391,735
2023-12-04,P101,241,735
2023-12-05,P101,826,0
2023-12-06,P101,722,675
2023-12-07,P101,592,675
2023-12-08,P101,431,675
2023-12-09,P101,358,675
2023-12-10,P101,325,675
2023-12-11,P101,871,0
2023-12-12,P101,688,670
2023-12-13,P101,535,670
2023-12-14,P101,379,670
2023-12-15,P101,868,0
2023-12-16,P101,775,0
2023-12-17,P101,744,710
2023-12-18,P101,601,710
2023-12-19,P101,447,710
2023-12-20,P101,282,710
2023-12-21,P101,131,710
2023-12-22,P101,702,735
2023-12-23,P101,609,735
2023-12-24,P101,577,735
2023-12-25,P101,384,735
2023-12-26,P101,222,735
2023-12-27,P101,34,735
2023-12-28,P101,610,775
2023-12-29,P101,448,775
2023-12-30,P101,374,775
2023-12-31,P101,345,775
2024-01-01,P101,182,775
2024-01-02,P101,778,780
2024-01-03,P101,619,780
2024-01-04,P101,486,780
2024-01-05,P101,361,780
2024-01-06,P101,293,780
2024-01-07,P101,267,780
2024-01-08,P101,889,0
2024-01-09,P101,706,745
2024-01-10,P101,546,745
2024-01-11,P101,429,745
2024-01-12,P101,284,745
2024-01-13,P101,204,745
2024-01-14,P101,164,745
2024-01-15,P101,777,0
2024-01-16,P101,620,695
2024-01-17,P101,429,695
2024-01-18,P101,265,695
2024-01-19,P101,106,695
2024-01-20,P101,718,740
2024-01-21,P101,684,740
2024-01-22,P101,1252,0
2024-01-23,P101,1102,0
2024-01-24,P101,924,0
2024-01-25,P101,790,750
2024-01-26,P101,634,750
2024-01-27,P101,550,750
2024-01-28,P101,519,750
2024-01-29,P101,360,750
2024-01-30,P101,955,0
2024-01-31,P101,811,0
2024-02-01,P101,658,740
2024-02-02,P101,525,740
2024-02-03,P101,439,740
2024-02-04,P101,410,740
2024-02-05,P101,59,740
2024-02-06,P101,0,740
2024-02-07,P101,586,790
2024-02-08,P101,437,790
2024-02-09,P101,262,790
2024-02-10,P101,175,790
2024-02-11,P101,142,790
2024-02-12,P101,761,810
2024-02-13,P101,632,810
2024-02-14,P101,467,810
2024-02-15,P101,271,810
2024-02-16,P101,115,810
2024-02-17,P101,840,835
2024-02-18,P101,804,835
2024-02-19,P101,1460,0
2024-02-20,P101,1328,0
2024-02-21,P101,1192,0
2024-02-22,P101,1026,0
2024-02-23,P101,884,0
2024-02-24,P101,787,750
2024-02-25,P101,754,750
2024-02-26,P101,625,750
2024-02-27,P101,478,750
2024-02-28,P101,361,750
2024-02-29,P101,952,0
2024-03-01,P101,800,0
2024-03-02,P101,719,705
2024-03-03,P101,681,705
2024-03-04,P101,494,705
2024-03-05,P101,326,705
2024-03-06,P101,902,0
2024-03-07,P101,727,720
2024-03-08,P101,562,720
2024-03-09,P101,473,720
2024-03-10,P101,435,720
2024-03-11,P101,291,720
2024-03-12,P101,655,825
2024-03-13,P101,504,825
2024-03-14,P101,326,825
2024-03-15,P101,198,825
2024-03-16,P101,121,825
2024-03-17,P101,906,0
2024-03-18,P101,744,825
2024-03-19,P101,555,825
2024-03-20,P101,381,825
2024-03-21,P101,1043,0
2024-03-22,P101,862,850
2024-03-23,P101,778,850
2024-03-24,P101,1600,0
2024-03-25,P101,1448,0
2024-03-26,P101,1264,0
2024-03-27,P101,1086,0
2024-03-28,P101,949,0
2024-03-29,P101,804,780
2024-03-30,P101,723,780
2024-03-31,P101,690,780
2024-04-01,P101,548,780
2024-04-02,P101,386,780
2024-04-03,P101,229,780
2024-04-04,P101,829,0
2024-04-05,P101,527,810
2024-04-06,P101,441,810
2024-04-07,P101,408,810
2024-04-08,P101,238,810
2024-04-09,P101,80,810
2024-04-10,P101,0,810
2024-04-11,P101,532,855
2024-04-12,P101,385,855
2024-04-13,P101,309,855
2024-04-14,P101,274,855
2024-04-15,P101,948,0
2024-04-16,P101,804,865
2024-04-17,P101,632,865
2024-04-18,P101,1335,0
2024-04-19,P101,1171,0
2024-04-20,P101,1084,0
2024-04-21,P101,1055,0
2024-04-22,P101,910,0
2024-04-23,P101,735,800
2024-04-24,P101,544,800
2024-04-25,P101,418,800
2024-04-26,P101,253,800
2024-04-27,P101,846,815
2024-04-28,P101,812,815
2024-04-29,P101,634,815
2024-04-30,P101,325,815
2024-05-01,P101,156,815
2024-05-02,P101,19,815
2024-05-03,P101,0,815
2024-05-04,P101,719,855
2024-05-05,P101,656,855
2024-05-06,P101,496,855
2024-05-07,P101,348,855
2024-05-08,P101,203,855
2024-05-09,P101,40,855
2024-05-10,P101,0,855
2024-05-11,P101,764,805
2024-05-12,P101,727,805
2024-05-13,P101,553,805
2024-05-14,P101,1179,0
2024-05-15,P101,978,0
2024-05-16,P101,831,770
2024-05-17,P101,674,770
2024-05-18,P101,576,770
2024-05-19,P101,1306,0
2024-05-20,P101,1165,0
2024-05-21,P101,997,0
2024-05-22,P101,801,800
2024-05-23,P101,626,800
2024-05-24,P101,465,800
2024-05-25,P101,1180,0
2024-05-26,P101,1147,0
2024-05-27,P101,975,0
2024-05-28,P101,806,800
2024-05-29,P101,637,800
2024-05-30,P101,470,800
2024-05-31,P101,324,800
2024-06-01,P101,1032,0
2024-06-02,P101,986,0
2024-06-03,P101,852,790
2024-06-04,P101,673,790
2024-06-05,P101,518,790
2024-06-06,P101,1133,0
2024-06-07,P101,975,0
2024-06-08,P101,882,0
2024-06-09,P101,843,780
2024-06-10,P101,673,780
2024-06-11,P101,479,780
2024-06-12,P101,354,780
2024-06-13,P101,161,780
2024-06-14,P101,0,780
2024-06-15,P101,0,780
2024-06-16,P101,0,780
2024-06-17,P101,0,780
2024-06-18,P101,0,780
2024-06-19,P101,0,780
2024-06-20,P101,611,790
2024-06-21,P101,437,790
2024-06-22,P101,368,790
2024-06-23,P101,296,790
2024-06-24,P101,131,790
2024-06-25,P101,0,790
2024-06-26,P101,650,795
2024-06-27,P101,478,795
2024-06-28,P101,364,795
2024-06-29,P101,273,795
2024-06-30,P101,1040,0
2024-07-01,P101,875,0
2024-07-02,P101,707,765
2024-07-03,P101,519,765
2024-07-04,P101,360,765
2024-07-05,P101,144,765
2024-07-06,P101,829,795
2024-07-07,P101,790,795
2024-07-08,P101,617,795
2024-07-09,P101,455,795
2024-07-10,P101,1088,0
2024-07-11,P101,955,0
2024-07-12,P101,795,790
2024-07-13,P101,727,790
2024-07-14,P101,690,790
2024-07-15,P101,1315,0
2024-07-16,P101,925,880
2024-07-17,P101,780,880
2024-07-18,P101,621,880
2024-07-19,P101,1318,0
2024-07-20,P101,1223,0
2024-07-21,P101,1192,0
2024-07-22,P101,1026,0
2024-07-23,P101,858,850
2024-07-24,P101,688,850
2024-07-25,P101,541,850
2024-07-26,P101,390,850
2024-07-27,P101,1171,0
2024-07-28,P101,1137,0
2024-07-29,P101,968,0
2024-07-30,P101,805,760
2024-07-31,P101,670,760
2024-08-01,P101,494,760
2024-08-02,P101,337,760
2024-08-03,P101,260,760
2024-08-04,P101,988,0
2024-08-05,P101,854,0
2024-08-06,P101,707,725
2024-08-07,P101,554,725
2024-08-08,P101,374,725
2024-08-09,P101,234,725
2024-08-10,P101,145,725
2024-08-11,P101,839,0
2024-08-12,P101,675,730
2024-08-13,P101,512,730
2024-08-14,P101,334,730
2024-08-15,P101,16,730
2024-08-16,P101,0,730
2024-08-17,P101,660,790
2024-08-18,P101,629,790
2024-08-19,P101,492,790
2024-08-20,P101,320,790
2024-08-21,P101,167,790
2024-08-22,P101,0,790
2024-08-23,P101,0,790
2024-08-24,P101,0,790
2024-08-25,P101,0,790
2024-08-26,P101,641,795
2024-08-27,P101,475,795
2024-08-28,P101,276,795
2024-08-29,P101,116,795
2024-08-30,P101,731,760
2024-08-31,P101,653,760
2024-09-01,P101,619,760
2024-09-02,P101,444,760
2024-09-03,P101,1044,0
2024-09-04,P101,894,0
2024-09-05,P101,777,740
2024-09-06,P101,618,740
2024-09-07,P101,537,740
2024-09-08,P101,508,740
2024-09-09,P101,349,740
2024-09-10,P101,197,740
2024-09-11,P101,786,735
2024-09-12,P101,620,735
2024-09-13,P101,494,735
2024-09-14,P101,403,735
2024-09-15,P101,375,735
2024-09-16,P101,230,735
2024-09-17,P101,768,720
2024-09-18,P101,589,720
2024-09-19,P101,432,720
2024-09-20,P101,300,720
2024-09-21,P101,944,0
2024-09-22,P101,911,0
2024-09-23,P101,754,735
2024-09-24,P101,593,735
2024-09-25,P101,434,735
2024-09-26,P101,283,735
2024-09-27,P101,894,0
2024-09-28,P101,817,0
2024-09-29,P101,781,735
2024-09-30,P101,648,735
2024-10-01,P101,489,735
2024-10-02,P101,344,735
2024-10-03,P101,187,735
2024-10-04,P101,46,735
2024-10-05,P101,0,735
2024-10-06,P101,0,735
2024-10-07,P101,0,735
2024-10-08,P101,561,710
2024-10-09,P101,415,710
2024-10-10,P101,270,710
2024-10-11,P101,117,710
2024-10-12,P101,40,710
2024-10-13,P101,4,710
2024-10-14,P101,0,710
2024-10-15,P101,0,710
2024-10-16,P101,0,710
2024-10-17,P101,565,710
2024-10-18,P101,399,710
2024-10-19,P101,312,710
2024-10-20,P101,273,710
2024-10-21,P101,77,710
2024-10-22,P101,0,710
2024-10-23,P101,549,740
2024-10-24,P101,414,740
2024-10-25,P101,279,740
2024-10-26,P101,203,740
2024-10-27,P101,174,740
2024-10-28,P101,35,740
2024-10-29,P101,615,725
2024-10-30,P101,476,725
2024-10-31,P101,306,725
2024-11-01,P101,173,725
2024-11-02,P101,66,725
2024-11-03,P101,35,725
2024-11-04,P101,0,725
2024-11-05,P101,585,705
2024-11-06,P101,394,705
2024-11-07,P101,219,705
2024-11-08,P101,65,705
2024-11-09,P101,0,705
2024-11-10,P101,671,740
2024-11-11,P101,532,740
2024-11-12,P101,342,740
2024-11-13,P101,166,740
2024-11-14,P101,8,740
2024-11-15,P101,0,740
2024-11-16,P101,667,740
2024-11-17,P101,632,740
2024-11-18,P101,452,740
2024-11-19,P101,267,740
2024-11-20,P101,873,0
2024-11-21,P101,710,740
2024-11-22,P101,543,740
2024-11-23,P101,1215,0
2024-11-24,P101,1182,0
2024-11-25,P101,923,0
2024-11-26,P101,763,780
2024-11-27,P101,633,780
2024-11-28,P101,329,780
2024-11-29,P101,184,780
2024-11-30,P101,102,780
2024-12-01,P101,851,840
2024-12-02,P101,698,840
2024-12-03,P101,532,840
2024-12-04,P101,360,840
2024-12-05,P101,1046,0
2024-12-06,P101,901,0
2024-12-07,P101,817,830
2024-12-08,P101,791,830
2024-12-09,P101,621,830
2024-12-10,P101,453,830
2024-12-11,P101,288,830
2024-12-12,P101,941,0
2024-12-13,P101,821,0
2024-12-14,P101,755,740
2024-12-15,P101,720,740
2024-12-16,P101,558,740
2024-12-17,P101,386,740
2024-12-18,P101,229,740
2024-12-19,P101,56,740
2024-12-20,P101,627,760
2024-12-21,P101,538,760
2024-12-22,P101,505,760
2024-12-23,P101,379,760
2024-12-24,P101,195,760
2024-12-25,P101,766,765
2024-12-26,P101,592,765
2024-12-27,P101,452,765
2024-12-28,P101,360,765
2024-12-29,P101,323,765
2024-12-30,P101,895,0
2024-12-31,P101,741,785
2025-01-01,P101,577,785
2025-01-02,P101,400,785
2025-01-03,P101,243,785
2025-01-04,P101,168,785
2025-01-05,P101,132,785
2025-01-06,P101,0,785
2025-01-07,P101,0,785
2025-01-08,P101,612,790
2025-01-09,P101,452,790
2025-01-10,P101,270,790
2025-01-11,P101,192,790
2025-01-12,P101,160,790
2025-01-13,P101,0,790
2025-01-14,P101,0,790
2025-01-15,P101,648,870
2025-01-16,P101,506,870
2025-01-17,P101,383,870
2025-01-18,P101,1166,0
2025-01-19,P101,1135,0
2025-01-20,P101,974,0
2025-01-21,P101,787,840
2025-01-22,P101,628,840
2025-01-23,P101,1297,0
2025-01-24,P101,1143,0
2025-01-25,P101,1049,0
2025-01-26,P101,1012,0
2025-01-27,P101,856,0
2025-01-28,P101,684,750
2025-01-29,P101,491,750
2025-01-30,P101,1066,0
2025-01-31,P101,930,0
2025-02-01,P101,835,790
2025-02-02,P101,804,790
2025-02-03,P101,607,790
2025-02-04,P101,410,790
2025-02-05,P101,231,790
2025-02-06,P101,59,790
2025-02-07,P101,691,820
2025-02-08,P101,536,820
2025-02-09,P101,502,820
2025-02-10,P101,326,820
2025-02-11,P101,131,820
2025-02-12,P101,0,820
2025-02-13,P101,661,845
2025-02-14,P101,520,845
2025-02-15,P101,441,845
2025-02-16,P101,1257,0
2025-02-17,P101,1071,0
2025-02-18,P101,856,840
2025-02-19,P101,652,840
2025-02-20,P101,1351,0
2025-02-21,P101,1175,0
2025-02-22,P101,1071,0
2025-02-23,P101,1037,0
2025-02-24,P101,862,825
2025-02-25,P101,722,825
2025-02-26,P101,446,825
2025-02-27,P101,294,825
2025-02-28,P101,126,825
2025-03-01,P101,876,855
2025-03-02,P101,838,855
2025-03-03,P101,644,855
2025-03-04,P101,478,855
2025-03-05,P101,322,855
2025-03-06,P101,1045,0
2025-03-07,P101,885,0
2025-03-08,P101,800,805
2025-03-09,P101,770,805
2025-03-10,P101,586,805
2025-03-11,P101,1218,0
2025-03-12,P101,1060,0
2025-03-13,P101,897,0
2025-03-14,P101,712,780
2025-03-15,P101,615,780
2025-03-16,P101,579,780
2025-03-17,P101,1171,0
2025-03-18,P101,1012,0
2025-03-19,P101,832,795
2025-03-20,P101,654,795
2025-03-21,P101,496,795
2025-03-22,P101,400,795
2025-03-23,P101,366,795
2025-03-24,P101,974,0
2025-03-25,P101,779,830
2025-03-26,P101,517,830
2025-03-27,P101,319,830
2025-03-28,P101,208,830
2025-03-29,P101,122,830
2025-03-30,P101,911,855
2025-03-31,P101,609,855
2025-04-01,P101,455,855
2025-04-02,P101,296,855
2025-04-03,P101,100,855
2025-04-04,P101,823,885
2025-04-05,P101,719,885
2025-04-06,P101,682,885
2025-04-07,P101,528,885
2025-04-08,P101,355,885
2025-04-09,P101,1079,0
2025-04-10,P101,886,825
2025-04-11,P101,705,825
2025-04-12,P101,630,825
2025-04-13,P101,595,825
2025-04-14,P101,1259,0
2025-04-15,P101,1048,0
2025-04-16,P101,894,0
2025-04-17,P101,686,815
2025-04-18,P101,519,815
2025-04-19,P101,1253,0
2025-04-20,P101,1219,0
2025-04-21,P101,1057,0
2025-04-22,P101,898,0
2025-04-23,P101,715,825
2025-04-24,P101,386,825
2025-04-25,P101,258,825
2025-04-26,P101,113,825
2025-04-27,P101,83,825
2025-04-28,P101,0,825
2025-04-29,P101,659,870
2025-04-30,P101,495,870
2025-05-01,P101,280,870
2025-05-02,P101,111,870
2025-05-03,P101,16,870
2025-05-04,P101,0,870
2025-05-05,P101,705,880
2025-05-06,P101,516,880
2025-05-07,P101,355,880
2025-05-08,P101,161,880
2025-05-09,P101,895,835
2025-05-10,P101,806,835
2025-05-11,P101,771,835
2025-05-12,P101,1425,0
2025-05-13,P101,1253,0
2025-05-14,P101,1077,0
2025-05-15,P101,905,0
2025-05-16,P101,751,805
2025-05-17,P101,654,805
2025-05-18,P101,616,805
2025-05-19,P101,440,805
2025-05-20,P101,1069,0
2025-05-21,P101,872,825
2025-05-22,P101,701,825
2025-05-23,P101,539,825
2025-05-24,P101,446,825
2025-05-25,P101,402,825
2025-05-26,P101,1076,0
2025-05-27,P101,877,825
2025-05-28,P101,734,825
2025-05-29,P101,554,825
2025-05-30,P101,358,825
2025-05-31,P101,261,825
2025-06-01,P101,224,825
2025-06-02,P101,58,825
2025-06-03,P101,699,830
2025-06-04,P101,524,830
2025-06-05,P101,364,830
2025-06-06,P101,203,830
2025-06-07,P101,109,830
2025-06-08,P101,76,830
2025-06-09,P101,745,820
2025-06-10,P101,590,820
2025-06-11,P101,403,820
2025-06-12,P101,78,820
2025-06-13,P101,728,865
2025-06-14,P101,627,865
2025-06-15,P101,590,865
2025-06-16,P101,407,865
2025-06-17,P101,1084,0
2025-06-18,P101,907,880
2025-06-19,P101,744,880
2025-06-20,P101,539,880
2025-06-21,P101,1333,0
2025-06-22,P101,1299,0
2025-06-23,P101,1001,950
2025-06-24,P101,815,950
2025-06-25,P101,665,950
2025-06-26,P101,340,950
2025-06-27,P101,177,950
2025-06-28,P101,98,950
2025-06-29,P101,1007,940
2025-06-30,P101,821,940
2025-07-01,P101,666,940
2025-07-02,P101,312,940
2025-07-03,P101,127,940
2025-07-04,P101,0,940
2025-07-05,P101,0,940
2025-07-06,P101,0,940
2025-07-07,P101,0,940
2025-07-08,P101,773,940
2025-07-09,P101,585,940
2025-07-10,P101,405,940
2025-07-11,P101,242,940
2025-07-12,P101,160,940
2025-07-13,P101,1064,0
2025-07-14,P101,893,890
2025-07-15,P101,740,890
2025-07-16,P101,593,890
2025-07-17,P101,412,890
2025-07-18,P101,1186,0
2025-07-19,P101,1095,0
2025-07-20,P101,1061,0
2025-07-21,P101,865,0
2025-07-22,P101,697,785
2025-07-23,P101,510,785
2025-07-24,P101,348,785
2025-07-25,P101,185,785
2025-07-26,P101,89,785
2025-07-27,P101,55,785
2025-07-28,P101,503,850
2025-07-29,P101,345,850
2025-07-30,P101,166,850
2025-07-31,P101,0,850
2025-08-01,P101,678,890
2025-08-02,P101,571,890
2025-08-03,P101,539,890
2025-08-04,P101,1285,0
2025-08-05,P101,1128,0
2025-08-06,P101,943,0
2025-08-07,P101,766,875
2025-08-08,P101,604,875
2025-08-09,P101,527,875
2025-08-10,P101,489,875
2025-08-11,P101,343,875
2025-08-12,P101,145,875
2025-08-13,P101,794,825
2025-08-14,P101,620,825
2025-08-15,P101,451,825
2025-08-16,P101,368,825
2025-08-17,P101,340,825
2025-08-18,P101,183,825
2025-08-19,P101,29,825
2025-08-20,P101,710,795
2025-08-21,P101,512,795
2025-08-22,P101,349,795
2025-08-23,P101,258,795
2025-08-24,P101,1019,0
2025-08-25,P101,854,815
2025-08-26,P101,662,815
2025-08-27,P101,492,815
2025-08-28,P101,139,815
2025-08-29,P101,799,860
2025-08-30,P101,715,860
2025-08-31,P101,686,860
2025-09-01,P101,555,860
2025-09-02,P101,1247,0
2025-09-03,P101,1076,0
2025-09-04,P101,934,0
2025-09-05,P101,777,840
2025-09-06,P101,690,840
2025-09-07,P101,664,840
2025-09-08,P101,514,840
2025-09-09,P101,333,840
2025-09-10,P101,156,840
2025-09-11,P101,12,840
2025-09-12,P101,692,745
2025-09-13,P101,596,745
2025-09-14,P101,559,745
2025-09-15,P101,394,745
2025-09-16,P101,230,745
2025-09-17,P101,817,760
2025-09-18,P101,644,760
2025-09-19,P101,484,760
2025-09-20,P101,392,760
2025-09-21,P101,357,760
2025-09-22,P101,936,0
2025-09-23,P101,762,790
2025-09-24,P101,578,790
2025-09-25,P101,398,790
2025-09-26,P101,255,790
2025-09-27,P101,186,790
2025-09-28,P101,146,790
2025-09-29,P101,669,830
2025-09-30,P101,529,830
2025-10-01,P101,373,830
2025-10-02,P101,195,830
2025-10-03,P101,43,830
2025-10-04,P101,792,815
2025-10-05,P101,752,815
2025-10-06,P101,605,815
2025-10-07,P101,448,815
2025-10-08,P101,275,815
2025-10-09,P101,104,815
2025-10-10,P101,754,795
2025-10-11,P101,659,795
2025-10-12,P101,624,795
2025-10-13,P101,449,795
2025-10-14,P101,282,795
2025-10-15,P101,907,0
2025-10-16,P101,741,780
2025-10-17,P101,581,780
2025-10-18,P101,488,780
2025-10-19,P101,451,780
2025-10-20,P101,284,780
2025-10-21,P101,127,780
2025-10-22,P101,737,795
2025-10-23,P101,573,795
2025-10-24,P101,413,795
2025-10-25,P101,1101,0
2025-10-26,P101,1068,0
2025-10-27,P101,894,0
2025-10-28,P101,701,805
2025-10-29,P101,530,805
2025-10-30,P101,323,805
2025-10-31,P101,172,805
2025-11-01,P101,82,805
2025-11-02,P101,50,805
2025-11-03,P101,695,810
2025-11-04,P101,517,810
2025-11-05,P101,331,810
2025-11-06,P101,160,810
2025-11-07,P101,0,810
2025-11-08,P101,724,830
2025-11-09,P101,652,830
2025-11-10,P101,435,830
2025-11-11,P101,254,830
2025-11-12,P101,97,830
2025-11-13,P101,0,830
2025-11-14,P101,688,825
2025-11-15,P101,592,825
2025-11-16,P101,559,825
2025-11-17,P101,389,825
2025-11-18,P101,216,825
2025-11-19,P101,31,825
2025-11-20,P101,705,820
2025-11-21,P101,565,820
2025-11-22,P101,475,820
2025-11-23,P101,438,820
2025-11-24,P101,263,820
2025-11-25,P101,923,0
2025-11-26,P101,738,780
2025-11-27,P101,584,780
2025-11-28,P101,433,780
2025-11-29,P101,354,780
2025-11-30,P101,1094,0
2025-12-01,P101,912,0
2025-12-02,P101,724,790
2025-12-03,P101,527,790
2025-12-04,P101,306,790
2025-12-05,P101,176,790
2025-12-06,P101,95,790
2025-12-07,P101,852,815
2025-12-08,P101,697,815
2025-12-09,P101,541,815
2025-12-10,P101,373,815
2025-12-11,P101,226,815
2025-12-12,P101,873,0
2025-12-13,P101,784,805
2025-12-14,P101,746,805
2025-12-15,P101,565,805
2025-12-16,P101,375,805
2025-12-17,P101,207,805
2025-12-18,P101,0,805
2025-12-19,P101,638,805
2025-12-20,P101,567,805
2025-12-21,P101,535,805
2025-12-22,P101,395,805
2025-12-23,P101,215,805
2025-12-24,P101,41,805
2025-12-25,P101,683,810
2025-12-26,P101,292,810
2025-12-27,P101,196,810
2025-12-28,P101,157,810
2025-12-29,P101,811,895
2025-12-30,P101,650,895
2025-12-31,P101,472,895
2023-01-01,P102,2275,0
2023-01-02,P102,2169,0
2023-01-03,P102,2055,0
2023-01-04,P102,1952,0
2023-01-05,P102,1853,0
2023-01-06,P102,1757,0
2023-01-07,P102,1711,0
2023-01-08,P102,1690,0
2023-01-09,P102,1583,0
2023-01-10,P102,1453,0
2023-01-11,P102,1289,0
2023-01-12,P102,1212,0
2023-01-13,P102,1115,0
2023-01-14,P102,1044,0
2023-01-15,P102,1020,0
2023-01-16,P102,925,920
2023-01-17,P102,809,920
2023-01-18,P102,711,920
2023-01-19,P102,622,920
2023-01-20,P102,527,920
2023-01-21,P102,472,920
2023-01-22,P102,1375,0
2023-01-23,P102,1283,0
2023-01-24,P102,1056,975
2023-01-25,P102,953,975
2023-01-26,P102,844,975
2023-01-27,P102,757,975
2023-01-28,P102,698,975
2023-01-29,P102,679,975
2023-01-30,P102,554,975
2023-01-31,P102,1439,0
2023-02-01,P102,1344,0
2023-02-02,P102,1234,0
2023-02-03,P102,1115,0
2023-02-04,P102,1058,0
2023-02-05,P102,1034,975
2023-02-06,P102,927,975
2023-02-07,P102,829,975
2023-02-08,P102,726,975
2023-02-09,P102,1609,0
2023-02-10,P102,1522,0
2023-02-11,P102,1464,0
2023-02-12,P102,1444,0
2023-02-13,P102,1333,0
2023-02-14,P102,1238,0
2023-02-15,P102,1125,0
2023-02-16,P102,1024,0
2023-02-17,P102,907,875
2023-02-18,P102,849,875
2023-02-19,P102,824,875
2023-02-20,P102,725,875
2023-02-21,P102,613,875
2023-02-22,P102,515,875
2023-02-23,P102,413,875
2023-02-24,P102,314,875
2023-02-25,P102,263,875
2023-02-26,P102,1119,0
2023-02-27,P102,1028,0
2023-02-28,P102,945,0
2023-03-01,P102,848,855
2023-03-02,P102,734,855
2023-03-03,P102,650,855
2023-03-04,P102,602,855
2023-03-05,P102,575,855
2023-03-06,P102,475,855
2023-03-07,P102,1214,0
2023-03-08,P102,1030,0
2023-03-09,P102,915,910
2023-03-10,P102,830,910
2023-03-11,P102,776,910
2023-03-12,P102,758,910
2023-03-13,P102,621,910
2023-03-14,P102,529,910
2023-03-15,P102,432,910
2023-03-16,P102,338,910
2023-03-17,P102,253,910
2023-03-18,P102,189,910
2023-03-19,P102,161,910
2023-03-20,P102,59,910
2023-03-21,P102,874,925
2023-03-22,P102,792,925
2023-03-23,P102,689,925
2023-03-24,P102,591,925
2023-03-25,P102,539,925
2023-03-26,P102,516,925
2023-03-27,P102,404,925
2023-03-28,P102,289,925
2023-03-29,P102,113,925
2023-03-30,P102,20,925
2023-03-31,P102,837,925
2023-04-01,P102,782,925
2023-04-02,P102,758,925
2023-04-03,P102,642,925
2023-04-04,P102,549,925
2023-04-05,P102,458,925
2023-04-06,P102,361,925
2023-04-07,P102,272,925
2023-04-08,P102,1137,0
2023-04-09,P102,1114,0
2023-04-10,P102,995,935
2023-04-11,P102,880,935
2023-04-12,P102,770,935
2023-04-13,P102,652,935
2023-04-14,P102,547,935
2023-04-15,P102,492,935
2023-04-16,P102,467,935
2023-04-17,P102,361,935
2023-04-18,P102,256,935
2023-04-19,P102,159,935
2023-04-20,P102,47,935
2023-04-21,P102,0,935
2023-04-22,P102,0,935
2023-04-23,P102,910,930
2023-04-24,P102,828,930
2023-04-25,P102,721,930
2023-04-26,P102,615,930
2023-04-27,P102,520,930
2023-04-28,P102,396,930
2023-04-29,P102,343,930
2023-04-30,P102,322,930
2023-05-01,P102,218,930
2023-05-02,P102,134,930
2023-05-03,P102,968,0
2023-05-04,P102,855,870
2023-05-05,P102,765,870
2023-05-06,P102,717,870
2023-05-07,P102,693,870
2023-05-08,P102,576,870
2023-05-09,P102,464,870
2023-05-10,P102,299,870
2023-05-11,P102,201,870
2023-05-12,P102,114,870
2023-05-13,P102,67,870
2023-05-14,P102,918,890
2023-05-15,P102,824,890
2023-05-16,P102,731,890
2023-05-17,P102,646,890
2023-05-18,P102,544,890
2023-05-19,P102,447,890
2023-05-20,P102,385,890
2023-05-21,P102,1256,0
2023-05-22,P102,1153,0
2023-05-23,P102,1046,0
2023-05-24,P102,947,0
2023-05-25,P102,840,830
2023-05-26,P102,738,830
2023-05-27,P102,685,830
2023-05-28,P102,665,830
2023-05-29,P102,570,830
2023-05-30,P102,483,830
2023-05-31,P102,1221,0
2023-06-01,P102,1130,0
2023-06-02,P102,1049,0
2023-06-03,P102,996,0
2023-06-04,P102,973,0
2023-06-05,P102,885,0
2023-06-06,P102,780,810
2023-06-07,P102,692,810
2023-06-08,P102,599,810
2023-06-09,P102,514,810
2023-06-10,P102,460,810
2023-06-11,P102,441,810
2023-06-12,P102,333,810
2023-06-13,P102,235,810
2023-06-14,P102,954,0
2023-06-15,P102,872,0
2023-06-16,P102,779,800
2023-06-17,P102,724,800
2023-06-18,P102,1504,0
2023-06-19,P102,1385,0
2023-06-20,P102,1270,0
2023-06-21,P102,1176,0
2023-06-22,P102,1085,0
2023-06-23,P102,991,0
2023-06-24,P102,946,0
2023-06-25,P102,924,0
2023-06-26,P102,826,830
2023-06-27,P102,725,830
2023-06-28,P102,622,830
2023-06-29,P102,511,830
2023-06-30,P102,421,830
2023-07-01,P102,339,830
2023-07-02,P102,316,830
2023-07-03,P102,212,830
2023-07-04,P102,118,830
2023-07-05,P102,853,855
2023-07-06,P102,759,855
2023-07-07,P102,668,855
2023-07-08,P102,627,855
2023-07-09,P102,611,855
2023-07-10,P102,527,855
2023-07-11,P102,1296,0
2023-07-12,P102,1208,0
2023-07-13,P102,1110,0
2023-07-14,P102,1025,0
2023-07-15,P102,976,0
2023-07-16,P102,959,0
2023-07-17,P102,872,0
2023-07-18,P102,771,765
2023-07-19,P102,671,765
2023-07-20,P102,524,765
2023-07-21,P102,436,765
2023-07-22,P102,1142,0
2023-07-23,P102,1123,0
2023-07-24,P102,1039,0
2023-07-25,P102,946,0
2023-07-26,P102,852,830
2023-07-27,P102,763,830
2023-07-28,P102,678,830
2023-07-29,P102,638,830
2023-07-30,P102,621,830
2023-07-31,P102,532,830
2023-08-01,P102,440,830
2023-08-02,P102,354,830
2023-08-03,P102,266,830
2023-08-04,P102,1010,0
2023-08-05,P102,959,0
2023-08-06,P102,940,0
2023-08-07,P102,846,0
2023-08-08,P102,758,755
2023-08-09,P102,661,755
2023-08-10,P102,568,755
2023-08-11,P102,475,755
2023-08-12,P102,425,755
2023-08-13,P102,405,755
2023-08-14,P102,316,755
2023-08-15,P102,975,0
2023-08-16,P102,873,0
2023-08-17,P102,791,785
2023-08-18,P102,712,785
2023-08-19,P102,665,785
2023-08-20,P102,646,785
2023-08-21,P102,565,785
2023-08-22,P102,473,785
2023-08-23,P102,383,785
2023-08-24,P102,316,785
2023-08-25,P102,1019,0
2023-08-26,P102,937,0
2023-08-27,P102,919,0
2023-08-28,P102,816,770
2023-08-29,P102,736,770
2023-08-30,P102,653,770
2023-08-31,P102,590,770
2023-09-01,P102,510,770
2023-09-02,P102,466,770
2023-09-03,P102,448,770
2023-09-04,P102,348,770
2023-09-05,P102,246,770
2023-09-06,P102,924,0
2023-09-07,P102,839,0
2023-09-08,P102,745,775
2023-09-09,P102,699,775
2023-09-10,P102,682,775
2023-09-11,P102,609,775
2023-09-12,P102,520,775
2023-09-13,P102,421,775
2023-09-14,P102,310,775
2023-09-15,P102,225,775
2023-09-16,P102,182,775
2023-09-17,P102,166,775
2023-09-18,P102,845,0
2023-09-19,P102,770,755
2023-09-20,P102,672,755
2023-09-21,P102,574,755
2023-09-22,P102,485,755
2023-09-23,P102,439,755
2023-09-24,P102,408,755
2023-09-25,P102,316,755
2023-09-26,P102,230,755
2023-09-27,P102,874,0
2023-09-28,P102,787,780
2023-09-29,P102,694,780
2023-09-30,P102,659,780
2023-10-01,P102,637,780
2023-10-02,P102,531,780
2023-10-03,P102,436,780
2023-10-04,P102,337,780
2023-10-05,P102,241,780
2023-10-06,P102,161,780
2023-10-07,P102,111,780
2023-10-08,P102,94,780
2023-10-09,P102,8,780
2023-10-10,P102,0,780
2023-10-11,P102,0,780
2023-10-12,P102,0,780
2023-10-13,P102,0,780
2023-10-14,P102,735,795
2023-10-15,P102,714,795
2023-10-16,P102,631,795
2023-10-17,P102,531,795
2023-10-18,P102,1223,0
2023-10-19,P102,1132,0
2023-10-20,P102,1034,0
2023-10-21,P102,987,0
2023-10-22,P102,968,0
2023-10-23,P102,884,0
2023-10-24,P102,776,790
2023-10-25,P102,688,790
2023-10-26,P102,591,790
2023-10-27,P102,503,790
2023-10-28,P102,460,790
2023-10-29,P102,427,790
2023-10-30,P102,318,790
2023-10-31,P102,217,790
2023-11-01,P102,131,790
2023-11-02,P102,823,815
2023-11-03,P102,734,815
2023-11-04,P102,665,815
2023-11-05,P102,644,815
2023-11-06,P102,552,815
2023-11-07,P102,1252,0
2023-11-08,P102,1174,0
2023-11-09,P102,1077,0
2023-11-10,P102,966,0
2023-11-11,P102,916,850
2023-11-12,P102,900,850
2023-11-13,P102,807,850
2023-11-14,P102,690,850
2023-11-15,P102,586,850
2023-11-16,P102,498,850
2023-11-17,P102,413,850
2023-11-18,P102,365,850
2023-11-19,P102,344,850
2023-11-20,P102,231,850
2023-11-21,P102,117,850
2023-11-22,P102,11,850
2023-11-23,P102,0,850
2023-11-24,P102,0,850
2023-11-25,P102,0,850
2023-11-26,P102,832,835
2023-11-27,P102,735,835
2023-11-28,P102,628,835
2023-11-29,P102,539,835
2023-11-30,P102,451,835
2023-12-01,P102,357,835
2023-12-02,P102,302,835
2023-12-03,P102,1114,0
2023-12-04,P102,1006,0
2023-12-05,P102,900,0
2023-12-06,P102,805,815
2023-12-07,P102,716,815
2023-12-08,P102,625,815
2023-12-09,P102,570,815
2023-12-10,P102,548,815
2023-12-11,P102,469,815
2023-12-12,P102,1187,0
2023-12-13,P102,1069,0
2023-12-14,P102,966,0
2023-12-15,P102,884,830
2023-12-16,P102,817,830
2023-12-17,P102,796,830
2023-12-18,P102,688,830
2023-12-19,P102,576,830
2023-12-20,P102,475,830
2023-12-21,P102,1210,0
2023-12-22,P102,1089,0
2023-12-23,P102,1029,0
2023-12-24,P102,1005,0
2023-12-25,P102,771,995
2023-12-26,P102,674,995
2023-12-27,P102,552,995
2023-12-28,P102,458,995
2023-12-29,P102,302,995
2023-12-30,P102,257,995
2023-12-31,P102,240,995
2024-01-01,P102,131,995
2024-01-02,P102,1026,1020
2024-01-03,P102,942,1020
2024-01-04,P102,831,1020
2024-01-05,P102,707,1020
2024-01-06,P102,1663,0
2024-01-07,P102,1641,0
2024-01-08,P102,1534,0
2024-01-09,P102,1412,0
2024-01-10,P102,1289,0
2024-01-11,P102,1187,0
2024-01-12,P102,1085,0
2024-01-13,P102,1027,0
2024-01-14,P102,990,935
2024-01-15,P102,884,935
2024-01-16,P102,774,935
2024-01-17,P102,647,935
2024-01-18,P102,526,935
2024-01-19,P102,418,935
2024-01-20,P102,351,935
2024-01-21,P102,329,935
2024-01-22,P102,201,935
2024-01-23,P102,81,935
2024-01-24,P102,0,935
2024-01-25,P102,0,935
2024-01-26,P102,0,935
2024-01-27,P102,0,935
2024-01-28,P102,0,935
2024-01-29,P102,0,935
2024-01-30,P102,0,935
2024-01-31,P102,0,935
2024-02-01,P102,813,1000
2024-02-02,P102,701,1000
2024-02-03,P102,650,1000
2024-02-04,P102,624,1000
2024-02-05,P102,499,1000
2024-02-06,P102,1377,0
2024-02-07,P102,1262,0
2024-02-08,P102,1150,0
2024-02-09,P102,1047,985
2024-02-10,P102,986,985
2024-02-11,P102,963,985
2024-02-12,P102,863,985
2024-02-13,P102,1747,0
2024-02-14,P102,1644,0
2024-02-15,P102,1532,0
2024-02-16,P102,1428,0
2024-02-17,P102,1369,0
2024-02-18,P102,1345,0
2024-02-19,P102,1242,0
2024-02-20,P102,1108,0
2024-02-21,P102,998,925
2024-02-22,P102,893,925
2024-02-23,P102,783,925
2024-02-24,P102,737,925
2024-02-25,P102,716,925
2024-02-26,P102,593,925
2024-02-27,P102,1425,0
2024-02-28,P102,1298,0
2024-02-29,P102,1170,0
2024-03-01,P102,1070,0
2024-03-02,P102,1011,950
2024-03-03,P102,985,950
2024-03-04,P102,880,950
2024-03-05,P102,1704,0
2024-03-06,P102,1599,0
2024-03-07,P102,1495,0
2024-03-08,P102,1400,0
2024-03-09,P102,1340,0
2024-03-10,P102,1314,0
2024-03-11,P102,1205,0
2024-03-12,P102,1106,0
2024-03-13,P102,1006,0
2024-03-14,P102,891,910
2024-03-15,P102,765,910
2024-03-16,P102,705,910
2024-03-17,P102,683,910
2024-03-18,P102,563,910
2024-03-19,P102,451,910
2024-03-20,P102,1253,0
2024-03-21,P102,1155,0
2024-03-22,P102,1035,0
2024-03-23,P102,994,930
2024-03-24,P102,969,930
2024-03-25,P102,864,930
2024-03-26,P102,755,930
2024-03-27,P102,622,930
2024-03-28,P102,522,930
2024-03-29,P102,426,930
2024-03-30,P102,370,930
2024-03-31,P102,346,930
2024-04-01,P102,1172,0
2024-04-02,P102,1078,0
2024-04-03,P102,977,0
2024-04-04,P102,853,915
2024-04-05,P102,749,915
2024-04-06,P102,689,915
2024-04-07,P102,667,915
2024-04-08,P102,566,915
2024-04-09,P102,432,915
2024-04-10,P102,323,915
2024-04-11,P102,220,915
2024-04-12,P102,105,915
2024-04-13,P102,53,915
2024-04-14,P102,32,915
2024-04-15,P102,0,915
2024-04-16,P102,0,915
2024-04-17,P102,802,950
2024-04-18,P102,670,950
2024-04-19,P102,564,950
2024-04-20,P102,523,950
2024-04-21,P102,500,950
2024-04-22,P102,392,950
2024-04-23,P102,280,950
2024-04-24,P102,168,950
2024-04-25,P102,1012,935
2024-04-26,P102,912,935
2024-04-27,P102,853,935
2024-04-28,P102,832,935
2024-04-29,P102,737,935
2024-04-30,P102,590,935
2024-05-01,P102,436,935
2024-05-02,P102,330,935
2024-05-03,P102,1134,0
2024-05-04,P102,1078,0
2024-05-05,P102,1058,985
2024-05-06,P102,958,985
2024-05-07,P102,836,985
2024-05-08,P102,723,985
2024-05-09,P102,612,985
2024-05-10,P102,532,985
2024-05-11,P102,467,985
2024-05-12,P102,448,985
2024-05-13,P102,326,985
2024-05-14,P102,206,985
2024-05-15,P102,93,985
2024-05-16,P102,0,985
2024-05-17,P102,885,915
2024-05-18,P102,808,915
2024-05-19,P102,786,915
2024-05-20,P102,685,915
2024-05-21,P102,602,915
2024-05-22,P102,484,915
2024-05-23,P102,383,915
2024-05-24,P102,291,915
2024-05-25,P102,241,915
2024-05-26,P102,1134,0
2024-05-27,P102,1042,0
2024-05-28,P102,962,0
2024-05-29,P102,854,845
2024-05-30,P102,748,845
2024-05-31,P102,654,845
2024-06-01,P102,608,845
2024-06-02,P102,587,845
2024-06-03,P102,502,845
2024-06-04,P102,409,845
2024-06-05,P102,1160,0
2024-06-06,P102,1051,0
2024-06-07,P102,960,0
2024-06-08,P102,911,0
2024-06-09,P102,886,0
2024-06-10,P102,782,820
2024-06-11,P102,675,820
2024-06-12,P102,578,820
2024-06-13,P102,486,820
2024-06-14,P102,415,820
2024-06-15,P102,317,820
2024-06-16,P102,295,820
2024-06-17,P102,198,820
2024-06-18,P102,917,855
2024-06-19,P102,809,855
2024-06-20,P102,728,855
2024-06-21,P102,641,855
2024-06-22,P102,597,855
2024-06-23,P102,573,855
2024-06-24,P102,466,855
2024-06-25,P102,389,855
2024-06-26,P102,306,855
2024-06-27,P102,211,855
2024-06-28,P102,124,855
2024-06-29,P102,936,0
2024-06-30,P102,912,0
2024-07-01,P102,812,785
2024-07-02,P102,707,785
2024-07-03,P102,616,785
2024-07-04,P102,513,785
2024-07-05,P102,426,785
2024-07-06,P102,378,785
2024-07-07,P102,357,785
2024-07-08,P102,278,785
2024-07-09,P102,946,0
2024-07-10,P102,847,815
2024-07-11,P102,739,815
2024-07-12,P102,660,815
2024-07-13,P102,616,815
2024-07-14,P102,599,815
2024-07-15,P102,502,815
2024-07-16,P102,1218,0
2024-07-17,P102,1018,0
2024-07-18,P102,935,875
2024-07-19,P102,858,875
2024-07-20,P102,809,875
2024-07-21,P102,790,875
2024-07-22,P102,703,875
2024-07-23,P102,589,875
2024-07-24,P102,494,875
2024-07-25,P102,388,875
2024-07-26,P102,1090,0
2024-07-27,P102,1040,0
2024-07-28,P102,1021,0
2024-07-29,P102,945,925
2024-07-30,P102,833,925
2024-07-31,P102,739,925
2024-08-01,P102,639,925
2024-08-02,P102,558,925
2024-08-03,P102,511,925
2024-08-04,P102,1419,0
2024-08-05,P102,1313,0
2024-08-06,P102,1213,0
2024-08-07,P102,1115,0
2024-08-08,P102,1009,0
2024-08-09,P102,910,0
2024-08-10,P102,858,820
2024-08-11,P102,842,820
2024-08-12,P102,757,820
2024-08-13,P102,672,820
2024-08-14,P102,570,820
2024-08-15,P102,477,820
2024-08-16,P102,403,820
2024-08-17,P102,356,820
2024-08-18,P102,340,820
2024-08-19,P102,248,820
2024-08-20,P102,170,820
2024-08-21,P102,71,820
2024-08-22,P102,0,820
2024-08-23,P102,715,770
2024-08-24,P102,663,770
2024-08-25,P102,645,770
2024-08-26,P102,545,770
2024-08-27,P102,464,770
2024-08-28,P102,1150,0
2024-08-29,P102,1055,0
2024-08-30,P102,989,0
2024-08-31,P102,941,0
2024-09-01,P102,924,0
2024-09-02,P102,831,0
2024-09-03,P102,747,770
2024-09-04,P102,649,770
2024-09-05,P102,557,770
2024-09-06,P102,456,770
2024-09-07,P102,408,770
2024-09-08,P102,390,770
2024-09-09,P102,300,770
2024-09-10,P102,134,770
2024-09-11,P102,806,825
2024-09-12,P102,708,825
2024-09-13,P102,597,825
2024-09-14,P102,512,825
2024-09-15,P102,493,825
2024-09-16,P102,406,825
2024-09-17,P102,1132,0
2024-09-18,P102,1033,0
2024-09-19,P102,941,895
2024-09-20,P102,843,895
2024-09-21,P102,798,895
2024-09-22,P102,777,895
2024-09-23,P102,678,895
2024-09-24,P102,581,895
2024-09-25,P102,489,895
2024-09-26,P102,372,895
2024-09-27,P102,292,895
2024-09-28,P102,242,895
2024-09-29,P102,224,895
2024-09-30,P102,112,895
2024-10-01,P102,900,835
2024-10-02,P102,811,835
2024-10-03,P102,712,835
2024-10-04,P102,621,835
2024-10-05,P102,575,835
2024-10-06,P102,554,835
2024-10-07,P102,368,835
2024-10-08,P102,267,835
2024-10-09,P102,1006,0
2024-10-10,P102,907,885
2024-10-11,P102,815,885
2024-10-12,P102,765,885
2024-10-13,P102,747,885
2024-10-14,P102,634,885
2024-10-15,P102,546,885
2024-10-16,P102,444,885
2024-10-17,P102,1237,0
2024-10-18,P102,1129,0
2024-10-19,P102,1040,0
2024-10-20,P102,1003,940
2024-10-21,P102,917,940
2024-10-22,P102,813,940
2024-10-23,P102,729,940
2024-10-24,P102,638,940
2024-10-25,P102,568,940
2024-10-26,P102,516,940
2024-10-27,P102,497,940
2024-10-28,P102,1355,0
2024-10-29,P102,1241,0
2024-10-30,P102,1156,0
2024-10-31,P102,1050,0
2024-11-01,P102,871,890
2024-11-02,P102,811,890
2024-11-03,P102,789,890
2024-11-04,P102,701,890
2024-11-05,P102,609,890
2024-11-06,P102,501,890
2024-11-07,P102,406,890
2024-11-08,P102,314,890
2024-11-09,P102,255,890
2024-11-10,P102,236,890
2024-11-11,P102,1025,0
2024-11-12,P102,910,905
2024-11-13,P102,799,905
2024-11-14,P102,701,905
2024-11-15,P102,609,905
2024-11-16,P102,567,905
2024-11-17,P102,548,905
2024-11-18,P102,443,905
2024-11-19,P102,339,905
2024-11-20,P102,235,905
2024-11-21,P102,123,905
2024-11-22,P102,944,0
2024-11-23,P102,892,860
2024-11-24,P102,870,860
2024-11-25,P102,775,860
2024-11-26,P102,652,860
2024-11-27,P102,444,860
2024-11-28,P102,339,860
2024-11-29,P102,222,860
2024-11-30,P102,177,860
2024-12-01,P102,156,860
2024-12-02,P102,48,860
2024-12-03,P102,811,960
2024-12-04,P102,701,960
2024-12-05,P102,610,960
2024-12-06,P102,504,960
2024-12-07,P102,443,960
2024-12-08,P102,421,960
2024-12-09,P102,337,960
2024-12-10,P102,1199,0
2024-12-11,P102,1085,0
2024-12-12,P102,980,0
2024-12-13,P102,910,0
2024-12-14,P102,847,850
2024-12-15,P102,825,850
2024-12-16,P102,728,850
2024-12-17,P102,605,850
2024-12-18,P102,504,850
2024-12-19,P102,406,850
2024-12-20,P102,301,850
2024-12-21,P102,234,850
2024-12-22,P102,208,850
2024-12-23,P102,96,850
2024-12-24,P102,0,850
2024-12-25,P102,0,850
2024-12-26,P102,758,900
2024-12-27,P102,649,900
2024-12-28,P102,597,900
2024-12-29,P102,574,900
2024-12-30,P102,369,900
2024-12-31,P102,250,900
2025-01-01,P102,138,900
2025-01-02,P102,66,900
2025-01-03,P102,0,900
2025-01-04,P102,839,980
2025-01-05,P102,815,980
2025-01-06,P102,707,980
2025-01-07,P102,572,980
2025-01-08,P102,456,980
2025-01-09,P102,342,980
2025-01-10,P102,226,980
2025-01-11,P102,166,980
2025-01-12,P102,1125,0
2025-01-13,P102,1044,0
2025-01-14,P102,935,915
2025-01-15,P102,812,915
2025-01-16,P102,706,915
2025-01-17,P102,592,915
2025-01-18,P102,533,915
2025-01-19,P102,507,915
2025-01-20,P102,399,915
2025-01-21,P102,1192,0
2025-01-22,P102,1072,0
2025-01-23,P102,943,960
2025-01-24,P102,857,960
2025-01-25,P102,802,960
2025-01-26,P102,777,960
2025-01-27,P102,645,960
2025-01-28,P102,525,960
2025-01-29,P102,414,960
2025-01-30,P102,293,960
2025-01-31,P102,176,960
2025-02-01,P102,1080,0
2025-02-02,P102,1056,980
2025-02-03,P102,928,980
2025-02-04,P102,786,980
2025-02-05,P102,661,980
2025-02-06,P102,548,980
2025-02-07,P102,442,980
2025-02-08,P102,379,980
2025-02-09,P102,356,980
2025-02-10,P102,1220,0
2025-02-11,P102,1116,0
2025-02-12,P102,984,1015
2025-02-13,P102,885,1015
2025-02-14,P102,783,1015
2025-02-15,P102,723,1015
2025-02-16,P102,694,1015
2025-02-17,P102,585,1015
2025-02-18,P102,475,1015
2025-02-19,P102,366,1015
2025-02-20,P102,232,1015
2025-02-21,P102,158,1015
2025-02-22,P102,105,1015
2025-02-23,P102,1055,0
2025-02-24,P102,933,965
2025-02-25,P102,829,965
2025-02-26,P102,713,965
2025-02-27,P102,599,965
2025-02-28,P102,481,965
2025-03-01,P102,410,965
2025-03-02,P102,385,965
2025-03-03,P102,277,965
2025-03-04,P102,148,965
2025-03-05,P102,40,965
2025-03-06,P102,0,965
2025-03-07,P102,0,965
2025-03-08,P102,861,1015
2025-03-09,P102,840,1015
2025-03-10,P102,741,1015
2025-03-11,P102,618,1015
2025-03-12,P102,517,1015
2025-03-13,P102,1458,0
2025-03-14,P102,1363,0
2025-03-15,P102,1307,0
2025-03-16,P102,1285,0
2025-03-17,P102,1152,0
2025-03-18,P102,1042,0
2025-03-19,P102,832,990
2025-03-20,P102,719,990
2025-03-21,P102,612,990
2025-03-22,P102,558,990
2025-03-23,P102,535,990
2025-03-24,P102,431,990
2025-03-25,P102,311,990
2025-03-26,P102,198,990
2025-03-27,P102,1087,1010
2025-03-28,P102,968,1010
2025-03-29,P102,906,1010
2025-03-30,P102,884,1010
2025-03-31,P102,769,1010
2025-04-01,P102,653,1010
2025-04-02,P102,1559,0
2025-04-03,P102,1446,0
2025-04-04,P102,1347,0
2025-04-05,P102,1295,0
2025-04-06,P102,1276,0
2025-04-07,P102,1168,0
2025-04-08,P102,946,1010
2025-04-09,P102,840,1010
2025-04-10,P102,698,1010
2025-04-11,P102,582,1010
2025-04-12,P102,515,1010
2025-04-13,P102,490,1010
2025-04-14,P102,355,1010
2025-04-15,P102,1259,0
2025-04-16,P102,1177,0
2025-04-17,P102,1072,1025
2025-04-18,P102,960,1025
2025-04-19,P102,901,1025
2025-04-20,P102,877,1025
2025-04-21,P102,750,1025
2025-04-22,P102,1655,0
2025-04-23,P102,1532,0
2025-04-24,P102,1434,0
2025-04-25,P102,1342,0
2025-04-26,P102,1275,0
2025-04-27,P102,1252,0
2025-04-28,P102,1149,0
2025-04-29,P102,1043,0
2025-04-30,P102,939,935
2025-05-01,P102,839,935
2025-05-02,P102,750,935
2025-05-03,P102,703,935
2025-05-04,P102,681,935
2025-05-05,P102,579,935
2025-05-06,P102,1387,0
2025-05-07,P102,1273,0
2025-05-08,P102,1162,0
2025-05-09,P102,981,960
2025-05-10,P102,926,960
2025-05-11,P102,903,960
2025-05-12,P102,787,960
2025-05-13,P102,676,960
2025-05-14,P102,553,960
2025-05-15,P102,1406,0
2025-05-16,P102,1296,0
2025-05-17,P102,1243,0
2025-05-18,P102,1225,0
2025-05-19,P102,1115,0
2025-05-20,P102,900,1070
2025-05-21,P102,785,1070
2025-05-22,P102,675,1070
2025-05-23,P102,579,1070
2025-05-24,P102,529,1070
2025-05-25,P102,506,1070
2025-05-26,P102,395,1070
2025-05-27,P102,292,1070
2025-05-28,P102,172,1070
2025-05-29,P102,78,1070
2025-05-30,P102,1055,0
2025-05-31,P102,991,980
2025-06-01,P102,967,980
2025-06-02,P102,867,980
2025-06-03,P102,755,980
2025-06-04,P102,647,980
2025-06-05,P102,575,980
2025-06-06,P102,1467,0
2025-06-07,P102,1414,0
2025-06-08,P102,1393,0
2025-06-09,P102,1287,0
2025-06-10,P102,1167,0
2025-06-11,P102,1066,0
2025-06-12,P102,976,0
2025-06-13,P102,876,860
2025-06-14,P102,825,860
2025-06-15,P102,804,860
2025-06-16,P102,705,860
2025-06-17,P102,573,860
2025-06-18,P102,495,860
2025-06-19,P102,399,860
2025-06-20,P102,193,860
2025-06-21,P102,145,860
2025-06-22,P102,122,860
2025-06-23,P102,12,860
2025-06-24,P102,0,860
2025-06-25,P102,0,860
2025-06-26,P102,0,860
2025-06-27,P102,766,935
2025-06-28,P102,660,935
2025-06-29,P102,640,935
2025-06-30,P102,537,935
2025-07-01,P102,425,935
2025-07-02,P102,337,935
2025-07-03,P102,250,935
2025-07-04,P102,1109,0
2025-07-05,P102,1053,0
2025-07-06,P102,1032,0
2025-07-07,P102,928,865
2025-07-08,P102,842,865
2025-07-09,P102,722,865
2025-07-10,P102,631,865
2025-07-11,P102,537,865
2025-07-12,P102,481,865
2025-07-13,P102,463,865
2025-07-14,P102,371,865
2025-07-15,P102,1133,0
2025-07-16,P102,1002,0
2025-07-17,P102,902,850
2025-07-18,P102,794,850
2025-07-19,P102,737,850
2025-07-20,P102,716,850
2025-07-21,P102,629,850
2025-07-22,P102,517,850
2025-07-23,P102,1285,0
2025-07-24,P102,1172,0
2025-07-25,P102,1079,0
2025-07-26,P102,1043,0
2025-07-27,P102,1024,0
2025-07-28,P102,921,865
2025-07-29,P102,824,865
2025-07-30,P102,718,865
2025-07-31,P102,632,865
2025-08-01,P102,554,865
2025-08-02,P102,505,865
2025-08-03,P102,485,865
2025-08-04,P102,393,865
2025-08-05,P102,1145,0
2025-08-06,P102,1057,0
2025-08-07,P102,959,0
2025-08-08,P102,868,0
2025-08-09,P102,827,800
2025-08-10,P102,810,800
2025-08-11,P102,714,800
2025-08-12,P102,594,800
2025-08-13,P102,491,800
2025-08-14,P102,415,800
2025-08-15,P102,356,800
2025-08-16,P102,303,800
2025-08-17,P102,283,800
2025-08-18,P102,176,800
2025-08-19,P102,87,800
2025-08-20,P102,0,800
2025-08-21,P102,0,800
2025-08-22,P102,0,800
2025-08-23,P102,0,800
2025-08-24,P102,780,800
2025-08-25,P102,679,800
2025-08-26,P102,581,800
2025-08-27,P102,474,800
2025-08-28,P102,385,800
2025-08-29,P102,309,800
2025-08-30,P102,249,800
2025-08-31,P102,231,800
2025-09-01,P102,142,800
2025-09-02,P102,44,800
2025-09-03,P102,746,805
2025-09-04,P102,656,805
2025-09-05,P102,567,805
2025-09-06,P102,518,805
2025-09-07,P102,498,805
2025-09-08,P102,428,805
2025-09-09,P102,309,805
2025-09-10,P102,214,805
2025-09-11,P102,919,0
2025-09-12,P102,843,795
2025-09-13,P102,796,795
2025-09-14,P102,778,795
2025-09-15,P102,590,795
2025-09-16,P102,497,795
2025-09-17,P102,392,795
2025-09-18,P102,304,795
2025-09-19,P102,218,795
2025-09-20,P102,965,0
2025-09-21,P102,942,0
2025-09-22,P102,866,860
2025-09-23,P102,781,860
2025-09-24,P102,704,860
2025-09-25,P102,620,860
2025-09-26,P102,537,860
2025-09-27,P102,496,860
2025-09-28,P102,1338,0
2025-09-29,P102,1263,0
2025-09-30,P102,1174,0
2025-10-01,P102,1062,0
2025-10-02,P102,962,0
2025-10-03,P102,869,0
2025-10-04,P102,824,0
2025-10-05,P102,807,0
2025-10-06,P102,722,745
2025-10-07,P102,621,745
2025-10-08,P102,512,745
2025-10-09,P102,406,745
2025-10-10,P102,307,745
2025-10-11,P102,260,745
2025-10-12,P102,240,745
2025-10-13,P102,145,745
2025-10-14,P102,790,835
2025-10-15,P102,667,835
2025-10-16,P102,588,835
2025-10-17,P102,497,835
2025-10-18,P102,439,835
2025-10-19,P102,422,835
2025-10-20,P102,330,835
2025-10-21,P102,1068,0
2025-10-22,P102,969,0
2025-10-23,P102,888,0
2025-10-24,P102,788,815
2025-10-25,P102,732,815
2025-10-26,P102,710,815
2025-10-27,P102,619,815
2025-10-28,P102,514,815
2025-10-29,P102,422,815
2025-10-30,P102,326,815
2025-10-31,P102,208,815
2025-11-01,P102,155,815
2025-11-02,P102,137,815
2025-11-03,P102,849,840
2025-11-04,P102,759,840
2025-11-05,P102,669,840
2025-11-06,P102,580,840
2025-11-07,P102,488,840
2025-11-08,P102,429,840
2025-11-09,P102,406,840
2025-11-10,P102,298,840
2025-11-11,P102,204,840
2025-11-12,P102,105,840
2025-11-13,P102,840,845
2025-11-14,P102,749,845
2025-11-15,P102,697,845
2025-11-16,P102,657,845
2025-11-17,P102,557,845
2025-11-18,P102,446,845
2025-11-19,P102,321,845
2025-11-20,P102,220,845
2025-11-21,P102,108,845
2025-11-22,P102,50,845
2025-11-23,P102,32,845
2025-11-24,P102,785,890
2025-11-25,P102,686,890
2025-11-26,P102,589,890
2025-11-27,P102,485,890
2025-11-28,P102,378,890
2025-11-29,P102,315,890
2025-11-30,P102,292,890
2025-12-01,P102,191,890
2025-12-02,P102,106,890
2025-12-03,P102,0,890
2025-12-04,P102,0,890
2025-12-05,P102,787,865
2025-12-06,P102,718,865
2025-12-07,P102,693,865
2025-12-08,P102,576,865
2025-12-09,P102,476,865
2025-12-10,P102,372,865
2025-12-11,P102,185,865
2025-12-12,P102,91,865
2025-12-13,P102,31,865
2025-12-14,P102,872,950
2025-12-15,P102,776,950
2025-12-16,P102,648,950
2025-12-17,P102,535,950
2025-12-18,P102,447,950
2025-12-19,P102,344,950
2025-12-20,P102,285,950
2025-12-21,P102,260,950
2025-12-22,P102,1104,0
2025-12-23,P102,979,970
2025-12-24,P102,864,970
2025-12-25,P102,770,970
2025-12-26,P102,681,970
2025-12-27,P102,616,970
2025-12-28,P102,590,970
2025-12-29,P102,474,970
2025-12-30,P102,339,970
2025-12-31,P102,1182,0
2023-01-01,P103,1140,0
2023-01-02,P103,1083,0
2023-01-03,P103,1028,0
2023-01-04,P103,967,0
2023-01-05,P103,915,0
2023-01-06,P103,868,0
2023-01-07,P103,846,0
2023-01-08,P103,837,0
2023-01-09,P103,796,0
2023-01-10,P103,740,0
2023-01-11,P103,695,0
2023-01-12,P103,636,0
2023-01-13,P103,587,0
2023-01-14,P103,561,0
2023-01-15,P103,551,0
2023-01-16,P103,495,485
2023-01-17,P103,445,485
2023-01-18,P103,397,485
2023-01-19,P103,338,485
2023-01-20,P103,286,485
2023-01-21,P103,259,485
2023-01-22,P103,247,485
2023-01-23,P103,194,485
2023-01-24,P103,137,485
2023-01-25,P103,88,485
2023-01-26,P103,459,545
2023-01-27,P103,412,545
2023-01-28,P103,380,545
2023-01-29,P103,369,545
2023-01-30,P103,311,545
2023-01-31,P103,251,545
2023-02-01,P103,190,545
2023-02-02,P103,91,545
2023-02-03,P103,515,660
2023-02-04,P103,482,660
2023-02-05,P103,471,660
2023-02-06,P103,417,660
2023-02-07,P103,365,660
2023-02-08,P103,312,660
2023-02-09,P103,249,660
2023-02-10,P103,864,0
2023-02-11,P103,839,0
2023-02-12,P103,826,0
2023-02-13,P103,769,0
2023-02-14,P103,700,0
2023-02-15,P103,648,615
2023-02-16,P103,594,615
2023-02-17,P103,496,615
2023-02-18,P103,468,615
2023-02-19,P103,459,615
2023-02-20,P103,401,615
2023-02-21,P103,343,615
2023-02-22,P103,288,615
2023-02-23,P103,237,615
2023-02-24,P103,191,615
2023-02-25,P103,161,615
2023-02-26,P103,766,0
2023-02-27,P103,709,0
2023-02-28,P103,640,0
2023-03-01,P103,576,565
2023-03-02,P103,531,565
2023-03-03,P103,483,565
2023-03-04,P103,454,565
2023-03-05,P103,443,565
2023-03-06,P103,397,565
2023-03-07,P103,339,565
2023-03-08,P103,284,565
2023-03-09,P103,219,565
2023-03-10,P103,169,565
2023-03-11,P103,137,565
2023-03-12,P103,127,565
2023-03-13,P103,644,0
2023-03-14,P103,583,0
2023-03-15,P103,521,510
2023-03-16,P103,446,510
2023-03-17,P103,395,510
2023-03-18,P103,371,510
2023-03-19,P103,360,510
2023-03-20,P103,301,510
2023-03-21,P103,248,510
2023-03-22,P103,195,510
2023-03-23,P103,148,510
2023-03-24,P103,62,510
2023-03-25,P103,29,510
2023-03-26,P103,18,510
2023-03-27,P103,0,510
2023-03-28,P103,456,550
2023-03-29,P103,411,550
2023-03-30,P103,364,550
2023-03-31,P103,306,550
2023-04-01,P103,279,550
2023-04-02,P103,266,550
2023-04-03,P103,213,550
2023-04-04,P103,158,550
2023-04-05,P103,100,550
2023-04-06,P103,63,550
2023-04-07,P103,12,550
2023-04-08,P103,534,0
2023-04-09,P103,521,485
2023-04-10,P103,462,485
2023-04-11,P103,414,485
2023-04-12,P103,352,485
2023-04-13,P103,301,485
2023-04-14,P103,256,485
2023-04-15,P103,228,485
2023-04-16,P103,217,485
2023-04-17,P103,155,485
2023-04-18,P103,98,485
2023-04-19,P103,43,485
2023-04-20,P103,0,485
2023-04-21,P103,429,520
2023-04-22,P103,399,520
2023-04-23,P103,386,520
2023-04-24,P103,330,520
2023-04-25,P103,275,520
2023-04-26,P103,214,520
2023-04-27,P103,163,520
2023-04-28,P103,114,520
2023-04-29,P103,82,520
2023-04-30,P103,69,520
2023-05-01,P103,17,520
2023-05-02,P103,0,520
2023-05-03,P103,0,520
2023-05-04,P103,0,520
2023-05-05,P103,0,520
2023-05-06,P103,0,520
2023-05-07,P103,0,520
2023-05-08,P103,0,520
2023-05-09,P103,0,520
2023-05-10,P103,0,520
2023-05-11,P103,468,500
2023-05-12,P103,422,500
2023-05-13,P103,393,500
2023-05-14,P103,381,500
2023-05-15,P103,325,500
2023-05-16,P103,274,500
2023-05-17,P103,718,0
2023-05-18,P103,667,0
2023-05-19,P103,626,0
2023-05-20,P103,598,0
2023-05-21,P103,587,0
2023-05-22,P103,522,495
2023-05-23,P103,461,495
2023-05-24,P103,406,495
2023-05-25,P103,355,495
2023-05-26,P103,307,495
2023-05-27,P103,284,495
2023-05-28,P103,276,495
2023-05-29,P103,231,495
2023-05-30,P103,675,0
2023-05-31,P103,636,0
2023-06-01,P103,590,0
2023-06-02,P103,502,510
2023-06-03,P103,477,510
2023-06-04,P103,467,510
2023-06-05,P103,419,510
2023-06-06,P103,358,510
2023-06-07,P103,264,510
2023-06-08,P103,218,510
2023-06-09,P103,682,0
2023-06-10,P103,657,0
2023-06-11,P103,648,0
2023-06-12,P103,603,0
2023-06-13,P103,547,525
2023-06-14,P103,500,525
2023-06-15,P103,458,525
2023-06-16,P103,412,525
2023-06-17,P103,387,525
2023-06-18,P103,379,525
2023-06-19,P103,331,525
2023-06-20,P103,276,525
2023-06-21,P103,225,525
2023-06-22,P103,166,525
2023-06-23,P103,639,0
2023-06-24,P103,610,0
2023-06-25,P103,597,0
2023-06-26,P103,545,0
2023-06-27,P103,495,475
2023-06-28,P103,441,475
2023-06-29,P103,397,475
2023-06-30,P103,352,475
2023-07-01,P103,329,475
2023-07-02,P103,319,475
2023-07-03,P103,275,475
2023-07-04,P103,705,0
2023-07-05,P103,655,0
2023-07-06,P103,609,0
2023-07-07,P103,574,0
2023-07-08,P103,554,0
2023-07-09,P103,545,0
2023-07-10,P103,503,0
2023-07-11,P103,452,425
2023-07-12,P103,403,425
2023-07-13,P103,351,425
2023-07-14,P103,303,425
2023-07-15,P103,276,425
2023-07-16,P103,266,425
2023-07-17,P103,218,425
2023-07-18,P103,164,425
2023-07-19,P103,112,425
2023-07-20,P103,64,425
2023-07-21,P103,14,425
2023-07-22,P103,0,425
2023-07-23,P103,0,425
2023-07-24,P103,0,425
2023-07-25,P103,0,425
2023-07-26,P103,0,425
2023-07-27,P103,0,425
2023-07-28,P103,0,425
2023-07-29,P103,404,455
2023-07-30,P103,396,455
2023-07-31,P103,351,455
2023-08-01,P103,305,455
2023-08-02,P103,266,455
2023-08-03,P103,217,455
2023-08-04,P103,171,455
2023-08-05,P103,145,455
2023-08-06,P103,136,455
2023-08-07,P103,91,455
2023-08-08,P103,499,0
2023-08-09,P103,444,430
2023-08-10,P103,413,430
2023-08-11,P103,375,430
2023-08-12,P103,351,430
2023-08-13,P103,343,430
2023-08-14,P103,299,430
2023-08-15,P103,253,430
2023-08-16,P103,210,430
2023-08-17,P103,165,430
2023-08-18,P103,119,430
2023-08-19,P103,526,0
2023-08-20,P103,517,0
2023-08-21,P103,472,0
2023-08-22,P103,425,415
2023-08-23,P103,388,415
2023-08-24,P103,341,415
2023-08-25,P103,300,415
2023-08-26,P103,273,415
2023-08-27,P103,263,415
2023-08-28,P103,212,415
2023-08-29,P103,170,415
2023-08-30,P103,126,415
2023-08-31,P103,87,415
2023-09-01,P103,48,415
2023-09-02,P103,21,415
2023-09-03,P103,10,415
2023-09-04,P103,385,415
2023-09-05,P103,340,415
2023-09-06,P103,294,415
2023-09-07,P103,246,415
2023-09-08,P103,211,415
2023-09-09,P103,192,415
2023-09-10,P103,182,415
2023-09-11,P103,146,415
2023-09-12,P103,101,415
2023-09-13,P103,1,415
2023-09-14,P103,369,450
2023-09-15,P103,327,450
2023-09-16,P103,304,450
2023-09-17,P103,294,450
2023-09-18,P103,247,450
2023-09-19,P103,203,450
2023-09-20,P103,156,450
2023-09-21,P103,109,450
2023-09-22,P103,58,450
2023-09-23,P103,32,450
2023-09-24,P103,21,450
2023-09-25,P103,0,450
2023-09-26,P103,405,480
2023-09-27,P103,359,480
2023-09-28,P103,794,0
2023-09-29,P103,755,0
2023-09-30,P103,728,0
2023-10-01,P103,717,0
2023-10-02,P103,672,0
2023-10-03,P103,621,0
2023-10-04,P103,573,0
2023-10-05,P103,523,0
2023-10-06,P103,486,0
2023-10-07,P103,462,430
2023-10-08,P103,452,430
2023-10-09,P103,402,430
2023-10-10,P103,357,430
2023-10-11,P103,322,430
2023-10-12,P103,281,430
2023-10-13,P103,237,430
2023-10-14,P103,212,430
2023-10-15,P103,200,430
2023-10-16,P103,150,430
2023-10-17,P103,101,430
2023-10-18,P103,483,0
2023-10-19,P103,430,430
2023-10-20,P103,388,430
2023-10-21,P103,364,430
2023-10-22,P103,355,430
2023-10-23,P103,300,430
2023-10-24,P103,248,430
2023-10-25,P103,203,430
2023-10-26,P103,156,430
2023-10-27,P103,108,430
2023-10-28,P103,514,0
2023-10-29,P103,505,0
2023-10-30,P103,460,455
2023-10-31,P103,408,455
2023-11-01,P103,361,455
2023-11-02,P103,266,455
2023-11-03,P103,227,455
2023-11-04,P103,657,0
2023-11-05,P103,647,0
2023-11-06,P103,600,0
2023-11-07,P103,548,0
2023-11-08,P103,494,490
2023-11-09,P103,442,490
2023-11-10,P103,393,490
2023-11-11,P103,368,490
2023-11-12,P103,358,490
2023-11-13,P103,314,490
2023-11-14,P103,266,490
2023-11-15,P103,215,490
2023-11-16,P103,170,490
2023-11-17,P103,123,490
2023-11-18,P103,100,490
2023-11-19,P103,92,490
2023-11-20,P103,37,490
2023-11-21,P103,0,490
2023-11-22,P103,444,455
2023-11-23,P103,400,455
2023-11-24,P103,350,455
2023-11-25,P103,320,455
2023-11-26,P103,310,455
2023-11-27,P103,260,455
2023-11-28,P103,201,455
2023-11-29,P103,159,455
2023-11-30,P103,553,0
2023-12-01,P103,492,485
2023-12-02,P103,473,485
2023-12-03,P103,462,485
2023-12-04,P103,900,0
2023-12-05,P103,848,0
2023-12-06,P103,798,0
2023-12-07,P103,742,0
2023-12-08,P103,694,0
2023-12-09,P103,646,0
2023-12-10,P103,635,0
2023-12-11,P103,580,0
2023-12-12,P103,533,500
2023-12-13,P103,489,500
2023-12-14,P103,359,500
2023-12-15,P103,313,500
2023-12-16,P103,286,500
2023-12-17,P103,276,500
2023-12-18,P103,220,500
2023-12-19,P103,155,500
2023-12-20,P103,98,500
2023-12-21,P103,54,500
2023-12-22,P103,512,560
2023-12-23,P103,486,560
2023-12-24,P103,475,560
2023-12-25,P103,432,560
2023-12-26,P103,372,560
2023-12-27,P103,324,560
2023-12-28,P103,262,560
2023-12-29,P103,761,0
2023-12-30,P103,734,0
2023-12-31,P103,722,0
2024-01-01,P103,675,0
2024-01-02,P103,615,0
2024-01-03,P103,563,0
2024-01-04,P103,516,495
2024-01-05,P103,466,495
2024-01-06,P103,439,495
2024-01-07,P103,428,495
2024-01-08,P103,368,495
2024-01-09,P103,316,495
2024-01-10,P103,250,495
2024-01-11,P103,204,495
2024-01-12,P103,143,495
2024-01-13,P103,118,495
2024-01-14,P103,107,495
2024-01-15,P103,55,495
2024-01-16,P103,495,505
2024-01-17,P103,434,505
2024-01-18,P103,370,505
2024-01-19,P103,311,505
2024-01-20,P103,284,505
2024-01-21,P103,272,505
2024-01-22,P103,161,505
2024-01-23,P103,110,505
2024-01-24,P103,61,505
2024-01-25,P103,9,505
2024-01-26,P103,460,565
2024-01-27,P103,437,565
2024-01-28,P103,425,565
2024-01-29,P103,360,565
2024-01-30,P103,295,565
2024-01-31,P103,242,565
2024-02-01,P103,195,565
2024-02-02,P103,139,565
2024-02-03,P103,117,565
2024-02-04,P103,104,565
2024-02-05,P103,49,565
2024-02-06,P103,0,565
2024-02-07,P103,519,520
2024-02-08,P103,458,520
2024-02-09,P103,405,520
2024-02-10,P103,377,520
2024-02-11,P103,367,520
2024-02-12,P103,827,0
2024-02-13,P103,764,0
2024-02-14,P103,695,0
2024-02-15,P103,633,0
2024-02-16,P103,583,545
2024-02-17,P103,557,545
2024-02-18,P103,547,545
2024-02-19,P103,481,545
2024-02-20,P103,427,545
2024-02-21,P103,360,545
2024-02-22,P103,301,545
2024-02-23,P103,246,545
2024-02-24,P103,193,545
2024-02-25,P103,180,545
2024-02-26,P103,668,0
2024-02-27,P103,612,575
2024-02-28,P103,550,575
2024-02-29,P103,495,575
2024-03-01,P103,446,575
2024-03-02,P103,415,575
2024-03-03,P103,403,575
2024-03-04,P103,343,575
2024-03-05,P103,287,575
2024-03-06,P103,237,575
2024-03-07,P103,170,575
2024-03-08,P103,107,575
2024-03-09,P103,75,575
2024-03-10,P103,64,575
2024-03-11,P103,9,575
2024-03-12,P103,516,555
2024-03-13,P103,460,555
2024-03-14,P103,408,555
2024-03-15,P103,343,555
2024-03-16,P103,314,555
2024-03-17,P103,284,555
2024-03-18,P103,195,555
2024-03-19,P103,133,555
2024-03-20,P103,62,555
2024-03-21,P103,6,555
2024-03-22,P103,0,555
2024-03-23,P103,529,595
2024-03-24,P103,516,595
2024-03-25,P103,464,595
2024-03-26,P103,406,595
2024-03-27,P103,356,595
2024-03-28,P103,291,595
2024-03-29,P103,231,595
2024-03-30,P103,797,0
2024-03-31,P103,787,0
2024-04-01,P103,721,0
2024-04-02,P103,665,0
2024-04-03,P103,615,0
2024-04-04,P103,546,540
2024-04-05,P103,497,540
2024-04-06,P103,450,540
2024-04-07,P103,439,540
2024-04-08,P103,378,540
2024-04-09,P103,322,540
2024-04-10,P103,263,540
2024-04-11,P103,212,540
2024-04-12,P103,159,540
2024-04-13,P103,124,540
2024-04-14,P103,653,0
2024-04-15,P103,595,0
2024-04-16,P103,547,540
2024-04-17,P103,481,540
2024-04-18,P103,429,540
2024-04-19,P103,371,540
2024-04-20,P103,343,540
2024-04-21,P103,331,540
2024-04-22,P103,272,540
2024-04-23,P103,218,540
2024-04-24,P103,155,540
2024-04-25,P103,105,540
2024-04-26,P103,589,0
2024-04-27,P103,562,530
2024-04-28,P103,550,530
2024-04-29,P103,498,530
2024-04-30,P103,441,530
2024-05-01,P103,392,530
2024-05-02,P103,337,530
2024-05-03,P103,815,0
2024-05-04,P103,788,0
2024-05-05,P103,777,0
2024-05-06,P103,722,0
2024-05-07,P103,670,0
2024-05-08,P103,616,0
2024-05-09,P103,568,0
2024-05-10,P103,504,505
2024-05-11,P103,473,505
2024-05-12,P103,462,505
2024-05-13,P103,401,505
2024-05-14,P103,358,505
2024-05-15,P103,319,505
2024-05-16,P103,268,505
2024-05-17,P103,730,0
2024-05-18,P103,703,0
2024-05-19,P103,692,0
2024-05-20,P103,634,0
2024-05-21,P103,586,0
2024-05-22,P103,530,0
2024-05-23,P103,478,490
2024-05-24,P103,426,490
2024-05-25,P103,400,490
2024-05-26,P103,387,490
2024-05-27,P103,335,490
2024-05-28,P103,270,490
2024-05-29,P103,221,490
2024-05-30,P103,165,490
2024-05-31,P103,88,490
2024-06-01,P103,62,490
2024-06-02,P103,540,530
2024-06-03,P103,490,530
2024-06-04,P103,452,530
2024-06-05,P103,417,530
2024-06-06,P103,359,530
2024-06-07,P103,304,530
2024-06-08,P103,272,530
2024-06-09,P103,261,530
2024-06-10,P103,217,530
2024-06-11,P103,166,530
2024-06-12,P103,114,530
2024-06-13,P103,599,0
2024-06-14,P103,542,0
2024-06-15,P103,509,475
2024-06-16,P103,486,475
2024-06-17,P103,435,475
2024-06-18,P103,390,475
2024-06-19,P103,330,475
2024-06-20,P103,280,475
2024-06-21,P103,234,475
2024-06-22,P103,206,475
2024-06-23,P103,196,475
2024-06-24,P103,145,475
2024-06-25,P103,576,0
2024-06-26,P103,519,495
2024-06-27,P103,470,495
2024-06-28,P103,417,495
2024-06-29,P103,392,495
2024-06-30,P103,382,495
2024-07-01,P103,339,495
2024-07-02,P103,283,495
2024-07-03,P103,237,495
2024-07-04,P103,191,495
2024-07-05,P103,144,495
2024-07-06,P103,613,0
2024-07-07,P103,605,0
2024-07-08,P103,557,0
2024-07-09,P103,501,470
2024-07-10,P103,453,470
2024-07-11,P103,406,470
2024-07-12,P103,359,470
2024-07-13,P103,334,470
2024-07-14,P103,325,470
2024-07-15,P103,276,470
2024-07-16,P103,220,470
2024-07-17,P103,646,0
2024-07-18,P103,600,0
2024-07-19,P103,561,0
2024-07-20,P103,533,0
2024-07-21,P103,523,0
2024-07-22,P103,479,450
2024-07-23,P103,428,450
2024-07-24,P103,357,450
2024-07-25,P103,315,450
2024-07-26,P103,277,450
2024-07-27,P103,255,450
2024-07-28,P103,244,450
2024-07-29,P103,650,0
2024-07-30,P103,598,0
2024-07-31,P103,554,0
2024-08-01,P103,502,0
2024-08-02,P103,462,455
2024-08-03,P103,437,455
2024-08-04,P103,427,455
2024-08-05,P103,367,455
2024-08-06,P103,314,455
2024-08-07,P103,268,455
2024-08-08,P103,217,455
2024-08-09,P103,161,455
2024-08-10,P103,596,0
2024-08-11,P103,587,0
2024-08-12,P103,541,0
2024-08-13,P103,494,460
2024-08-14,P103,447,460
2024-08-15,P103,407,460
2024-08-16,P103,355,460
2024-08-17,P103,334,460
2024-08-18,P103,324,460
2024-08-19,P103,271,460
2024-08-20,P103,222,460
2024-08-21,P103,179,460
2024-08-22,P103,139,460
2024-08-23,P103,555,0
2024-08-24,P103,532,0
2024-08-25,P103,522,0
2024-08-26,P103,482,0
2024-08-27,P103,428,435
2024-08-28,P103,379,435
2024-08-29,P103,766,0
2024-08-30,P103,714,0
2024-08-31,P103,690,0
2024-09-01,P103,681,0
2024-09-02,P103,636,0
2024-09-03,P103,588,0
2024-09-04,P103,540,0
2024-09-05,P103,497,0
2024-09-06,P103,462,435
2024-09-07,P103,439,435
2024-09-08,P103,429,435
2024-09-09,P103,381,435
2024-09-10,P103,325,435
2024-09-11,P103,266,435
2024-09-12,P103,215,435
2024-09-13,P103,163,435
2024-09-14,P103,136,435
2024-09-15,P103,124,435
2024-09-16,P103,66,435
2024-09-17,P103,446,475
2024-09-18,P103,393,475
2024-09-19,P103,346,475
2024-09-20,P103,301,475
2024-09-21,P103,277,475
2024-09-22,P103,266,475
2024-09-23,P103,222,475
2024-09-24,P103,173,475
2024-09-25,P103,137,475
2024-09-26,P103,80,475
2024-09-27,P103,35,475
2024-09-28,P103,9,475
2024-09-29,P103,0,475
2024-09-30,P103,0,475
2024-10-01,P103,0,475
2024-10-02,P103,0,475
2024-10-03,P103,414,465
2024-10-04,P103,362,465
2024-10-05,P103,336,465
2024-10-06,P103,324,465
2024-10-07,P103,246,465
2024-10-08,P103,172,465
2024-10-09,P103,114,465
2024-10-10,P103,75,465
2024-10-11,P103,26,465
2024-10-12,P103,464,525
2024-10-13,P103,452,525
2024-10-14,P103,388,525
2024-10-15,P103,328,525
2024-10-16,P103,281,525
2024-10-17,P103,234,525
2024-10-18,P103,193,525
2024-10-19,P103,170,525
2024-10-20,P103,159,525
2024-10-21,P103,115,525
2024-10-22,P103,59,525
2024-10-23,P103,537,0
2024-10-24,P103,494,470
2024-10-25,P103,449,470
2024-10-26,P103,422,470
2024-10-27,P103,412,470
2024-10-28,P103,361,470
2024-10-29,P103,304,470
2024-10-30,P103,246,470
2024-10-31,P103,197,470
2024-11-01,P103,625,0
2024-11-02,P103,598,0
2024-11-03,P103,587,0
2024-11-04,P103,544,0
2024-11-05,P103,496,460
2024-11-06,P103,448,460
2024-11-07,P103,398,460
2024-11-08,P103,353,460
2024-11-09,P103,324,460
2024-11-10,P103,315,460
2024-11-11,P103,732,0
2024-11-12,P103,680,0
2024-11-13,P103,628,0
2024-11-14,P103,585,0
2024-11-15,P103,539,0
2024-11-16,P103,513,0
2024-11-17,P103,503,0
2024-11-18,P103,402,495
2024-11-19,P103,351,495
2024-11-20,P103,289,495
2024-11-21,P103,234,495
2024-11-22,P103,150,495
2024-11-23,P103,122,495
2024-11-24,P103,111,495
2024-11-25,P103,51,495
2024-11-26,P103,0,495
2024-11-27,P103,0,495
2024-11-28,P103,0,495
2024-11-29,P103,0,495
2024-11-30,P103,0,495
2024-12-01,P103,484,590
2024-12-02,P103,432,590
2024-12-03,P103,373,590
2024-12-04,P103,319,590
2024-12-05,P103,255,590
2024-12-06,P103,203,590
2024-12-07,P103,176,590
2024-12-08,P103,165,590
2024-12-09,P103,118,590
2024-12-10,P103,648,0
2024-12-11,P103,597,0
2024-12-12,P103,464,585
2024-12-13,P103,420,585
2024-12-14,P103,391,585
2024-12-15,P103,378,585
2024-12-16,P103,336,585
2024-12-17,P103,266,585
2024-12-18,P103,797,0
2024-12-19,P103,741,0
2024-12-20,P103,685,0
2024-12-21,P103,654,0
2024-12-22,P103,642,0
2024-12-23,P103,580,590
2024-12-24,P103,519,590
2024-12-25,P103,451,590
2024-12-26,P103,392,590
2024-12-27,P103,327,590
2024-12-28,P103,295,590
2024-12-29,P103,286,590
2024-12-30,P103,213,590
2024-12-31,P103,158,590
2025-01-01,P103,91,590
2025-01-02,P103,625,580
2025-01-03,P103,565,580
2025-01-04,P103,538,580
2025-01-05,P103,525,580
2025-01-06,P103,470,580
2025-01-07,P103,400,580
2025-01-08,P103,339,580
2025-01-09,P103,276,580
2025-01-10,P103,235,580
2025-01-11,P103,785,0
2025-01-12,P103,773,0
2025-01-13,P103,714,0
2025-01-14,P103,648,0
2025-01-15,P103,592,550
2025-01-16,P103,534,550
2025-01-17,P103,437,550
2025-01-18,P103,414,550
2025-01-19,P103,401,550
2025-01-20,P103,345,550
2025-01-21,P103,291,550
2025-01-22,P103,230,550
2025-01-23,P103,164,550
2025-01-24,P103,653,0
2025-01-25,P103,623,585
2025-01-26,P103,610,585
2025-01-27,P103,546,585
2025-01-28,P103,486,585
2025-01-29,P103,431,585
2025-01-30,P103,377,585
2025-01-31,P103,316,585
2025-02-01,P103,286,585
2025-02-02,P103,275,585
2025-02-03,P103,812,0
2025-02-04,P103,745,0
2025-02-05,P103,689,0
2025-02-06,P103,628,0
2025-02-07,P103,565,555
2025-02-08,P103,539,555
2025-02-09,P103,527,555
2025-02-10,P103,469,555
2025-02-11,P103,405,555
2025-02-12,P103,336,555
2025-02-13,P103,286,555
2025-02-14,P103,227,555
2025-02-15,P103,193,555
2025-02-16,P103,181,555
2025-02-17,P103,122,555
2025-02-18,P103,57,555
2025-02-19,P103,0,555
2025-02-20,P103,492,575
2025-02-21,P103,432,575
2025-02-22,P103,404,575
2025-02-23,P103,390,575
2025-02-24,P103,323,575
2025-02-25,P103,260,575
2025-02-26,P103,209,575
2025-02-27,P103,726,0
2025-02-28,P103,669,0
2025-03-01,P103,642,0
2025-03-02,P103,630,0
2025-03-03,P103,580,560
2025-03-04,P103,514,560
2025-03-05,P103,452,560
2025-03-06,P103,404,560
2025-03-07,P103,346,560
2025-03-08,P103,315,560
2025-03-09,P103,302,560
2025-03-10,P103,245,560
2025-03-11,P103,749,0
2025-03-12,P103,693,0
2025-03-13,P103,637,0
2025-03-14,P103,581,0
2025-03-15,P103,550,540
2025-03-16,P103,538,540
2025-03-17,P103,481,540
2025-03-18,P103,422,540
2025-03-19,P103,345,540
2025-03-20,P103,291,540
2025-03-21,P103,238,540
2025-03-22,P103,196,540
2025-03-23,P103,723,0
2025-03-24,P103,673,0
2025-03-25,P103,606,565
2025-03-26,P103,552,565
2025-03-27,P103,487,565
2025-03-28,P103,432,565
2025-03-29,P103,403,565
2025-03-30,P103,389,565
2025-03-31,P103,326,565
2025-04-01,P103,823,0
2025-04-02,P103,760,0
2025-04-03,P103,704,0
2025-04-04,P103,645,0
2025-04-05,P103,610,570
2025-04-06,P103,598,570
2025-04-07,P103,528,570
2025-04-08,P103,461,570
2025-04-09,P103,970,0
2025-04-10,P103,910,0
2025-04-11,P103,854,0
2025-04-12,P103,828,0
2025-04-13,P103,816,0
2025-04-14,P103,756,0
2025-04-15,P103,698,0
2025-04-16,P103,636,0
2025-04-17,P103,578,575
2025-04-18,P103,518,575
2025-04-19,P103,486,575
2025-04-20,P103,474,575
2025-04-21,P103,425,575
2025-04-22,P103,353,575
2025-04-23,P103,295,575
2025-04-24,P103,238,575
2025-04-25,P103,186,575
2025-04-26,P103,140,575
2025-04-27,P103,126,575
2025-04-28,P103,60,575
2025-04-29,P103,572,580
2025-04-30,P103,514,580
2025-05-01,P103,453,580
2025-05-02,P103,335,580
2025-05-03,P103,306,580
2025-05-04,P103,294,580
2025-05-05,P103,240,580
2025-05-06,P103,179,580
2025-05-07,P103,700,0
2025-05-08,P103,640,620
2025-05-09,P103,590,620
2025-05-10,P103,558,620
2025-05-11,P103,547,620
2025-05-12,P103,494,620
2025-05-13,P103,439,620
2025-05-14,P103,388,620
2025-05-15,P103,326,620
2025-05-16,P103,279,620
2025-05-17,P103,252,620
2025-05-18,P103,239,620
2025-05-19,P103,187,620
2025-05-20,P103,130,620
2025-05-21,P103,52,620
2025-05-22,P103,0,620
2025-05-23,P103,563,540
2025-05-24,P103,532,540
2025-05-25,P103,520,540
2025-05-26,P103,464,540
2025-05-27,P103,410,540
2025-05-28,P103,359,540
2025-05-29,P103,297,540
2025-05-30,P103,241,540
2025-05-31,P103,215,540
2025-06-01,P103,204,540
2025-06-02,P103,691,0
2025-06-03,P103,641,0
2025-06-04,P103,584,0
2025-06-05,P103,533,515
2025-06-06,P103,487,515
2025-06-07,P103,463,515
2025-06-08,P103,454,515
2025-06-09,P103,402,515
2025-06-10,P103,861,0
2025-06-11,P103,811,0
2025-06-12,P103,754,0
2025-06-13,P103,704,0
2025-06-14,P103,674,0
2025-06-15,P103,651,0
2025-06-16,P103,602,0
2025-06-17,P103,546,0
2025-06-18,P103,499,495
2025-06-19,P103,443,495
2025-06-20,P103,398,495
2025-06-21,P103,368,495
2025-06-22,P103,357,495
2025-06-23,P103,298,495
2025-06-24,P103,250,495
2025-06-25,P103,158,495
2025-06-26,P103,104,495
2025-06-27,P103,48,495
2025-06-28,P103,16,495
2025-06-29,P103,5,495
2025-06-30,P103,0,495
2025-07-01,P103,442,540
2025-07-02,P103,382,540
2025-07-03,P103,336,540
2025-07-04,P103,285,540
2025-07-05,P103,265,540
2025-07-06,P103,256,540
2025-07-07,P103,201,540
2025-07-08,P103,155,540
2025-07-09,P103,100,540
2025-07-10,P103,584,0
2025-07-11,P103,538,495
2025-07-12,P103,514,495
2025-07-13,P103,504,495
2025-07-14,P103,458,495
2025-07-15,P103,405,495
2025-07-16,P103,847,0
2025-07-17,P103,798,0
2025-07-18,P103,741,0
2025-07-19,P103,717,0
2025-07-20,P103,705,0
2025-07-21,P103,660,0
2025-07-22,P103,607,0
2025-07-23,P103,548,0
2025-07-24,P103,491,485
2025-07-25,P103,445,485
2025-07-26,P103,417,485
2025-07-27,P103,406,485
2025-07-28,P103,358,485
2025-07-29,P103,302,485
2025-07-30,P103,240,485
2025-07-31,P103,187,485
2025-08-01,P103,136,485
2025-08-02,P103,108,485
2025-08-03,P103,99,485
2025-08-04,P103,531,505
2025-08-05,P103,485,505
2025-08-06,P103,437,505
2025-08-07,P103,332,505
2025-08-08,P103,286,505
2025-08-09,P103,262,505
2025-08-10,P103,250,505
2025-08-11,P103,205,505
2025-08-12,P103,661,0
2025-08-13,P103,603,0
2025-08-14,P103,553,515
2025-08-15,P103,514,515
2025-08-16,P103,486,515
2025-08-17,P103,476,515
2025-08-18,P103,418,515
2025-08-19,P103,370,515
2025-08-20,P103,313,515
2025-08-21,P103,769,0
2025-08-22,P103,691,0
2025-08-23,P103,666,0
2025-08-24,P103,655,0
2025-08-25,P103,610,0
2025-08-26,P103,557,0
2025-08-27,P103,507,505
2025-08-28,P103,459,505
2025-08-29,P103,412,505
2025-08-30,P103,386,505
2025-08-31,P103,375,505
2025-09-01,P103,328,505
2025-09-02,P103,279,505
2025-09-03,P103,734,0
2025-09-04,P103,685,0
2025-09-05,P103,640,0
2025-09-06,P103,613,0
2025-09-07,P103,605,0
2025-09-08,P103,559,0
2025-09-09,P103,509,0
2025-09-10,P103,463,455
2025-09-11,P103,404,455
2025-09-12,P103,357,455
2025-09-13,P103,330,455
2025-09-14,P103,320,455
2025-09-15,P103,270,455
2025-09-16,P103,225,455
2025-09-17,P103,175,455
2025-09-18,P103,130,455
2025-09-19,P103,539,0
2025-09-20,P103,520,0
2025-09-21,P103,511,0
2025-09-22,P103,452,465
2025-09-23,P103,395,465
2025-09-24,P103,336,465
2025-09-25,P103,278,465
2025-09-26,P103,227,465
2025-09-27,P103,202,465
2025-09-28,P103,193,465
2025-09-29,P103,136,465
2025-09-30,P103,83,465
2025-10-01,P103,17,465
2025-10-02,P103,0,465
2025-10-03,P103,0,465
2025-10-04,P103,0,465
2025-10-05,P103,0,465
2025-10-06,P103,0,465
2025-10-07,P103,0,465
2025-10-08,P103,415,515
2025-10-09,P103,370,515
2025-10-10,P103,328,515
2025-10-11,P103,299,515
2025-10-12,P103,289,515
2025-10-13,P103,237,515
2025-10-14,P103,180,515
2025-10-15,P103,138,515
2025-10-16,P103,79,515
2025-10-17,P103,32,515
2025-10-18,P103,3,515
2025-10-19,P103,0,515
2025-10-20,P103,0,515
2025-10-21,P103,0,515
2025-10-22,P103,0,515
2025-10-23,P103,0,515
2025-10-24,P103,0,515
2025-10-25,P103,0,515
2025-10-26,P103,0,515
2025-10-27,P103,0,515
2025-10-28,P103,468,520
2025-10-29,P103,410,520
2025-10-30,P103,361,520
2025-10-31,P103,313,520
2025-11-01,P103,287,520
2025-11-02,P103,274,520
2025-11-03,P103,221,520
2025-11-04,P103,165,520
2025-11-05,P103,113,520
2025-11-06,P103,57,520
2025-11-07,P103,0,520
2025-11-08,P103,0,520
2025-11-09,P103,0,520
2025-11-10,P103,462,510
2025-11-11,P103,414,510
2025-11-12,P103,364,510
2025-11-13,P103,311,510
2025-11-14,P103,264,510
2025-11-15,P103,239,510
2025-11-16,P103,230,510
2025-11-17,P103,183,510
2025-11-18,P103,638,0
2025-11-19,P103,582,0
2025-11-20,P103,532,495
2025-11-21,P103,479,495
2025-11-22,P103,452,495
2025-11-23,P103,439,495
2025-11-24,P103,384,495
2025-11-25,P103,322,495
2025-11-26,P103,264,495
2025-11-27,P103,217,495
2025-11-28,P103,165,495
2025-11-29,P103,140,495
2025-11-30,P103,128,495
2025-12-01,P103,571,0
2025-12-02,P103,510,515
2025-12-03,P103,461,515
2025-12-04,P103,405,515
2025-12-05,P103,348,515
2025-12-06,P103,316,515
2025-12-07,P103,305,515
2025-12-08,P103,248,515
2025-12-09,P103,702,0
2025-12-10,P103,634,0
2025-12-11,P103,586,0
2025-12-12,P103,537,525
2025-12-13,P103,498,525
2025-12-14,P103,486,525
2025-12-15,P103,440,525
2025-12-16,P103,384,525
2025-12-17,P103,343,525
2025-12-18,P103,284,525
2025-12-19,P103,224,525
2025-12-20,P103,177,525
2025-12-21,P103,166,525
2025-12-22,P103,102,525
2025-12-23,P103,578,535
2025-12-24,P103,475,535
2025-12-25,P103,418,535
2025-12-26,P103,367,535
2025-12-27,P103,337,535
2025-12-28,P103,326,535
2025-12-29,P103,265,535
2025-12-30,P103,205,535
2025-12-31,P103,141,535
2023-01-01,P104,2081,0
2023-01-02,P104,1984,0
2023-01-03,P104,1876,0
2023-01-04,P104,1768,0
2023-01-05,P104,1674,0
2023-01-06,P104,1560,0
2023-01-07,P104,1505,0
2023-01-08,P104,1483,0
2023-01-09,P104,1363,0
2023-01-10,P104,1263,0
2023-01-11,P104,1161,1180
2023-01-12,P104,1075,1180
2023-01-13,P104,981,1180
2023-01-14,P104,937,1180
2023-01-15,P104,914,1180
2023-01-16,P104,808,1180
2023-01-17,P104,706,1180
2023-01-18,P104,604,1180
2023-01-19,P104,495,1180
2023-01-20,P104,411,1180
2023-01-21,P104,357,1180
2023-01-22,P104,334,1180
2023-01-23,P104,1432,0
2023-01-24,P104,1318,0
2023-01-25,P104,1233,0
2023-01-26,P104,1133,1110
2023-01-27,P104,1049,1110
2023-01-28,P104,988,1110
2023-01-29,P104,969,1110
2023-01-30,P104,885,1110
2023-01-31,P104,777,1110
2023-02-01,P104,678,1110
2023-02-02,P104,593,1110
2023-02-03,P104,491,1110
2023-02-04,P104,450,1110
2023-02-05,P104,431,1110
2023-02-06,P104,335,1110
2023-02-07,P104,219,1110
2023-02-08,P104,100,1110
2023-02-09,P104,1096,1135
2023-02-10,P104,1001,1135
2023-02-11,P104,962,1135
2023-02-12,P104,940,1135
2023-02-13,P104,821,1135
2023-02-14,P104,701,1135
2023-02-15,P104,592,1135
2023-02-16,P104,504,1135
2023-02-17,P104,1548,0
2023-02-18,P104,1484,0
2023-02-19,P104,1466,0
2023-02-20,P104,1377,0
2023-02-21,P104,1260,1190
2023-02-22,P104,1161,1190
2023-02-23,P104,1073,1190
2023-02-24,P104,961,1190
2023-02-25,P104,906,1190
2023-02-26,P104,886,1190
2023-02-27,P104,797,1190
2023-02-28,P104,668,1190
2023-03-01,P104,565,1190
2023-03-02,P104,449,1190
2023-03-03,P104,344,1190
2023-03-04,P104,295,1190
2023-03-05,P104,252,1190
2023-03-06,P104,135,1190
2023-03-07,P104,14,1190
2023-03-08,P104,0,1190
2023-03-09,P104,1084,1230
2023-03-10,P104,990,1230
2023-03-11,P104,944,1230
2023-03-12,P104,923,1230
2023-03-13,P104,838,1230
2023-03-14,P104,740,1230
2023-03-15,P104,647,1230
2023-03-16,P104,554,1230
2023-03-17,P104,461,1230
2023-03-18,P104,415,1230
2023-03-19,P104,391,1230
2023-03-20,P104,286,1230
2023-03-21,P104,1393,0
2023-03-22,P104,1206,1200
2023-03-23,P104,1114,1200
2023-03-24,P104,1003,1200
2023-03-25,P104,955,1200
2023-03-26,P104,914,1200
2023-03-27,P104,808,1200
2023-03-28,P104,720,1200
2023-03-29,P104,612,1200
2023-03-30,P104,509,1200
2023-03-31,P104,404,1200
2023-04-01,P104,348,1200
2023-04-02,P104,325,1200
2023-04-03,P104,136,1200
2023-04-04,P104,45,1200
2023-04-05,P104,0,1200
2023-04-06,P104,0,1200
2023-04-07,P104,0,1200
2023-04-08,P104,0,1200
2023-04-09,P104,1177,1210
2023-04-10,P104,1079,1210
2023-04-11,P104,969,1210
2023-04-12,P104,893,1210
2023-04-13,P104,804,1210
2023-04-14,P104,733,1210
2023-04-15,P104,680,1210
2023-04-16,P104,664,1210
2023-04-17,P104,583,1210
2023-04-18,P104,480,1210
2023-04-19,P104,373,1210
2023-04-20,P104,282,1210
2023-04-21,P104,188,1210
2023-04-22,P104,98,1210
2023-04-23,P104,79,1210
2023-04-24,P104,0,1210
2023-04-25,P104,1107,1060
2023-04-26,P104,1006,1060
2023-04-27,P104,905,1060
2023-04-28,P104,815,1060
2023-04-29,P104,773,1060
2023-04-30,P104,752,1060
2023-05-01,P104,660,1060
2023-05-02,P104,570,1060
2023-05-03,P104,480,1060
2023-05-04,P104,396,1060
2023-05-05,P104,302,1060
2023-05-06,P104,262,1060
2023-05-07,P104,1305,0
2023-05-08,P104,1218,0
2023-05-09,P104,1108,1045
2023-05-10,P104,1006,1045
2023-05-11,P104,933,1045
2023-05-12,P104,836,1045
2023-05-13,P104,783,1045
2023-05-14,P104,767,1045
2023-05-15,P104,703,1045
2023-05-16,P104,612,1045
2023-05-17,P104,511,1045
2023-05-18,P104,408,1045
2023-05-19,P104,1378,0
2023-05-20,P104,1323,0
2023-05-21,P104,1309,0
2023-05-22,P104,1225,0
2023-05-23,P104,1138,0
2023-05-24,P104,1038,1000
2023-05-25,P104,939,1000
2023-05-26,P104,848,1000
2023-05-27,P104,810,1000
2023-05-28,P104,790,1000
2023-05-29,P104,699,1000
2023-05-30,P104,626,1000
2023-05-31,P104,558,1000
2023-06-01,P104,463,1000
2023-06-02,P104,384,1000
2023-06-03,P104,346,1000
2023-06-04,P104,1329,0
2023-06-05,P104,1240,0
2023-06-06,P104,1153,0
2023-06-07,P104,1081,0
2023-06-08,P104,980,945
2023-06-09,P104,891,945
2023-06-10,P104,849,945
2023-06-11,P104,816,945
2023-06-12,P104,729,945
2023-06-13,P104,653,945
2023-06-14,P104,565,945
2023-06-15,P104,494,945
2023-06-16,P104,416,945
2023-06-17,P104,378,945
2023-06-18,P104,1308,0
2023-06-19,P104,1210,0
2023-06-20,P104,1123,0
2023-06-21,P104,1037,975
2023-06-22,P104,973,975
2023-06-23,P104,900,975
2023-06-24,P104,855,975
2023-06-25,P104,838,975
2023-06-26,P104,775,975
2023-06-27,P104,688,975
2023-06-28,P104,601,975
2023-06-29,P104,508,975
2023-06-30,P104,436,975
2023-07-01,P104,404,975
2023-07-02,P104,1364,0
2023-07-03,P104,1292,0
2023-07-04,P104,1201,0
2023-07-05,P104,1143,0
2023-07-06,P104,1066,0
2023-07-07,P104,977,0
2023-07-08,P104,935,885
2023-07-09,P104,917,885
2023-07-10,P104,851,885
2023-07-11,P104,782,885
2023-07-12,P104,687,885
2023-07-13,P104,606,885
2023-07-14,P104,529,885
2023-07-15,P104,492,885
2023-07-16,P104,475,885
2023-07-17,P104,404,885
2023-07-18,P104,236,885
2023-07-19,P104,1014,1000
2023-07-20,P104,930,1000
2023-07-21,P104,859,1000
2023-07-22,P104,829,1000
2023-07-23,P104,815,1000
2023-07-24,P104,721,1000
2023-07-25,P104,647,1000
2023-07-26,P104,568,1000
2023-07-27,P104,483,1000
2023-07-28,P104,1395,0
2023-07-29,P104,1354,0
2023-07-30,P104,1338,0
2023-07-31,P104,1257,0
2023-08-01,P104,1179,0
2023-08-02,P104,1102,0
2023-08-03,P104,1019,0
2023-08-04,P104,941,905
2023-08-05,P104,889,905
2023-08-06,P104,871,905
2023-08-07,P104,780,905
2023-08-08,P104,706,905
2023-08-09,P104,619,905
2023-08-10,P104,545,905
2023-08-11,P104,465,905
2023-08-12,P104,420,905
2023-08-13,P104,403,905
2023-08-14,P104,300,905
2023-08-15,P104,203,905
2023-08-16,P104,1015,980
2023-08-17,P104,928,980
2023-08-18,P104,836,980
2023-08-19,P104,800,980
2023-08-20,P104,781,980
2023-08-21,P104,708,980
2023-08-22,P104,628,980
2023-08-23,P104,457,980
2023-08-24,P104,365,980
2023-08-25,P104,297,980
2023-08-26,P104,1237,0
2023-08-27,P104,1220,0
2023-08-28,P104,1139,0
2023-08-29,P104,1045,1030
2023-08-30,P104,929,1030
2023-08-31,P104,843,1030
2023-09-01,P104,771,1030
2023-09-02,P104,734,1030
2023-09-03,P104,717,1030
2023-09-04,P104,642,1030
2023-09-05,P104,551,1030
2023-09-06,P104,462,1030
2023-09-07,P104,383,1030
2023-09-08,P104,287,1030
2023-09-09,P104,1277,0
2023-09-10,P104,1260,0
2023-09-11,P104,1170,0
2023-09-12,P104,1074,0
2023-09-13,P104,976,970
2023-09-14,P104,888,970
2023-09-15,P104,798,970
2023-09-16,P104,757,970
2023-09-17,P104,737,970
2023-09-18,P104,643,970
2023-09-19,P104,539,970
2023-09-20,P104,467,970
2023-09-21,P104,390,970
2023-09-22,P104,301,970
2023-09-23,P104,269,970
2023-09-24,P104,250,970
2023-09-25,P104,153,970
2023-09-26,P104,68,970
2023-09-27,P104,953,980
2023-09-28,P104,876,980
2023-09-29,P104,798,980
2023-09-30,P104,755,980
2023-10-01,P104,738,980
2023-10-02,P104,657,980
2023-10-03,P104,568,980
2023-10-04,P104,480,980
2023-10-05,P104,373,980
2023-10-06,P104,292,980
2023-10-07,P104,244,980
2023-10-08,P104,227,980
2023-10-09,P104,143,980
2023-10-10,P104,1047,0
2023-10-11,P104,971,950
2023-10-12,P104,893,950
2023-10-13,P104,739,950
2023-10-14,P104,686,950
2023-10-15,P104,671,950
2023-10-16,P104,585,950
2023-10-17,P104,504,950
2023-10-18,P104,413,950
2023-10-19,P104,311,950
2023-10-20,P104,228,950
2023-10-21,P104,180,950
2023-10-22,P104,158,950
2023-10-23,P104,60,950
2023-10-24,P104,921,1065
2023-10-25,P104,824,1065
2023-10-26,P104,739,1065
2023-10-27,P104,646,1065
2023-10-28,P104,594,1065
2023-10-29,P104,577,1065
2023-10-30,P104,480,1065
2023-10-31,P104,382,1065
2023-11-01,P104,279,1065
2023-11-02,P104,175,1065
2023-11-03,P104,79,1065
2023-11-04,P104,31,1065
2023-11-05,P104,9,1065
2023-11-06,P104,986,1075
2023-11-07,P104,900,1075
2023-11-08,P104,836,1075
2023-11-09,P104,740,1075
2023-11-10,P104,656,1075
2023-11-11,P104,603,1075
2023-11-12,P104,587,1075
2023-11-13,P104,495,1075
2023-11-14,P104,387,1075
2023-11-15,P104,211,1075
2023-11-16,P104,1183,1120
2023-11-17,P104,1095,1120
2023-11-18,P104,1043,1120
2023-11-19,P104,1021,1120
2023-11-20,P104,910,1120
2023-11-21,P104,804,1120
2023-11-22,P104,710,1120
2023-11-23,P104,615,1120
2023-11-24,P104,513,1120
2023-11-25,P104,466,1120
2023-11-26,P104,1565,0
2023-11-27,P104,1467,0
2023-11-28,P104,1362,0
2023-11-29,P104,1269,0
2023-11-30,P104,1100,1190
2023-12-01,P104,997,1190
2023-12-02,P104,938,1190
2023-12-03,P104,921,1190
2023-12-04,P104,813,1190
2023-12-05,P104,692,1190
2023-12-06,P104,579,1190
2023-12-07,P104,480,1190
2023-12-08,P104,392,1190
2023-12-09,P104,337,1190
2023-12-10,P104,315,1190
2023-12-11,P104,209,1190
2023-12-12,P104,102,1190
2023-12-13,P104,7,1190
2023-12-14,P104,1087,1190
2023-12-15,P104,982,1190
2023-12-16,P104,926,1190
2023-12-17,P104,904,1190
2023-12-18,P104,778,1190
2023-12-19,P104,675,1190
2023-12-20,P104,551,1190
2023-12-21,P104,453,1190
2023-12-22,P104,339,1190
2023-12-23,P104,276,1190
2023-12-24,P104,254,1190
2023-12-25,P104,1317,1255
2023-12-26,P104,1199,1255
2023-12-27,P104,1099,1255
2023-12-28,P104,996,1255
2023-12-29,P104,881,1255
2023-12-30,P104,819,1255
2023-12-31,P104,799,1255
2024-01-01,P104,692,1255
2024-01-02,P104,576,1255
2024-01-03,P104,471,1255
2024-01-04,P104,335,1255
2024-01-05,P104,229,1255
2024-01-06,P104,173,1255
2024-01-07,P104,147,1255
2024-01-08,P104,42,1255
2024-01-09,P104,0,1255
2024-01-10,P104,1163,1260
2024-01-11,P104,1059,1260
2024-01-12,P104,943,1260
2024-01-13,P104,876,1260
2024-01-14,P104,855,1260
2024-01-15,P104,755,1260
2024-01-16,P104,633,1260
2024-01-17,P104,528,1260
2024-01-18,P104,1682,0
2024-01-19,P104,1473,0
2024-01-20,P104,1419,1335
2024-01-21,P104,1401,1335
2024-01-22,P104,1306,1335
2024-01-23,P104,1079,1335
2024-01-24,P104,989,1335
2024-01-25,P104,882,1335
2024-01-26,P104,793,1335
2024-01-27,P104,676,1335
2024-01-28,P104,647,1335
2024-01-29,P104,478,1335
2024-01-30,P104,359,1335
2024-01-31,P104,1592,1510
2024-02-01,P104,1485,1510
2024-02-02,P104,1359,1510
2024-02-03,P104,1304,1510
2024-02-04,P104,1282,1510
2024-02-05,P104,1182,1510
2024-02-06,P104,1052,1510
2024-02-07,P104,979,1510
2024-02-08,P104,874,1510
2024-02-09,P104,769,1510
2024-02-10,P104,715,1510
2024-02-11,P104,690,1510
2024-02-12,P104,564,1510
2024-02-13,P104,1976,0
2024-02-14,P104,1836,0
2024-02-15,P104,1743,0
2024-02-16,P104,1623,0
2024-02-17,P104,1564,0
2024-02-18,P104,1542,0
2024-02-19,P104,1436,0
2024-02-20,P104,1209,1335
2024-02-21,P104,1093,1335
2024-02-22,P104,994,1335
2024-02-23,P104,892,1335
2024-02-24,P104,839,1335
2024-02-25,P104,819,1335
2024-02-26,P104,718,1335
2024-02-27,P104,618,1335
2024-02-28,P104,511,1335
2024-02-29,P104,396,1335
2024-03-01,P104,290,1335
2024-03-02,P104,220,1335
2024-03-03,P104,203,1335
2024-03-04,P104,87,1335
2024-03-05,P104,1308,1220
2024-03-06,P104,1186,1220
2024-03-07,P104,1069,1220
2024-03-08,P104,967,1220
2024-03-09,P104,909,1220
2024-03-10,P104,888,1220
2024-03-11,P104,771,1220
2024-03-12,P104,681,1220
2024-03-13,P104,560,1220
2024-03-14,P104,452,1220
2024-03-15,P104,1575,0
2024-03-16,P104,1520,0
2024-03-17,P104,1498,0
2024-03-18,P104,1374,0
2024-03-19,P104,1222,1290
2024-03-20,P104,1097,1290
2024-03-21,P104,997,1290
2024-03-22,P104,888,1290
2024-03-23,P104,828,1290
2024-03-24,P104,808,1290
2024-03-25,P104,716,1290
2024-03-26,P104,606,1290
2024-03-27,P104,487,1290
2024-03-28,P104,400,1290
2024-03-29,P104,307,1290
2024-03-30,P104,248,1290
2024-03-31,P104,226,1290
2024-04-01,P104,0,1290
2024-04-02,P104,0,1290
2024-04-03,P104,1155,1330
2024-04-04,P104,999,1330
2024-04-05,P104,922,1330
2024-04-06,P104,868,1330
2024-04-07,P104,849,1330
2024-04-08,P104,745,1330
2024-04-09,P104,637,1330
2024-04-10,P104,533,1330
2024-04-11,P104,439,1330
2024-04-12,P104,336,1330
2024-04-13,P104,284,1330
2024-04-14,P104,260,1330
2024-04-15,P104,159,1330
2024-04-16,P104,63,1330
2024-04-17,P104,1308,0
2024-04-18,P104,1208,0
2024-04-19,P104,1125,1115
2024-04-20,P104,1080,1115
2024-04-21,P104,1058,1115
2024-04-22,P104,976,1115
2024-04-23,P104,854,1115
2024-04-24,P104,749,1115
2024-04-25,P104,649,1115
2024-04-26,P104,565,1115
2024-04-27,P104,508,1115
2024-04-28,P104,487,1115
2024-04-29,P104,394,1115
2024-04-30,P104,288,1115
2024-05-01,P104,205,1115
2024-05-02,P104,1239,0
2024-05-03,P104,1157,1070
2024-05-04,P104,1104,1070
2024-05-05,P104,1083,1070
2024-05-06,P104,973,1070
2024-05-07,P104,881,1070
2024-05-08,P104,699,1070
2024-05-09,P104,603,1070
2024-05-10,P104,520,1070
2024-05-11,P104,467,1070
2024-05-12,P104,447,1070
2024-05-13,P104,356,1070
2024-05-14,P104,255,1070
2024-05-15,P104,158,1070
2024-05-16,P104,64,1070
2024-05-17,P104,0,1070
2024-05-18,P104,0,1070
2024-05-19,P104,0,1070
2024-05-20,P104,0,1070
2024-05-21,P104,0,1070
2024-05-22,P104,975,1135
2024-05-23,P104,873,1135
2024-05-24,P104,782,1135
2024-05-25,P104,736,1135
2024-05-26,P104,718,1135
2024-05-27,P104,617,1135
2024-05-28,P104,545,1135
2024-05-29,P104,1576,0
2024-05-30,P104,1502,0
2024-05-31,P104,1427,0
2024-06-01,P104,1381,0
2024-06-02,P104,1357,0
2024-06-03,P104,1247,0
2024-06-04,P104,1143,0
2024-06-05,P104,1045,1050
2024-06-06,P104,972,1050
2024-06-07,P104,883,1050
2024-06-08,P104,838,1050
2024-06-09,P104,821,1050
2024-06-10,P104,728,1050
2024-06-11,P104,638,1050
2024-06-12,P104,536,1050
2024-06-13,P104,465,1050
2024-06-14,P104,378,1050
2024-06-15,P104,335,1050
2024-06-16,P104,317,1050
2024-06-17,P104,223,1050
2024-06-18,P104,1191,0
2024-06-19,P104,1097,0
2024-06-20,P104,1010,1000
2024-06-21,P104,931,1000
2024-06-22,P104,887,1000
2024-06-23,P104,869,1000
2024-06-24,P104,787,1000
2024-06-25,P104,694,1000
2024-06-26,P104,606,1000
2024-06-27,P104,523,1000
2024-06-28,P104,424,1000
2024-06-29,P104,376,1000
2024-06-30,P104,358,1000
2024-07-01,P104,268,1000
2024-07-02,P104,186,1000
2024-07-03,P104,1100,0
2024-07-04,P104,1015,985
2024-07-05,P104,943,985
2024-07-06,P104,895,985
2024-07-07,P104,878,985
2024-07-08,P104,793,985
2024-07-09,P104,707,985
2024-07-10,P104,588,985
2024-07-11,P104,507,985
2024-07-12,P104,443,985
2024-07-13,P104,405,985
2024-07-14,P104,385,985
2024-07-15,P104,284,985
2024-07-16,P104,1185,0
2024-07-17,P104,1083,0
2024-07-18,P104,989,1000
2024-07-19,P104,908,1000
2024-07-20,P104,864,1000
2024-07-21,P104,845,1000
2024-07-22,P104,749,1000
2024-07-23,P104,654,1000
2024-07-24,P104,571,1000
2024-07-25,P104,486,1000
2024-07-26,P104,385,1000
2024-07-27,P104,338,1000
2024-07-28,P104,318,1000
2024-07-29,P104,1144,1110
2024-07-30,P104,1050,1110
2024-07-31,P104,960,1110
2024-08-01,P104,864,1110
2024-08-02,P104,775,1110
2024-08-03,P104,728,1110
2024-08-04,P104,711,1110
2024-08-05,P104,619,1110
2024-08-06,P104,528,1110
2024-08-07,P104,441,1110
2024-08-08,P104,328,1110
2024-08-09,P104,1369,0
2024-08-10,P104,1318,0
2024-08-11,P104,1301,0
2024-08-12,P104,1211,0
2024-08-13,P104,1093,1055
2024-08-14,P104,1012,1055
2024-08-15,P104,931,1055
2024-08-16,P104,848,1055
2024-08-17,P104,806,1055
2024-08-18,P104,786,1055
2024-08-19,P104,702,1055
2024-08-20,P104,603,1055
2024-08-21,P104,526,1055
2024-08-22,P104,455,1055
2024-08-23,P104,1428,0
2024-08-24,P104,1390,0
2024-08-25,P104,1368,0
2024-08-26,P104,1293,0
2024-08-27,P104,1210,0
2024-08-28,P104,1114,0
2024-08-29,P104,1031,0
2024-08-30,P104,960,930
2024-08-31,P104,903,930
2024-09-01,P104,886,930
2024-09-02,P104,797,930
2024-09-03,P104,705,930
2024-09-04,P104,605,930
2024-09-05,P104,510,930
2024-09-06,P104,432,930
2024-09-07,P104,386,930
2024-09-08,P104,1297,0
2024-09-09,P104,1198,0
2024-09-10,P104,1115,0
2024-09-11,P104,1000,1030
2024-09-12,P104,916,1030
2024-09-13,P104,829,1030
2024-09-14,P104,787,1030
2024-09-15,P104,770,1030
2024-09-16,P104,686,1030
2024-09-17,P104,599,1030
2024-09-18,P104,508,1030
2024-09-19,P104,425,1030
2024-09-20,P104,330,1030
2024-09-21,P104,285,1030
2024-09-22,P104,267,1030
2024-09-23,P104,176,1030
2024-09-24,P104,1097,1035
2024-09-25,P104,998,1035
2024-09-26,P104,806,1035
2024-09-27,P104,730,1035
2024-09-28,P104,687,1035
2024-09-29,P104,670,1035
2024-09-30,P104,560,1035
2024-10-01,P104,454,1035
2024-10-02,P104,365,1035
2024-10-03,P104,1310,0
2024-10-04,P104,1227,1155
2024-10-05,P104,1181,1155
2024-10-06,P104,1160,1155
2024-10-07,P104,1065,1155
2024-10-08,P104,940,1155
2024-10-09,P104,826,1155
2024-10-10,P104,714,1155
2024-10-11,P104,614,1155
2024-10-12,P104,565,1155
2024-10-13,P104,1698,0
2024-10-14,P104,1602,0
2024-10-15,P104,1480,0
2024-10-16,P104,1373,0
2024-10-17,P104,1271,1180
2024-10-18,P104,1175,1180
2024-10-19,P104,1113,1180
2024-10-20,P104,1095,1180
2024-10-21,P104,973,1180
2024-10-22,P104,869,1180
2024-10-23,P104,781,1180
2024-10-24,P104,688,1180
2024-10-25,P104,609,1180
2024-10-26,P104,552,1180
2024-10-27,P104,533,1180
2024-10-28,P104,428,1180
2024-10-29,P104,307,1180
2024-10-30,P104,209,1180
2024-10-31,P104,1289,0
2024-11-01,P104,1204,1135
2024-11-02,P104,1152,1135
2024-11-03,P104,1124,1135
2024-11-04,P104,1010,1135
2024-11-05,P104,903,1135
2024-11-06,P104,802,1135
2024-11-07,P104,697,1135
2024-11-08,P104,595,1135
2024-11-09,P104,542,1135
2024-11-10,P104,518,1135
2024-11-11,P104,422,1135
2024-11-12,P104,322,1135
2024-11-13,P104,208,1135
2024-11-14,P104,115,1135
2024-11-15,P104,4,1135
2024-11-16,P104,0,1135
2024-11-17,P104,1117,1180
2024-11-18,P104,1006,1180
2024-11-19,P104,913,1180
2024-11-20,P104,793,1180
2024-11-21,P104,687,1180
2024-11-22,P104,562,1180
2024-11-23,P104,498,1180
2024-11-24,P104,478,1180
2024-11-25,P104,392,1180
2024-11-26,P104,286,1180
2024-11-27,P104,188,1180
2024-11-28,P104,55,1180
2024-11-29,P104,0,1180
2024-11-30,P104,0,1180
2024-12-01,P104,1157,1305
2024-12-02,P104,1046,1305
2024-12-03,P104,929,1305
2024-12-04,P104,800,1305
2024-12-05,P104,684,1305
2024-12-06,P104,589,1305
2024-12-07,P104,519,1305
2024-12-08,P104,470,1305
2024-12-09,P104,361,1305
2024-12-10,P104,279,1305
2024-12-11,P104,154,1305
2024-12-12,P104,0,1305
2024-12-13,P104,1195,1395
2024-12-14,P104,1138,1395
2024-12-15,P104,1115,1395
2024-12-16,P104,1004,1395
2024-12-17,P104,877,1395
2024-12-18,P104,750,1395
2024-12-19,P104,637,1395
2024-12-20,P104,515,1395
2024-12-21,P104,1850,0
2024-12-22,P104,1827,0
2024-12-23,P104,1707,0
2024-12-24,P104,1603,0
2024-12-25,P104,1480,1415
2024-12-26,P104,1383,1415
2024-12-27,P104,1284,1415
2024-12-28,P104,1236,1415
2024-12-29,P104,1212,1415
2024-12-30,P104,1073,1415
2024-12-31,P104,951,1415
2025-01-01,P104,821,1415
2025-01-02,P104,673,1415
2025-01-03,P104,556,1415
2025-01-04,P104,499,1415
2025-01-05,P104,1891,0
2025-01-06,P104,1772,0
2025-01-07,P104,1657,0
2025-01-08,P104,1543,0
2025-01-09,P104,1411,1370
2025-01-10,P104,1285,1370
2025-01-11,P104,1234,1370
2025-01-12,P104,1211,1370
2025-01-13,P104,1097,1370
2025-01-14,P104,964,1370
2025-01-15,P104,826,1370
2025-01-16,P104,671,1370
2025-01-17,P104,563,1370
2025-01-18,P104,1873,0
2025-01-19,P104,1846,0
2025-01-20,P104,1734,0
2025-01-21,P104,1518,1490
2025-01-22,P104,1260,1490
2025-01-23,P104,1175,1490
2025-01-24,P104,1059,1490
2025-01-25,P104,997,1490
2025-01-26,P104,938,1490
2025-01-27,P104,817,1490
2025-01-28,P104,708,1490
2025-01-29,P104,588,1490
2025-01-30,P104,1985,0
2025-01-31,P104,1886,0
2025-02-01,P104,1819,0
2025-02-02,P104,1794,0
2025-02-03,P104,1660,1545
2025-02-04,P104,1561,1545
2025-02-05,P104,1440,1545
2025-02-06,P104,1326,1545
2025-02-07,P104,1199,1545
2025-02-08,P104,1131,1545
2025-02-09,P104,1081,1545
2025-02-10,P104,939,1545
2025-02-11,P104,818,1545
2025-02-12,P104,2221,0
2025-02-13,P104,2115,0
2025-02-14,P104,2014,0
2025-02-15,P104,1946,0
2025-02-16,P104,1925,0
2025-02-17,P104,1796,0
2025-02-18,P104,1669,0
2025-02-19,P104,1531,1435
2025-02-20,P104,1306,1435
2025-02-21,P104,1191,1435
2025-02-22,P104,1125,1435
2025-02-23,P104,1102,1435
2025-02-24,P104,991,1435
2025-02-25,P104,859,1435
2025-02-26,P104,736,1435
2025-02-27,P104,622,1435
2025-02-28,P104,1944,0
2025-03-01,P104,1871,0
2025-03-02,P104,1847,0
2025-03-03,P104,1733,0
2025-03-04,P104,1632,0
2025-03-05,P104,1510,1435
2025-03-06,P104,1383,1435
2025-03-07,P104,1260,1435
2025-03-08,P104,1197,1435
2025-03-09,P104,1170,1435
2025-03-10,P104,1041,1435
2025-03-11,P104,902,1435
2025-03-12,P104,767,1435
2025-03-13,P104,629,1435
2025-03-14,P104,519,1435
2025-03-15,P104,466,1435
2025-03-16,P104,440,1435
2025-03-17,P104,311,1435
2025-03-18,P104,1602,0
2025-03-19,P104,1465,1460
2025-03-20,P104,1323,1460
2025-03-21,P104,1204,1460
2025-03-22,P104,1141,1460
2025-03-23,P104,1120,1460
2025-03-24,P104,999,1460
2025-03-25,P104,885,1460
2025-03-26,P104,2223,0
2025-03-27,P104,2107,0
2025-03-28,P104,1991,0
2025-03-29,P104,1931,0
2025-03-30,P104,1904,0
2025-03-31,P104,1823,0
2025-04-01,P104,1700,0
2025-04-02,P104,1567,0
2025-04-03,P104,1429,1335
2025-04-04,P104,1312,1335
2025-04-05,P104,1241,1335
2025-04-06,P104,1217,1335
2025-04-07,P104,1102,1335
2025-04-08,P104,976,1335
2025-04-09,P104,860,1335
2025-04-10,P104,757,1335
2025-04-11,P104,656,1335
2025-04-12,P104,604,1335
2025-04-13,P104,579,1335
2025-04-14,P104,466,1335
2025-04-15,P104,279,1335
2025-04-16,P104,171,1335
2025-04-17,P104,54,1335
2025-04-18,P104,1274,1355
2025-04-19,P104,1223,1355
2025-04-20,P104,1203,1355
2025-04-21,P104,1080,1355
2025-04-22,P104,982,1355
2025-04-23,P104,862,1355
2025-04-24,P104,632,1355
2025-04-25,P104,509,1355
2025-04-26,P104,447,1355
2025-04-27,P104,422,1355
2025-04-28,P104,285,1355
2025-04-29,P104,1555,0
2025-04-30,P104,1389,1455
2025-05-01,P104,1271,1455
2025-05-02,P104,1172,1455
2025-05-03,P104,1108,1455
2025-05-04,P104,1086,1455
2025-05-05,P104,976,1455
2025-05-06,P104,867,1455
2025-05-07,P104,764,1455
2025-05-08,P104,664,1455
2025-05-09,P104,560,1455
2025-05-10,P104,509,1455
2025-05-11,P104,485,1455
2025-05-12,P104,371,1455
2025-05-13,P104,247,1455
2025-05-14,P104,152,1455
2025-05-15,P104,67,1455
2025-05-16,P104,1422,0
2025-05-17,P104,1350,0
2025-05-18,P104,1325,0
2025-05-19,P104,1226,1190
2025-05-20,P104,1112,1190
2025-05-21,P104,997,1190
2025-05-22,P104,909,1190
2025-05-23,P104,796,1190
2025-05-24,P104,743,1190
2025-05-25,P104,722,1190
2025-05-26,P104,1808,0
2025-05-27,P104,1688,0
2025-05-28,P104,1592,0
2025-05-29,P104,1509,0
2025-05-30,P104,1409,0
2025-05-31,P104,1368,0
2025-06-01,P104,1348,0
2025-06-02,P104,1233,1170
2025-06-03,P104,1121,1170
2025-06-04,P104,1006,1170
2025-06-05,P104,899,1170
2025-06-06,P104,778,1170
2025-06-07,P104,729,1170
2025-06-08,P104,707,1170
2025-06-09,P104,1781,0
2025-06-10,P104,1666,0
2025-06-11,P104,1565,0
2025-06-12,P104,1447,0
2025-06-13,P104,1358,0
2025-06-14,P104,1298,1225
2025-06-15,P104,1276,1225
2025-06-16,P104,1177,1225
2025-06-17,P104,1068,1225
2025-06-18,P104,964,1225
2025-06-19,P104,862,1225
2025-06-20,P104,771,1225
2025-06-21,P104,724,1225
2025-06-22,P104,704,1225
2025-06-23,P104,624,1225
2025-06-24,P104,513,1225
2025-06-25,P104,1652,0
2025-06-26,P104,1557,0
2025-06-27,P104,1458,0
2025-06-28,P104,1403,0
2025-06-29,P104,1387,0
2025-06-30,P104,1291,0
2025-07-01,P104,1185,1095
2025-07-02,P104,1086,1095
2025-07-03,P104,976,1095
2025-07-04,P104,893,1095
2025-07-05,P104,854,1095
2025-07-06,P104,832,1095
2025-07-07,P104,741,1095
2025-07-08,P104,660,1095
2025-07-09,P104,564,1095
2025-07-10,P104,456,1095
2025-07-11,P104,378,1095
2025-07-12,P104,315,1095
2025-07-13,P104,297,1095
2025-07-14,P104,200,1095
2025-07-15,P104,114,1095
2025-07-16,P104,16,1095
2025-07-17,P104,0,1095
2025-07-18,P104,0,1095
2025-07-19,P104,0,1095
2025-07-20,P104,1076,1055
2025-07-21,P104,986,1055
2025-07-22,P104,876,1055
2025-07-23,P104,759,1055
2025-07-24,P104,653,1055
2025-07-25,P104,575,1055
2025-07-26,P104,524,1055
2025-07-27,P104,508,1055
2025-07-28,P104,403,1055
2025-07-29,P104,322,1055
2025-07-30,P104,1220,1150
2025-07-31,P104,1125,1150
2025-08-01,P104,1030,1150
2025-08-02,P104,982,1150
2025-08-03,P104,959,1150
2025-08-04,P104,856,1150
2025-08-05,P104,750,1150
2025-08-06,P104,666,1150
2025-08-07,P104,553,1150
2025-08-08,P104,1621,0
2025-08-09,P104,1562,0
2025-08-10,P104,1538,0
2025-08-11,P104,1436,0
2025-08-12,P104,1325,0
2025-08-13,P104,1260,0
2025-08-14,P104,1167,1095
2025-08-15,P104,1065,1095
2025-08-16,P104,1010,1095
2025-08-17,P104,993,1095
2025-08-18,P104,899,1095
2025-08-19,P104,827,1095
2025-08-20,P104,724,1095
2025-08-21,P104,648,1095
2025-08-22,P104,545,1095
2025-08-23,P104,488,1095
2025-08-24,P104,469,1095
2025-08-25,P104,366,1095
2025-08-26,P104,267,1095
2025-08-27,P104,1260,0
2025-08-28,P104,1175,0
2025-08-29,P104,1076,1070
2025-08-30,P104,1034,1070
2025-08-31,P104,1018,1070
2025-09-01,P104,921,1070
2025-09-02,P104,821,1070
2025-09-03,P104,717,1070
2025-09-04,P104,626,1070
2025-09-05,P104,513,1070
2025-09-06,P104,461,1070
2025-09-07,P104,426,1070
2025-09-08,P104,324,1070
2025-09-09,P104,1279,0
2025-09-10,P104,1090,1225
2025-09-11,P104,986,1225
2025-09-12,P104,884,1225
2025-09-13,P104,842,1225
2025-09-14,P104,825,1225
2025-09-15,P104,725,1225
2025-09-16,P104,622,1225
2025-09-17,P104,512,1225
2025-09-18,P104,411,1225
2025-09-19,P104,309,1225
2025-09-20,P104,263,1225
2025-09-21,P104,242,1225
2025-09-22,P104,154,1225
2025-09-23,P104,1268,1220
2025-09-24,P104,1185,1220
2025-09-25,P104,1079,1220
2025-09-26,P104,997,1220
2025-09-27,P104,945,1220
2025-09-28,P104,921,1220
2025-09-29,P104,814,1220
2025-09-30,P104,725,1220
2025-10-01,P104,626,1220
2025-10-02,P104,539,1220
2025-10-03,P104,458,1220
2025-10-04,P104,1622,0
2025-10-05,P104,1599,0
2025-10-06,P104,1488,0
2025-10-07,P104,1370,0
2025-10-08,P104,1261,0
2025-10-09,P104,1158,1125
2025-10-10,P104,1069,1125
2025-10-11,P104,1016,1125
2025-10-12,P104,997,1125
2025-10-13,P104,899,1125
2025-10-14,P104,785,1125
2025-10-15,P104,676,1125
2025-10-16,P104,532,1125
2025-10-17,P104,444,1125
2025-10-18,P104,388,1125
2025-10-19,P104,369,1125
2025-10-20,P104,264,1125
2025-10-21,P104,154,1125
2025-10-22,P104,1156,1215
2025-10-23,P104,1051,1215
2025-10-24,P104,948,1215
2025-10-25,P104,893,1215
2025-10-26,P104,873,1215
2025-10-27,P104,769,1215
2025-10-28,P104,657,1215
2025-10-29,P104,541,1215
2025-10-30,P104,422,1215
2025-10-31,P104,318,1215
2025-11-01,P104,261,1215
2025-11-02,P104,242,1215
2025-11-03,P104,120,1215
2025-11-04,P104,8,1215
2025-11-05,P104,0,1215
2025-11-06,P104,0,1215
2025-11-07,P104,0,1215
2025-11-08,P104,1159,1300
2025-11-09,P104,1134,1300
2025-11-10,P104,1005,1300
2025-11-11,P104,801,1300
2025-11-12,P104,680,1300
2025-11-13,P104,545,1300
2025-11-14,P104,416,1300
2025-11-15,P104,351,1300
2025-11-16,P104,329,1300
2025-11-17,P104,189,1300
2025-11-18,P104,61,1300
2025-11-19,P104,0,1300
2025-11-20,P104,0,1300
2025-11-21,P104,0,1300
2025-11-22,P104,1227,1535
2025-11-23,P104,1196,1535
2025-11-24,P104,1043,1535
2025-11-25,P104,891,1535
2025-11-26,P104,775,1535
2025-11-27,P104,609,1535
2025-11-28,P104,463,1535
2025-11-29,P104,396,1535
2025-11-30,P104,367,1535
2025-12-01,P104,211,1535
2025-12-02,P104,1574,1625
2025-12-03,P104,1424,1625
2025-12-04,P104,1255,1625
2025-12-05,P104,1135,1625
2025-12-06,P104,1062,1625
2025-12-07,P104,1036,1625
2025-12-08,P104,890,1625
2025-12-09,P104,692,1625
2025-12-10,P104,486,1625
2025-12-11,P104,317,1625
2025-12-12,P104,170,1625
2025-12-13,P104,84,1625
2025-12-14,P104,47,1625
2025-12-15,P104,0,1625
2025-12-16,P104,0,1625
2025-12-17,P104,0,1625
2025-12-18,P104,0,1625
2025-12-19,P104,1471,1885
2025-12-20,P104,1378,1885
2025-12-21,P104,1339,1885
2025-12-22,P104,1170,1885
2025-12-23,P104,979,1885
2025-12-24,P104,779,1885
2025-12-25,P104,555,1885
2025-12-26,P104,381,1885
2025-12-27,P104,284,1885
2025-12-28,P104,238,1885
2025-12-29,P104,58,1885
2025-12-30,P104,0,1885
2025-12-31,P104,1682,2065
2023-01-01,P105,768,0
2023-01-02,P105,733,0
2023-01-03,P105,690,0
2023-01-04,P105,650,0
2023-01-05,P105,609,0
2023-01-06,P105,573,545
2023-01-07,P105,553,545
2023-01-08,P105,547,545
2023-01-09,P105,511,545
2023-01-10,P105,473,545
2023-01-11,P105,430,545
2023-01-12,P105,395,545
2023-01-13,P105,359,545
2023-01-14,P105,339,545
2023-01-15,P105,330,545
2023-01-16,P105,293,545
2023-01-17,P105,251,545
2023-01-18,P105,220,545
2023-01-19,P105,734,0
2023-01-20,P105,708,0
2023-01-21,P105,687,0
2023-01-22,P105,679,0
2023-01-23,P105,638,0
2023-01-24,P105,559,530
2023-01-25,P105,523,530
2023-01-26,P105,486,530
2023-01-27,P105,445,530
2023-01-28,P105,422,530
2023-01-29,P105,414,530
2023-01-30,P105,375,530
2023-01-31,P105,330,530
2023-02-01,P105,293,530
2023-02-02,P105,787,0
2023-02-03,P105,752,0
2023-02-04,P105,735,0
2023-02-05,P105,727,0
2023-02-06,P105,694,0
2023-02-07,P105,651,0
2023-02-08,P105,610,0
2023-02-09,P105,567,0
2023-02-10,P105,538,505
2023-02-11,P105,514,505
2023-02-12,P105,508,505
2023-02-13,P105,475,505
2023-02-14,P105,439,505
2023-02-15,P105,395,505
2023-02-16,P105,357,505
2023-02-17,P105,323,505
2023-02-18,P105,305,505
2023-02-19,P105,803,0
2023-02-20,P105,761,0
2023-02-21,P105,719,0
2023-02-22,P105,675,0
2023-02-23,P105,636,0
2023-02-24,P105,611,0
2023-02-25,P105,594,0
2023-02-26,P105,586,0
2023-02-27,P105,550,0
2023-02-28,P105,514,495
2023-03-01,P105,460,495
2023-03-02,P105,419,495
2023-03-03,P105,382,495
2023-03-04,P105,362,495
2023-03-05,P105,355,495
2023-03-06,P105,317,495
2023-03-07,P105,284,495
2023-03-08,P105,247,495
2023-03-09,P105,221,495
2023-03-10,P105,192,495
2023-03-11,P105,174,495
2023-03-12,P105,155,495
2023-03-13,P105,621,0
2023-03-14,P105,588,0
2023-03-15,P105,550,0
2023-03-16,P105,507,470
2023-03-17,P105,472,470
2023-03-18,P105,452,470
2023-03-19,P105,445,470
2023-03-20,P105,411,470
2023-03-21,P105,373,470
2023-03-22,P105,339,470
2023-03-23,P105,300,470
2023-03-24,P105,272,470
2023-03-25,P105,252,470
2023-03-26,P105,245,470
2023-03-27,P105,210,470
2023-03-28,P105,180,470
2023-03-29,P105,148,470
2023-03-30,P105,578,0
2023-03-31,P105,545,0
2023-04-01,P105,526,0
2023-04-02,P105,519,0
2023-04-03,P105,484,460
2023-04-04,P105,453,460
2023-04-05,P105,417,460
2023-04-06,P105,381,460
2023-04-07,P105,347,460
2023-04-08,P105,331,460
2023-04-09,P105,324,460
2023-04-10,P105,287,460
2023-04-11,P105,252,460
2023-04-12,P105,218,460
2023-04-13,P105,176,460
2023-04-14,P105,147,460
2023-04-15,P105,127,460
2023-04-16,P105,121,460
2023-04-17,P105,544,0
2023-04-18,P105,506,470
2023-04-19,P105,473,470
2023-04-20,P105,444,470
2023-04-21,P105,419,470
2023-04-22,P105,403,470
2023-04-23,P105,396,470
2023-04-24,P105,366,470
2023-04-25,P105,331,470
2023-04-26,P105,285,470
2023-04-27,P105,252,470
2023-04-28,P105,224,470
2023-04-29,P105,207,470
2023-04-30,P105,200,470
2023-05-01,P105,641,0
2023-05-02,P105,609,0
2023-05-03,P105,579,0
2023-05-04,P105,551,0
2023-05-05,P105,516,0
2023-05-06,P105,500,0
2023-05-07,P105,495,0
2023-05-08,P105,464,430
2023-05-09,P105,427,430
2023-05-10,P105,396,430
2023-05-11,P105,358,430
2023-05-12,P105,330,430
2023-05-13,P105,312,430
2023-05-14,P105,305,430
2023-05-15,P105,271,430
2023-05-16,P105,243,430
2023-05-17,P105,214,430
2023-05-18,P105,178,430
2023-05-19,P105,150,430
2023-05-20,P105,562,0
2023-05-21,P105,556,0
2023-05-22,P105,524,0
2023-05-23,P105,496,0
2023-05-24,P105,466,0
2023-05-25,P105,438,0
2023-05-26,P105,408,405
2023-05-27,P105,392,405
2023-05-28,P105,385,405
2023-05-29,P105,355,405
2023-05-30,P105,326,405
2023-05-31,P105,294,405
2023-06-01,P105,267,405
2023-06-02,P105,234,405
2023-06-03,P105,206,405
2023-06-04,P105,605,0
2023-06-05,P105,573,0
2023-06-06,P105,541,0
2023-06-07,P105,515,0
2023-06-08,P105,488,0
2023-06-09,P105,456,0
2023-06-10,P105,440,415
2023-06-11,P105,435,415
2023-06-12,P105,403,415
2023-06-13,P105,373,415
2023-06-14,P105,345,415
2023-06-15,P105,319,415
2023-06-16,P105,287,415
2023-06-17,P105,275,415
2023-06-18,P105,269,415
2023-06-19,P105,239,415
2023-06-20,P105,202,415
2023-06-21,P105,585,0
2023-06-22,P105,558,0
2023-06-23,P105,525,0
2023-06-24,P105,512,0
2023-06-25,P105,506,0
2023-06-26,P105,475,0
2023-06-27,P105,447,0
2023-06-28,P105,415,400
2023-06-29,P105,387,400
2023-06-30,P105,357,400
2023-07-01,P105,345,400
2023-07-02,P105,339,400
2023-07-03,P105,311,400
2023-07-04,P105,277,400
2023-07-05,P105,247,400
2023-07-06,P105,214,400
2023-07-07,P105,185,400
2023-07-08,P105,170,400
2023-07-09,P105,163,400
2023-07-10,P105,131,400
2023-07-11,P105,99,400
2023-07-12,P105,77,400
2023-07-13,P105,51,400
2023-07-14,P105,419,390
2023-07-15,P105,406,390
2023-07-16,P105,399,390
2023-07-17,P105,368,390
2023-07-18,P105,340,390
2023-07-19,P105,317,390
2023-07-20,P105,290,390
2023-07-21,P105,256,390
2023-07-22,P105,242,390
2023-07-23,P105,237,390
2023-07-24,P105,211,390
2023-07-25,P105,177,390
2023-07-26,P105,538,0
2023-07-27,P105,494,0
2023-07-28,P105,462,0
2023-07-29,P105,446,0
2023-07-30,P105,441,0
2023-07-31,P105,416,395
2023-08-01,P105,382,395
2023-08-02,P105,317,395
2023-08-03,P105,293,395
2023-08-04,P105,271,395
2023-08-05,P105,258,395
2023-08-06,P105,253,395
2023-08-07,P105,231,395
2023-08-08,P105,205,395
2023-08-09,P105,178,395
2023-08-10,P105,151,395
2023-08-11,P105,119,395
2023-08-12,P105,104,395
2023-08-13,P105,493,0
2023-08-14,P105,462,0
2023-08-15,P105,433,0
2023-08-16,P105,402,0
2023-08-17,P105,372,365
2023-08-18,P105,344,365
2023-08-19,P105,324,365
2023-08-20,P105,317,365
2023-08-21,P105,291,365
2023-08-22,P105,259,365
2023-08-23,P105,232,365
2023-08-24,P105,202,365
2023-08-25,P105,178,365
2023-08-26,P105,165,365
2023-08-27,P105,159,365
2023-08-28,P105,126,365
2023-08-29,P105,94,365
2023-08-30,P105,61,365
2023-08-31,P105,30,365
2023-09-01,P105,367,395
2023-09-02,P105,352,395
2023-09-03,P105,345,395
2023-09-04,P105,312,395
2023-09-05,P105,281,395
2023-09-06,P105,251,395
2023-09-07,P105,216,395
2023-09-08,P105,188,395
2023-09-09,P105,172,395
2023-09-10,P105,165,395
2023-09-11,P105,135,395
2023-09-12,P105,106,395
2023-09-13,P105,74,395
2023-09-14,P105,44,395
2023-09-15,P105,10,395
2023-09-16,P105,0,395
2023-09-17,P105,0,395
2023-09-18,P105,0,395
2023-09-19,P105,362,415
2023-09-20,P105,326,415
2023-09-21,P105,297,415
2023-09-22,P105,267,415
2023-09-23,P105,251,415
2023-09-24,P105,245,415
2023-09-25,P105,217,415
2023-09-26,P105,183,415
2023-09-27,P105,150,415
2023-09-28,P105,115,415
2023-09-29,P105,85,415
2023-09-30,P105,69,415
2023-10-01,P105,62,415
2023-10-02,P105,33,415
2023-10-03,P105,0,415
2023-10-04,P105,0,415
2023-10-05,P105,0,415
2023-10-06,P105,0,415
2023-10-07,P105,0,415
2023-10-08,P105,0,415
2023-10-09,P105,0,415
2023-10-10,P105,0,415
2023-10-11,P105,0,415
2023-10-12,P105,381,440
2023-10-13,P105,353,440
2023-10-14,P105,333,440
2023-10-15,P105,326,440
2023-10-16,P105,297,440
2023-10-17,P105,266,440
2023-10-18,P105,227,440
2023-10-19,P105,188,440
2023-10-20,P105,593,0
2023-10-21,P105,573,0
2023-10-22,P105,565,0
2023-10-23,P105,530,0
2023-10-24,P105,494,460
2023-10-25,P105,458,460
2023-10-26,P105,422,460
2023-10-27,P105,393,460
2023-10-28,P105,374,460
2023-10-29,P105,366,460
2023-10-30,P105,333,460
2023-10-31,P105,299,460
2023-11-01,P105,263,460
2023-11-02,P105,232,460
2023-11-03,P105,204,460
2023-11-04,P105,184,460
2023-11-05,P105,637,0
2023-11-06,P105,603,0
2023-11-07,P105,570,0
2023-11-08,P105,530,0
2023-11-09,P105,492,0
2023-11-10,P105,460,455
2023-11-11,P105,444,455
2023-11-12,P105,437,455
2023-11-13,P105,400,455
2023-11-14,P105,363,455
2023-11-15,P105,327,455
2023-11-16,P105,291,455
2023-11-17,P105,255,455
2023-11-18,P105,237,455
2023-11-19,P105,229,455
2023-11-20,P105,197,455
2023-11-21,P105,150,455
2023-11-22,P105,115,455
2023-11-23,P105,79,455
2023-11-24,P105,43,455
2023-11-25,P105,25,455
2023-11-26,P105,12,455
2023-11-27,P105,431,490
2023-11-28,P105,397,490
2023-11-29,P105,358,490
2023-11-30,P105,329,490
2023-12-01,P105,288,490
2023-12-02,P105,267,490
2023-12-03,P105,259,490
2023-12-04,P105,229,490
2023-12-05,P105,194,490
2023-12-06,P105,151,490
2023-12-07,P105,98,490
2023-12-08,P105,59,490
2023-12-09,P105,38,490
2023-12-10,P105,30,490
2023-12-11,P105,0,490
2023-12-12,P105,447,515
2023-12-13,P105,414,515
2023-12-14,P105,382,515
2023-12-15,P105,352,515
2023-12-16,P105,330,515
2023-12-17,P105,322,515
2023-12-18,P105,284,515
2023-12-19,P105,245,515
2023-12-20,P105,211,515
2023-12-21,P105,176,515
2023-12-22,P105,143,515
2023-12-23,P105,126,515
2023-12-24,P105,119,515
2023-12-25,P105,601,0
2023-12-26,P105,559,0
2023-12-27,P105,517,0
2023-12-28,P105,485,475
2023-12-29,P105,450,475
2023-12-30,P105,426,475
2023-12-31,P105,419,475
2024-01-01,P105,379,475
2024-01-02,P105,339,475
2024-01-03,P105,295,475
2024-01-04,P105,256,475
2024-01-05,P105,221,475
2024-01-06,P105,201,475
2024-01-07,P105,193,475
2024-01-08,P105,155,475
2024-01-09,P105,596,0
2024-01-10,P105,551,510
2024-01-11,P105,508,510
2024-01-12,P105,476,510
2024-01-13,P105,457,510
2024-01-14,P105,449,510
2024-01-15,P105,415,510
2024-01-16,P105,383,510
2024-01-17,P105,346,510
2024-01-18,P105,309,510
2024-01-19,P105,278,510
2024-01-20,P105,767,0
2024-01-21,P105,758,0
2024-01-22,P105,715,0
2024-01-23,P105,675,0
2024-01-24,P105,643,0
2024-01-25,P105,601,0
2024-01-26,P105,564,0
2024-01-27,P105,543,0
2024-01-28,P105,533,0
2024-01-29,P105,497,495
2024-01-30,P105,469,495
2024-01-31,P105,434,495
2024-02-01,P105,393,495
2024-02-02,P105,356,495
2024-02-03,P105,338,495
2024-02-04,P105,331,495
2024-02-05,P105,293,495
2024-02-06,P105,753,0
2024-02-07,P105,711,0
2024-02-08,P105,674,0
2024-02-09,P105,640,0
2024-02-10,P105,621,0
2024-02-11,P105,613,0
2024-02-12,P105,574,0
2024-02-13,P105,533,500
2024-02-14,P105,492,500
2024-02-15,P105,454,500
2024-02-16,P105,421,500
2024-02-17,P105,402,500
2024-02-18,P105,394,500
2024-02-19,P105,346,500
2024-02-20,P105,312,500
2024-02-21,P105,274,500
2024-02-22,P105,235,500
2024-02-23,P105,200,500
2024-02-24,P105,178,500
2024-02-25,P105,170,500
2024-02-26,P105,632,0
2024-02-27,P105,588,0
2024-02-28,P105,541,520
2024-02-29,P105,497,520
2024-03-01,P105,461,520
2024-03-02,P105,441,520
2024-03-03,P105,433,520
2024-03-04,P105,394,520
2024-03-05,P105,358,520
2024-03-06,P105,315,520
2024-03-07,P105,276,520
2024-03-08,P105,212,520
2024-03-09,P105,195,520
2024-03-10,P105,187,520
2024-03-11,P105,157,520
2024-03-12,P105,120,520
2024-03-13,P105,604,0
2024-03-14,P105,565,0
2024-03-15,P105,522,530
2024-03-16,P105,501,530
2024-03-17,P105,492,530
2024-03-18,P105,452,530
2024-03-19,P105,408,530
2024-03-20,P105,362,530
2024-03-21,P105,328,530
2024-03-22,P105,296,530
2024-03-23,P105,264,530
2024-03-24,P105,256,530
2024-03-25,P105,218,530
2024-03-26,P105,180,530
2024-03-27,P105,116,530
2024-03-28,P105,603,570
2024-03-29,P105,572,570
2024-03-30,P105,551,570
2024-03-31,P105,543,570
2024-04-01,P105,513,570
2024-04-02,P105,478,570
2024-04-03,P105,443,570
2024-04-04,P105,376,570
2024-04-05,P105,343,570
2024-04-06,P105,324,570
2024-04-07,P105,318,570
2024-04-08,P105,272,570
2024-04-09,P105,234,570
2024-04-10,P105,195,570
2024-04-11,P105,731,0
2024-04-12,P105,699,0
2024-04-13,P105,676,0
2024-04-14,P105,670,0
2024-04-15,P105,633,0
2024-04-16,P105,601,0
2024-04-17,P105,566,0
2024-04-18,P105,533,0
2024-04-19,P105,503,475
2024-04-20,P105,485,475
2024-04-21,P105,480,475
2024-04-22,P105,446,475
2024-04-23,P105,410,475
2024-04-24,P105,364,475
2024-04-25,P105,323,475
2024-04-26,P105,292,475
2024-04-27,P105,274,475
2024-04-28,P105,267,475
2024-04-29,P105,233,475
2024-04-30,P105,192,475
2024-05-01,P105,147,475
2024-05-02,P105,110,475
2024-05-03,P105,74,475
2024-05-04,P105,53,475
2024-05-05,P105,46,475
2024-05-06,P105,6,475
2024-05-07,P105,442,510
2024-05-08,P105,407,510
2024-05-09,P105,372,510
2024-05-10,P105,346,510
2024-05-11,P105,328,510
2024-05-12,P105,322,510
2024-05-13,P105,294,510
2024-05-14,P105,258,510
2024-05-15,P105,228,510
2024-05-16,P105,705,0
2024-05-17,P105,673,0
2024-05-18,P105,655,0
2024-05-19,P105,649,0
2024-05-20,P105,613,0
2024-05-21,P105,579,0
2024-05-22,P105,544,0
2024-05-23,P105,516,0
2024-05-24,P105,486,0
2024-05-25,P105,467,0
2024-05-26,P105,459,430
2024-05-27,P105,429,430
2024-05-28,P105,397,430
2024-05-29,P105,368,430
2024-05-30,P105,338,430
2024-05-31,P105,312,430
2024-06-01,P105,296,430
2024-06-02,P105,289,430
2024-06-03,P105,260,430
2024-06-04,P105,227,430
2024-06-05,P105,195,430
2024-06-06,P105,160,430
2024-06-07,P105,132,430
2024-06-08,P105,104,430
2024-06-09,P105,98,430
2024-06-10,P105,500,0
2024-06-11,P105,465,0
2024-06-12,P105,433,420
2024-06-13,P105,402,420
2024-06-14,P105,368,420
2024-06-15,P105,349,420
2024-06-16,P105,344,420
2024-06-17,P105,310,420
2024-06-18,P105,277,420
2024-06-19,P105,247,420
2024-06-20,P105,215,420
2024-06-21,P105,191,420
2024-06-22,P105,172,420
2024-06-23,P105,585,0
2024-06-24,P105,557,0
2024-06-25,P105,527,0
2024-06-26,P105,501,0
2024-06-27,P105,472,0
2024-06-28,P105,445,0
2024-06-29,P105,431,0
2024-06-30,P105,424,395
2024-07-01,P105,389,395
2024-07-02,P105,357,395
2024-07-03,P105,327,395
2024-07-04,P105,295,395
2024-07-05,P105,266,395
2024-07-06,P105,252,395
2024-07-07,P105,246,395
2024-07-08,P105,217,395
2024-07-09,P105,580,0
2024-07-10,P105,549,0
2024-07-11,P105,518,0
2024-07-12,P105,494,0
2024-07-13,P105,477,0
2024-07-14,P105,471,0
2024-07-15,P105,432,405
2024-07-16,P105,402,405
2024-07-17,P105,370,405
2024-07-18,P105,331,405
2024-07-19,P105,302,405
2024-07-20,P105,276,405
2024-07-21,P105,270,405
2024-07-22,P105,235,405
2024-07-23,P105,208,405
2024-07-24,P105,176,405
2024-07-25,P105,148,405
2024-07-26,P105,120,405
2024-07-27,P105,107,405
2024-07-28,P105,100,405
2024-07-29,P105,71,405
2024-07-30,P105,449,0
2024-07-31,P105,414,415
2024-08-01,P105,386,415
2024-08-02,P105,357,415
2024-08-03,P105,340,415
2024-08-04,P105,333,415
2024-08-05,P105,310,415
2024-08-06,P105,276,415
2024-08-07,P105,246,415
2024-08-08,P105,217,415
2024-08-09,P105,189,415
2024-08-10,P105,176,415
2024-08-11,P105,585,0
2024-08-12,P105,559,0
2024-08-13,P105,529,0
2024-08-14,P105,498,0
2024-08-15,P105,464,0
2024-08-16,P105,438,0
2024-08-17,P105,420,0
2024-08-18,P105,413,385
2024-08-19,P105,384,385
2024-08-20,P105,356,385
2024-08-21,P105,330,385
2024-08-22,P105,299,385
2024-08-23,P105,273,385
2024-08-24,P105,255,385
2024-08-25,P105,249,385
2024-08-26,P105,221,385
2024-08-27,P105,573,0
2024-08-28,P105,544,0
2024-08-29,P105,514,0
2024-08-30,P105,482,0
2024-08-31,P105,466,0
2024-09-01,P105,460,0
2024-09-02,P105,428,0
2024-09-03,P105,402,390
2024-09-04,P105,369,390
2024-09-05,P105,338,390
2024-09-06,P105,306,390
2024-09-07,P105,270,390
2024-09-08,P105,264,390
2024-09-09,P105,229,390
2024-09-10,P105,198,390
2024-09-11,P105,165,390
2024-09-12,P105,135,390
2024-09-13,P105,104,390
2024-09-14,P105,88,390
2024-09-15,P105,462,450
2024-09-16,P105,423,450
2024-09-17,P105,387,450
2024-09-18,P105,349,450
2024-09-19,P105,323,450
2024-09-20,P105,298,450
2024-09-21,P105,282,450
2024-09-22,P105,275,450
2024-09-23,P105,244,450
2024-09-24,P105,217,450
2024-09-25,P105,630,0
2024-09-26,P105,590,0
2024-09-27,P105,555,0
2024-09-28,P105,536,0
2024-09-29,P105,529,0
2024-09-30,P105,499,0
2024-10-01,P105,465,0
2024-10-02,P105,424,435
2024-10-03,P105,393,435
2024-10-04,P105,363,435
2024-10-05,P105,331,435
2024-10-06,P105,318,435
2024-10-07,P105,288,435
2024-10-08,P105,254,435
2024-10-09,P105,185,435
2024-10-10,P105,152,435
2024-10-11,P105,116,435
2024-10-12,P105,100,435
2024-10-13,P105,83,435
2024-10-14,P105,49,435
2024-10-15,P105,440,530
2024-10-16,P105,404,530
2024-10-17,P105,371,530
2024-10-18,P105,337,530
2024-10-19,P105,320,530
2024-10-20,P105,314,530
2024-10-21,P105,280,530
2024-10-22,P105,245,530
2024-10-23,P105,216,530
2024-10-24,P105,182,530
2024-10-25,P105,157,530
2024-10-26,P105,652,0
2024-10-27,P105,645,0
2024-10-28,P105,610,0
2024-10-29,P105,575,0
2024-10-30,P105,539,0
2024-10-31,P105,507,0
2024-11-01,P105,474,455
2024-11-02,P105,455,455
2024-11-03,P105,448,455
2024-11-04,P105,411,455
2024-11-05,P105,373,455
2024-11-06,P105,337,455
2024-11-07,P105,292,455
2024-11-08,P105,259,455
2024-11-09,P105,241,455
2024-11-10,P105,229,455
2024-11-11,P105,197,455
2024-11-12,P105,156,455
2024-11-13,P105,122,455
2024-11-14,P105,88,455
2024-11-15,P105,55,455
2024-11-16,P105,493,480
2024-11-17,P105,487,480
2024-11-18,P105,452,480
2024-11-19,P105,410,480
2024-11-20,P105,371,480
2024-11-21,P105,328,480
2024-11-22,P105,290,480
2024-11-23,P105,270,480
2024-11-24,P105,261,480
2024-11-25,P105,704,0
2024-11-26,P105,665,0
2024-11-27,P105,627,0
2024-11-28,P105,583,0
2024-11-29,P105,547,510
2024-11-30,P105,529,510
2024-12-01,P105,521,510
2024-12-02,P105,486,510
2024-12-03,P105,407,510
2024-12-04,P105,366,510
2024-12-05,P105,329,510
2024-12-06,P105,291,510
2024-12-07,P105,274,510
2024-12-08,P105,266,510
2024-12-09,P105,229,510
2024-12-10,P105,686,0
2024-12-11,P105,646,0
2024-12-12,P105,610,0
2024-12-13,P105,579,550
2024-12-14,P105,556,550
2024-12-15,P105,548,550
2024-12-16,P105,512,550
2024-12-17,P105,470,550
2024-12-18,P105,427,550
2024-12-19,P105,385,550
2024-12-20,P105,348,550
2024-12-21,P105,327,550
2024-12-22,P105,319,550
2024-12-23,P105,278,550
2024-12-24,P105,235,550
2024-12-25,P105,190,550
2024-12-26,P105,151,550
2024-12-27,P105,117,550
2024-12-28,P105,647,0
2024-12-29,P105,638,0
2024-12-30,P105,606,0
2024-12-31,P105,573,0
2025-01-01,P105,528,520
2025-01-02,P105,454,520
2025-01-03,P105,422,520
2025-01-04,P105,401,520
2025-01-05,P105,393,520
2025-01-06,P105,334,520
2025-01-07,P105,291,520
2025-01-08,P105,256,520
2025-01-09,P105,221,520
2025-01-10,P105,184,520
2025-01-11,P105,683,0
2025-01-12,P105,676,0
2025-01-13,P105,632,0
2025-01-14,P105,592,580
2025-01-15,P105,553,580
2025-01-16,P105,512,580
2025-01-17,P105,474,580
2025-01-18,P105,451,580
2025-01-19,P105,443,580
2025-01-20,P105,409,580
2025-01-21,P105,368,580
2025-01-22,P105,326,580
2025-01-23,P105,291,580
2025-01-24,P105,259,580
2025-01-25,P105,818,0
2025-01-26,P105,810,0
2025-01-27,P105,776,0
2025-01-28,P105,729,0
2025-01-29,P105,690,0
2025-01-30,P105,645,0
2025-01-31,P105,607,0
2025-02-01,P105,585,0
2025-02-02,P105,569,0
2025-02-03,P105,540,520
2025-02-04,P105,503,520
2025-02-05,P105,462,520
2025-02-06,P105,420,520
2025-02-07,P105,363,520
2025-02-08,P105,342,520
2025-02-09,P105,335,520
2025-02-10,P105,293,520
2025-02-11,P105,251,520
2025-02-12,P105,206,520
2025-02-13,P105,161,520
2025-02-14,P105,121,520
2025-02-15,P105,98,520
2025-02-16,P105,90,520
2025-02-17,P105,37,520
2025-02-18,P105,1,520
2025-02-19,P105,0,520
2025-02-20,P105,0,520
2025-02-21,P105,0,520
2025-02-22,P105,0,520
2025-02-23,P105,0,520
2025-02-24,P105,0,520
2025-02-25,P105,0,520
2025-02-26,P105,480,555
2025-02-27,P105,435,555
2025-02-28,P105,406,555
2025-03-01,P105,385,555
2025-03-02,P105,377,555
2025-03-03,P105,334,555
2025-03-04,P105,291,555
2025-03-05,P105,249,555
2025-03-06,P105,214,555
2025-03-07,P105,177,555
2025-03-08,P105,157,555
2025-03-09,P105,148,555
2025-03-10,P105,659,0
2025-03-11,P105,617,0
2025-03-12,P105,582,0
2025-03-13,P105,542,515
2025-03-14,P105,494,515
2025-03-15,P105,470,515
2025-03-16,P105,464,515
2025-03-17,P105,424,515
2025-03-18,P105,379,515
2025-03-19,P105,340,515
2025-03-20,P105,303,515
2025-03-21,P105,267,515
2025-03-22,P105,245,515
2025-03-23,P105,753,0
2025-03-24,P105,685,0
2025-03-25,P105,645,0
2025-03-26,P105,609,565
2025-03-27,P105,566,565
2025-03-28,P105,536,565
2025-03-29,P105,517,565
2025-03-30,P105,509,565
2025-03-31,P105,461,565
2025-04-01,P105,424,565
2025-04-02,P105,394,565
2025-04-03,P105,358,565
2025-04-04,P105,320,565
2025-04-05,P105,298,565
2025-04-06,P105,853,0
2025-04-07,P105,809,0
2025-04-08,P105,769,0
2025-04-09,P105,734,0
2025-04-10,P105,690,0
2025-04-11,P105,656,0
2025-04-12,P105,638,0
2025-04-13,P105,631,0
2025-04-14,P105,599,0
2025-04-15,P105,562,0
2025-04-16,P105,525,500
2025-04-17,P105,485,500
2025-04-18,P105,451,500
2025-04-19,P105,434,500
2025-04-20,P105,428,500
2025-04-21,P105,390,500
2025-04-22,P105,351,500
2025-04-23,P105,316,500
2025-04-24,P105,282,500
2025-04-25,P105,246,500
2025-04-26,P105,224,500
2025-04-27,P105,717,0
2025-04-28,P105,680,0
2025-04-29,P105,638,0
2025-04-30,P105,604,0
2025-05-01,P105,568,0
2025-05-02,P105,534,0
2025-05-03,P105,518,480
2025-05-04,P105,510,480
2025-05-05,P105,474,480
2025-05-06,P105,435,480
2025-05-07,P105,403,480
2025-05-08,P105,368,480
2025-05-09,P105,299,480
2025-05-10,P105,276,480
2025-05-11,P105,268,480
2025-05-12,P105,237,480
2025-05-13,P105,199,480
2025-05-14,P105,165,480
2025-05-15,P105,609,0
2025-05-16,P105,579,0
2025-05-17,P105,564,0
2025-05-18,P105,557,0
2025-05-19,P105,490,535
2025-05-20,P105,453,535
2025-05-21,P105,416,535
2025-05-22,P105,381,535
2025-05-23,P105,347,535
2025-05-24,P105,328,535
2025-05-25,P105,321,535
2025-05-26,P105,287,535
2025-05-27,P105,245,535
2025-05-28,P105,210,535
2025-05-29,P105,176,535
2025-05-30,P105,144,535
2025-05-31,P105,127,535
2025-06-01,P105,112,535
2025-06-02,P105,78,535
2025-06-03,P105,45,535
2025-06-04,P105,546,0
2025-06-05,P105,516,0
2025-06-06,P105,484,460
2025-06-07,P105,466,460
2025-06-08,P105,459,460
2025-06-09,P105,433,460
2025-06-10,P105,397,460
2025-06-11,P105,363,460
2025-06-12,P105,334,460
2025-06-13,P105,300,460
2025-06-14,P105,286,460
2025-06-15,P105,278,460
2025-06-16,P105,246,460
2025-06-17,P105,221,460
2025-06-18,P105,187,460
2025-06-19,P105,156,460
2025-06-20,P105,127,460
2025-06-21,P105,572,0
2025-06-22,P105,565,0
2025-06-23,P105,534,0
2025-06-24,P105,507,0
2025-06-25,P105,470,0
2025-06-26,P105,439,410
2025-06-27,P105,411,410
2025-06-28,P105,396,410
2025-06-29,P105,389,410
2025-06-30,P105,362,410
2025-07-01,P105,328,410
2025-07-02,P105,298,410
2025-07-03,P105,268,410
2025-07-04,P105,242,410
2025-07-05,P105,219,410
2025-07-06,P105,212,410
2025-07-07,P105,590,0
2025-07-08,P105,560,0
2025-07-09,P105,528,0
2025-07-10,P105,494,0
2025-07-11,P105,470,0
2025-07-12,P105,454,0
2025-07-13,P105,444,0
2025-07-14,P105,416,410
2025-07-15,P105,382,410
2025-07-16,P105,352,410
2025-07-17,P105,325,410
2025-07-18,P105,291,410
2025-07-19,P105,273,410
2025-07-20,P105,268,410
2025-07-21,P105,242,410
2025-07-22,P105,207,410
2025-07-23,P105,176,410
2025-07-24,P105,140,410
2025-07-25,P105,108,410
2025-07-26,P105,91,410
2025-07-27,P105,495,0
2025-07-28,P105,462,0
2025-07-29,P105,434,415
2025-07-30,P105,398,415
2025-07-31,P105,366,415
2025-08-01,P105,339,415
2025-08-02,P105,321,415
2025-08-03,P105,313,415
2025-08-04,P105,282,415
2025-08-05,P105,248,415
2025-08-06,P105,218,415
2025-08-07,P105,187,415
2025-08-08,P105,577,0
2025-08-09,P105,561,0
2025-08-10,P105,554,0
2025-08-11,P105,516,0
2025-08-12,P105,490,0
2025-08-13,P105,459,0
2025-08-14,P105,423,415
2025-08-15,P105,394,415
2025-08-16,P105,378,415
2025-08-17,P105,372,415
2025-08-18,P105,344,415
2025-08-19,P105,293,415
2025-08-20,P105,263,415
2025-08-21,P105,235,415
2025-08-22,P105,205,415
2025-08-23,P105,190,415
2025-08-24,P105,184,415
2025-08-25,P105,154,415
2025-08-26,P105,121,415
2025-08-27,P105,90,415
2025-08-28,P105,62,415
2025-08-29,P105,447,420
2025-08-30,P105,428,420
2025-08-31,P105,421,420
2025-09-01,P105,391,420
2025-09-02,P105,358,420
2025-09-03,P105,333,420
2025-09-04,P105,302,420
2025-09-05,P105,273,420
2025-09-06,P105,258,420
2025-09-07,P105,252,420
2025-09-08,P105,221,420
2025-09-09,P105,184,420
2025-09-10,P105,567,0
2025-09-11,P105,520,0
2025-09-12,P105,491,0
2025-09-13,P105,475,0
2025-09-14,P105,468,0
2025-09-15,P105,435,435
2025-09-16,P105,400,435
2025-09-17,P105,364,435
2025-09-18,P105,333,435
2025-09-19,P105,297,435
2025-09-20,P105,280,435
2025-09-21,P105,274,435
2025-09-22,P105,242,435
2025-09-23,P105,203,435
2025-09-24,P105,170,435
2025-09-25,P105,133,435
2025-09-26,P105,103,435
2025-09-27,P105,87,435
2025-09-28,P105,79,435
2025-09-29,P105,48,435
2025-09-30,P105,10,435
2025-10-01,P105,0,435
2025-10-02,P105,0,435
2025-10-03,P105,403,470
2025-10-04,P105,386,470
2025-10-05,P105,374,470
2025-10-06,P105,332,470
2025-10-07,P105,298,470
2025-10-08,P105,261,470
2025-10-09,P105,227,470
2025-10-10,P105,194,470
2025-10-11,P105,176,470
2025-10-12,P105,169,470
2025-10-13,P105,133,470
2025-10-14,P105,98,470
2025-10-15,P105,536,0
2025-10-16,P105,497,470
2025-10-17,P105,463,470
2025-10-18,P105,445,470
2025-10-19,P105,437,470
2025-10-20,P105,409,470
2025-10-21,P105,367,470
2025-10-22,P105,334,470
2025-10-23,P105,298,470
2025-10-24,P105,266,470
2025-10-25,P105,249,470
2025-10-26,P105,240,470
2025-10-27,P105,196,470
2025-10-28,P105,629,0
2025-10-29,P105,590,0
2025-10-30,P105,554,0
2025-10-31,P105,513,485
2025-11-01,P105,498,485
2025-11-02,P105,490,485
2025-11-03,P105,456,485
2025-11-04,P105,428,485
2025-11-05,P105,392,485
2025-11-06,P105,348,485
2025-11-07,P105,315,485
2025-11-08,P105,294,485
2025-11-09,P105,285,485
2025-11-10,P105,247,485
2025-11-11,P105,207,485
2025-11-12,P105,176,485
2025-11-13,P105,141,485
2025-11-14,P105,102,485
2025-11-15,P105,82,485
2025-11-16,P105,559,0
2025-11-17,P105,520,485
2025-11-18,P105,471,485
2025-11-19,P105,434,485
2025-11-20,P105,389,485
2025-11-21,P105,352,485
2025-11-22,P105,328,485
2025-11-23,P105,321,485
2025-11-24,P105,281,485
2025-11-25,P105,242,485
2025-11-26,P105,202,485
2025-11-27,P105,158,485
2025-11-28,P105,120,485
2025-11-29,P105,97,485
2025-11-30,P105,89,485
2025-12-01,P105,53,485
2025-12-02,P105,12,485
2025-12-03,P105,0,485
2025-12-04,P105,0,485
2025-12-05,P105,451,520
2025-12-06,P105,428,520
2025-12-07,P105,420,520
2025-12-08,P105,374,520
2025-12-09,P105,332,520
2025-12-10,P105,288,520
2025-12-11,P105,246,520
2025-12-12,P105,211,520
2025-12-13,P105,189,520
2025-12-14,P105,179,520
2025-12-15,P105,137,520
2025-12-16,P105,91,520
2025-12-17,P105,46,520
2025-12-18,P105,4,520
2025-12-19,P105,0,520
2025-12-20,P105,0,520
2025-12-21,P105,0,520
2025-12-22,P105,0,520
2025-12-23,P105,0,520
2025-12-24,P105,0,520
2025-12-25,P105,0,520
2025-12-26,P105,0,520
2025-12-27,P105,500,550
2025-12-28,P105,493,550
2025-12-29,P105,448,550
2025-12-30,P105,412,550
2025-12-31,P105,379,550
2023-01-01,P106,1660,0
2023-01-02,P106,1579,0
2023-01-03,P106,1498,0
2023-01-04,P106,1421,0
2023-01-05,P106,1345,0
2023-01-06,P106,1277,0
2023-01-07,P106,1237,0
2023-01-08,P106,1218,0
2023-01-09,P106,1152,0
2023-01-10,P106,1066,0
2023-01-11,P106,973,0
2023-01-12,P106,896,0
2023-01-13,P106,825,830
2023-01-14,P106,780,830
2023-01-15,P106,765,830
2023-01-16,P106,686,830
2023-01-17,P106,613,830
2023-01-18,P106,549,830
2023-01-19,P106,418,830
2023-01-20,P106,354,830
2023-01-21,P106,313,830
2023-01-22,P106,295,830
2023-01-23,P106,1029,0
2023-01-24,P106,946,0
2023-01-25,P106,856,860
2023-01-26,P106,774,860
2023-01-27,P106,702,860
2023-01-28,P106,670,860
2023-01-29,P106,651,860
2023-01-30,P106,581,860
2023-01-31,P106,487,860
2023-02-01,P106,402,860
2023-02-02,P106,332,860
2023-02-03,P106,255,860
2023-02-04,P106,205,860
2023-02-05,P106,1036,0
2023-02-06,P106,962,0
2023-02-07,P106,887,830
2023-02-08,P106,806,830
2023-02-09,P106,730,830
2023-02-10,P106,646,830
2023-02-11,P106,602,830
2023-02-12,P106,589,830
2023-02-13,P106,507,830
2023-02-14,P106,1258,0
2023-02-15,P106,1103,0
2023-02-16,P106,1024,0
2023-02-17,P106,941,910
2023-02-18,P106,896,910
2023-02-19,P106,881,910
2023-02-20,P106,804,910
2023-02-21,P106,728,910
2023-02-22,P106,664,910
2023-02-23,P106,588,910
2023-02-24,P106,500,910
2023-02-25,P106,468,910
2023-02-26,P106,452,910
2023-02-27,P106,376,910
2023-02-28,P106,294,910
2023-03-01,P106,224,910
2023-03-02,P106,160,910
2023-03-03,P106,99,910
2023-03-04,P106,54,910
2023-03-05,P106,950,0
2023-03-06,P106,878,0
2023-03-07,P106,781,775
2023-03-08,P106,710,775
2023-03-09,P106,632,775
2023-03-10,P106,552,775
2023-03-11,P106,508,775
2023-03-12,P106,495,775
2023-03-13,P106,1201,0
2023-03-14,P106,1120,0
2023-03-15,P106,1027,0
2023-03-16,P106,959,0
2023-03-17,P106,892,0
2023-03-18,P106,852,805
2023-03-19,P106,835,805
2023-03-20,P106,755,805
2023-03-21,P106,685,805
2023-03-22,P106,614,805
2023-03-23,P106,539,805
2023-03-24,P106,460,805
2023-03-25,P106,423,805
2023-03-26,P106,408,805
2023-03-27,P106,1148,0
2023-03-28,P106,1056,0
2023-03-29,P106,980,0
2023-03-30,P106,899,0
2023-03-31,P106,830,785
2023-04-01,P106,792,785
2023-04-02,P106,779,785
2023-04-03,P106,724,785
2023-04-04,P106,639,785
2023-04-05,P106,565,785
2023-04-06,P106,492,785
2023-04-07,P106,1219,0
2023-04-08,P106,1186,0
2023-04-09,P106,1169,0
2023-04-10,P106,1084,0
2023-04-11,P106,1015,0
2023-04-12,P106,937,0
2023-04-13,P106,865,0
2023-04-14,P106,799,740
2023-04-15,P106,755,740
2023-04-16,P106,741,740
2023-04-17,P106,661,740
2023-04-18,P106,585,740
2023-04-19,P106,514,740
2023-04-20,P106,434,740
2023-04-21,P106,366,740
2023-04-22,P106,330,740
2023-04-23,P106,313,740
2023-04-24,P106,234,740
2023-04-25,P106,153,740
2023-04-26,P106,113,740
2023-04-27,P106,782,745
2023-04-28,P106,716,745
2023-04-29,P106,681,745
2023-04-30,P106,666,745
2023-05-01,P106,596,745
2023-05-02,P106,520,745
2023-05-03,P106,1198,0
2023-05-04,P106,1120,0
2023-05-05,P106,1051,0
2023-05-06,P106,1014,0
2023-05-07,P106,999,0
2023-05-08,P106,923,0
2023-05-09,P106,846,0
2023-05-10,P106,779,740
2023-05-11,P106,706,740
2023-05-12,P106,642,740
2023-05-13,P106,600,740
2023-05-14,P106,585,740
2023-05-15,P106,523,740
2023-05-16,P106,437,740
2023-05-17,P106,385,740
2023-05-18,P106,315,740
2023-05-19,P106,258,740
2023-05-20,P106,217,740
2023-05-21,P106,943,0
2023-05-22,P106,883,0
2023-05-23,P106,817,0
2023-05-24,P106,756,0
2023-05-25,P106,694,680
2023-05-26,P106,635,680
2023-05-27,P106,604,680
2023-05-28,P106,590,680
2023-05-29,P106,523,680
2023-05-30,P106,463,680
2023-05-31,P106,409,680
2023-06-01,P106,343,680
2023-06-02,P106,279,680
2023-06-03,P106,923,0
2023-06-04,P106,909,0
2023-06-05,P106,834,0
2023-06-06,P106,761,0
2023-06-07,P106,677,690
2023-06-08,P106,593,690
2023-06-09,P106,516,690
2023-06-10,P106,491,690
2023-06-11,P106,478,690
2023-06-12,P106,411,690
2023-06-13,P106,346,690
2023-06-14,P106,277,690
2023-06-15,P106,216,690
2023-06-16,P106,161,690
2023-06-17,P106,820,0
2023-06-18,P106,807,0
2023-06-19,P106,738,710
2023-06-20,P106,676,710
2023-06-21,P106,614,710
2023-06-22,P106,548,710
2023-06-23,P106,490,710
2023-06-24,P106,454,710
2023-06-25,P106,442,710
2023-06-26,P106,1097,0
2023-06-27,P106,1030,0
2023-06-28,P106,964,0
2023-06-29,P106,908,0
2023-06-30,P106,841,0
2023-07-01,P106,802,0
2023-07-02,P106,790,0
2023-07-03,P106,718,0
2023-07-04,P106,671,650
2023-07-05,P106,600,650
2023-07-06,P106,544,650
2023-07-07,P106,479,650
2023-07-08,P106,424,650
2023-07-09,P106,411,650
2023-07-10,P106,355,650
2023-07-11,P106,292,650
2023-07-12,P106,137,650
2023-07-13,P106,726,755
2023-07-14,P106,654,755
2023-07-15,P106,623,755
2023-07-16,P106,608,755
2023-07-17,P106,557,755
2023-07-18,P106,495,755
2023-07-19,P106,436,755
2023-07-20,P106,364,755
2023-07-21,P106,304,755
2023-07-22,P106,279,755
2023-07-23,P106,268,755
2023-07-24,P106,213,755
2023-07-25,P106,142,755
2023-07-26,P106,828,0
2023-07-27,P106,769,0
2023-07-28,P106,714,0
2023-07-29,P106,679,635
2023-07-30,P106,668,635
2023-07-31,P106,603,635
2023-08-01,P106,536,635
2023-08-02,P106,475,635
2023-08-03,P106,411,635
2023-08-04,P106,987,0
2023-08-05,P106,953,0
2023-08-06,P106,942,0
2023-08-07,P106,875,0
2023-08-08,P106,803,0
2023-08-09,P106,737,0
2023-08-10,P106,671,665
2023-08-11,P106,613,665
2023-08-12,P106,577,665
2023-08-13,P106,564,665
2023-08-14,P106,509,665
2023-08-15,P106,438,665
2023-08-16,P106,385,665
2023-08-17,P106,321,665
2023-08-18,P106,929,0
2023-08-19,P106,898,0
2023-08-20,P106,885,0
2023-08-21,P106,827,0
2023-08-22,P106,757,0
2023-08-23,P106,692,645
2023-08-24,P106,633,645
2023-08-25,P106,564,645
2023-08-26,P106,530,645
2023-08-27,P106,508,645
2023-08-28,P106,394,645
2023-08-29,P106,317,645
2023-08-30,P106,247,645
2023-08-31,P106,185,645
2023-09-01,P106,134,645
2023-09-02,P106,100,645
2023-09-03,P106,85,645
2023-09-04,P106,18,645
2023-09-05,P106,0,645
2023-09-06,P106,0,645
2023-09-07,P106,0,645
2023-09-08,P106,517,780
2023-09-09,P106,479,780
2023-09-10,P106,464,780
2023-09-11,P106,403,780
2023-09-12,P106,325,780
2023-09-13,P106,267,780
2023-09-14,P106,202,780
2023-09-15,P106,141,780
2023-09-16,P106,110,780
2023-09-17,P106,96,780
2023-09-18,P106,20,780
2023-09-19,P106,0,780
2023-09-20,P106,0,780
2023-09-21,P106,0,780
2023-09-22,P106,726,685
2023-09-23,P106,691,685
2023-09-24,P106,677,685
2023-09-25,P106,613,685
2023-09-26,P106,528,685
2023-09-27,P106,387,685
2023-09-28,P106,316,685
2023-09-29,P106,245,685
2023-09-30,P106,210,685
2023-10-01,P106,192,685
2023-10-02,P106,131,685
2023-10-03,P106,65,685
2023-10-04,P106,2,685
2023-10-05,P106,607,775
2023-10-06,P106,536,775
2023-10-07,P106,502,775
2023-10-08,P106,489,775
2023-10-09,P106,409,775
2023-10-10,P106,334,775
2023-10-11,P106,252,775
2023-10-12,P106,184,775
2023-10-13,P106,115,775
2023-10-14,P106,853,0
2023-10-15,P106,839,0
2023-10-16,P106,770,745
2023-10-17,P106,707,745
2023-10-18,P106,578,745
2023-10-19,P106,502,745
2023-10-20,P106,428,745
2023-10-21,P106,389,745
2023-10-22,P106,374,745
2023-10-23,P106,291,745
2023-10-24,P106,955,0
2023-10-25,P106,871,815
2023-10-26,P106,789,815
2023-10-27,P106,722,815
2023-10-28,P106,683,815
2023-10-29,P106,667,815
2023-10-30,P106,604,815
2023-10-31,P106,1353,0
2023-11-01,P106,1290,0
2023-11-02,P106,1136,0
2023-11-03,P106,1070,0
2023-11-04,P106,1038,0
2023-11-05,P106,1023,0
2023-11-06,P106,951,0
2023-11-07,P106,865,820
2023-11-08,P106,774,820
2023-11-09,P106,698,820
2023-11-10,P106,634,820
2023-11-11,P106,593,820
2023-11-12,P106,578,820
2023-11-13,P106,506,820
2023-11-14,P106,436,820
2023-11-15,P106,364,820
2023-11-16,P106,1112,0
2023-11-17,P106,1036,0
2023-11-18,P106,995,0
2023-11-19,P106,976,0
2023-11-20,P106,896,0
2023-11-21,P106,815,790
2023-11-22,P106,741,790
2023-11-23,P106,675,790
2023-11-24,P106,609,790
2023-11-25,P106,573,790
2023-11-26,P106,562,790
2023-11-27,P106,495,790
2023-11-28,P106,403,790
2023-11-29,P106,323,790
2023-11-30,P106,251,790
2023-12-01,P106,176,790
2023-12-02,P106,145,790
2023-12-03,P106,919,0
2023-12-04,P106,832,775
2023-12-05,P106,754,775
2023-12-06,P106,691,775
2023-12-07,P106,619,775
2023-12-08,P106,537,775
2023-12-09,P106,496,775
2023-12-10,P106,483,775
2023-12-11,P106,386,775
2023-12-12,P106,317,775
2023-12-13,P106,241,775
2023-12-14,P106,174,775
2023-12-15,P106,885,0
2023-12-16,P106,847,780
2023-12-17,P106,830,780
2023-12-18,P106,742,780
2023-12-19,P106,665,780
2023-12-20,P106,595,780
2023-12-21,P106,514,780
2023-12-22,P106,437,780
2023-12-23,P106,396,780
2023-12-24,P106,379,780
2023-12-25,P106,302,780
2023-12-26,P106,221,780
2023-12-27,P106,144,780
2023-12-28,P106,58,780
2023-12-29,P106,747,830
2023-12-30,P106,706,830
2023-12-31,P106,690,830
2024-01-01,P106,610,830
2024-01-02,P106,535,830
2024-01-03,P106,449,830
2024-01-04,P106,368,830
2024-01-05,P106,298,830
2024-01-06,P106,254,830
2024-01-07,P106,238,830
2024-01-08,P106,168,830
2024-01-09,P106,914,0
2024-01-10,P106,833,835
2024-01-11,P106,748,835
2024-01-12,P106,668,835
2024-01-13,P106,628,835
2024-01-14,P106,613,835
2024-01-15,P106,535,835
2024-01-16,P106,451,835
2024-01-17,P106,367,835
2024-01-18,P106,287,835
2024-01-19,P106,1049,0
2024-01-20,P106,1004,0
2024-01-21,P106,989,0
2024-01-22,P106,890,855
2024-01-23,P106,803,855
2024-01-24,P106,734,855
2024-01-25,P106,655,855
2024-01-26,P106,576,855
2024-01-27,P106,537,855
2024-01-28,P106,524,855
2024-01-29,P106,455,855
2024-01-30,P106,370,855
2024-01-31,P106,1161,0
2024-02-01,P106,1097,0
2024-02-02,P106,1020,0
2024-02-03,P106,981,0
2024-02-04,P106,966,0
2024-02-05,P106,893,0
2024-02-06,P106,826,0
2024-02-07,P106,743,765
2024-02-08,P106,674,765
2024-02-09,P106,606,765
2024-02-10,P106,565,765
2024-02-11,P106,550,765
2024-02-12,P106,479,765
2024-02-13,P106,417,765
2024-02-14,P106,336,765
2024-02-15,P106,260,765
2024-02-16,P106,957,0
2024-02-17,P106,922,0
2024-02-18,P106,906,0
2024-02-19,P106,826,0
2024-02-20,P106,746,765
2024-02-21,P106,655,765
2024-02-22,P106,574,765
2024-02-23,P106,503,765
2024-02-24,P106,461,765
2024-02-25,P106,445,765
2024-02-26,P106,369,765
2024-02-27,P106,280,765
2024-02-28,P106,211,765
2024-02-29,P106,136,765
2024-03-01,P106,821,815
2024-03-02,P106,781,815
2024-03-03,P106,766,815
2024-03-04,P106,705,815
2024-03-05,P106,647,815
2024-03-06,P106,554,815
2024-03-07,P106,478,815
2024-03-08,P106,412,815
2024-03-09,P106,372,815
2024-03-10,P106,358,815
2024-03-11,P106,1102,0
2024-03-12,P106,1033,0
2024-03-13,P106,970,0
2024-03-14,P106,914,0
2024-03-15,P106,797,760
2024-03-16,P106,755,760
2024-03-17,P106,741,760
2024-03-18,P106,664,760
2024-03-19,P106,580,760
2024-03-20,P106,506,760
2024-03-21,P106,436,760
2024-03-22,P106,367,760
2024-03-23,P106,331,760
2024-03-24,P106,314,760
2024-03-25,P106,227,760
2024-03-26,P106,140,760
2024-03-27,P106,84,760
2024-03-28,P106,16,760
2024-03-29,P106,709,770
2024-03-30,P106,670,770
2024-03-31,P106,658,770
2024-04-01,P106,601,770
2024-04-02,P106,517,770
2024-04-03,P106,449,770
2024-04-04,P106,391,770
2024-04-05,P106,333,770
2024-04-06,P106,266,770
2024-04-07,P106,253,770
2024-04-08,P106,181,770
2024-04-09,P106,116,770
2024-04-10,P106,59,770
2024-04-11,P106,0,770
2024-04-12,P106,702,725
2024-04-13,P106,667,725
2024-04-14,P106,653,725
2024-04-15,P106,573,725
2024-04-16,P106,497,725
2024-04-17,P106,333,725
2024-04-18,P106,269,725
2024-04-19,P106,204,725
2024-04-20,P106,892,0
2024-04-21,P106,879,0
2024-04-22,P106,812,800
2024-04-23,P106,746,800
2024-04-24,P106,674,800
2024-04-25,P106,617,800
2024-04-26,P106,549,800
2024-04-27,P106,513,800
2024-04-28,P106,499,800
2024-04-29,P106,429,800
2024-04-30,P106,362,800
2024-05-01,P106,299,800
2024-05-02,P106,1029,0
2024-05-03,P106,962,0
2024-05-04,P106,930,0
2024-05-05,P106,917,0
2024-05-06,P106,852,0
2024-05-07,P106,788,0
2024-05-08,P106,710,690
2024-05-09,P106,643,690
2024-05-10,P106,581,690
2024-05-11,P106,551,690
2024-05-12,P106,536,690
2024-05-13,P106,475,690
2024-05-14,P106,412,690
2024-05-15,P106,340,690
2024-05-16,P106,273,690
2024-05-17,P106,919,0
2024-05-18,P106,886,0
2024-05-19,P106,872,0
2024-05-20,P106,810,0
2024-05-21,P106,742,0
2024-05-22,P106,690,645
2024-05-23,P106,646,645
2024-05-24,P106,565,645
2024-05-25,P106,531,645
2024-05-26,P106,522,645
2024-05-27,P106,464,645
2024-05-28,P106,412,645
2024-05-29,P106,349,645
2024-05-30,P106,273,645
2024-05-31,P106,860,0
2024-06-01,P106,828,0
2024-06-02,P106,814,0
2024-06-03,P106,751,0
2024-06-04,P106,688,0
2024-06-05,P106,618,650
2024-06-06,P106,553,650
2024-06-07,P106,492,650
2024-06-08,P106,460,650
2024-06-09,P106,448,650
2024-06-10,P106,380,650
2024-06-11,P106,318,650
2024-06-12,P106,246,650
2024-06-13,P106,192,650
2024-06-14,P106,125,650
2024-06-15,P106,741,0
2024-06-16,P106,722,670
2024-06-17,P106,657,670
2024-06-18,P106,598,670
2024-06-19,P106,535,670
2024-06-20,P106,477,670
2024-06-21,P106,420,670
2024-06-22,P106,385,670
2024-06-23,P106,372,670
2024-06-24,P106,318,670
2024-06-25,P106,262,670
2024-06-26,P106,198,670
2024-06-27,P106,135,670
2024-06-28,P106,752,0
2024-06-29,P106,715,0
2024-06-30,P106,701,0
2024-07-01,P106,585,670
2024-07-02,P106,527,670
2024-07-03,P106,414,670
2024-07-04,P106,356,670
2024-07-05,P106,291,670
2024-07-06,P106,256,670
2024-07-07,P106,243,670
2024-07-08,P106,178,670
2024-07-09,P106,109,670
2024-07-10,P106,47,670
2024-07-11,P106,654,745
2024-07-12,P106,593,745
2024-07-13,P106,560,745
2024-07-14,P106,549,745
2024-07-15,P106,493,745
2024-07-16,P106,432,745
2024-07-17,P106,375,745
2024-07-18,P106,325,745
2024-07-19,P106,264,745
2024-07-20,P106,231,745
2024-07-21,P106,965,0
2024-07-22,P106,906,0
2024-07-23,P106,844,0
2024-07-24,P106,781,0
2024-07-25,P106,728,0
2024-07-26,P106,679,0
2024-07-27,P106,646,595
2024-07-28,P106,636,595
2024-07-29,P106,577,595
2024-07-30,P106,468,595
2024-07-31,P106,407,595
2024-08-01,P106,345,595
2024-08-02,P106,277,595
2024-08-03,P106,251,595
2024-08-04,P106,237,595
2024-08-05,P106,193,595
2024-08-06,P106,715,0
2024-08-07,P106,667,645
2024-08-08,P106,590,645
2024-08-09,P106,535,645
2024-08-10,P106,499,645
2024-08-11,P106,485,645
2024-08-12,P106,426,645
2024-08-13,P106,365,645
2024-08-14,P106,308,645
2024-08-15,P106,242,645
2024-08-16,P106,186,645
2024-08-17,P106,157,645
2024-08-18,P106,143,645
2024-08-19,P106,732,0
2024-08-20,P106,670,625
2024-08-21,P106,606,625
2024-08-22,P106,549,625
2024-08-23,P106,493,625
2024-08-24,P106,455,625
2024-08-25,P106,442,625
2024-08-26,P106,382,625
2024-08-27,P106,253,625
2024-08-28,P106,186,625
2024-08-29,P106,756,0
2024-08-30,P106,694,690
2024-08-31,P106,660,690
2024-09-01,P106,649,690
2024-09-02,P106,573,690
2024-09-03,P106,497,690
2024-09-04,P106,438,690
2024-09-05,P106,383,690
2024-09-06,P106,321,690
2024-09-07,P106,293,690
2024-09-08,P106,278,690
2024-09-09,P106,217,690
2024-09-10,P106,139,690
2024-09-11,P106,769,0
2024-09-12,P106,706,670
2024-09-13,P106,637,670
2024-09-14,P106,605,670
2024-09-15,P106,591,670
2024-09-16,P106,518,670
2024-09-17,P106,455,670
2024-09-18,P106,398,670
2024-09-19,P106,344,670
2024-09-20,P106,278,670
2024-09-21,P106,243,670
2024-09-22,P106,228,670
2024-09-23,P106,834,0
2024-09-24,P106,776,0
2024-09-25,P106,726,0
2024-09-26,P106,640,665
2024-09-27,P106,574,665
2024-09-28,P106,539,665
2024-09-29,P106,525,665
2024-09-30,P106,469,665
2024-10-01,P106,406,665
2024-10-02,P106,325,665
2024-10-03,P106,254,665
2024-10-04,P106,196,665
2024-10-05,P106,831,0
2024-10-06,P106,818,0
2024-10-07,P106,753,0
2024-10-08,P106,667,700
2024-10-09,P106,599,700
2024-10-10,P106,540,700
2024-10-11,P106,476,700
2024-10-12,P106,440,700
2024-10-13,P106,428,700
2024-10-14,P106,356,700
2024-10-15,P106,275,700
2024-10-16,P106,204,700
2024-10-17,P106,142,700
2024-10-18,P106,781,0
2024-10-19,P106,752,705
2024-10-20,P106,738,705
2024-10-21,P106,666,705
2024-10-22,P106,601,705
2024-10-23,P106,515,705
2024-10-24,P106,440,705
2024-10-25,P106,387,705
2024-10-26,P106,358,705
2024-10-27,P106,345,705
2024-10-28,P106,262,705
2024-10-29,P106,182,705
2024-10-30,P106,97,705
2024-10-31,P106,732,740
2024-11-01,P106,629,740
2024-11-02,P106,597,740
2024-11-03,P106,582,740
2024-11-04,P106,512,740
2024-11-05,P106,440,740
2024-11-06,P106,354,740
2024-11-07,P106,284,740
2024-11-08,P106,206,740
2024-11-09,P106,915,0
2024-11-10,P106,896,0
2024-11-11,P106,827,795
2024-11-12,P106,746,795
2024-11-13,P106,595,795
2024-11-14,P106,527,795
2024-11-15,P106,452,795
2024-11-16,P106,411,795
2024-11-17,P106,397,795
2024-11-18,P106,330,795
2024-11-19,P106,254,795
2024-11-20,P106,180,795
2024-11-21,P106,96,795
2024-11-22,P106,816,840
2024-11-23,P106,778,840
2024-11-24,P106,762,840
2024-11-25,P106,705,840
2024-11-26,P106,633,840
2024-11-27,P106,555,840
2024-11-28,P106,473,840
2024-11-29,P106,401,840
2024-11-30,P106,356,840
2024-12-01,P106,339,840
2024-12-02,P106,268,840
2024-12-03,P106,192,840
2024-12-04,P106,112,840
2024-12-05,P106,42,840
2024-12-06,P106,0,840
2024-12-07,P106,806,775
2024-12-08,P106,790,775
2024-12-09,P106,709,775
2024-12-10,P106,634,775
2024-12-11,P106,562,775
2024-12-12,P106,488,775
2024-12-13,P106,411,775
2024-12-14,P106,374,775
2024-12-15,P106,360,775
2024-12-16,P106,275,775
2024-12-17,P106,193,775
2024-12-18,P106,107,775
2024-12-19,P106,26,775
2024-12-20,P106,0,775
2024-12-21,P106,0,775
2024-12-22,P106,0,775
2024-12-23,P106,0,775
2024-12-24,P106,0,775
2024-12-25,P106,0,775
2024-12-26,P106,0,775
2024-12-27,P106,705,810
2024-12-28,P106,663,810
2024-12-29,P106,647,810
2024-12-30,P106,580,810
2024-12-31,P106,514,810
2025-01-01,P106,418,810
2025-01-02,P106,340,810
2025-01-03,P106,275,810
2025-01-04,P106,1043,0
2025-01-05,P106,1023,0
2025-01-06,P106,941,0
2025-01-07,P106,886,0
2025-01-08,P106,786,780
2025-01-09,P106,726,780
2025-01-10,P106,656,780
2025-01-11,P106,621,780
2025-01-12,P106,606,780
2025-01-13,P106,527,780
2025-01-14,P106,466,780
2025-01-15,P106,1169,0
2025-01-16,P106,1084,0
2025-01-17,P106,1019,0
2025-01-18,P106,985,0
2025-01-19,P106,969,0
2025-01-20,P106,896,0
2025-01-21,P106,822,765
2025-01-22,P106,755,765
2025-01-23,P106,675,765
2025-01-24,P106,598,765
2025-01-25,P106,535,765
2025-01-26,P106,521,765
2025-01-27,P106,444,765
2025-01-28,P106,373,765
2025-01-29,P106,1059,0
2025-01-30,P106,972,0
2025-01-31,P106,901,0
2025-02-01,P106,867,800
2025-02-02,P106,851,800
2025-02-03,P106,777,800
2025-02-04,P106,700,800
2025-02-05,P106,619,800
2025-02-06,P106,538,800
2025-02-07,P106,466,800
2025-02-08,P106,1227,0
2025-02-09,P106,1208,0
2025-02-10,P106,1123,0
2025-02-11,P106,958,885
2025-02-12,P106,880,885
2025-02-13,P106,814,885
2025-02-14,P106,734,885
2025-02-15,P106,694,885
2025-02-16,P106,679,885
2025-02-17,P106,606,885
2025-02-18,P106,537,885
2025-02-19,P106,452,885
2025-02-20,P106,373,885
2025-02-21,P106,301,885
2025-02-22,P106,1148,0
2025-02-23,P106,1134,0
2025-02-24,P106,1044,0
2025-02-25,P106,979,0
2025-02-26,P106,910,0
2025-02-27,P106,844,0
2025-02-28,P106,772,765
2025-03-01,P106,730,765
2025-03-02,P106,715,765
2025-03-03,P106,630,765
2025-03-04,P106,560,765
2025-03-05,P106,418,765
2025-03-06,P106,346,765
2025-03-07,P106,269,765
2025-03-08,P106,231,765
2025-03-09,P106,216,765
2025-03-10,P106,157,765
2025-03-11,P106,89,765
2025-03-12,P106,6,765
2025-03-13,P106,716,810
2025-03-14,P106,581,810
2025-03-15,P106,542,810
2025-03-16,P106,528,810
2025-03-17,P106,463,810
2025-03-18,P106,373,810
2025-03-19,P106,289,810
2025-03-20,P106,219,810
2025-03-21,P106,151,810
2025-03-22,P106,927,0
2025-03-23,P106,912,0
2025-03-24,P106,846,805
2025-03-25,P106,773,805
2025-03-26,P106,687,805
2025-03-27,P106,618,805
2025-03-28,P106,559,805
2025-03-29,P106,528,805
2025-03-30,P106,513,805
2025-03-31,P106,449,805
2025-04-01,P106,375,805
2025-04-02,P106,317,805
2025-04-03,P106,243,805
2025-04-04,P106,185,805
2025-04-05,P106,149,805
2025-04-06,P106,940,0
2025-04-07,P106,858,0
2025-04-08,P106,785,0
2025-04-09,P106,700,720
2025-04-10,P106,628,720
2025-04-11,P106,553,720
2025-04-12,P106,518,720
2025-04-13,P106,503,720
2025-04-14,P106,426,720
2025-04-15,P106,349,720
2025-04-16,P106,276,720
2025-04-17,P106,212,720
2025-04-18,P106,150,720
2025-04-19,P106,111,720
2025-04-20,P106,815,765
2025-04-21,P106,752,765
2025-04-22,P106,688,765
2025-04-23,P106,627,765
2025-04-24,P106,555,765
2025-04-25,P106,499,765
2025-04-26,P106,462,765
2025-04-27,P106,447,765
2025-04-28,P106,385,765
2025-04-29,P106,305,765
2025-04-30,P106,249,765
2025-05-01,P106,172,765
2025-05-02,P106,108,765
2025-05-03,P106,82,765
2025-05-04,P106,831,0
2025-05-05,P106,759,0
2025-05-06,P106,695,685
2025-05-07,P106,636,685
2025-05-08,P106,583,685
2025-05-09,P106,506,685
2025-05-10,P106,476,685
2025-05-11,P106,452,685
2025-05-12,P106,386,685
2025-05-13,P106,332,685
2025-05-14,P106,274,685
2025-05-15,P106,204,685
2025-05-16,P106,141,685
2025-05-17,P106,795,0
2025-05-18,P106,782,0
2025-05-19,P106,722,0
2025-05-20,P106,657,655
2025-05-21,P106,598,655
2025-05-22,P106,540,655
2025-05-23,P106,485,655
2025-05-24,P106,455,655
2025-05-25,P106,441,655
2025-05-26,P106,373,655
2025-05-27,P106,315,655
2025-05-28,P106,260,655
2025-05-29,P106,200,655
2025-05-30,P106,128,655
2025-05-31,P106,100,655
2025-06-01,P106,87,655
2025-06-02,P106,25,655
2025-06-03,P106,617,630
2025-06-04,P106,558,630
2025-06-05,P106,490,630
2025-06-06,P106,429,630
2025-06-07,P106,394,630
2025-06-08,P106,381,630
2025-06-09,P106,314,630
2025-06-10,P106,240,630
2025-06-11,P106,799,0
2025-06-12,P106,723,690
2025-06-13,P106,658,690
2025-06-14,P106,629,690
2025-06-15,P106,615,690
2025-06-16,P106,550,690
2025-06-17,P106,474,690
2025-06-18,P106,419,690
2025-06-19,P106,356,690
2025-06-20,P106,303,690
2025-06-21,P106,270,690
2025-06-22,P106,258,690
2025-06-23,P106,195,690
2025-06-24,P106,142,690
2025-06-25,P106,766,0
2025-06-26,P106,705,0
2025-06-27,P106,648,635
2025-06-28,P106,610,635
2025-06-29,P106,598,635
2025-06-30,P106,536,635
2025-07-01,P106,473,635
2025-07-02,P106,411,635
2025-07-03,P106,973,0
2025-07-04,P106,916,0
2025-07-05,P106,887,0
2025-07-06,P106,872,0
2025-07-07,P106,815,0
2025-07-08,P106,764,0
2025-07-09,P106,708,0
2025-07-10,P106,657,620
2025-07-11,P106,612,620
2025-07-12,P106,582,620
2025-07-13,P106,570,620
2025-07-14,P106,503,620
2025-07-15,P106,437,620
2025-07-16,P106,373,620
2025-07-17,P106,320,620
2025-07-18,P106,259,620
2025-07-19,P106,223,620
2025-07-20,P106,210,620
2025-07-21,P106,768,0
2025-07-22,P106,715,0
2025-07-23,P106,647,615
2025-07-24,P106,577,615
2025-07-25,P106,519,615
2025-07-26,P106,490,615
2025-07-27,P106,478,615
2025-07-28,P106,421,615
2025-07-29,P106,362,615
2025-07-30,P106,297,615
2025-07-31,P106,851,0
2025-08-01,P106,788,0
2025-08-02,P106,756,0
2025-08-03,P106,745,0
2025-08-04,P106,689,0
2025-08-05,P106,631,635
2025-08-06,P106,571,635
2025-08-07,P106,500,635
2025-08-08,P106,431,635
2025-08-09,P106,397,635
2025-08-10,P106,384,635
2025-08-11,P106,333,635
2025-08-12,P106,269,635
2025-08-13,P106,213,635
2025-08-14,P106,778,0
2025-08-15,P106,731,0
2025-08-16,P106,698,0
2025-08-17,P106,687,0
2025-08-18,P106,626,635
2025-08-19,P106,558,635
2025-08-20,P106,489,635
2025-08-21,P106,429,635
2025-08-22,P106,367,635
2025-08-23,P106,338,635
2025-08-24,P106,325,635
2025-08-25,P106,257,635
2025-08-26,P106,191,635
2025-08-27,P106,767,0
2025-08-28,P106,708,0
2025-08-29,P106,643,655
2025-08-30,P106,615,655
2025-08-31,P106,604,655
2025-09-01,P106,538,655
2025-09-02,P106,477,655
2025-09-03,P106,424,655
2025-09-04,P106,353,655
2025-09-05,P106,301,655
2025-09-06,P106,269,655
2025-09-07,P106,257,655
2025-09-08,P106,851,0
2025-09-09,P106,792,0
2025-09-10,P106,723,0
2025-09-11,P106,660,635
2025-09-12,P106,594,635
2025-09-13,P106,563,635
2025-09-14,P106,547,635
2025-09-15,P106,497,635
2025-09-16,P106,443,635
2025-09-17,P106,366,635
2025-09-18,P106,300,635
2025-09-19,P106,238,635
2025-09-20,P106,203,635
2025-09-21,P106,824,0
2025-09-22,P106,682,730
2025-09-23,P106,622,730
2025-09-24,P106,550,730
2025-09-25,P106,481,730
2025-09-26,P106,331,730
2025-09-27,P106,291,730
2025-09-28,P106,277,730
2025-09-29,P106,221,730
2025-09-30,P106,140,730
2025-10-01,P106,81,730
2025-10-02,P106,744,835
2025-10-03,P106,684,835
2025-10-04,P106,651,835
2025-10-05,P106,636,835
2025-10-06,P106,568,835
2025-10-07,P106,495,835
2025-10-08,P106,434,835
2025-10-09,P106,369,835
2025-10-10,P106,312,835
2025-10-11,P106,278,835
2025-10-12,P106,1099,0
2025-10-13,P106,1018,0
2025-10-14,P106,950,0
2025-10-15,P106,898,0
2025-10-16,P106,821,0
2025-10-17,P106,754,0
2025-10-18,P106,684,725
2025-10-19,P106,671,725
2025-10-20,P106,610,725
2025-10-21,P106,524,725
2025-10-22,P106,454,725
2025-10-23,P106,399,725
2025-10-24,P106,332,725
2025-10-25,P106,292,725
2025-10-26,P106,1002,0
2025-10-27,P106,940,0
2025-10-28,P106,876,0
2025-10-29,P106,813,0
2025-10-30,P106,733,735
2025-10-31,P106,668,735
2025-11-01,P106,639,735
2025-11-02,P106,624,735
2025-11-03,P106,553,735
2025-11-04,P106,484,735
2025-11-05,P106,421,735
2025-11-06,P106,360,735
2025-11-07,P106,286,735
2025-11-08,P106,248,735
2025-11-09,P106,968,0
2025-11-10,P106,895,0
2025-11-11,P106,819,0
2025-11-12,P106,751,720
2025-11-13,P106,682,720
2025-11-14,P106,606,720
2025-11-15,P106,563,720
2025-11-16,P106,550,720
2025-11-17,P106,480,720
2025-11-18,P106,399,720
2025-11-19,P106,311,720
2025-11-20,P106,226,720
2025-11-21,P106,164,720
2025-11-22,P106,121,720
2025-11-23,P106,813,795
2025-11-24,P106,660,795
2025-11-25,P106,579,795
2025-11-26,P106,516,795
2025-11-27,P106,380,795
2025-11-28,P106,304,795
2025-11-29,P106,266,795
2025-11-30,P106,251,795
2025-12-01,P106,191,795
2025-12-02,P106,110,795
2025-12-03,P106,34,795
2025-12-04,P106,764,885
2025-12-05,P106,697,885
2025-12-06,P106,658,885
2025-12-07,P106,644,885
2025-12-08,P106,571,885
2025-12-09,P106,509,885
2025-12-10,P106,1308,0
2025-12-11,P106,1235,0
2025-12-12,P106,1174,0
2025-12-13,P106,1117,0
2025-12-14,P106,1100,0
2025-12-15,P106,937,0
2025-12-16,P106,858,8425
2025-12-17,P106,698,8425
2025-12-18,P106,618,8425
2025-12-19,P106,547,8425
2025-12-20,P106,510,8425
2025-12-21,P106,495,8425
2025-12-22,P106,417,8425
2025-12-23,P106,328,8425
2025-12-24,P106,253,8425
2025-12-25,P106,167,8425
2025-12-26,P106,8519,0
2025-12-27,P106,8479,0
2025-12-28,P106,8459,0
2025-12-29,P106,8371,0
2025-12-30,P106,8279,0
2025-12-31,P106,8210,0
2023-01-01,P107,594,0
2023-01-02,P107,563,0
2023-01-03,P107,533,0
2023-01-04,P107,501,0
2023-01-05,P107,472,445
2023-01-06,P107,448,445
2023-01-07,P107,433,445
2023-01-08,P107,426,445
2023-01-09,P107,396,445
2023-01-10,P107,367,445
2023-01-11,P107,331,445
2023-01-12,P107,299,445
2023-01-13,P107,270,445
2023-01-14,P107,255,445
2023-01-15,P107,249,445
2023-01-16,P107,218,445
2023-01-17,P107,195,445
2023-01-18,P107,165,445
2023-01-19,P107,137,445
2023-01-20,P107,112,445
2023-01-21,P107,98,445
2023-01-22,P107,93,445
2023-01-23,P107,59,445
2023-01-24,P107,25,445
2023-01-25,P107,439,415
2023-01-26,P107,418,415
2023-01-27,P107,393,415
2023-01-28,P107,377,415
2023-01-29,P107,371,415
2023-01-30,P107,339,415
2023-01-31,P107,306,415
2023-02-01,P107,281,415
2023-02-02,P107,253,415
2023-02-03,P107,228,415
2023-02-04,P107,216,415
2023-02-05,P107,211,415
2023-02-06,P107,185,415
2023-02-07,P107,573,0
2023-02-08,P107,543,0
2023-02-09,P107,488,0
2023-02-10,P107,460,430
2023-02-11,P107,444,430
2023-02-12,P107,438,430
2023-02-13,P107,408,430
2023-02-14,P107,379,430
2023-02-15,P107,352,430
2023-02-16,P107,318,430
2023-02-17,P107,298,430
2023-02-18,P107,286,430
2023-02-19,P107,280,430
2023-02-20,P107,253,430
2023-02-21,P107,229,430
2023-02-22,P107,634,0
2023-02-23,P107,609,0
2023-02-24,P107,580,0
2023-02-25,P107,564,0
2023-02-26,P107,557,0
2023-02-27,P107,534,0
2023-02-28,P107,481,0
2023-03-01,P107,457,0
2023-03-02,P107,426,400
2023-03-03,P107,399,400
2023-03-04,P107,385,400
2023-03-05,P107,379,400
2023-03-06,P107,352,400
2023-03-07,P107,327,400
2023-03-08,P107,297,400
2023-03-09,P107,270,400
2023-03-10,P107,248,400
2023-03-11,P107,233,400
2023-03-12,P107,225,400
2023-03-13,P107,197,400
2023-03-14,P107,169,400
2023-03-15,P107,139,400
2023-03-16,P107,111,400
2023-03-17,P107,488,0
2023-03-18,P107,473,0
2023-03-19,P107,467,0
2023-03-20,P107,438,0
2023-03-21,P107,407,395
2023-03-22,P107,381,395
2023-03-23,P107,352,395
2023-03-24,P107,331,395
2023-03-25,P107,317,395
2023-03-26,P107,312,395
2023-03-27,P107,281,395
2023-03-28,P107,254,395
2023-03-29,P107,225,395
2023-03-30,P107,204,395
2023-03-31,P107,180,395
2023-04-01,P107,168,395
2023-04-02,P107,161,395
2023-04-03,P107,137,395
2023-04-04,P107,109,395
2023-04-05,P107,82,395
2023-04-06,P107,61,395
2023-04-07,P107,433,0
2023-04-08,P107,419,0
2023-04-09,P107,414,0
2023-04-10,P107,395,0
2023-04-11,P107,370,345
2023-04-12,P107,341,345
2023-04-13,P107,314,345
2023-04-14,P107,286,345
2023-04-15,P107,274,345
2023-04-16,P107,268,345
2023-04-17,P107,242,345
2023-04-18,P107,211,345
2023-04-19,P107,185,345
2023-04-20,P107,165,345
2023-04-21,P107,139,345
2023-04-22,P107,126,345
2023-04-23,P107,121,345
2023-04-24,P107,100,345
2023-04-25,P107,69,345
2023-04-26,P107,390,365
2023-04-27,P107,361,365
2023-04-28,P107,338,365
2023-04-29,P107,326,365
2023-04-30,P107,320,365
2023-05-01,P107,295,365
2023-05-02,P107,269,365
2023-05-03,P107,225,365
2023-05-04,P107,202,365
2023-05-05,P107,178,365
2023-05-06,P107,167,365
2023-05-07,P107,162,365
2023-05-08,P107,138,365
2023-05-09,P107,477,0
2023-05-10,P107,448,0
2023-05-11,P107,425,0
2023-05-12,P107,404,0
2023-05-13,P107,387,375
2023-05-14,P107,382,375
2023-05-15,P107,358,375
2023-05-16,P107,334,375
2023-05-17,P107,310,375
2023-05-18,P107,286,375
2023-05-19,P107,261,375
2023-05-20,P107,248,375
2023-05-21,P107,242,375
2023-05-22,P107,215,375
2023-05-23,P107,190,375
2023-05-24,P107,540,0
2023-05-25,P107,513,0
2023-05-26,P107,493,0
2023-05-27,P107,477,0
2023-05-28,P107,472,0
2023-05-29,P107,449,0
2023-05-30,P107,428,0
2023-05-31,P107,407,0
2023-06-01,P107,381,0
2023-06-02,P107,353,350
2023-06-03,P107,342,350
2023-06-04,P107,337,350
2023-06-05,P107,313,350
2023-06-06,P107,286,350
2023-06-07,P107,256,350
2023-06-08,P107,229,350
2023-06-09,P107,207,350
2023-06-10,P107,194,350
2023-06-11,P107,189,350
2023-06-12,P107,166,350
2023-06-13,P107,145,350
2023-06-14,P107,123,350
2023-06-15,P107,97,350
2023-06-16,P107,72,350
2023-06-17,P107,410,0
2023-06-18,P107,405,0
2023-06-19,P107,379,350
2023-06-20,P107,359,350
2023-06-21,P107,337,350
2023-06-22,P107,309,350
2023-06-23,P107,286,350
2023-06-24,P107,275,350
2023-06-25,P107,270,350
2023-06-26,P107,244,350
2023-06-27,P107,227,350
2023-06-28,P107,203,350
2023-06-29,P107,181,350
2023-06-30,P107,163,350
2023-07-01,P107,151,350
2023-07-02,P107,146,350
2023-07-03,P107,123,350
2023-07-04,P107,100,350
2023-07-05,P107,79,350
2023-07-06,P107,60,350
2023-07-07,P107,390,0
2023-07-08,P107,377,0
2023-07-09,P107,372,0
2023-07-10,P107,349,0
2023-07-11,P107,328,310
2023-07-12,P107,306,310
2023-07-13,P107,281,310
2023-07-14,P107,258,310
2023-07-15,P107,247,310
2023-07-16,P107,244,310
2023-07-17,P107,223,310
2023-07-18,P107,200,310
2023-07-19,P107,179,310
2023-07-20,P107,157,310
2023-07-21,P107,133,310
2023-07-22,P107,121,310
2023-07-23,P107,116,310
2023-07-24,P107,97,310
2023-07-25,P107,74,310
2023-07-26,P107,56,310
2023-07-27,P107,34,310
2023-07-28,P107,15,310
2023-07-29,P107,311,305
2023-07-30,P107,306,305
2023-07-31,P107,280,305
2023-08-01,P107,257,305
2023-08-02,P107,236,305
2023-08-03,P107,216,305
2023-08-04,P107,193,305
2023-08-05,P107,179,305
2023-08-06,P107,174,305
2023-08-07,P107,152,305
2023-08-08,P107,128,305
2023-08-09,P107,104,305
2023-08-10,P107,76,305
2023-08-11,P107,51,305
2023-08-12,P107,38,305
2023-08-13,P107,33,305
2023-08-14,P107,9,305
2023-08-15,P107,0,305
2023-08-16,P107,282,340
2023-08-17,P107,261,340
2023-08-18,P107,236,340
2023-08-19,P107,224,340
2023-08-20,P107,219,340
2023-08-21,P107,191,340
2023-08-22,P107,165,340
2023-08-23,P107,140,340
2023-08-24,P107,108,340
2023-08-25,P107,85,340
2023-08-26,P107,74,340
2023-08-27,P107,69,340
2023-08-28,P107,41,340
2023-08-29,P107,20,340
2023-08-30,P107,0,340
2023-08-31,P107,313,360
2023-09-01,P107,291,360
2023-09-02,P107,279,360
2023-09-03,P107,273,360
2023-09-04,P107,251,360
2023-09-05,P107,230,360
2023-09-06,P107,209,360
2023-09-07,P107,183,360
2023-09-08,P107,159,360
2023-09-09,P107,147,360
2023-09-10,P107,143,360
2023-09-11,P107,119,360
2023-09-12,P107,90,360
2023-09-13,P107,67,360
2023-09-14,P107,44,360
2023-09-15,P107,24,360
2023-09-16,P107,12,360
2023-09-17,P107,367,0
2023-09-18,P107,336,340
2023-09-19,P107,309,340
2023-09-20,P107,284,340
2023-09-21,P107,257,340
2023-09-22,P107,231,340
2023-09-23,P107,219,340
2023-09-24,P107,212,340
2023-09-25,P107,171,340
2023-09-26,P107,144,340
2023-09-27,P107,117,340
2023-09-28,P107,91,340
2023-09-29,P107,63,340
2023-09-30,P107,51,340
2023-10-01,P107,385,400
2023-10-02,P107,359,400
2023-10-03,P107,329,400
2023-10-04,P107,303,400
2023-10-05,P107,278,400
2023-10-06,P107,252,400
2023-10-07,P107,238,400
2023-10-08,P107,233,400
2023-10-09,P107,203,400
2023-10-10,P107,174,400
2023-10-11,P107,147,400
2023-10-12,P107,122,400
2023-10-13,P107,96,400
2023-10-14,P107,81,400
2023-10-15,P107,76,400
2023-10-16,P107,48,400
2023-10-17,P107,18,400
2023-10-18,P107,0,400
2023-10-19,P107,373,380
2023-10-20,P107,346,380
2023-10-21,P107,331,380
2023-10-22,P107,325,380
2023-10-23,P107,299,380
2023-10-24,P107,274,380
2023-10-25,P107,252,380
2023-10-26,P107,222,380
2023-10-27,P107,194,380
2023-10-28,P107,178,380
2023-10-29,P107,173,380
2023-10-30,P107,143,380
2023-10-31,P107,119,380
2023-11-01,P107,94,380
2023-11-02,P107,66,380
2023-11-03,P107,38,380
2023-11-04,P107,5,380
2023-11-05,P107,0,380
2023-11-06,P107,0,380
2023-11-07,P107,0,380
2023-11-08,P107,0,380
2023-11-09,P107,0,380
2023-11-10,P107,0,380
2023-11-11,P107,364,455
2023-11-12,P107,358,455
2023-11-13,P107,330,455
2023-11-14,P107,299,455
2023-11-15,P107,272,455
2023-11-16,P107,245,455
2023-11-17,P107,194,455
2023-11-18,P107,168,455
2023-11-19,P107,162,455
2023-11-20,P107,136,455
2023-11-21,P107,561,0
2023-11-22,P107,531,0
2023-11-23,P107,503,0
2023-11-24,P107,478,440
2023-11-25,P107,463,440
2023-11-26,P107,457,440
2023-11-27,P107,428,440
2023-11-28,P107,394,440
2023-11-29,P107,369,440
2023-11-30,P107,334,440
2023-12-01,P107,307,440
2023-12-02,P107,291,440
2023-12-03,P107,285,440
2023-12-04,P107,252,440
2023-12-05,P107,222,440
2023-12-06,P107,194,440
2023-12-07,P107,167,440
2023-12-08,P107,140,440
2023-12-09,P107,124,440
2023-12-10,P107,118,440
2023-12-11,P107,529,0
2023-12-12,P107,501,0
2023-12-13,P107,474,0
2023-12-14,P107,446,0
2023-12-15,P107,417,410
2023-12-16,P107,401,410
2023-12-17,P107,394,410
2023-12-18,P107,364,410
2023-12-19,P107,332,410
2023-12-20,P107,302,410
2023-12-21,P107,278,410
2023-12-22,P107,228,410
2023-12-23,P107,213,410
2023-12-24,P107,208,410
2023-12-25,P107,180,410
2023-12-26,P107,149,410
2023-12-27,P107,108,410
2023-12-28,P107,491,0
2023-12-29,P107,458,455
2023-12-30,P107,445,455
2023-12-31,P107,439,455
2024-01-01,P107,413,455
2024-01-02,P107,385,455
2024-01-03,P107,355,455
2024-01-04,P107,329,455
2024-01-05,P107,299,455
2024-01-06,P107,281,455
2024-01-07,P107,274,455
2024-01-08,P107,241,455
2024-01-09,P107,215,455
2024-01-10,P107,185,455
2024-01-11,P107,154,455
2024-01-12,P107,123,455
2024-01-13,P107,559,0
2024-01-14,P107,552,0
2024-01-15,P107,519,0
2024-01-16,P107,479,445
2024-01-17,P107,448,445
2024-01-18,P107,419,445
2024-01-19,P107,390,445
2024-01-20,P107,376,445
2024-01-21,P107,370,445
2024-01-22,P107,346,445
2024-01-23,P107,317,445
2024-01-24,P107,287,445
2024-01-25,P107,254,445
2024-01-26,P107,222,445
2024-01-27,P107,208,445
2024-01-28,P107,200,445
2024-01-29,P107,170,445
2024-01-30,P107,138,445
2024-01-31,P107,113,445
2024-02-01,P107,85,445
2024-02-02,P107,54,445
2024-02-03,P107,38,445
2024-02-04,P107,32,445
2024-02-05,P107,1,445
2024-02-06,P107,0,445
2024-02-07,P107,0,445
2024-02-08,P107,0,445
2024-02-09,P107,414,425
2024-02-10,P107,399,425
2024-02-11,P107,392,425
2024-02-12,P107,366,425
2024-02-13,P107,339,425
2024-02-14,P107,303,425
2024-02-15,P107,272,425
2024-02-16,P107,245,425
2024-02-17,P107,230,425
2024-02-18,P107,224,425
2024-02-19,P107,194,425
2024-02-20,P107,163,425
2024-02-21,P107,133,425
2024-02-22,P107,108,425
2024-02-23,P107,79,425
2024-02-24,P107,65,425
2024-02-25,P107,60,425
2024-02-26,P107,27,425
2024-02-27,P107,414,435
2024-02-28,P107,378,435
2024-02-29,P107,347,435
2024-03-01,P107,320,435
2024-03-02,P107,305,435
2024-03-03,P107,299,435
2024-03-04,P107,271,435
2024-03-05,P107,237,435
2024-03-06,P107,214,435
2024-03-07,P107,186,435
2024-03-08,P107,156,435
2024-03-09,P107,142,435
2024-03-10,P107,136,435
2024-03-11,P107,105,435
2024-03-12,P107,70,435
2024-03-13,P107,480,0
2024-03-14,P107,456,0
2024-03-15,P107,432,400
2024-03-16,P107,420,400
2024-03-17,P107,415,400
2024-03-18,P107,390,400
2024-03-19,P107,357,400
2024-03-20,P107,329,400
2024-03-21,P107,301,400
2024-03-22,P107,277,400
2024-03-23,P107,261,400
2024-03-24,P107,254,400
2024-03-25,P107,229,400
2024-03-26,P107,194,400
2024-03-27,P107,164,400
2024-03-28,P107,536,0
2024-03-29,P107,509,0
2024-03-30,P107,494,0
2024-03-31,P107,487,0
2024-04-01,P107,458,0
2024-04-02,P107,428,405
2024-04-03,P107,401,405
2024-04-04,P107,371,405
2024-04-05,P107,348,405
2024-04-06,P107,334,405
2024-04-07,P107,327,405
2024-04-08,P107,307,405
2024-04-09,P107,278,405
2024-04-10,P107,249,405
2024-04-11,P107,223,405
2024-04-12,P107,198,405
2024-04-13,P107,184,405
2024-04-14,P107,179,405
2024-04-15,P107,556,0
2024-04-16,P107,530,0
2024-04-17,P107,496,0
2024-04-18,P107,470,0
2024-04-19,P107,443,0
2024-04-20,P107,430,0
2024-04-21,P107,424,0
2024-04-22,P107,395,395
2024-04-23,P107,366,395
2024-04-24,P107,342,395
2024-04-25,P107,318,395
2024-04-26,P107,288,395
2024-04-27,P107,275,395
2024-04-28,P107,269,395
2024-04-29,P107,245,395
2024-04-30,P107,215,395
2024-05-01,P107,190,395
2024-05-02,P107,167,395
2024-05-03,P107,539,0
2024-05-04,P107,526,0
2024-05-05,P107,520,0
2024-05-06,P107,494,0
2024-05-07,P107,470,0
2024-05-08,P107,444,0
2024-05-09,P107,422,0
2024-05-10,P107,396,0
2024-05-11,P107,381,360
2024-05-12,P107,376,360
2024-05-13,P107,350,360
2024-05-14,P107,318,360
2024-05-15,P107,292,360
2024-05-16,P107,269,360
2024-05-17,P107,243,360
2024-05-18,P107,231,360
2024-05-19,P107,226,360
2024-05-20,P107,202,360
2024-05-21,P107,178,360
2024-05-22,P107,486,0
2024-05-23,P107,459,0
2024-05-24,P107,432,400
2024-05-25,P107,418,400
2024-05-26,P107,413,400
2024-05-27,P107,389,400
2024-05-28,P107,370,400
2024-05-29,P107,344,400
2024-05-30,P107,326,400
2024-05-31,P107,307,400
2024-06-01,P107,294,400
2024-06-02,P107,289,400
2024-06-03,P107,265,400
2024-06-04,P107,235,400
2024-06-05,P107,609,0
2024-06-06,P107,585,0
2024-06-07,P107,558,0
2024-06-08,P107,543,0
2024-06-09,P107,538,0
2024-06-10,P107,516,0
2024-06-11,P107,492,0
2024-06-12,P107,471,0
2024-06-13,P107,447,0
2024-06-14,P107,427,0
2024-06-15,P107,415,0
2024-06-16,P107,410,0
2024-06-17,P107,391,0
2024-06-18,P107,369,0
2024-06-19,P107,346,975
2024-06-20,P107,322,975
2024-06-21,P107,300,975
2024-06-22,P107,282,975
2024-06-23,P107,277,975
2024-06-24,P107,257,975
2024-06-25,P107,233,975
2024-06-26,P107,209,975
2024-06-27,P107,186,975
2024-06-28,P107,163,975
2024-06-29,P107,1125,0
2024-06-30,P107,1120,0
2024-07-01,P107,1098,0
2024-07-02,P107,1077,0
2024-07-03,P107,1049,0
2024-07-04,P107,1024,0
2024-07-05,P107,1004,0
2024-07-06,P107,991,0
2024-07-07,P107,985,0
2024-07-08,P107,956,0
2024-07-09,P107,930,0
2024-07-10,P107,903,0
2024-07-11,P107,882,0
2024-07-12,P107,859,0
2024-07-13,P107,847,0
2024-07-14,P107,842,0
2024-07-15,P107,814,0
2024-07-16,P107,788,0
2024-07-17,P107,766,0
2024-07-18,P107,745,0
2024-07-19,P107,718,0
2024-07-20,P107,705,0
2024-07-21,P107,700,0
2024-07-22,P107,677,0
2024-07-23,P107,651,0
2024-07-24,P107,614,0
2024-07-25,P107,589,0
2024-07-26,P107,569,0
2024-07-27,P107,557,0
2024-07-28,P107,552,0
2024-07-29,P107,536,0
2024-07-30,P107,512,0
2024-07-31,P107,490,0
2024-08-01,P107,466,0
2024-08-02,P107,443,0
2024-08-03,P107,428,0
2024-08-04,P107,423,0
2024-08-05,P107,398,0
2024-08-06,P107,371,345
2024-08-07,P107,344,345
2024-08-08,P107,319,345
2024-08-09,P107,295,345
2024-08-10,P107,281,345
2024-08-11,P107,277,345
2024-08-12,P107,247,345
2024-08-13,P107,217,345
2024-08-14,P107,191,345
2024-08-15,P107,515,0
2024-08-16,P107,489,0
2024-08-17,P107,477,0
2024-08-18,P107,472,0
2024-08-19,P107,451,0
2024-08-20,P107,419,0
2024-08-21,P107,398,0
2024-08-22,P107,373,360
2024-08-23,P107,355,360
2024-08-24,P107,342,360
2024-08-25,P107,337,360
2024-08-26,P107,309,360
2024-08-27,P107,284,360
2024-08-28,P107,255,360
2024-08-29,P107,233,360
2024-08-30,P107,210,360
2024-08-31,P107,197,360
2024-09-01,P107,191,360
2024-09-02,P107,147,360
2024-09-03,P107,118,360
2024-09-04,P107,451,0
2024-09-05,P107,424,0
2024-09-06,P107,402,390
2024-09-07,P107,388,390
2024-09-08,P107,382,390
2024-09-09,P107,361,390
2024-09-10,P107,333,390
2024-09-11,P107,305,390
2024-09-12,P107,275,390
2024-09-13,P107,249,390
2024-09-14,P107,235,390
2024-09-15,P107,229,390
2024-09-16,P107,205,390
2024-09-17,P107,179,390
2024-09-18,P107,156,390
2024-09-19,P107,126,390
2024-09-20,P107,490,0
2024-09-21,P107,478,0
2024-09-22,P107,472,0
2024-09-23,P107,442,0
2024-09-24,P107,411,385
2024-09-25,P107,387,385
2024-09-26,P107,370,385
2024-09-27,P107,344,385
2024-09-28,P107,331,385
2024-09-29,P107,325,385
2024-09-30,P107,295,385
2024-10-01,P107,264,385
2024-10-02,P107,231,385
2024-10-03,P107,200,385
2024-10-04,P107,169,385
2024-10-05,P107,538,0
2024-10-06,P107,531,0
2024-10-07,P107,504,0
2024-10-08,P107,480,0
2024-10-09,P107,444,0
2024-10-10,P107,417,420
2024-10-11,P107,387,420
2024-10-12,P107,374,420
2024-10-13,P107,368,420
2024-10-14,P107,348,420
2024-10-15,P107,320,420
2024-10-16,P107,292,420
2024-10-17,P107,263,420
2024-10-18,P107,233,420
2024-10-19,P107,220,420
2024-10-20,P107,214,420
2024-10-21,P107,182,420
2024-10-22,P107,145,420
2024-10-23,P107,534,0
2024-10-24,P107,507,0
2024-10-25,P107,484,0
2024-10-26,P107,466,0
2024-10-27,P107,460,0
2024-10-28,P107,431,415
2024-10-29,P107,407,415
2024-10-30,P107,381,415
2024-10-31,P107,350,415
2024-11-01,P107,322,415
2024-11-02,P107,310,415
2024-11-03,P107,304,415
2024-11-04,P107,280,415
2024-11-05,P107,245,415
2024-11-06,P107,215,415
2024-11-07,P107,188,415
2024-11-08,P107,157,415
2024-11-09,P107,141,415
2024-11-10,P107,134,415
2024-11-11,P107,104,415
2024-11-12,P107,488,0
2024-11-13,P107,459,0
2024-11-14,P107,429,415
2024-11-15,P107,396,415
2024-11-16,P107,381,415
2024-11-17,P107,374,415
2024-11-18,P107,347,415
2024-11-19,P107,323,415
2024-11-20,P107,292,415
2024-11-21,P107,261,415
2024-11-22,P107,233,415
2024-11-23,P107,220,415
2024-11-24,P107,214,415
2024-11-25,P107,183,415
2024-11-26,P107,155,415
2024-11-27,P107,129,415
2024-11-28,P107,100,415
2024-11-29,P107,69,415
2024-11-30,P107,53,415
2024-12-01,P107,47,415
2024-12-02,P107,16,415
2024-12-03,P107,0,415
2024-12-04,P107,0,415
2024-12-05,P107,0,415
2024-12-06,P107,0,415
2024-12-07,P107,0,415
2024-12-08,P107,0,415
2024-12-09,P107,379,435
2024-12-10,P107,348,435
2024-12-11,P107,318,435
2024-12-12,P107,284,435
2024-12-13,P107,255,435
2024-12-14,P107,230,435
2024-12-15,P107,224,435
2024-12-16,P107,191,435
2024-12-17,P107,156,435
2024-12-18,P107,127,435
2024-12-19,P107,97,435
2024-12-20,P107,479,485
2024-12-21,P107,463,485
2024-12-22,P107,458,485
2024-12-23,P107,423,485
2024-12-24,P107,391,485
2024-12-25,P107,355,485
2024-12-26,P107,329,485
2024-12-27,P107,300,485
2024-12-28,P107,283,485
2024-12-29,P107,277,485
2024-12-30,P107,250,485
2024-12-31,P107,209,485
2025-01-01,P107,172,485
2025-01-02,P107,140,485
2025-01-03,P107,592,0
2025-01-04,P107,574,0
2025-01-05,P107,567,0
2025-01-06,P107,537,0
2025-01-07,P107,503,0
2025-01-08,P107,466,465
2025-01-09,P107,435,465
2025-01-10,P107,376,465
2025-01-11,P107,362,465
2025-01-12,P107,357,465
2025-01-13,P107,322,465
2025-01-14,P107,292,465
2025-01-15,P107,253,465
2025-01-16,P107,217,465
2025-01-17,P107,182,465
2025-01-18,P107,164,465
2025-01-19,P107,158,465
2025-01-20,P107,132,465
2025-01-21,P107,94,465
2025-01-22,P107,52,465
2025-01-23,P107,480,520
2025-01-24,P107,448,520
2025-01-25,P107,432,520
2025-01-26,P107,425,520
2025-01-27,P107,392,520
2025-01-28,P107,360,520
2025-01-29,P107,323,520
2025-01-30,P107,287,520
2025-01-31,P107,257,520
2025-02-01,P107,242,520
2025-02-02,P107,235,520
2025-02-03,P107,211,520
2025-02-04,P107,177,520
2025-02-05,P107,143,520
2025-02-06,P107,115,520
2025-02-07,P107,602,0
2025-02-08,P107,586,0
2025-02-09,P107,580,0
2025-02-10,P107,545,0
2025-02-11,P107,517,0
2025-02-12,P107,482,445
2025-02-13,P107,458,445
2025-02-14,P107,428,445
2025-02-15,P107,412,445
2025-02-16,P107,406,445
2025-02-17,P107,374,445
2025-02-18,P107,342,445
2025-02-19,P107,307,445
2025-02-20,P107,274,445
2025-02-21,P107,243,445
2025-02-22,P107,208,445
2025-02-23,P107,647,0
2025-02-24,P107,617,0
2025-02-25,P107,584,0
2025-02-26,P107,553,0
2025-02-27,P107,519,0
2025-02-28,P107,490,475
2025-03-01,P107,473,475
2025-03-02,P107,468,475
2025-03-03,P107,434,475
2025-03-04,P107,404,475
2025-03-05,P107,377,475
2025-03-06,P107,341,475
2025-03-07,P107,310,475
2025-03-08,P107,293,475
2025-03-09,P107,286,475
2025-03-10,P107,256,475
2025-03-11,P107,226,475
2025-03-12,P107,668,0
2025-03-13,P107,634,0
2025-03-14,P107,606,0
2025-03-15,P107,587,0
2025-03-16,P107,577,0
2025-03-17,P107,552,0
2025-03-18,P107,527,0
2025-03-19,P107,502,0
2025-03-20,P107,474,0
2025-03-21,P107,447,420
2025-03-22,P107,430,420
2025-03-23,P107,424,420
2025-03-24,P107,392,420
2025-03-25,P107,361,420
2025-03-26,P107,331,420
2025-03-27,P107,304,420
2025-03-28,P107,240,420
2025-03-29,P107,227,420
2025-03-30,P107,221,420
2025-03-31,P107,192,420
2025-04-01,P107,159,420
2025-04-02,P107,129,420
2025-04-03,P107,100,420
2025-04-04,P107,73,420
2025-04-05,P107,56,420
2025-04-06,P107,470,465
2025-04-07,P107,435,465
2025-04-08,P107,404,465
2025-04-09,P107,375,465
2025-04-10,P107,347,465
2025-04-11,P107,318,465
2025-04-12,P107,304,465
2025-04-13,P107,294,465
2025-04-14,P107,266,465
2025-04-15,P107,235,465
2025-04-16,P107,205,465
2025-04-17,P107,176,465
2025-04-18,P107,149,465
2025-04-19,P107,132,465
2025-04-20,P107,591,0
2025-04-21,P107,555,0
2025-04-22,P107,526,0
2025-04-23,P107,494,0
2025-04-24,P107,469,0
2025-04-25,P107,439,425
2025-04-26,P107,426,425
2025-04-27,P107,420,425
2025-04-28,P107,393,425
2025-04-29,P107,363,425
2025-04-30,P107,336,425
2025-05-01,P107,311,425
2025-05-02,P107,286,425
2025-05-03,P107,269,425
2025-05-04,P107,263,425
2025-05-05,P107,240,425
2025-05-06,P107,208,425
2025-05-07,P107,183,425
2025-05-08,P107,579,0
2025-05-09,P107,552,0
2025-05-10,P107,537,0
2025-05-11,P107,530,0
2025-05-12,P107,505,0
2025-05-13,P107,475,0
2025-05-14,P107,444,0
2025-05-15,P107,419,395
2025-05-16,P107,396,395
2025-05-17,P107,367,395
2025-05-18,P107,361,395
2025-05-19,P107,338,395
2025-05-20,P107,309,395
2025-05-21,P107,286,395
2025-05-22,P107,256,395
2025-05-23,P107,230,395
2025-05-24,P107,213,395
2025-05-25,P107,207,395
2025-05-26,P107,182,395
2025-05-27,P107,552,0
2025-05-28,P107,525,0
2025-05-29,P107,499,0
2025-05-30,P107,471,0
2025-05-31,P107,459,0
2025-06-01,P107,452,0
2025-06-02,P107,422,0
2025-06-03,P107,396,380
2025-06-04,P107,364,380
2025-06-05,P107,340,380
2025-06-06,P107,315,380
2025-06-07,P107,303,380
2025-06-08,P107,297,380
2025-06-09,P107,276,380
2025-06-10,P107,253,380
2025-06-11,P107,208,380
2025-06-12,P107,179,380
2025-06-13,P107,152,380
2025-06-14,P107,129,380
2025-06-15,P107,123,380
2025-06-16,P107,98,380
2025-06-17,P107,70,380
2025-06-18,P107,419,400
2025-06-19,P107,394,400
2025-06-20,P107,372,400
2025-06-21,P107,358,400
2025-06-22,P107,352,400
2025-06-23,P107,326,400
2025-06-24,P107,297,400
2025-06-25,P107,272,400
2025-06-26,P107,246,400
2025-06-27,P107,221,400
2025-06-28,P107,207,400
2025-06-29,P107,201,400
2025-06-30,P107,175,400
2025-07-01,P107,150,400
2025-07-02,P107,123,400
2025-07-03,P107,95,400
2025-07-04,P107,69,400
2025-07-05,P107,55,400
2025-07-06,P107,51,400
2025-07-07,P107,433,0
2025-07-08,P107,403,0
2025-07-09,P107,376,365
2025-07-10,P107,351,365
2025-07-11,P107,325,365
2025-07-12,P107,309,365
2025-07-13,P107,303,365
2025-07-14,P107,275,365
2025-07-15,P107,251,365
2025-07-16,P107,227,365
2025-07-17,P107,208,365
2025-07-18,P107,182,365
2025-07-19,P107,153,365
2025-07-20,P107,147,365
2025-07-21,P107,120,365
2025-07-22,P107,94,365
2025-07-23,P107,70,365
2025-07-24,P107,21,365
2025-07-25,P107,362,405
2025-07-26,P107,350,405
2025-07-27,P107,344,405
2025-07-28,P107,322,405
2025-07-29,P107,296,405
2025-07-30,P107,276,405
2025-07-31,P107,250,405
2025-08-01,P107,205,405
2025-08-02,P107,192,405
2025-08-03,P107,187,405
2025-08-04,P107,161,405
2025-08-05,P107,113,405
2025-08-06,P107,492,0
2025-08-07,P107,436,440
2025-08-08,P107,411,440
2025-08-09,P107,397,440
2025-08-10,P107,392,440
2025-08-11,P107,368,440
2025-08-12,P107,341,440
2025-08-13,P107,307,440
2025-08-14,P107,282,440
2025-08-15,P107,257,440
2025-08-16,P107,245,440
2025-08-17,P107,241,440
2025-08-18,P107,217,440
2025-08-19,P107,153,440
2025-08-20,P107,565,0
2025-08-21,P107,534,0
2025-08-22,P107,510,0
2025-08-23,P107,500,0
2025-08-24,P107,495,0
2025-08-25,P107,468,0
2025-08-26,P107,440,420
2025-08-27,P107,413,420
2025-08-28,P107,388,420
2025-08-29,P107,360,420
2025-08-30,P107,347,420
2025-08-31,P107,341,420
2025-09-01,P107,314,420
2025-09-02,P107,287,420
2025-09-03,P107,262,420
2025-09-04,P107,237,420
2025-09-05,P107,206,420
2025-09-06,P107,190,420
2025-09-07,P107,184,420
2025-09-08,P107,146,420
2025-09-09,P107,122,420
2025-09-10,P107,91,420
2025-09-11,P107,61,420
2025-09-12,P107,35,420
2025-09-13,P107,21,420
2025-09-14,P107,436,0
2025-09-15,P107,406,405
2025-09-16,P107,374,405
2025-09-17,P107,348,405
2025-09-18,P107,323,405
2025-09-19,P107,293,405
2025-09-20,P107,280,405
2025-09-21,P107,273,405
2025-09-22,P107,246,405
2025-09-23,P107,218,405
2025-09-24,P107,189,405
2025-09-25,P107,163,405
2025-09-26,P107,538,0
2025-09-27,P107,522,0
2025-09-28,P107,515,0
2025-09-29,P107,486,0
2025-09-30,P107,458,0
2025-10-01,P107,429,400
2025-10-02,P107,402,400
2025-10-03,P107,371,400
2025-10-04,P107,355,400
2025-10-05,P107,349,400
2025-10-06,P107,323,400
2025-10-07,P107,288,400
2025-10-08,P107,258,400
2025-10-09,P107,230,400
2025-10-10,P107,198,400
2025-10-11,P107,584,0
2025-10-12,P107,578,0
2025-10-13,P107,550,0
2025-10-14,P107,524,0
2025-10-15,P107,493,0
2025-10-16,P107,466,0
2025-10-17,P107,440,410
2025-10-18,P107,426,410
2025-10-19,P107,417,410
2025-10-20,P107,390,410
2025-10-21,P107,358,410
2025-10-22,P107,328,410
2025-10-23,P107,298,410
2025-10-24,P107,263,410
2025-10-25,P107,248,410
2025-10-26,P107,241,410
2025-10-27,P107,209,410
2025-10-28,P107,178,410
2025-10-29,P107,556,0
2025-10-30,P107,526,0
2025-10-31,P107,497,0
2025-11-01,P107,482,0
2025-11-02,P107,476,0
2025-11-03,P107,446,440
2025-11-04,P107,421,440
2025-11-05,P107,385,440
2025-11-06,P107,348,440
2025-11-07,P107,319,440
2025-11-08,P107,289,440
2025-11-09,P107,282,440
2025-11-10,P107,256,440
2025-11-11,P107,221,440
2025-11-12,P107,191,440
2025-11-13,P107,153,440
2025-11-14,P107,124,440
2025-11-15,P107,106,440
2025-11-16,P107,100,440
2025-11-17,P107,61,440
2025-11-18,P107,30,440
2025-11-19,P107,0,440
2025-11-20,P107,0,440
2025-11-21,P107,409,480
2025-11-22,P107,392,480
2025-11-23,P107,386,480
2025-11-24,P107,363,480
2025-11-25,P107,326,480
2025-11-26,P107,295,480
2025-11-27,P107,260,480
2025-11-28,P107,229,480
2025-11-29,P107,210,480
2025-11-30,P107,203,480
2025-12-01,P107,180,480
2025-12-02,P107,145,480
2025-12-03,P107,114,480
2025-12-04,P107,78,480
2025-12-05,P107,46,480
2025-12-06,P107,28,480
2025-12-07,P107,502,0
2025-12-08,P107,473,460
2025-12-09,P107,441,460
2025-12-10,P107,415,460
2025-12-11,P107,385,460
2025-12-12,P107,359,460
2025-12-13,P107,345,460
2025-12-14,P107,338,460
2025-12-15,P107,727,0
2025-12-16,P107,693,0
2025-12-17,P107,662,0
2025-12-18,P107,633,0
2025-12-19,P107,603,0
2025-12-20,P107,588,0
2025-12-21,P107,581,0
2025-12-22,P107,554,0
2025-12-23,P107,517,0
2025-12-24,P107,486,480
2025-12-25,P107,452,480
2025-12-26,P107,418,480
2025-12-27,P107,400,480
2025-12-28,P107,393,480
2025-12-29,P107,368,480
2025-12-30,P107,336,480
2025-12-31,P107,298,480
2023-01-01,P108,322,0
2023-01-02,P108,305,0
2023-01-03,P108,291,0
2023-01-04,P108,273,270
2023-01-05,P108,257,270
2023-01-06,P108,243,270
2023-01-07,P108,226,270
2023-01-08,P108,223,270
2023-01-09,P108,206,270
2023-01-10,P108,190,270
2023-01-11,P108,173,270
2023-01-12,P108,144,270
2023-01-13,P108,131,270
2023-01-14,P108,123,270
2023-01-15,P108,120,270
2023-01-16,P108,103,270
2023-01-17,P108,86,270
2023-01-18,P108,71,270
2023-01-19,P108,55,270
2023-01-20,P108,41,270
2023-01-21,P108,34,270
2023-01-22,P108,31,270
2023-01-23,P108,15,270
2023-01-24,P108,0,270
2023-01-25,P108,0,270
2023-01-26,P108,0,270
2023-01-27,P108,0,270
2023-01-28,P108,0,270
2023-01-29,P108,0,270
2023-01-30,P108,258,260
2023-01-31,P108,243,260
2023-02-01,P108,229,260
2023-02-02,P108,214,260
2023-02-03,P108,200,260
2023-02-04,P108,191,260
2023-02-05,P108,188,260
2023-02-06,P108,175,260
2023-02-07,P108,160,260
2023-02-08,P108,144,260
2023-02-09,P108,128,260
2023-02-10,P108,110,260
2023-02-11,P108,101,260
2023-02-12,P108,98,260
2023-02-13,P108,83,260
2023-02-14,P108,67,260
2023-02-15,P108,52,260
2023-02-16,P108,36,260
2023-02-17,P108,25,260
2023-02-18,P108,17,260
2023-02-19,P108,14,260
2023-02-20,P108,0,260
2023-02-21,P108,0,260
2023-02-22,P108,0,260
2023-02-23,P108,0,260
2023-02-24,P108,0,260
2023-02-25,P108,0,260
2023-02-26,P108,257,255
2023-02-27,P108,240,255
2023-02-28,P108,225,255
2023-03-01,P108,211,255
2023-03-02,P108,197,255
2023-03-03,P108,184,255
2023-03-04,P108,177,255
2023-03-05,P108,174,255
2023-03-06,P108,160,255
2023-03-07,P108,144,255
2023-03-08,P108,128,255
2023-03-09,P108,111,255
2023-03-10,P108,98,255
2023-03-11,P108,91,255
2023-03-12,P108,89,255
2023-03-13,P108,71,255
2023-03-14,P108,55,255
2023-03-15,P108,42,255
2023-03-16,P108,25,255
2023-03-17,P108,265,260
2023-03-18,P108,259,260
2023-03-19,P108,256,260
2023-03-20,P108,242,260
2023-03-21,P108,229,260
2023-03-22,P108,215,260
2023-03-23,P108,200,260
2023-03-24,P108,189,260
2023-03-25,P108,182,260
2023-03-26,P108,179,260
2023-03-27,P108,165,260
2023-03-28,P108,151,260
2023-03-29,P108,138,260
2023-03-30,P108,123,260
2023-03-31,P108,112,260
2023-04-01,P108,105,260
2023-04-02,P108,102,260
2023-04-03,P108,87,260
2023-04-04,P108,74,260
2023-04-05,P108,61,260
2023-04-06,P108,309,0
2023-04-07,P108,296,0
2023-04-08,P108,289,0
2023-04-09,P108,286,0
2023-04-10,P108,263,0
2023-04-11,P108,248,245
2023-04-12,P108,236,245
2023-04-13,P108,224,245
2023-04-14,P108,210,245
2023-04-15,P108,203,245
2023-04-16,P108,200,245
2023-04-17,P108,187,245
2023-04-18,P108,173,245
2023-04-19,P108,159,245
2023-04-20,P108,144,245
2023-04-21,P108,130,245
2023-04-22,P108,122,245
2023-04-23,P108,120,245
2023-04-24,P108,109,245
2023-04-25,P108,95,245
2023-04-26,P108,80,245
2023-04-27,P108,66,245
2023-04-28,P108,54,245
2023-04-29,P108,292,0
2023-04-30,P108,289,0
2023-05-01,P108,276,0
2023-05-02,P108,263,0
2023-05-03,P108,250,0
2023-05-04,P108,239,225
2023-05-05,P108,228,225
2023-05-06,P108,222,225
2023-05-07,P108,220,225
2023-05-08,P108,207,225
2023-05-09,P108,194,225
2023-05-10,P108,180,225
2023-05-11,P108,166,225
2023-05-12,P108,153,225
2023-05-13,P108,146,225
2023-05-14,P108,144,225
2023-05-15,P108,134,225
2023-05-16,P108,120,225
2023-05-17,P108,106,225
2023-05-18,P108,92,225
2023-05-19,P108,80,225
2023-05-20,P108,75,225
2023-05-21,P108,72,225
2023-05-22,P108,59,225
2023-05-23,P108,45,225
2023-05-24,P108,31,225
2023-05-25,P108,18,225
2023-05-26,P108,7,225
2023-05-27,P108,1,225
2023-05-28,P108,0,225
2023-05-29,P108,214,220
2023-05-30,P108,199,220
2023-05-31,P108,189,220
2023-06-01,P108,176,220
2023-06-02,P108,164,220
2023-06-03,P108,158,220
2023-06-04,P108,156,220
2023-06-05,P108,147,220
2023-06-06,P108,135,220
2023-06-07,P108,123,220
2023-06-08,P108,110,220
2023-06-09,P108,100,220
2023-06-10,P108,93,220
2023-06-11,P108,91,220
2023-06-12,P108,78,220
2023-06-13,P108,69,220
2023-06-14,P108,54,220
2023-06-15,P108,42,220
2023-06-16,P108,34,220
2023-06-17,P108,28,220
2023-06-18,P108,26,220
2023-06-19,P108,15,220
2023-06-20,P108,3,220
2023-06-21,P108,212,0
2023-06-22,P108,201,195
2023-06-23,P108,191,195
2023-06-24,P108,184,195
2023-06-25,P108,181,195
2023-06-26,P108,169,195
2023-06-27,P108,157,195
2023-06-28,P108,146,195
2023-06-29,P108,134,195
2023-06-30,P108,122,195
2023-07-01,P108,116,195
2023-07-02,P108,113,195
2023-07-03,P108,296,0
2023-07-04,P108,285,0
2023-07-05,P108,271,0
2023-07-06,P108,259,0
2023-07-07,P108,246,0
2023-07-08,P108,239,0
2023-07-09,P108,236,0
2023-07-10,P108,222,210
2023-07-11,P108,209,210
2023-07-12,P108,198,210
2023-07-13,P108,187,210
2023-07-14,P108,175,210
2023-07-15,P108,169,210
2023-07-16,P108,167,210
2023-07-17,P108,154,210
2023-07-18,P108,141,210
2023-07-19,P108,127,210
2023-07-20,P108,116,210
2023-07-21,P108,103,210
2023-07-22,P108,96,210
2023-07-23,P108,93,210
2023-07-24,P108,79,210
2023-07-25,P108,66,210
2023-07-26,P108,54,210
2023-07-27,P108,39,210
2023-07-28,P108,28,210
2023-07-29,P108,21,210
2023-07-30,P108,229,220
2023-07-31,P108,219,220
2023-08-01,P108,196,220
2023-08-02,P108,183,220
2023-08-03,P108,170,220
2023-08-04,P108,158,220
2023-08-05,P108,151,220
2023-08-06,P108,148,220
2023-08-07,P108,136,220
2023-08-08,P108,122,220
2023-08-09,P108,109,220
2023-08-10,P108,97,220
2023-08-11,P108,84,220
2023-08-12,P108,77,220
2023-08-13,P108,74,220
2023-08-14,P108,61,220
2023-08-15,P108,45,220
2023-08-16,P108,30,220
2023-08-17,P108,17,220
2023-08-18,P108,5,220
2023-08-19,P108,0,220
2023-08-20,P108,0,220
2023-08-21,P108,205,230
2023-08-22,P108,190,230
2023-08-23,P108,180,230
2023-08-24,P108,154,230
2023-08-25,P108,142,230
2023-08-26,P108,135,230
2023-08-27,P108,132,230
2023-08-28,P108,119,230
2023-08-29,P108,104,230
2023-08-30,P108,91,230
2023-08-31,P108,78,230
2023-09-01,P108,65,230
2023-09-02,P108,57,230
2023-09-03,P108,51,230
2023-09-04,P108,36,230
2023-09-05,P108,22,230
2023-09-06,P108,6,230
2023-09-07,P108,0,230
2023-09-08,P108,0,230
2023-09-09,P108,0,230
2023-09-10,P108,0,230
2023-09-11,P108,0,230
2023-09-12,P108,0,230
2023-09-13,P108,0,230
2023-09-14,P108,217,275
2023-09-15,P108,204,275
2023-09-16,P108,196,275
2023-09-17,P108,193,275
2023-09-18,P108,176,275
2023-09-19,P108,161,275
2023-09-20,P108,149,275
2023-09-21,P108,132,275
2023-09-22,P108,120,275
2023-09-23,P108,113,275
2023-09-24,P108,110,275
2023-09-25,P108,95,275
2023-09-26,P108,82,275
2023-09-27,P108,68,275
2023-09-28,P108,46,275
2023-09-29,P108,31,275
2023-09-30,P108,22,275
2023-10-01,P108,19,275
2023-10-02,P108,2,275
2023-10-03,P108,0,275
2023-10-04,P108,261,265
2023-10-05,P108,249,265
2023-10-06,P108,236,265
2023-10-07,P108,229,265
2023-10-08,P108,225,265
2023-10-09,P108,210,265
2023-10-10,P108,196,265
2023-10-11,P108,180,265
2023-10-12,P108,167,265
2023-10-13,P108,417,0
2023-10-14,P108,410,0
2023-10-15,P108,407,0
2023-10-16,P108,391,0
2023-10-17,P108,372,0
2023-10-18,P108,352,0
2023-10-19,P108,338,0
2023-10-20,P108,324,0
2023-10-21,P108,315,0
2023-10-22,P108,311,0
2023-10-23,P108,299,0
2023-10-24,P108,282,265
2023-10-25,P108,267,265
2023-10-26,P108,255,265
2023-10-27,P108,242,265
2023-10-28,P108,234,265
2023-10-29,P108,231,265
2023-10-30,P108,213,265
2023-10-31,P108,196,265
2023-11-01,P108,178,265
2023-11-02,P108,162,265
2023-11-03,P108,148,265
2023-11-04,P108,140,265
2023-11-05,P108,136,265
2023-11-06,P108,118,265
2023-11-07,P108,101,265
2023-11-08,P108,86,265
2023-11-09,P108,69,265
2023-11-10,P108,53,265
2023-11-11,P108,43,265
2023-11-12,P108,40,265
2023-11-13,P108,290,280
2023-11-14,P108,271,280
2023-11-15,P108,255,280
2023-11-16,P108,239,280
2023-11-17,P108,221,280
2023-11-18,P108,214,280
2023-11-19,P108,210,280
2023-11-20,P108,194,280
2023-11-21,P108,175,280
2023-11-22,P108,158,280
2023-11-23,P108,141,280
2023-11-24,P108,126,280
2023-11-25,P108,116,280
2023-11-26,P108,113,280
2023-11-27,P108,97,280
2023-11-28,P108,76,280
2023-11-29,P108,59,280
2023-11-30,P108,44,280
2023-12-01,P108,31,280
2023-12-02,P108,300,290
2023-12-03,P108,297,290
2023-12-04,P108,276,290
2023-12-05,P108,258,290
2023-12-06,P108,240,290
2023-12-07,P108,223,290
2023-12-08,P108,203,290
2023-12-09,P108,196,290
2023-12-10,P108,192,290
2023-12-11,P108,175,290
2023-12-12,P108,158,290
2023-12-13,P108,140,290
2023-12-14,P108,124,290
2023-12-15,P108,108,290
2023-12-16,P108,389,0
2023-12-17,P108,386,0
2023-12-18,P108,368,0
2023-12-19,P108,349,0
2023-12-20,P108,333,0
2023-12-21,P108,313,300
2023-12-22,P108,295,300
2023-12-23,P108,285,300
2023-12-24,P108,281,300
2023-12-25,P108,264,300
2023-12-26,P108,244,300
2023-12-27,P108,224,300
2023-12-28,P108,206,300
2023-12-29,P108,191,300
2023-12-30,P108,182,300
2023-12-31,P108,178,300
2024-01-01,P108,159,300
2024-01-02,P108,141,300
2024-01-03,P108,125,300
2024-01-04,P108,105,300
2024-01-05,P108,391,0
2024-01-06,P108,383,0
2024-01-07,P108,380,0
2024-01-08,P108,365,0
2024-01-09,P108,345,0
2024-01-10,P108,325,0
2024-01-11,P108,308,295
2024-01-12,P108,291,295
2024-01-13,P108,282,295
2024-01-14,P108,279,295
2024-01-15,P108,258,295
2024-01-16,P108,238,295
2024-01-17,P108,220,295
2024-01-18,P108,205,295
2024-01-19,P108,189,295
2024-01-20,P108,181,295
2024-01-21,P108,177,295
2024-01-22,P108,160,295
2024-01-23,P108,143,295
2024-01-24,P108,129,295
2024-01-25,P108,109,295
2024-01-26,P108,93,295
2024-01-27,P108,84,295
2024-01-28,P108,376,0
2024-01-29,P108,362,0
2024-01-30,P108,345,0
2024-01-31,P108,329,0
2024-02-01,P108,311,0
2024-02-02,P108,276,310
2024-02-03,P108,267,310
2024-02-04,P108,263,310
2024-02-05,P108,243,310
2024-02-06,P108,225,310
2024-02-07,P108,206,310
2024-02-08,P108,189,310
2024-02-09,P108,177,310
2024-02-10,P108,169,310
2024-02-11,P108,166,310
2024-02-12,P108,149,310
2024-02-13,P108,134,310
2024-02-14,P108,116,310
2024-02-15,P108,98,310
2024-02-16,P108,81,310
2024-02-17,P108,71,310
2024-02-18,P108,68,310
2024-02-19,P108,54,310
2024-02-20,P108,32,310
2024-02-21,P108,14,310
2024-02-22,P108,0,310
2024-02-23,P108,0,310
2024-02-24,P108,0,310
2024-02-25,P108,0,310
2024-02-26,P108,0,310
2024-02-27,P108,0,310
2024-02-28,P108,0,310
2024-02-29,P108,0,310
2024-03-01,P108,291,300
2024-03-02,P108,283,300
2024-03-03,P108,280,300
2024-03-04,P108,264,300
2024-03-05,P108,247,300
2024-03-06,P108,232,300
2024-03-07,P108,215,300
2024-03-08,P108,200,300
2024-03-09,P108,193,300
2024-03-10,P108,190,300
2024-03-11,P108,175,300
2024-03-12,P108,159,300
2024-03-13,P108,143,300
2024-03-14,P108,127,300
2024-03-15,P108,96,300
2024-03-16,P108,88,300
2024-03-17,P108,85,300
2024-03-18,P108,73,300
2024-03-19,P108,56,300
2024-03-20,P108,40,300
2024-03-21,P108,27,300
2024-03-22,P108,12,300
2024-03-23,P108,304,0
2024-03-24,P108,301,280
2024-03-25,P108,285,280
2024-03-26,P108,269,280
2024-03-27,P108,252,280
2024-03-28,P108,238,280
2024-03-29,P108,224,280
2024-03-30,P108,217,280
2024-03-31,P108,214,280
2024-04-01,P108,190,280
2024-04-02,P108,174,280
2024-04-03,P108,159,280
2024-04-04,P108,143,280
2024-04-05,P108,131,280
2024-04-06,P108,123,280
2024-04-07,P108,120,280
2024-04-08,P108,105,280
2024-04-09,P108,92,280
2024-04-10,P108,76,280
2024-04-11,P108,65,280
2024-04-12,P108,53,280
2024-04-13,P108,47,280
2024-04-14,P108,324,0
2024-04-15,P108,309,0
2024-04-16,P108,294,0
2024-04-17,P108,277,0
2024-04-18,P108,264,0
2024-04-19,P108,250,240
2024-04-20,P108,243,240
2024-04-21,P108,240,240
2024-04-22,P108,224,240
2024-04-23,P108,206,240
2024-04-24,P108,181,240
2024-04-25,P108,156,240
2024-04-26,P108,143,240
2024-04-27,P108,136,240
2024-04-28,P108,133,240
2024-04-29,P108,120,240
2024-04-30,P108,111,240
2024-05-01,P108,95,240
2024-05-02,P108,83,240
2024-05-03,P108,71,240
2024-05-04,P108,64,240
2024-05-05,P108,61,240
2024-05-06,P108,47,240
2024-05-07,P108,33,240
2024-05-08,P108,20,240
2024-05-09,P108,7,240
2024-05-10,P108,0,240
2024-05-11,P108,232,220
2024-05-12,P108,230,220
2024-05-13,P108,218,220
2024-05-14,P108,203,220
2024-05-15,P108,191,220
2024-05-16,P108,179,220
2024-05-17,P108,158,220
2024-05-18,P108,151,220
2024-05-19,P108,148,220
2024-05-20,P108,125,220
2024-05-21,P108,333,0
2024-05-22,P108,319,0
2024-05-23,P108,304,0
2024-05-24,P108,294,0
2024-05-25,P108,288,0
2024-05-26,P108,285,0
2024-05-27,P108,270,0
2024-05-28,P108,260,245
2024-05-29,P108,246,245
2024-05-30,P108,231,245
2024-05-31,P108,220,245
2024-06-01,P108,212,245
2024-06-02,P108,209,245
2024-06-03,P108,196,245
2024-06-04,P108,184,245
2024-06-05,P108,169,245
2024-06-06,P108,155,245
2024-06-07,P108,141,245
2024-06-08,P108,133,245
2024-06-09,P108,130,245
2024-06-10,P108,113,245
2024-06-11,P108,98,245
2024-06-12,P108,84,245
2024-06-13,P108,73,245
2024-06-14,P108,63,245
2024-06-15,P108,57,245
2024-06-16,P108,55,245
2024-06-17,P108,40,245
2024-06-18,P108,26,245
2024-06-19,P108,259,0
2024-06-20,P108,247,0
2024-06-21,P108,227,235
2024-06-22,P108,220,235
2024-06-23,P108,218,235
2024-06-24,P108,205,235
2024-06-25,P108,191,235
2024-06-26,P108,179,235
2024-06-27,P108,164,235
2024-06-28,P108,152,235
2024-06-29,P108,146,235
2024-06-30,P108,143,235
2024-07-01,P108,116,235
2024-07-02,P108,102,235
2024-07-03,P108,91,235
2024-07-04,P108,77,235
2024-07-05,P108,62,235
2024-07-06,P108,56,235
2024-07-07,P108,53,235
2024-07-08,P108,41,235
2024-07-09,P108,24,235
2024-07-10,P108,9,235
2024-07-11,P108,0,235
2024-07-12,P108,0,235
2024-07-13,P108,0,235
2024-07-14,P108,0,235
2024-07-15,P108,0,235
2024-07-16,P108,0,235
2024-07-17,P108,0,235
2024-07-18,P108,0,235
2024-07-19,P108,0,235
2024-07-20,P108,0,235
2024-07-21,P108,0,235
2024-07-22,P108,0,235
2024-07-23,P108,0,235
2024-07-24,P108,0,235
2024-07-25,P108,0,235
2024-07-26,P108,0,235
2024-07-27,P108,0,235
2024-07-28,P108,232,225
2024-07-29,P108,221,225
2024-07-30,P108,210,225
2024-07-31,P108,197,225
2024-08-01,P108,184,225
2024-08-02,P108,173,225
2024-08-03,P108,167,225
2024-08-04,P108,164,225
2024-08-05,P108,149,225
2024-08-06,P108,137,225
2024-08-07,P108,124,225
2024-08-08,P108,110,225
2024-08-09,P108,98,225
2024-08-10,P108,91,225
2024-08-11,P108,88,225
2024-08-12,P108,72,225
2024-08-13,P108,56,225
2024-08-14,P108,43,225
2024-08-15,P108,28,225
2024-08-16,P108,6,225
2024-08-17,P108,0,225
2024-08-18,P108,222,250
2024-08-19,P108,210,250
2024-08-20,P108,193,250
2024-08-21,P108,176,250
2024-08-22,P108,163,250
2024-08-23,P108,151,250
2024-08-24,P108,143,250
2024-08-25,P108,140,250
2024-08-26,P108,127,250
2024-08-27,P108,112,250
2024-08-28,P108,97,250
2024-08-29,P108,84,250
2024-08-30,P108,53,250
2024-08-31,P108,46,250
2024-09-01,P108,43,250
2024-09-02,P108,28,250
2024-09-03,P108,265,265
2024-09-04,P108,253,265
2024-09-05,P108,237,265
2024-09-06,P108,224,265
2024-09-07,P108,214,265
2024-09-08,P108,210,265
2024-09-09,P108,196,265
2024-09-10,P108,176,265
2024-09-11,P108,150,265
2024-09-12,P108,136,265
2024-09-13,P108,126,265
2024-09-14,P108,118,265
2024-09-15,P108,115,265
2024-09-16,P108,99,265
2024-09-17,P108,348,0
2024-09-18,P108,334,0
2024-09-19,P108,319,0
2024-09-20,P108,303,0
2024-09-21,P108,295,275
2024-09-22,P108,292,275
2024-09-23,P108,279,275
2024-09-24,P108,247,275
2024-09-25,P108,233,275
2024-09-26,P108,216,275
2024-09-27,P108,202,275
2024-09-28,P108,194,275
2024-09-29,P108,190,275
2024-09-30,P108,175,275
2024-10-01,P108,159,275
2024-10-02,P108,142,275
2024-10-03,P108,129,275
2024-10-04,P108,112,275
2024-10-05,P108,103,275
2024-10-06,P108,99,275
2024-10-07,P108,89,275
2024-10-08,P108,61,275
2024-10-09,P108,47,275
2024-10-10,P108,29,275
2024-10-11,P108,12,275
2024-10-12,P108,3,275
2024-10-13,P108,0,275
2024-10-14,P108,256,290
2024-10-15,P108,239,290
2024-10-16,P108,198,290
2024-10-17,P108,181,290
2024-10-18,P108,164,290
2024-10-19,P108,156,290
2024-10-20,P108,152,290
2024-10-21,P108,134,290
2024-10-22,P108,114,290
2024-10-23,P108,386,0
2024-10-24,P108,369,0
2024-10-25,P108,352,335
2024-10-26,P108,342,335
2024-10-27,P108,335,335
2024-10-28,P108,318,335
2024-10-29,P108,304,335
2024-10-30,P108,285,335
2024-10-31,P108,271,335
2024-11-01,P108,255,335
2024-11-02,P108,246,335
2024-11-03,P108,243,335
2024-11-04,P108,225,335
2024-11-05,P108,203,335
2024-11-06,P108,186,335
2024-11-07,P108,167,335
2024-11-08,P108,130,335
2024-11-09,P108,120,335
2024-11-10,P108,117,335
2024-11-11,P108,99,335
2024-11-12,P108,80,335
2024-11-13,P108,59,335
2024-11-14,P108,39,335
2024-11-15,P108,27,335
2024-11-16,P108,19,335
2024-11-17,P108,15,335
2024-11-18,P108,0,335
2024-11-19,P108,324,320
2024-11-20,P108,307,320
2024-11-21,P108,289,320
2024-11-22,P108,273,320
2024-11-23,P108,265,320
2024-11-24,P108,261,320
2024-11-25,P108,242,320
2024-11-26,P108,224,320
2024-11-27,P108,203,320
2024-11-28,P108,185,320
2024-11-29,P108,170,320
2024-11-30,P108,162,320
2024-12-01,P108,158,320
2024-12-02,P108,138,320
2024-12-03,P108,121,320
2024-12-04,P108,101,320
2024-12-05,P108,83,320
2024-12-06,P108,62,320
2024-12-07,P108,52,320
2024-12-08,P108,49,320
2024-12-09,P108,29,320
2024-12-10,P108,9,320
2024-12-11,P108,311,315
2024-12-12,P108,295,315
2024-12-13,P108,277,315
2024-12-14,P108,267,315
2024-12-15,P108,264,315
2024-12-16,P108,245,315
2024-12-17,P108,227,315
2024-12-18,P108,197,315
2024-12-19,P108,180,315
2024-12-20,P108,160,315
2024-12-21,P108,149,315
2024-12-22,P108,145,315
2024-12-23,P108,126,315
2024-12-24,P108,106,315
2024-12-25,P108,87,315
2024-12-26,P108,71,315
2024-12-27,P108,55,315
2024-12-28,P108,46,315
2024-12-29,P108,42,315
2024-12-30,P108,22,315
2024-12-31,P108,5,315
2025-01-01,P108,0,315
2025-01-02,P108,0,315
2025-01-03,P108,0,315
2025-01-04,P108,306,305
2025-01-05,P108,302,305
2025-01-06,P108,284,305
2025-01-07,P108,265,305
2025-01-08,P108,246,305
2025-01-09,P108,230,305
2025-01-10,P108,213,305
2025-01-11,P108,202,305
2025-01-12,P108,198,305
2025-01-13,P108,182,305
2025-01-14,P108,166,305
2025-01-15,P108,147,305
2025-01-16,P108,127,305
2025-01-17,P108,109,305
2025-01-18,P108,99,305
2025-01-19,P108,96,305
2025-01-20,P108,79,305
2025-01-21,P108,65,305
2025-01-22,P108,352,0
2025-01-23,P108,338,0
2025-01-24,P108,319,295
2025-01-25,P108,308,295
2025-01-26,P108,304,295
2025-01-27,P108,289,295
2025-01-28,P108,270,295
2025-01-29,P108,248,295
2025-01-30,P108,229,295
2025-01-31,P108,210,295
2025-02-01,P108,201,295
2025-02-02,P108,198,295
2025-02-03,P108,180,295
2025-02-04,P108,166,295
2025-02-05,P108,144,295
2025-02-06,P108,126,295
2025-02-07,P108,108,295
2025-02-08,P108,99,295
2025-02-09,P108,96,295
2025-02-10,P108,76,295
2025-02-11,P108,60,295
2025-02-12,P108,42,295
2025-02-13,P108,24,295
2025-02-14,P108,7,295
2025-02-15,P108,0,295
2025-02-16,P108,0,295
2025-02-17,P108,0,295
2025-02-18,P108,0,295
2025-02-19,P108,0,295
2025-02-20,P108,278,300
2025-02-21,P108,263,300
2025-02-22,P108,252,300
2025-02-23,P108,249,300
2025-02-24,P108,235,300
2025-02-25,P108,217,300
2025-02-26,P108,200,300
2025-02-27,P108,181,300
2025-02-28,P108,164,300
2025-03-01,P108,155,300
2025-03-02,P108,151,300
2025-03-03,P108,133,300
2025-03-04,P108,112,300
2025-03-05,P108,94,300
2025-03-06,P108,79,300
2025-03-07,P108,63,300
2025-03-08,P108,57,300
2025-03-09,P108,54,300
2025-03-10,P108,335,0
2025-03-11,P108,317,300
2025-03-12,P108,300,300
2025-03-13,P108,283,300
2025-03-14,P108,266,300
2025-03-15,P108,256,300
2025-03-16,P108,252,300
2025-03-17,P108,236,300
2025-03-18,P108,223,300
2025-03-19,P108,205,300
2025-03-20,P108,188,300
2025-03-21,P108,173,300
2025-03-22,P108,165,300
2025-03-23,P108,161,300
2025-03-24,P108,146,300
2025-03-25,P108,130,300
2025-03-26,P108,414,0
2025-03-27,P108,398,0
2025-03-28,P108,385,0
2025-03-29,P108,376,0
2025-03-30,P108,373,0
2025-03-31,P108,359,0
2025-04-01,P108,341,0
2025-04-02,P108,327,0
2025-04-03,P108,310,0
2025-04-04,P108,295,0
2025-04-05,P108,288,0
2025-04-06,P108,284,265
2025-04-07,P108,268,265
2025-04-08,P108,251,265
2025-04-09,P108,234,265
2025-04-10,P108,216,265
2025-04-11,P108,201,265
2025-04-12,P108,193,265
2025-04-13,P108,190,265
2025-04-14,P108,175,265
2025-04-15,P108,162,265
2025-04-16,P108,146,265
2025-04-17,P108,129,265
2025-04-18,P108,114,265
2025-04-19,P108,107,265
2025-04-20,P108,104,265
2025-04-21,P108,90,265
2025-04-22,P108,78,265
2025-04-23,P108,61,265
2025-04-24,P108,48,265
2025-04-25,P108,31,265
2025-04-26,P108,287,0
2025-04-27,P108,284,0
2025-04-28,P108,269,255
2025-04-29,P108,250,255
2025-04-30,P108,221,255
2025-05-01,P108,206,255
2025-05-02,P108,188,255
2025-05-03,P108,180,255
2025-05-04,P108,177,255
2025-05-05,P108,164,255
2025-05-06,P108,152,255
2025-05-07,P108,138,255
2025-05-08,P108,124,255
2025-05-09,P108,110,255
2025-05-10,P108,104,255
2025-05-11,P108,101,255
2025-05-12,P108,343,0
2025-05-13,P108,327,0
2025-05-14,P108,311,0
2025-05-15,P108,298,0
2025-05-16,P108,286,0
2025-05-17,P108,277,0
2025-05-18,P108,274,0
2025-05-19,P108,260,0
2025-05-20,P108,243,245
2025-05-21,P108,220,245
2025-05-22,P108,207,245
2025-05-23,P108,195,245
2025-05-24,P108,188,245
2025-05-25,P108,185,245
2025-05-26,P108,169,245
2025-05-27,P108,155,245
2025-05-28,P108,139,245
2025-05-29,P108,126,245
2025-05-30,P108,114,245
2025-05-31,P108,108,245
2025-06-01,P108,105,245
2025-06-02,P108,93,245
2025-06-03,P108,76,245
2025-06-04,P108,61,245
2025-06-05,P108,48,245
2025-06-06,P108,278,0
2025-06-07,P108,272,0
2025-06-08,P108,266,0
2025-06-09,P108,249,245
2025-06-10,P108,235,245
2025-06-11,P108,217,245
2025-06-12,P108,202,245
2025-06-13,P108,187,245
2025-06-14,P108,179,245
2025-06-15,P108,176,245
2025-06-16,P108,163,245
2025-06-17,P108,149,245
2025-06-18,P108,137,245
2025-06-19,P108,124,245
2025-06-20,P108,111,245
2025-06-21,P108,103,245
2025-06-22,P108,100,245
2025-06-23,P108,83,245
2025-06-24,P108,72,245
2025-06-25,P108,305,0
2025-06-26,P108,292,0
2025-06-27,P108,277,0
2025-06-28,P108,270,0
2025-06-29,P108,268,0
2025-06-30,P108,255,0
2025-07-01,P108,243,0
2025-07-02,P108,231,225
2025-07-03,P108,214,225
2025-07-04,P108,202,225
2025-07-05,P108,195,225
2025-07-06,P108,192,225
2025-07-07,P108,179,225
2025-07-08,P108,166,225
2025-07-09,P108,139,225
2025-07-10,P108,125,225
2025-07-11,P108,110,225
2025-07-12,P108,102,225
2025-07-13,P108,100,225
2025-07-14,P108,310,0
2025-07-15,P108,295,0
2025-07-16,P108,282,0
2025-07-17,P108,268,255
2025-07-18,P108,254,255
2025-07-19,P108,243,255
2025-07-20,P108,240,255
2025-07-21,P108,227,255
2025-07-22,P108,209,255
2025-07-23,P108,198,255
2025-07-24,P108,183,255
2025-07-25,P108,169,255
2025-07-26,P108,161,255
2025-07-27,P108,158,255
2025-07-28,P108,142,255
2025-07-29,P108,127,255
2025-07-30,P108,114,255
2025-07-31,P108,101,255
2025-08-01,P108,87,255
2025-08-02,P108,81,255
2025-08-03,P108,77,255
2025-08-04,P108,50,255
2025-08-05,P108,32,255
2025-08-06,P108,14,255
2025-08-07,P108,0,255
2025-08-08,P108,0,255
2025-08-09,P108,250,265
2025-08-10,P108,247,265
2025-08-11,P108,229,265
2025-08-12,P108,215,265
2025-08-13,P108,200,265
2025-08-14,P108,186,265
2025-08-15,P108,171,265
2025-08-16,P108,162,265
2025-08-17,P108,159,265
2025-08-18,P108,146,265
2025-08-19,P108,128,265
2025-08-20,P108,111,265
2025-08-21,P108,96,265
2025-08-22,P108,60,265
2025-08-23,P108,53,265
2025-08-24,P108,50,265
2025-08-25,P108,300,290
2025-08-26,P108,283,290
2025-08-27,P108,271,290
2025-08-28,P108,256,290
2025-08-29,P108,240,290
2025-08-30,P108,232,290
2025-08-31,P108,228,290
2025-09-01,P108,210,290
2025-09-02,P108,183,290
2025-09-03,P108,456,0
2025-09-04,P108,442,0
2025-09-05,P108,427,0
2025-09-06,P108,418,0
2025-09-07,P108,415,0
2025-09-08,P108,398,0
2025-09-09,P108,382,0
2025-09-10,P108,367,0
2025-09-11,P108,350,0
2025-09-12,P108,336,0
2025-09-13,P108,328,0
2025-09-14,P108,324,0
2025-09-15,P108,308,285
2025-09-16,P108,294,285
2025-09-17,P108,276,285
2025-09-18,P108,260,285
2025-09-19,P108,247,285
2025-09-20,P108,241,285
2025-09-21,P108,237,285
2025-09-22,P108,222,285
2025-09-23,P108,207,285
2025-09-24,P108,189,285
2025-09-25,P108,171,285
2025-09-26,P108,157,285
2025-09-27,P108,147,285
2025-09-28,P108,143,285
2025-09-29,P108,409,0
2025-09-30,P108,389,0
2025-10-01,P108,371,0
2025-10-02,P108,355,0
2025-10-03,P108,339,0
2025-10-04,P108,330,0
2025-10-05,P108,327,0
2025-10-06,P108,311,290
2025-10-07,P108,296,290
2025-10-08,P108,278,290
2025-10-09,P108,261,290
2025-10-10,P108,246,290
2025-10-11,P108,236,290
2025-10-12,P108,233,290
2025-10-13,P108,217,290
2025-10-14,P108,197,290
2025-10-15,P108,177,290
2025-10-16,P108,161,290
2025-10-17,P108,144,290
2025-10-18,P108,136,290
2025-10-19,P108,132,290
2025-10-20,P108,105,290
2025-10-21,P108,85,290
2025-10-22,P108,356,0
2025-10-23,P108,338,315
2025-10-24,P108,323,315
2025-10-25,P108,313,315
2025-10-26,P108,309,315
2025-10-27,P108,289,315
2025-10-28,P108,272,315
2025-10-29,P108,251,315
2025-10-30,P108,235,315
2025-10-31,P108,218,315
2025-11-01,P108,209,315
2025-11-02,P108,206,315
2025-11-03,P108,188,315
2025-11-04,P108,483,0
2025-11-05,P108,468,0
2025-11-06,P108,450,0
2025-11-07,P108,436,0
2025-11-08,P108,424,0
2025-11-09,P108,420,0
2025-11-10,P108,401,0
2025-11-11,P108,381,0
2025-11-12,P108,361,0
2025-11-13,P108,340,0
2025-11-14,P108,325,310
2025-11-15,P108,314,310
2025-11-16,P108,310,310
2025-11-17,P108,291,310
2025-11-18,P108,272,310
2025-11-19,P108,259,310
2025-11-20,P108,243,310
2025-11-21,P108,224,310
2025-11-22,P108,213,310
2025-11-23,P108,209,310
2025-11-24,P108,190,310
2025-11-25,P108,166,310
2025-11-26,P108,454,0
2025-11-27,P108,436,0
2025-11-28,P108,413,0
2025-11-29,P108,404,0
2025-11-30,P108,401,0
2025-12-01,P108,383,0
2025-12-02,P108,365,0
2025-12-03,P108,346,330
2025-12-04,P108,325,330
2025-12-05,P108,307,330
2025-12-06,P108,297,330
2025-12-07,P108,293,330
2025-12-08,P108,279,330
2025-12-09,P108,262,330
2025-12-10,P108,243,330
2025-12-11,P108,226,330
2025-12-12,P108,208,330
2025-12-13,P108,196,330
2025-12-14,P108,192,330
2025-12-15,P108,175,330
2025-12-16,P108,157,330
2025-12-17,P108,133,330
2025-12-18,P108,110,330
2025-12-19,P108,90,330
2025-12-20,P108,82,330
2025-12-21,P108,78,330
2025-12-22,P108,58,330
2025-12-23,P108,368,0
2025-12-24,P108,349,335
2025-12-25,P108,330,335
2025-12-26,P108,301,335
2025-12-27,P108,292,335
2025-12-28,P108,287,335
2025-12-29,P108,266,335
2025-12-30,P108,246,335
2025-12-31,P108,225,335
2023-01-01,P109,1433,0
2023-01-02,P109,1346,0
2023-01-03,P109,1266,0
2023-01-04,P109,1189,1205
2023-01-05,P109,1116,1205
2023-01-06,P109,1053,1205
2023-01-07,P109,1017,1205
2023-01-08,P109,1001,1205
2023-01-09,P109,939,1205
2023-01-10,P109,876,1205
2023-01-11,P109,809,1205
2023-01-12,P109,736,1205
2023-01-13,P109,678,1205
2023-01-14,P109,643,1205
2023-01-15,P109,629,1205
2023-01-16,P109,569,1205
2023-01-17,P109,518,1205
2023-01-18,P109,457,1205
2023-01-19,P109,388,1205
2023-01-20,P109,321,1205
2023-01-21,P109,1489,0
2023-01-22,P109,1474,0
2023-01-23,P109,1412,0
2023-01-24,P109,1349,0
2023-01-25,P109,1279,0
2023-01-26,P109,1215,0
2023-01-27,P109,1147,0
2023-01-28,P109,1111,0
2023-01-29,P109,1095,0
2023-01-30,P109,1033,975
2023-01-31,P109,957,975
2023-02-01,P109,876,975
2023-02-02,P109,811,975
2023-02-03,P109,747,975
2023-02-04,P109,717,975
2023-02-05,P109,702,975
2023-02-06,P109,630,975
2023-02-07,P109,567,975
2023-02-08,P109,498,975
2023-02-09,P109,433,975
2023-02-10,P109,371,975
2023-02-11,P109,335,975
2023-02-12,P109,1286,0
2023-02-13,P109,1224,0
2023-02-14,P109,1153,0
2023-02-15,P109,1082,1015
2023-02-16,P109,1024,1015
2023-02-17,P109,966,1015
2023-02-18,P109,940,1015
2023-02-19,P109,926,1015
2023-02-20,P109,856,1015
2023-02-21,P109,794,1015
2023-02-22,P109,731,1015
2023-02-23,P109,672,1015
2023-02-24,P109,617,1015
2023-02-25,P109,585,1015
2023-02-26,P109,574,1015
2023-02-27,P109,516,1015
2023-02-28,P109,460,1015
2023-03-01,P109,395,1015
2023-03-02,P109,335,1015
2023-03-03,P109,282,1015
2023-03-04,P109,251,1015
2023-03-05,P109,1254,0
2023-03-06,P109,1188,0
2023-03-07,P109,1130,0
2023-03-08,P109,1067,0
2023-03-09,P109,1014,0
2023-03-10,P109,955,890
2023-03-11,P109,922,890
2023-03-12,P109,909,890
2023-03-13,P109,842,890
2023-03-14,P109,781,890
2023-03-15,P109,715,890
2023-03-16,P109,649,890
2023-03-17,P109,602,890
2023-03-18,P109,575,890
2023-03-19,P109,565,890
2023-03-20,P109,502,890
2023-03-21,P109,454,890
2023-03-22,P109,408,890
2023-03-23,P109,360,890
2023-03-24,P109,318,890
2023-03-25,P109,288,890
2023-03-26,P109,278,890
2023-03-27,P109,233,890
2023-03-28,P109,176,890
2023-03-29,P109,120,890
2023-03-30,P109,77,890
2023-03-31,P109,30,890
2023-04-01,P109,892,0
2023-04-02,P109,881,0
2023-04-03,P109,829,0
2023-04-04,P109,766,760
2023-04-05,P109,698,760
2023-04-06,P109,647,760
2023-04-07,P109,604,760
2023-04-08,P109,577,760
2023-04-09,P109,566,760
2023-04-10,P109,513,760
2023-04-11,P109,454,760
2023-04-12,P109,387,760
2023-04-13,P109,345,760
2023-04-14,P109,298,760
2023-04-15,P109,266,760
2023-04-16,P109,256,760
2023-04-17,P109,199,760
2023-04-18,P109,141,760
2023-04-19,P109,841,815
2023-04-20,P109,779,815
2023-04-21,P109,728,815
2023-04-22,P109,706,815
2023-04-23,P109,696,815
2023-04-24,P109,632,815
2023-04-25,P109,587,815
2023-04-26,P109,532,815
2023-04-27,P109,495,815
2023-04-28,P109,454,815
2023-04-29,P109,425,815
2023-04-30,P109,414,815
2023-05-01,P109,365,815
2023-05-02,P109,1132,0
2023-05-03,P109,1091,0
2023-05-04,P109,1036,0
2023-05-05,P109,989,0
2023-05-06,P109,949,0
2023-05-07,P109,938,0
2023-05-08,P109,884,0
2023-05-09,P109,832,0
2023-05-10,P109,779,750
2023-05-11,P109,728,750
2023-05-12,P109,684,750
2023-05-13,P109,657,750
2023-05-14,P109,646,750
2023-05-15,P109,589,750
2023-05-16,P109,532,750
2023-05-17,P109,484,750
2023-05-18,P109,430,750
2023-05-19,P109,379,750
2023-05-20,P109,355,750
2023-05-21,P109,345,750
2023-05-22,P109,290,750
2023-05-23,P109,229,750
2023-05-24,P109,187,750
2023-05-25,P109,127,750
2023-05-26,P109,73,750
2023-05-27,P109,46,750
2023-05-28,P109,36,750
2023-05-29,P109,0,750
2023-05-30,P109,0,750
2023-05-31,P109,0,750
2023-06-01,P109,0,750
2023-06-02,P109,0,750
2023-06-03,P109,0,750
2023-06-04,P109,739,845
2023-06-05,P109,686,845
2023-06-06,P109,632,845
2023-06-07,P109,584,845
2023-06-08,P109,493,845
2023-06-09,P109,443,845
2023-06-10,P109,416,845
2023-06-11,P109,406,845
2023-06-12,P109,351,845
2023-06-13,P109,295,845
2023-06-14,P109,239,845
2023-06-15,P109,183,845
2023-06-16,P109,134,845
2023-06-17,P109,107,845
2023-06-18,P109,939,0
2023-06-19,P109,891,845
2023-06-20,P109,847,845
2023-06-21,P109,789,845
2023-06-22,P109,739,845
2023-06-23,P109,694,845
2023-06-24,P109,663,845
2023-06-25,P109,652,845
2023-06-26,P109,605,845
2023-06-27,P109,536,845
2023-06-28,P109,490,845
2023-06-29,P109,436,845
2023-06-30,P109,395,845
2023-07-01,P109,366,845
2023-07-02,P109,355,845
2023-07-03,P109,232,845
2023-07-04,P109,174,845
2023-07-05,P109,954,895
2023-07-06,P109,901,895
2023-07-07,P109,857,895
2023-07-08,P109,827,895
2023-07-09,P109,816,895
2023-07-10,P109,771,895
2023-07-11,P109,719,895
2023-07-12,P109,666,895
2023-07-13,P109,600,895
2023-07-14,P109,542,895
2023-07-15,P109,513,895
2023-07-16,P109,500,895
2023-07-17,P109,455,895
2023-07-18,P109,398,895
2023-07-19,P109,336,895
2023-07-20,P109,277,895
2023-07-21,P109,1120,0
2023-07-22,P109,1089,0
2023-07-23,P109,1076,0
2023-07-24,P109,1016,0
2023-07-25,P109,948,875
2023-07-26,P109,885,875
2023-07-27,P109,822,875
2023-07-28,P109,754,875
2023-07-29,P109,720,875
2023-07-30,P109,705,875
2023-07-31,P109,648,875
2023-08-01,P109,595,875
2023-08-02,P109,1408,0
2023-08-03,P109,1348,0
2023-08-04,P109,1280,0
2023-08-05,P109,1252,0
2023-08-06,P109,1239,0
2023-08-07,P109,1173,0
2023-08-08,P109,1107,0
2023-08-09,P109,1044,0
2023-08-10,P109,979,945
2023-08-11,P109,912,945
2023-08-12,P109,873,945
2023-08-13,P109,860,945
2023-08-14,P109,801,945
2023-08-15,P109,722,945
2023-08-16,P109,664,945
2023-08-17,P109,587,945
2023-08-18,P109,516,945
2023-08-19,P109,476,945
2023-08-20,P109,461,945
2023-08-21,P109,1295,0
2023-08-22,P109,1234,0
2023-08-23,P109,1164,1085
2023-08-24,P109,1103,1085
2023-08-25,P109,1042,1085
2023-08-26,P109,1005,1085
2023-08-27,P109,991,1085
2023-08-28,P109,932,1085
2023-08-29,P109,854,1085
2023-08-30,P109,780,1085
2023-08-31,P109,714,1085
2023-09-01,P109,644,1085
2023-09-02,P109,608,1085
2023-09-03,P109,592,1085
2023-09-04,P109,521,1085
2023-09-05,P109,392,1085
2023-09-06,P109,1420,0
2023-09-07,P109,1347,0
2023-09-08,P109,1283,0
2023-09-09,P109,1250,0
2023-09-10,P109,1233,0
2023-09-11,P109,1155,1135
2023-09-12,P109,1097,1135
2023-09-13,P109,1018,1135
2023-09-14,P109,942,1135
2023-09-15,P109,879,1135
2023-09-16,P109,845,1135
2023-09-17,P109,833,1135
2023-09-18,P109,763,1135
2023-09-19,P109,689,1135
2023-09-20,P109,608,1135
2023-09-21,P109,1668,0
2023-09-22,P109,1607,0
2023-09-23,P109,1568,0
2023-09-24,P109,1553,0
2023-09-25,P109,1487,0
2023-09-26,P109,1423,0
2023-09-27,P109,1290,0
2023-09-28,P109,1212,1140
2023-09-29,P109,1137,1140
2023-09-30,P109,1101,1140
2023-10-01,P109,1085,1140
2023-10-02,P109,1021,1140
2023-10-03,P109,867,1140
2023-10-04,P109,790,1140
2023-10-05,P109,713,1140
2023-10-06,P109,654,1140
2023-10-07,P109,619,1140
2023-10-08,P109,604,1140
2023-10-09,P109,519,1140
2023-10-10,P109,446,1140
2023-10-11,P109,366,1140
2023-10-12,P109,288,1140
2023-10-13,P109,217,1140
2023-10-14,P109,176,1140
2023-10-15,P109,1302,1215
2023-10-16,P109,1230,1215
2023-10-17,P109,1137,1215
2023-10-18,P109,1044,1215
2023-10-19,P109,960,1215
2023-10-20,P109,877,1215
2023-10-21,P109,845,1215
2023-10-22,P109,830,1215
2023-10-23,P109,754,1215
2023-10-24,P109,651,1215
2023-10-25,P109,574,1215
2023-10-26,P109,489,1215
2023-10-27,P109,411,1215
2023-10-28,P109,368,1215
2023-10-29,P109,352,1215
2023-10-30,P109,283,1215
2023-10-31,P109,225,1215
2023-11-01,P109,133,1215
2023-11-02,P109,1275,1185
2023-11-03,P109,1215,1185
2023-11-04,P109,1172,1185
2023-11-05,P109,1155,1185
2023-11-06,P109,1069,1185
2023-11-07,P109,976,1185
2023-11-08,P109,903,1185
2023-11-09,P109,831,1185
2023-11-10,P109,758,1185
2023-11-11,P109,713,1185
2023-11-12,P109,700,1185
2023-11-13,P109,619,1185
2023-11-14,P109,527,1185
2023-11-15,P109,437,1185
2023-11-16,P109,1536,0
2023-11-17,P109,1451,0
2023-11-18,P109,1407,0
2023-11-19,P109,1387,0
2023-11-20,P109,1304,1250
2023-11-21,P109,1209,1250
2023-11-22,P109,1138,1250
2023-11-23,P109,1074,1250
2023-11-24,P109,983,1250
2023-11-25,P109,946,1250
2023-11-26,P109,930,1250
2023-11-27,P109,845,1250
2023-11-28,P109,755,1250
2023-11-29,P109,664,1250
2023-11-30,P109,583,1250
2023-12-01,P109,516,1250
2023-12-02,P109,471,1250
2023-12-03,P109,453,1250
2023-12-04,P109,389,1250
2023-12-05,P109,1543,0
2023-12-06,P109,1484,0
2023-12-07,P109,1396,0
2023-12-08,P109,1326,0
2023-12-09,P109,1281,1205
2023-12-10,P109,1264,1205
2023-12-11,P109,1185,1205
2023-12-12,P109,1098,1205
2023-12-13,P109,1018,1205
2023-12-14,P109,933,1205
2023-12-15,P109,840,1205
2023-12-16,P109,805,1205
2023-12-17,P109,794,1205
2023-12-18,P109,719,1205
2023-12-19,P109,642,1205
2023-12-20,P109,565,1205
2023-12-21,P109,495,1205
2023-12-22,P109,1619,0
2023-12-23,P109,1585,0
2023-12-24,P109,1568,0
2023-12-25,P109,1484,0
2023-12-26,P109,1400,0
2023-12-27,P109,1316,0
2023-12-28,P109,1231,1195
2023-12-29,P109,1157,1195
2023-12-30,P109,1118,1195
2023-12-31,P109,1101,1195
2024-01-01,P109,1019,1195
2024-01-02,P109,931,1195
2024-01-03,P109,867,1195
2024-01-04,P109,793,1195
2024-01-05,P109,729,1195
2024-01-06,P109,687,1195
2024-01-07,P109,670,1195
2024-01-08,P109,596,1195
2024-01-09,P109,524,1195
2024-01-10,P109,1637,0
2024-01-11,P109,1563,0
2024-01-12,P109,1481,0
2024-01-13,P109,1434,0
2024-01-14,P109,1417,0
2024-01-15,P109,1340,0
2024-01-16,P109,1247,1155
2024-01-17,P109,1169,1155
2024-01-18,P109,1099,1155
2024-01-19,P109,1034,1155
2024-01-20,P109,999,1155
2024-01-21,P109,984,1155
2024-01-22,P109,907,1155
2024-01-23,P109,843,1155
2024-01-24,P109,772,1155
2024-01-25,P109,698,1155
2024-01-26,P109,624,1155
2024-01-27,P109,586,1155
2024-01-28,P109,571,1155
2024-01-29,P109,509,1155
2024-01-30,P109,442,1155
2024-01-31,P109,369,1155
2024-02-01,P109,294,1155
2024-02-02,P109,225,1155
2024-02-03,P109,192,1155
2024-02-04,P109,178,1155
2024-02-05,P109,1251,0
2024-02-06,P109,1173,1085
2024-02-07,P109,1103,1085
2024-02-08,P109,1041,1085
2024-02-09,P109,980,1085
2024-02-10,P109,944,1085
2024-02-11,P109,929,1085
2024-02-12,P109,856,1085
2024-02-13,P109,781,1085
2024-02-14,P109,714,1085
2024-02-15,P109,650,1085
2024-02-16,P109,571,1085
2024-02-17,P109,538,1085
2024-02-18,P109,526,1085
2024-02-19,P109,431,1085
2024-02-20,P109,364,1085
2024-02-21,P109,1373,0
2024-02-22,P109,1311,0
2024-02-23,P109,1238,0
2024-02-24,P109,1203,0
2024-02-25,P109,1188,0
2024-02-26,P109,1127,1070
2024-02-27,P109,1064,1070
2024-02-28,P109,996,1070
2024-02-29,P109,928,1070
2024-03-01,P109,868,1070
2024-03-02,P109,833,1070
2024-03-03,P109,819,1070
2024-03-04,P109,764,1070
2024-03-05,P109,700,1070
2024-03-06,P109,638,1070
2024-03-07,P109,578,1070
2024-03-08,P109,515,1070
2024-03-09,P109,1554,0
2024-03-10,P109,1534,0
2024-03-11,P109,1472,0
2024-03-12,P109,1414,0
2024-03-13,P109,1346,0
2024-03-14,P109,1278,0
2024-03-15,P109,1233,0
2024-03-16,P109,1203,0
2024-03-17,P109,1178,0
2024-03-18,P109,1126,0
2024-03-19,P109,1056,0
2024-03-20,P109,986,950
2024-03-21,P109,926,950
2024-03-22,P109,873,950
2024-03-23,P109,849,950
2024-03-24,P109,835,950
2024-03-25,P109,761,950
2024-03-26,P109,686,950
2024-03-27,P109,626,950
2024-03-28,P109,574,950
2024-03-29,P109,512,950
2024-03-30,P109,481,950
2024-03-31,P109,468,950
2024-04-01,P109,407,950
2024-04-02,P109,1295,0
2024-04-03,P109,1228,0
2024-04-04,P109,1163,0
2024-04-05,P109,1111,0
2024-04-06,P109,1084,0
2024-04-07,P109,1075,0
2024-04-08,P109,1019,0
2024-04-09,P109,966,0
2024-04-10,P109,904,885
2024-04-11,P109,849,885
2024-04-12,P109,796,885
2024-04-13,P109,763,885
2024-04-14,P109,750,885
2024-04-15,P109,693,885
2024-04-16,P109,622,885
2024-04-17,P109,559,885
2024-04-18,P109,505,885
2024-04-19,P109,453,885
2024-04-20,P109,421,885
2024-04-21,P109,409,885
2024-04-22,P109,359,885
2024-04-23,P109,294,885
2024-04-24,P109,228,885
2024-04-25,P109,1050,0
2024-04-26,P109,987,915
2024-04-27,P109,951,915
2024-04-28,P109,937,915
2024-04-29,P109,878,915
2024-04-30,P109,821,915
2024-05-01,P109,775,915
2024-05-02,P109,719,915
2024-05-03,P109,663,915
2024-05-04,P109,634,915
2024-05-05,P109,625,915
2024-05-06,P109,571,915
2024-05-07,P109,509,915
2024-05-08,P109,458,915
2024-05-09,P109,1316,0
2024-05-10,P109,1261,0
2024-05-11,P109,1228,0
2024-05-12,P109,1214,0
2024-05-13,P109,1160,0
2024-05-14,P109,1101,0
2024-05-15,P109,1043,0
2024-05-16,P109,984,0
2024-05-17,P109,928,855
2024-05-18,P109,894,855
2024-05-19,P109,885,855
2024-05-20,P109,826,855
2024-05-21,P109,765,855
2024-05-22,P109,709,855
2024-05-23,P109,667,855
2024-05-24,P109,614,855
2024-05-25,P109,587,855
2024-05-26,P109,573,855
2024-05-27,P109,514,855
2024-05-28,P109,461,855
2024-05-29,P109,416,855
2024-05-30,P109,356,855
2024-05-31,P109,298,855
2024-06-01,P109,269,855
2024-06-02,P109,256,855
2024-06-03,P109,201,855
2024-06-04,P109,135,855
2024-06-05,P109,70,855
2024-06-06,P109,24,855
2024-06-07,P109,0,855
2024-06-08,P109,0,855
2024-06-09,P109,0,855
2024-06-10,P109,805,835
2024-06-11,P109,711,835
2024-06-12,P109,651,835
2024-06-13,P109,601,835
2024-06-14,P109,548,835
2024-06-15,P109,518,835
2024-06-16,P109,506,835
2024-06-17,P109,440,835
2024-06-18,P109,367,835
2024-06-19,P109,310,835
2024-06-20,P109,259,835
2024-06-21,P109,201,835
2024-06-22,P109,1000,925
2024-06-23,P109,988,925
2024-06-24,P109,923,925
2024-06-25,P109,867,925
2024-06-26,P109,806,925
2024-06-27,P109,754,925
2024-06-28,P109,697,925
2024-06-29,P109,666,925
2024-06-30,P109,645,925
2024-07-01,P109,572,925
2024-07-02,P109,511,925
2024-07-03,P109,462,925
2024-07-04,P109,403,925
2024-07-05,P109,343,925
2024-07-06,P109,310,925
2024-07-07,P109,297,925
2024-07-08,P109,1150,0
2024-07-09,P109,1084,0
2024-07-10,P109,1021,0
2024-07-11,P109,964,940
2024-07-12,P109,916,940
2024-07-13,P109,882,940
2024-07-14,P109,868,940
2024-07-15,P109,812,940
2024-07-16,P109,746,940
2024-07-17,P109,682,940
2024-07-18,P109,623,940
2024-07-19,P109,567,940
2024-07-20,P109,532,940
2024-07-21,P109,519,940
2024-07-22,P109,458,940
2024-07-23,P109,396,940
2024-07-24,P109,330,940
2024-07-25,P109,258,940
2024-07-26,P109,194,940
2024-07-27,P109,160,940
2024-07-28,P109,146,940
2024-07-29,P109,1009,980
2024-07-30,P109,935,980
2024-07-31,P109,864,980
2024-08-01,P109,792,980
2024-08-02,P109,729,980
2024-08-03,P109,693,980
2024-08-04,P109,680,980
2024-08-05,P109,623,980
2024-08-06,P109,549,980
2024-08-07,P109,476,980
2024-08-08,P109,409,980
2024-08-09,P109,336,980
2024-08-10,P109,302,980
2024-08-11,P109,1270,0
2024-08-12,P109,1205,0
2024-08-13,P109,1144,0
2024-08-14,P109,1069,1020
2024-08-15,P109,1004,1020
2024-08-16,P109,929,1020
2024-08-17,P109,888,1020
2024-08-18,P109,875,1020
2024-08-19,P109,809,1020
2024-08-20,P109,729,1020
2024-08-21,P109,647,1020
2024-08-22,P109,590,1020
2024-08-23,P109,518,1020
2024-08-24,P109,489,1020
2024-08-25,P109,1495,0
2024-08-26,P109,1412,0
2024-08-27,P109,1309,0
2024-08-28,P109,1235,0
2024-08-29,P109,1171,1125
2024-08-30,P109,1104,1125
2024-08-31,P109,1064,1125
2024-09-01,P109,1049,1125
2024-09-02,P109,981,1125
2024-09-03,P109,905,1125
2024-09-04,P109,823,1125
2024-09-05,P109,748,1125
2024-09-06,P109,682,1125
2024-09-07,P109,1770,0
2024-09-08,P109,1755,0
2024-09-09,P109,1686,0
2024-09-10,P109,1611,0
2024-09-11,P109,1525,0
2024-09-12,P109,1449,0
2024-09-13,P109,1389,0
2024-09-14,P109,1343,0
2024-09-15,P109,1326,0
2024-09-16,P109,1258,0
2024-09-17,P109,1178,1120
2024-09-18,P109,1103,1120
2024-09-19,P109,1017,1120
2024-09-20,P109,944,1120
2024-09-21,P109,902,1120
2024-09-22,P109,886,1120
2024-09-23,P109,818,1120
2024-09-24,P109,720,1120
2024-09-25,P109,631,1120
2024-09-26,P109,557,1120
2024-09-27,P109,478,1120
2024-09-28,P109,431,1120
2024-09-29,P109,414,1120
2024-09-30,P109,317,1120
2024-10-01,P109,203,1120
2024-10-02,P109,119,1120
2024-10-03,P109,42,1120
2024-10-04,P109,0,1120
2024-10-05,P109,0,1120
2024-10-06,P109,0,1120
2024-10-07,P109,1039,1330
2024-10-08,P109,943,1330
2024-10-09,P109,847,1330
2024-10-10,P109,773,1330
2024-10-11,P109,701,1330
2024-10-12,P109,648,1330
2024-10-13,P109,630,1330
2024-10-14,P109,551,1330
2024-10-15,P109,473,1330
2024-10-16,P109,387,1330
2024-10-17,P109,288,1330
2024-10-18,P109,201,1330
2024-10-19,P109,155,1330
2024-10-20,P109,134,1330
2024-10-21,P109,35,1330
2024-10-22,P109,0,1330
2024-10-23,P109,0,1330
2024-10-24,P109,0,1330
2024-10-25,P109,0,1330
2024-10-26,P109,0,1330
2024-10-27,P109,0,1330
2024-10-28,P109,0,1330
2024-10-29,P109,0,1330
2024-10-30,P109,1218,1435
2024-10-31,P109,1122,1435
2024-11-01,P109,954,1435
2024-11-02,P109,912,1435
2024-11-03,P109,893,1435
2024-11-04,P109,815,1435
2024-11-05,P109,715,1435
2024-11-06,P109,617,1435
2024-11-07,P109,532,1435
2024-11-08,P109,434,1435
2024-11-09,P109,381,1435
2024-11-10,P109,1797,0
2024-11-11,P109,1703,0
2024-11-12,P109,1617,1510
2024-11-13,P109,1530,1510
2024-11-14,P109,1453,1510
2024-11-15,P109,1374,1510
2024-11-16,P109,1329,1510
2024-11-17,P109,1314,1510
2024-11-18,P109,1220,1510
2024-11-19,P109,1118,1510
2024-11-20,P109,1028,1510
2024-11-21,P109,967,1510
2024-11-22,P109,886,1510
2024-11-23,P109,847,1510
2024-11-24,P109,830,1510
2024-11-25,P109,728,1510
2024-11-26,P109,661,1510
2024-11-27,P109,579,1510
2024-11-28,P109,1994,0
2024-11-29,P109,1917,0
2024-11-30,P109,1875,0
2024-12-01,P109,1853,0
2024-12-02,P109,1658,0
2024-12-03,P109,1557,0
2024-12-04,P109,1463,1415
2024-12-05,P109,1374,1415
2024-12-06,P109,1174,1415
2024-12-07,P109,1119,1415
2024-12-08,P109,1104,1415
2024-12-09,P109,1017,1415
2024-12-10,P109,927,1415
2024-12-11,P109,842,1415
2024-12-12,P109,746,1415
2024-12-13,P109,661,1415
2024-12-14,P109,2021,0
2024-12-15,P109,2001,0
2024-12-16,P109,1901,0
2024-12-17,P109,1823,0
2024-12-18,P109,1743,0
2024-12-19,P109,1664,0
2024-12-20,P109,1571,0
2024-12-21,P109,1531,0
2024-12-22,P109,1515,0
2024-12-23,P109,1397,1360
2024-12-24,P109,1281,1360
2024-12-25,P109,1195,1360
2024-12-26,P109,1105,1360
2024-12-27,P109,1034,1360
2024-12-28,P109,985,1360
2024-12-29,P109,971,1360
2024-12-30,P109,895,1360
2024-12-31,P109,814,1360
2025-01-01,P109,725,1360
2025-01-02,P109,570,1360
2025-01-03,P109,477,1360
2025-01-04,P109,431,1360
2025-01-05,P109,415,1360
2025-01-06,P109,322,1360
2025-01-07,P109,239,1360
2025-01-08,P109,1519,0
2025-01-09,P109,1428,1365
2025-01-10,P109,1371,1365
2025-01-11,P109,1324,1365
2025-01-12,P109,1308,1365
2025-01-13,P109,1232,1365
2025-01-14,P109,1128,1365
2025-01-15,P109,1049,1365
2025-01-16,P109,959,1365
2025-01-17,P109,879,1365
2025-01-18,P109,835,1365
2025-01-19,P109,819,1365
2025-01-20,P109,740,1365
2025-01-21,P109,642,1365
2025-01-22,P109,1916,0
2025-01-23,P109,1840,0
2025-01-24,P109,1773,0
2025-01-25,P109,1734,0
2025-01-26,P109,1716,0
2025-01-27,P109,1626,0
2025-01-28,P109,1538,0
2025-01-29,P109,1472,0
2025-01-30,P109,1387,0
2025-01-31,P109,1302,1240
2025-02-01,P109,1260,1240
2025-02-02,P109,1240,1240
2025-02-03,P109,1173,1240
2025-02-04,P109,1086,1240
2025-02-05,P109,948,1240
2025-02-06,P109,862,1240
2025-02-07,P109,784,1240
2025-02-08,P109,736,1240
2025-02-09,P109,1959,0
2025-02-10,P109,1886,0
2025-02-11,P109,1734,0
2025-02-12,P109,1659,0
2025-02-13,P109,1588,0
2025-02-14,P109,1506,0
2025-02-15,P109,1461,1370
2025-02-16,P109,1448,1370
2025-02-17,P109,1373,1370
2025-02-18,P109,1295,1370
2025-02-19,P109,1226,1370
2025-02-20,P109,1149,1370
2025-02-21,P109,1068,1370
2025-02-22,P109,1026,1370
2025-02-23,P109,1008,1370
2025-02-24,P109,941,1370
2025-02-25,P109,865,1370
2025-02-26,P109,797,1370
2025-02-27,P109,723,1370
2025-02-28,P109,2022,0
2025-03-01,P109,1981,0
2025-03-02,P109,1964,0
2025-03-03,P109,1887,0
2025-03-04,P109,1820,0
2025-03-05,P109,1758,0
2025-03-06,P109,1636,0
2025-03-07,P109,1558,0
2025-03-08,P109,1522,0
2025-03-09,P109,1510,0
2025-03-10,P109,1424,0
2025-03-11,P109,1348,0
2025-03-12,P109,1276,0
2025-03-13,P109,1216,1155
2025-03-14,P109,1151,1155
2025-03-15,P109,1113,1155
2025-03-16,P109,1098,1155
2025-03-17,P109,1035,1155
2025-03-18,P109,965,1155
2025-03-19,P109,900,1155
2025-03-20,P109,820,1155
2025-03-21,P109,750,1155
2025-03-22,P109,717,1155
2025-03-23,P109,705,1155
2025-03-24,P109,636,1155
2025-03-25,P109,570,1155
2025-03-26,P109,505,1155
2025-03-27,P109,447,1155
2025-03-28,P109,391,1155
2025-03-29,P109,356,1155
2025-03-30,P109,343,1155
2025-03-31,P109,259,1155
2025-04-01,P109,186,1155
2025-04-02,P109,128,1155
2025-04-03,P109,74,1155
2025-04-04,P109,10,1155
2025-04-05,P109,0,1155
2025-04-06,P109,0,1155
2025-04-07,P109,0,1155
2025-04-08,P109,0,1155
2025-04-09,P109,0,1155
2025-04-10,P109,0,1155
2025-04-11,P109,1092,0
2025-04-12,P109,1063,1000
2025-04-13,P109,1050,1000
2025-04-14,P109,996,1000
2025-04-15,P109,930,1000
2025-04-16,P109,863,1000
2025-04-17,P109,790,1000
2025-04-18,P109,729,1000
2025-04-19,P109,699,1000
2025-04-20,P109,684,1000
2025-04-21,P109,588,1000
2025-04-22,P109,517,1000
2025-04-23,P109,409,1000
2025-04-24,P109,1346,0
2025-04-25,P109,1292,0
2025-04-26,P109,1258,0
2025-04-27,P109,1244,0
2025-04-28,P109,1185,0
2025-04-29,P109,1124,1060
2025-04-30,P109,1058,1060
2025-05-01,P109,1002,1060
2025-05-02,P109,953,1060
2025-05-03,P109,920,1060
2025-05-04,P109,907,1060
2025-05-05,P109,846,1060
2025-05-06,P109,778,1060
2025-05-07,P109,710,1060
2025-05-08,P109,650,1060
2025-05-09,P109,551,1060
2025-05-10,P109,521,1060
2025-05-11,P109,507,1060
2025-05-12,P109,444,1060
2025-05-13,P109,384,1060
2025-05-14,P109,1387,0
2025-05-15,P109,1322,0
2025-05-16,P109,1265,0
2025-05-17,P109,1207,0
2025-05-18,P109,1193,0
2025-05-19,P109,1133,0
2025-05-20,P109,1062,1020
2025-05-21,P109,998,1020
2025-05-22,P109,935,1020
2025-05-23,P109,891,1020
2025-05-24,P109,862,1020
2025-05-25,P109,850,1020
2025-05-26,P109,790,1020
2025-05-27,P109,725,1020
2025-05-28,P109,614,1020
2025-05-29,P109,551,1020
2025-05-30,P109,497,1020
2025-05-31,P109,462,1020
2025-06-01,P109,446,1020
2025-06-02,P109,386,1020
2025-06-03,P109,291,1020
2025-06-04,P109,1182,1100
2025-06-05,P109,1119,1100
2025-06-06,P109,1063,1100
2025-06-07,P109,1037,1100
2025-06-08,P109,1026,1100
2025-06-09,P109,956,1100
2025-06-10,P109,881,1100
2025-06-11,P109,805,1100
2025-06-12,P109,692,1100
2025-06-13,P109,638,1100
2025-06-14,P109,606,1100
2025-06-15,P109,595,1100
2025-06-16,P109,542,1100
2025-06-17,P109,1573,0
2025-06-18,P109,1504,0
2025-06-19,P109,1426,0
2025-06-20,P109,1366,0
2025-06-21,P109,1337,0
2025-06-22,P109,1324,0
2025-06-23,P109,1261,0
2025-06-24,P109,1154,1090
2025-06-25,P109,1085,1090
2025-06-26,P109,1029,1090
2025-06-27,P109,966,1090
2025-06-28,P109,929,1090
2025-06-29,P109,913,1090
2025-06-30,P109,844,1090
2025-07-01,P109,767,1090
2025-07-02,P109,702,1090
2025-07-03,P109,638,1090
2025-07-04,P109,565,1090
2025-07-05,P109,535,1090
2025-07-06,P109,522,1090
2025-07-07,P109,446,1090
2025-07-08,P109,1467,0
2025-07-09,P109,1399,0
2025-07-10,P109,1333,0
2025-07-11,P109,1267,0
2025-07-12,P109,1227,0
2025-07-13,P109,1211,0
2025-07-14,P109,1141,0
2025-07-15,P109,1060,1050
2025-07-16,P109,986,1050
2025-07-17,P109,910,1050
2025-07-18,P109,851,1050
2025-07-19,P109,807,1050
2025-07-20,P109,792,1050
2025-07-21,P109,742,1050
2025-07-22,P109,558,1050
2025-07-23,P109,485,1050
2025-07-24,P109,417,1050
2025-07-25,P109,353,1050
2025-07-26,P109,313,1050
2025-07-27,P109,299,1050
2025-07-28,P109,230,1050
2025-07-29,P109,158,1050
2025-07-30,P109,85,1050
2025-07-31,P109,16,1050
2025-08-01,P109,0,1050
2025-08-02,P109,0,1050
2025-08-03,P109,0,1050
2025-08-04,P109,0,1050
2025-08-05,P109,0,1050
2025-08-06,P109,0,1050
2025-08-07,P109,0,1050
2025-08-08,P109,0,1050
2025-08-09,P109,0,1050
2025-08-10,P109,1032,1175
2025-08-11,P109,959,1175
2025-08-12,P109,899,1175
2025-08-13,P109,830,1175
2025-08-14,P109,747,1175
2025-08-15,P109,674,1175
2025-08-16,P109,635,1175
2025-08-17,P109,623,1175
2025-08-18,P109,544,1175
2025-08-19,P109,471,1175
2025-08-20,P109,396,1175
2025-08-21,P109,309,1175
2025-08-22,P109,242,1175
2025-08-23,P109,204,1175
2025-08-24,P109,187,1175
2025-08-25,P109,98,1175
2025-08-26,P109,17,1175
2025-08-27,P109,0,1175
2025-08-28,P109,0,1175
2025-08-29,P109,1110,1170
2025-08-30,P109,1074,1170
2025-08-31,P109,1060,1170
2025-09-01,P109,974,1170
2025-09-02,P109,897,1170
2025-09-03,P109,825,1170
2025-09-04,P109,738,1170
2025-09-05,P109,651,1170
2025-09-06,P109,602,1170
2025-09-07,P109,583,1170
2025-09-08,P109,506,1170
2025-09-09,P109,415,1170
2025-09-10,P109,323,1170
2025-09-11,P109,242,1170
2025-09-12,P109,159,1170
2025-09-13,P109,120,1170
2025-09-14,P109,103,1170
2025-09-15,P109,12,1170
2025-09-16,P109,0,1170
2025-09-17,P109,0,1170
2025-09-18,P109,0,1170
2025-09-19,P109,0,1170
2025-09-20,P109,1124,1345
2025-09-21,P109,1109,1345
2025-09-22,P109,1028,1345
2025-09-23,P109,944,1345
2025-09-24,P109,847,1345
2025-09-25,P109,749,1345
2025-09-26,P109,657,1345
2025-09-27,P109,604,1345
2025-09-28,P109,585,1345
2025-09-29,P109,504,1345
2025-09-30,P109,410,1345
2025-10-01,P109,325,1345
2025-10-02,P109,157,1345
2025-10-03,P109,74,1345
2025-10-04,P109,27,1345
2025-10-05,P109,6,1345
2025-10-06,P109,0,1345
2025-10-07,P109,0,1345
2025-10-08,P109,0,1345
2025-10-09,P109,0,1345
2025-10-10,P109,0,1345
2025-10-11,P109,0,1345
2025-10-12,P109,0,1345
2025-10-13,P109,0,1345
2025-10-14,P109,0,1345
2025-10-15,P109,0,1345
2025-10-16,P109,0,1345
2025-10-17,P109,1263,1365
2025-10-18,P109,1209,1365
2025-10-19,P109,1189,1365
2025-10-20,P109,1092,1365
2025-10-21,P109,1006,1365
2025-10-22,P109,904,1365
2025-10-23,P109,820,1365
2025-10-24,P109,737,1365
2025-10-25,P109,695,1365
2025-10-26,P109,676,1365
2025-10-27,P109,569,1365
2025-10-28,P109,467,1365
2025-10-29,P109,374,1365
2025-10-30,P109,278,1365
2025-10-31,P109,186,1365
2025-11-01,P109,1501,1410
2025-11-02,P109,1481,1410
2025-11-03,P109,1396,1410
2025-11-04,P109,1295,1410
2025-11-05,P109,1216,1410
2025-11-06,P109,1114,1410
2025-11-07,P109,1034,1410
2025-11-08,P109,977,1410
2025-11-09,P109,962,1410
2025-11-10,P109,2257,0
2025-11-11,P109,2175,0
2025-11-12,P109,2042,0
2025-11-13,P109,1943,0
2025-11-14,P109,1845,0
2025-11-15,P109,1796,0
2025-11-16,P109,1774,0
2025-11-17,P109,1685,0
2025-11-18,P109,1589,1470
2025-11-19,P109,1493,1470
2025-11-20,P109,1403,1470
2025-11-21,P109,1331,1470
2025-11-22,P109,1281,1470
2025-11-23,P109,1261,1470
2025-11-24,P109,1152,1470
2025-11-25,P109,1066,1470
2025-11-26,P109,974,1470
2025-11-27,P109,865,1470
2025-11-28,P109,771,1470
2025-11-29,P109,718,1470
2025-11-30,P109,697,1470
2025-12-01,P109,595,1470
2025-12-02,P109,474,1470
2025-12-03,P109,374,1470
2025-12-04,P109,289,1470
2025-12-05,P109,191,1470
2025-12-06,P109,144,1470
2025-12-07,P109,124,1470
2025-12-08,P109,1494,1485
2025-12-09,P109,1403,1485
2025-12-10,P109,1310,1485
2025-12-11,P109,1210,1485
2025-12-12,P109,1125,1485
2025-12-13,P109,1070,1485
2025-12-14,P109,1052,1485
2025-12-15,P109,967,1485
2025-12-16,P109,847,1485
2025-12-17,P109,766,1485
2025-12-18,P109,672,1485
2025-12-19,P109,564,1485
2025-12-20,P109,515,1485
2025-12-21,P109,492,1485
2025-12-22,P109,1875,0
2025-12-23,P109,1777,0
2025-12-24,P109,1682,0
2025-12-25,P109,1610,0
2025-12-26,P109,1524,1430
2025-12-27,P109,1474,1430
2025-12-28,P109,1454,1430
2025-12-29,P109,1335,1430
2025-12-30,P109,1235,1430
2025-12-31,P109,1133,1430
2023-01-01,P110,470,0
2023-01-02,P110,444,0
2023-01-03,P110,421,0
2023-01-04,P110,398,400
2023-01-05,P110,375,400
2023-01-06,P110,356,400
2023-01-07,P110,344,400
2023-01-08,P110,339,400
2023-01-09,P110,316,400
2023-01-10,P110,290,400
2023-01-11,P110,264,400
2023-01-12,P110,240,400
2023-01-13,P110,221,400
2023-01-14,P110,210,400
2023-01-15,P110,204,400
2023-01-16,P110,581,0
2023-01-17,P110,557,0
2023-01-18,P110,516,0
2023-01-19,P110,494,0
2023-01-20,P110,472,0
2023-01-21,P110,461,0
2023-01-22,P110,457,0
2023-01-23,P110,436,415
2023-01-24,P110,410,415
2023-01-25,P110,386,415
2023-01-26,P110,363,415
2023-01-27,P110,342,415
2023-01-28,P110,332,415
2023-01-29,P110,327,415
2023-01-30,P110,303,415
2023-01-31,P110,281,415
2023-02-01,P110,257,415
2023-02-02,P110,235,415
2023-02-03,P110,213,415
2023-02-04,P110,202,415
2023-02-05,P110,197,415
2023-02-06,P110,179,415
2023-02-07,P110,157,415
2023-02-08,P110,134,415
2023-02-09,P110,528,0
2023-02-10,P110,506,0
2023-02-11,P110,495,0
2023-02-12,P110,491,0
2023-02-13,P110,474,0
2023-02-14,P110,453,0
2023-02-15,P110,431,0
2023-02-16,P110,409,0
2023-02-17,P110,393,0
2023-02-18,P110,381,0
2023-02-19,P110,377,350
2023-02-20,P110,357,350
2023-02-21,P110,337,350
2023-02-22,P110,316,350
2023-02-23,P110,296,350
2023-02-24,P110,276,350
2023-02-25,P110,264,350
2023-02-26,P110,260,350
2023-02-27,P110,242,350
2023-02-28,P110,221,350
2023-03-01,P110,197,350
2023-03-02,P110,176,350
2023-03-03,P110,156,350
2023-03-04,P110,148,350
2023-03-05,P110,144,350
2023-03-06,P110,125,350
2023-03-07,P110,107,350
2023-03-08,P110,88,350
2023-03-09,P110,69,350
2023-03-10,P110,402,0
2023-03-11,P110,384,0
2023-03-12,P110,380,0
2023-03-13,P110,360,345
2023-03-14,P110,340,345
2023-03-15,P110,320,345
2023-03-16,P110,300,345
2023-03-17,P110,281,345
2023-03-18,P110,271,345
2023-03-19,P110,268,345
2023-03-20,P110,249,345
2023-03-21,P110,232,345
2023-03-22,P110,213,345
2023-03-23,P110,194,345
2023-03-24,P110,174,345
2023-03-25,P110,163,345
2023-03-26,P110,160,345
2023-03-27,P110,145,345
2023-03-28,P110,126,345
2023-03-29,P110,107,345
2023-03-30,P110,92,345
2023-03-31,P110,75,345
2023-04-01,P110,65,345
2023-04-02,P110,62,345
2023-04-03,P110,46,345
2023-04-04,P110,29,345
2023-04-05,P110,356,0
2023-04-06,P110,337,0
2023-04-07,P110,321,0
2023-04-08,P110,312,290
2023-04-09,P110,307,290
2023-04-10,P110,291,290
2023-04-11,P110,274,290
2023-04-12,P110,255,290
2023-04-13,P110,236,290
2023-04-14,P110,219,290
2023-04-15,P110,208,290
2023-04-16,P110,204,290
2023-04-17,P110,191,290
2023-04-18,P110,173,290
2023-04-19,P110,157,290
2023-04-20,P110,137,290
2023-04-21,P110,119,290
2023-04-22,P110,112,290
2023-04-23,P110,108,290
2023-04-24,P110,89,290
2023-04-25,P110,72,290
2023-04-26,P110,345,0
2023-04-27,P110,326,0
2023-04-28,P110,313,290
2023-04-29,P110,304,290
2023-04-30,P110,300,290
2023-05-01,P110,283,290
2023-05-02,P110,264,290
2023-05-03,P110,247,290
2023-05-04,P110,232,290
2023-05-05,P110,218,290
2023-05-06,P110,209,290
2023-05-07,P110,206,290
2023-05-08,P110,192,290
2023-05-09,P110,174,290
2023-05-10,P110,158,290
2023-05-11,P110,144,290
2023-05-12,P110,128,290
2023-05-13,P110,119,290
2023-05-14,P110,116,290
2023-05-15,P110,101,290
2023-05-16,P110,373,0
2023-05-17,P110,354,0
2023-05-18,P110,333,0
2023-05-19,P110,315,0
2023-05-20,P110,307,285
2023-05-21,P110,303,285
2023-05-22,P110,286,285
2023-05-23,P110,271,285
2023-05-24,P110,253,285
2023-05-25,P110,233,285
2023-05-26,P110,215,285
2023-05-27,P110,207,285
2023-05-28,P110,203,285
2023-05-29,P110,470,0
2023-05-30,P110,456,0
2023-05-31,P110,442,0
2023-06-01,P110,425,0
2023-06-02,P110,409,0
2023-06-03,P110,402,0
2023-06-04,P110,398,0
2023-06-05,P110,379,0
2023-06-06,P110,362,0
2023-06-07,P110,344,0
2023-06-08,P110,326,0
2023-06-09,P110,309,0
2023-06-10,P110,302,285
2023-06-11,P110,299,285
2023-06-12,P110,282,285
2023-06-13,P110,266,285
2023-06-14,P110,245,285
2023-06-15,P110,227,285
2023-06-16,P110,213,285
2023-06-17,P110,204,285
2023-06-18,P110,200,285
2023-06-19,P110,184,285
2023-06-20,P110,164,285
2023-06-21,P110,121,285
2023-06-22,P110,101,285
2023-06-23,P110,84,285
2023-06-24,P110,73,285
2023-06-25,P110,69,285
2023-06-26,P110,29,285
2023-06-27,P110,10,285
2023-06-28,P110,0,285
2023-06-29,P110,0,285
2023-06-30,P110,267,410
2023-07-01,P110,257,410
2023-07-02,P110,254,410
2023-07-03,P110,238,410
2023-07-04,P110,219,410
2023-07-05,P110,198,410
2023-07-06,P110,183,410
2023-07-07,P110,166,410
2023-07-08,P110,155,410
2023-07-09,P110,152,410
2023-07-10,P110,131,410
2023-07-11,P110,114,410
2023-07-12,P110,97,410
2023-07-13,P110,79,410
2023-07-14,P110,57,410
2023-07-15,P110,48,410
2023-07-16,P110,45,410
2023-07-17,P110,29,410
2023-07-18,P110,7,410
2023-07-19,P110,0,410
2023-07-20,P110,0,410
2023-07-21,P110,0,410
2023-07-22,P110,400,0
2023-07-23,P110,396,0
2023-07-24,P110,378,0
2023-07-25,P110,357,0
2023-07-26,P110,339,325
2023-07-27,P110,316,325
2023-07-28,P110,299,325
2023-07-29,P110,288,325
2023-07-30,P110,284,325
2023-07-31,P110,265,325
2023-08-01,P110,245,325
2023-08-02,P110,217,325
2023-08-03,P110,197,325
2023-08-04,P110,179,325
2023-08-05,P110,169,325
2023-08-06,P110,165,325
2023-08-07,P110,145,325
2023-08-08,P110,119,325
2023-08-09,P110,97,325
2023-08-10,P110,74,325
2023-08-11,P110,381,360
2023-08-12,P110,370,360
2023-08-13,P110,365,360
2023-08-14,P110,345,360
2023-08-15,P110,322,360
2023-08-16,P110,299,360
2023-08-17,P110,276,360
2023-08-18,P110,256,360
2023-08-19,P110,243,360
2023-08-20,P110,239,360
2023-08-21,P110,218,360
2023-08-22,P110,192,360
2023-08-23,P110,172,360
2023-08-24,P110,154,360
2023-08-25,P110,135,360
2023-08-26,P110,123,360
2023-08-27,P110,118,360
2023-08-28,P110,97,360
2023-08-29,P110,69,360
2023-08-30,P110,33,360
2023-08-31,P110,11,360
2023-09-01,P110,351,395
2023-09-02,P110,337,395
2023-09-03,P110,332,395
2023-09-04,P110,294,395
2023-09-05,P110,264,395
2023-09-06,P110,239,395
2023-09-07,P110,214,395
2023-09-08,P110,188,395
2023-09-09,P110,175,395
2023-09-10,P110,170,395
2023-09-11,P110,146,395
2023-09-12,P110,119,395
2023-09-13,P110,490,0
2023-09-14,P110,466,445
2023-09-15,P110,443,445
2023-09-16,P110,431,445
2023-09-17,P110,426,445
2023-09-18,P110,401,445
2023-09-19,P110,374,445
2023-09-20,P110,348,445
2023-09-21,P110,319,445
2023-09-22,P110,293,445
2023-09-23,P110,281,445
2023-09-24,P110,276,445
2023-09-25,P110,248,445
2023-09-26,P110,225,445
2023-09-27,P110,194,445
2023-09-28,P110,172,445
2023-09-29,P110,146,445
2023-09-30,P110,133,445
2023-10-01,P110,128,445
2023-10-02,P110,107,445
2023-10-03,P110,78,445
2023-10-04,P110,56,445
2023-10-05,P110,35,445
2023-10-06,P110,453,425
2023-10-07,P110,437,425
2023-10-08,P110,432,425
2023-10-09,P110,404,425
2023-10-10,P110,375,425
2023-10-11,P110,349,425
2023-10-12,P110,304,425
2023-10-13,P110,262,425
2023-10-14,P110,248,425
2023-10-15,P110,243,425
2023-10-16,P110,201,425
2023-10-17,P110,171,425
2023-10-18,P110,143,425
2023-10-19,P110,118,425
2023-10-20,P110,88,425
2023-10-21,P110,63,425
2023-10-22,P110,482,555
2023-10-23,P110,460,555
2023-10-24,P110,433,555
2023-10-25,P110,409,555
2023-10-26,P110,383,555
2023-10-27,P110,361,555
2023-10-28,P110,349,555
2023-10-29,P110,345,555
2023-10-30,P110,318,555
2023-10-31,P110,298,555
2023-11-01,P110,272,555
2023-11-02,P110,244,555
2023-11-03,P110,200,555
2023-11-04,P110,743,0
2023-11-05,P110,738,0
2023-11-06,P110,714,0
2023-11-07,P110,686,0
2023-11-08,P110,662,0
2023-11-09,P110,636,0
2023-11-10,P110,612,0
2023-11-11,P110,598,0
2023-11-12,P110,591,0
2023-11-13,P110,564,0
2023-11-14,P110,535,0
2023-11-15,P110,510,0
2023-11-16,P110,483,470
2023-11-17,P110,459,470
2023-11-18,P110,445,470
2023-11-19,P110,439,470
2023-11-20,P110,414,470
2023-11-21,P110,387,470
2023-11-22,P110,361,470
2023-11-23,P110,336,470
2023-11-24,P110,310,470
2023-11-25,P110,297,470
2023-11-26,P110,291,470
2023-11-27,P110,256,470
2023-11-28,P110,230,470
2023-11-29,P110,170,470
2023-11-30,P110,141,470
2023-12-01,P110,117,470
2023-12-02,P110,105,470
2023-12-03,P110,568,0
2023-12-04,P110,539,510
2023-12-05,P110,510,510
2023-12-06,P110,479,510
2023-12-07,P110,450,510
2023-12-08,P110,425,510
2023-12-09,P110,413,510
2023-12-10,P110,408,510
2023-12-11,P110,378,510
2023-12-12,P110,348,510
2023-12-13,P110,322,510
2023-12-14,P110,291,510
2023-12-15,P110,267,510
2023-12-16,P110,252,510
2023-12-17,P110,246,510
2023-12-18,P110,214,510
2023-12-19,P110,184,510
2023-12-20,P110,157,510
2023-12-21,P110,132,510
2023-12-22,P110,107,510
2023-12-23,P110,95,510
2023-12-24,P110,90,510
2023-12-25,P110,63,510
2023-12-26,P110,38,510
2023-12-27,P110,523,0
2023-12-28,P110,498,0
2023-12-29,P110,473,450
2023-12-30,P110,460,450
2023-12-31,P110,454,450
2024-01-01,P110,426,450
2024-01-02,P110,393,450
2024-01-03,P110,343,450
2024-01-04,P110,315,450
2024-01-05,P110,292,450
2024-01-06,P110,270,450
2024-01-07,P110,263,450
2024-01-08,P110,240,450
2024-01-09,P110,220,450
2024-01-10,P110,196,450
2024-01-11,P110,177,450
2024-01-12,P110,156,450
2024-01-13,P110,144,450
2024-01-14,P110,139,450
2024-01-15,P110,120,450
2024-01-16,P110,91,450
2024-01-17,P110,521,0
2024-01-18,P110,497,0
2024-01-19,P110,474,0
2024-01-20,P110,460,0
2024-01-21,P110,455,0
2024-01-22,P110,427,0
2024-01-23,P110,403,395
2024-01-24,P110,379,395
2024-01-25,P110,354,395
2024-01-26,P110,328,395
2024-01-27,P110,314,395
2024-01-28,P110,309,395
2024-01-29,P110,284,395
2024-01-30,P110,259,395
2024-01-31,P110,233,395
2024-02-01,P110,204,395
2024-02-02,P110,182,395
2024-02-03,P110,170,395
2024-02-04,P110,165,395
2024-02-05,P110,140,395
2024-02-06,P110,121,395
2024-02-07,P110,97,395
2024-02-08,P110,72,395
2024-02-09,P110,51,395
2024-02-10,P110,39,395
2024-02-11,P110,33,395
2024-02-12,P110,404,410
2024-02-13,P110,386,410
2024-02-14,P110,366,410
2024-02-15,P110,344,410
2024-02-16,P110,324,410
2024-02-17,P110,312,410
2024-02-18,P110,717,0
2024-02-19,P110,691,0
2024-02-20,P110,670,0
2024-02-21,P110,648,0
2024-02-22,P110,625,0
2024-02-23,P110,603,0
2024-02-24,P110,591,0
2024-02-25,P110,588,0
2024-02-26,P110,566,0
2024-02-27,P110,543,0
2024-02-28,P110,518,0
2024-02-29,P110,495,0
2024-03-01,P110,474,0
2024-03-02,P110,462,0
2024-03-03,P110,457,0
2024-03-04,P110,412,415
2024-03-05,P110,389,415
2024-03-06,P110,362,415
2024-03-07,P110,342,415
2024-03-08,P110,324,415
2024-03-09,P110,313,415
2024-03-10,P110,309,415
2024-03-11,P110,294,415
2024-03-12,P110,274,415
2024-03-13,P110,252,415
2024-03-14,P110,231,415
2024-03-15,P110,213,415
2024-03-16,P110,202,415
2024-03-17,P110,198,415
2024-03-18,P110,176,415
2024-03-19,P110,156,415
2024-03-20,P110,133,415
2024-03-21,P110,115,415
2024-03-22,P110,512,0
2024-03-23,P110,499,0
2024-03-24,P110,495,0
2024-03-25,P110,476,0
2024-03-26,P110,458,0
2024-03-27,P110,439,0
2024-03-28,P110,419,0
2024-03-29,P110,399,0
2024-03-30,P110,389,0
2024-03-31,P110,385,0
2024-04-01,P110,368,0
2024-04-02,P110,349,330
2024-04-03,P110,332,330
2024-04-04,P110,311,330
2024-04-05,P110,291,330
2024-04-06,P110,281,330
2024-04-07,P110,277,330
2024-04-08,P110,256,330
2024-04-09,P110,235,330
2024-04-10,P110,212,330
2024-04-11,P110,195,330
2024-04-12,P110,177,330
2024-04-13,P110,497,0
2024-04-14,P110,493,0
2024-04-15,P110,477,0
2024-04-16,P110,454,0
2024-04-17,P110,433,0
2024-04-18,P110,410,0
2024-04-19,P110,392,0
2024-04-20,P110,383,0
2024-04-21,P110,374,345
2024-04-22,P110,353,345
2024-04-23,P110,335,345
2024-04-24,P110,320,345
2024-04-25,P110,305,345
2024-04-26,P110,287,345
2024-04-27,P110,275,345
2024-04-28,P110,272,345
2024-04-29,P110,254,345
2024-04-30,P110,235,345
2024-05-01,P110,212,345
2024-05-02,P110,189,345
2024-05-03,P110,170,345
2024-05-04,P110,159,345
2024-05-05,P110,155,345
2024-05-06,P110,139,345
2024-05-07,P110,118,345
2024-05-08,P110,101,345
2024-05-09,P110,83,345
2024-05-10,P110,63,345
2024-05-11,P110,53,345
2024-05-12,P110,394,0
2024-05-13,P110,372,0
2024-05-14,P110,356,335
2024-05-15,P110,341,335
2024-05-16,P110,296,335
2024-05-17,P110,276,335
2024-05-18,P110,266,335
2024-05-19,P110,262,335
2024-05-20,P110,241,335
2024-05-21,P110,220,335
2024-05-22,P110,201,335
2024-05-23,P110,180,335
2024-05-24,P110,163,335
2024-05-25,P110,153,335
2024-05-26,P110,149,335
2024-05-27,P110,132,335
2024-05-28,P110,114,335
2024-05-29,P110,90,335
2024-05-30,P110,73,335
2024-05-31,P110,54,335
2024-06-01,P110,43,335
2024-06-02,P110,374,0
2024-06-03,P110,353,330
2024-06-04,P110,332,330
2024-06-05,P110,314,330
2024-06-06,P110,294,330
2024-06-07,P110,277,330
2024-06-08,P110,265,330
2024-06-09,P110,261,330
2024-06-10,P110,243,330
2024-06-11,P110,222,330
2024-06-12,P110,204,330
2024-06-13,P110,184,330
2024-06-14,P110,166,330
2024-06-15,P110,157,330
2024-06-16,P110,153,330
2024-06-17,P110,128,330
2024-06-18,P110,107,330
2024-06-19,P110,88,330
2024-06-20,P110,400,0
2024-06-21,P110,364,360
2024-06-22,P110,354,360
2024-06-23,P110,350,360
2024-06-24,P110,330,360
2024-06-25,P110,309,360
2024-06-26,P110,289,360
2024-06-27,P110,271,360
2024-06-28,P110,253,360
2024-06-29,P110,243,360
2024-06-30,P110,239,360
2024-07-01,P110,218,360
2024-07-02,P110,174,360
2024-07-03,P110,150,360
2024-07-04,P110,125,360
2024-07-05,P110,107,360
2024-07-06,P110,94,360
2024-07-07,P110,90,360
2024-07-08,P110,427,0
2024-07-09,P110,404,395
2024-07-10,P110,383,395
2024-07-11,P110,360,395
2024-07-12,P110,339,395
2024-07-13,P110,330,395
2024-07-14,P110,326,395
2024-07-15,P110,302,395
2024-07-16,P110,279,395
2024-07-17,P110,256,395
2024-07-18,P110,236,395
2024-07-19,P110,215,395
2024-07-20,P110,204,395
2024-07-21,P110,200,395
2024-07-22,P110,180,395
2024-07-23,P110,155,395
2024-07-24,P110,132,395
2024-07-25,P110,92,395
2024-07-26,P110,66,395
2024-07-27,P110,449,0
2024-07-28,P110,444,410
2024-07-29,P110,421,410
2024-07-30,P110,398,410
2024-07-31,P110,378,410
2024-08-01,P110,355,410
2024-08-02,P110,340,410
2024-08-03,P110,328,410
2024-08-04,P110,323,410
2024-08-05,P110,300,410
2024-08-06,P110,276,410
2024-08-07,P110,255,410
2024-08-08,P110,228,410
2024-08-09,P110,207,410
2024-08-10,P110,189,410
2024-08-11,P110,184,410
2024-08-12,P110,160,410
2024-08-13,P110,136,410
2024-08-14,P110,113,410
2024-08-15,P110,89,410
2024-08-16,P110,63,410
2024-08-17,P110,460,0
2024-08-18,P110,455,0
2024-08-19,P110,428,420
2024-08-20,P110,402,420
2024-08-21,P110,376,420
2024-08-22,P110,351,420
2024-08-23,P110,326,420
2024-08-24,P110,314,420
2024-08-25,P110,309,420
2024-08-26,P110,281,420
2024-08-27,P110,251,420
2024-08-28,P110,228,420
2024-08-29,P110,202,420
2024-08-30,P110,179,420
2024-08-31,P110,164,420
2024-09-01,P110,159,420
2024-09-02,P110,124,420
2024-09-03,P110,98,420
2024-09-04,P110,67,420
2024-09-05,P110,37,420
2024-09-06,P110,11,420
2024-09-07,P110,0,420
2024-09-08,P110,0,420
2024-09-09,P110,0,420
2024-09-10,P110,0,420
2024-09-11,P110,0,420
2024-09-12,P110,0,420
2024-09-13,P110,0,420
2024-09-14,P110,0,420
2024-09-15,P110,0,420
2024-09-16,P110,0,420
2024-09-17,P110,0,420
2024-09-18,P110,0,420
2024-09-19,P110,0,420
2024-09-20,P110,0,420
2024-09-21,P110,406,495
2024-09-22,P110,400,495
2024-09-23,P110,372,495
2024-09-24,P110,344,495
2024-09-25,P110,317,495
2024-09-26,P110,290,495
2024-09-27,P110,260,495
2024-09-28,P110,246,495
2024-09-29,P110,239,495
2024-09-30,P110,213,495
2024-10-01,P110,183,495
2024-10-02,P110,153,495
2024-10-03,P110,126,495
2024-10-04,P110,95,495
2024-10-05,P110,79,495
2024-10-06,P110,73,495
2024-10-07,P110,40,495
2024-10-08,P110,14,495
2024-10-09,P110,0,495
2024-10-10,P110,0,495
2024-10-11,P110,0,495
2024-10-12,P110,0,495
2024-10-13,P110,489,495
2024-10-14,P110,461,495
2024-10-15,P110,427,495
2024-10-16,P110,397,495
2024-10-17,P110,371,495
2024-10-18,P110,346,495
2024-10-19,P110,328,495
2024-10-20,P110,322,495
2024-10-21,P110,292,495
2024-10-22,P110,257,495
2024-10-23,P110,225,495
2024-10-24,P110,198,495
2024-10-25,P110,173,495
2024-10-26,P110,650,0
2024-10-27,P110,645,0
2024-10-28,P110,617,0
2024-10-29,P110,585,0
2024-10-30,P110,556,0
2024-10-31,P110,525,505
2024-11-01,P110,502,505
2024-11-02,P110,487,505
2024-11-03,P110,480,505
2024-11-04,P110,448,505
2024-11-05,P110,419,505
2024-11-06,P110,392,505
2024-11-07,P110,362,505
2024-11-08,P110,338,505
2024-11-09,P110,320,505
2024-11-10,P110,314,505
2024-11-11,P110,286,505
2024-11-12,P110,259,505
2024-11-13,P110,231,505
2024-11-14,P110,206,505
2024-11-15,P110,176,505
2024-11-16,P110,162,505
2024-11-17,P110,156,505
2024-11-18,P110,629,0
2024-11-19,P110,595,0
2024-11-20,P110,564,0
2024-11-21,P110,531,500
2024-11-22,P110,498,500
2024-11-23,P110,482,500
2024-11-24,P110,476,500
2024-11-25,P110,448,500
2024-11-26,P110,420,500
2024-11-27,P110,385,500
2024-11-28,P110,353,500
2024-11-29,P110,323,500
2024-11-30,P110,309,500
2024-12-01,P110,302,500
2024-12-02,P110,273,500
2024-12-03,P110,245,500
2024-12-04,P110,217,500
2024-12-05,P110,182,500
2024-12-06,P110,157,500
2024-12-07,P110,643,0
2024-12-08,P110,635,0
2024-12-09,P110,602,0
2024-12-10,P110,574,0
2024-12-11,P110,547,0
2024-12-12,P110,523,490
2024-12-13,P110,495,490
2024-12-14,P110,478,490
2024-12-15,P110,471,490
2024-12-16,P110,448,490
2024-12-17,P110,422,490
2024-12-18,P110,392,490
2024-12-19,P110,354,490
2024-12-20,P110,324,490
2024-12-21,P110,308,490
2024-12-22,P110,303,490
2024-12-23,P110,281,490
2024-12-24,P110,741,0
2024-12-25,P110,712,0
2024-12-26,P110,684,0
2024-12-27,P110,658,0
2024-12-28,P110,644,0
2024-12-29,P110,635,0
2024-12-30,P110,602,0
2024-12-31,P110,575,0
2025-01-01,P110,547,0
2025-01-02,P110,519,485
2025-01-03,P110,458,485
2025-01-04,P110,445,485
2025-01-05,P110,438,485
2025-01-06,P110,411,485
2025-01-07,P110,382,485
2025-01-08,P110,348,485
2025-01-09,P110,323,485
2025-01-10,P110,294,485
2025-01-11,P110,278,485
2025-01-12,P110,272,485
2025-01-13,P110,244,485
2025-01-14,P110,208,485
2025-01-15,P110,180,485
2025-01-16,P110,152,485
2025-01-17,P110,127,485
2025-01-18,P110,597,0
2025-01-19,P110,591,0
2025-01-20,P110,564,0
2025-01-21,P110,542,0
2025-01-22,P110,512,475
2025-01-23,P110,488,475
2025-01-24,P110,460,475
2025-01-25,P110,446,475
2025-01-26,P110,440,475
2025-01-27,P110,416,475
2025-01-28,P110,390,475
2025-01-29,P110,364,475
2025-01-30,P110,342,475
2025-01-31,P110,314,475
2025-02-01,P110,303,475
2025-02-02,P110,297,475
2025-02-03,P110,269,475
2025-02-04,P110,242,475
2025-02-05,P110,214,475
2025-02-06,P110,187,475
2025-02-07,P110,638,0
2025-02-08,P110,624,0
2025-02-09,P110,618,0
2025-02-10,P110,595,0
2025-02-11,P110,567,0
2025-02-12,P110,548,0
2025-02-13,P110,528,0
2025-02-14,P110,502,0
2025-02-15,P110,489,0
2025-02-16,P110,481,0
2025-02-17,P110,456,430
2025-02-18,P110,431,430
2025-02-19,P110,408,430
2025-02-20,P110,387,430
2025-02-21,P110,368,430
2025-02-22,P110,354,430
2025-02-23,P110,349,430
2025-02-24,P110,321,430
2025-02-25,P110,296,430
2025-02-26,P110,270,430
2025-02-27,P110,246,430
2025-02-28,P110,223,430
2025-03-01,P110,210,430
2025-03-02,P110,205,430
2025-03-03,P110,184,430
2025-03-04,P110,157,430
2025-03-05,P110,128,430
2025-03-06,P110,100,430
2025-03-07,P110,79,430
2025-03-08,P110,498,0
2025-03-09,P110,493,0
2025-03-10,P110,470,0
2025-03-11,P110,445,415
2025-03-12,P110,423,415
2025-03-13,P110,403,415
2025-03-14,P110,381,415
2025-03-15,P110,374,415
2025-03-16,P110,369,415
2025-03-17,P110,348,415
2025-03-18,P110,322,415
2025-03-19,P110,296,415
2025-03-20,P110,270,415
2025-03-21,P110,249,415
2025-03-22,P110,239,415
2025-03-23,P110,235,415
2025-03-24,P110,211,415
2025-03-25,P110,192,415
2025-03-26,P110,165,415
2025-03-27,P110,143,415
2025-03-28,P110,120,415
2025-03-29,P110,105,415
2025-03-30,P110,98,415
2025-03-31,P110,80,415
2025-04-01,P110,33,415
2025-04-02,P110,0,415
2025-04-03,P110,0,415
2025-04-04,P110,0,415
2025-04-05,P110,0,415
2025-04-06,P110,0,415
2025-04-07,P110,0,415
2025-04-08,P110,0,415
2025-04-09,P110,0,415
2025-04-10,P110,392,455
2025-04-11,P110,365,455
2025-04-12,P110,352,455
2025-04-13,P110,348,455
2025-04-14,P110,327,455
2025-04-15,P110,306,455
2025-04-16,P110,281,455
2025-04-17,P110,260,455
2025-04-18,P110,239,455
2025-04-19,P110,231,455
2025-04-20,P110,227,455
2025-04-21,P110,201,455
2025-04-22,P110,179,455
2025-04-23,P110,160,455
2025-04-24,P110,138,455
2025-04-25,P110,120,455
2025-04-26,P110,109,455
2025-04-27,P110,560,0
2025-04-28,P110,541,0
2025-04-29,P110,520,0
2025-04-30,P110,496,0
2025-05-01,P110,474,0
2025-05-02,P110,453,0
2025-05-03,P110,442,0
2025-05-04,P110,437,0
2025-05-05,P110,418,0
2025-05-06,P110,398,0
2025-05-07,P110,376,355
2025-05-08,P110,356,355
2025-05-09,P110,336,355
2025-05-10,P110,325,355
2025-05-11,P110,320,355
2025-05-12,P110,296,355
2025-05-13,P110,276,355
2025-05-14,P110,259,355
2025-05-15,P110,240,355
2025-05-16,P110,222,355
2025-05-17,P110,210,355
2025-05-18,P110,205,355
2025-05-19,P110,186,355
2025-05-20,P110,166,355
2025-05-21,P110,486,0
2025-05-22,P110,465,0
2025-05-23,P110,445,0
2025-05-24,P110,433,0
2025-05-25,P110,428,0
2025-05-26,P110,405,0
2025-05-27,P110,387,365
2025-05-28,P110,367,365
2025-05-29,P110,344,365
2025-05-30,P110,325,365
2025-05-31,P110,316,365
2025-06-01,P110,311,365
2025-06-02,P110,291,365
2025-06-03,P110,266,365
2025-06-04,P110,244,365
2025-06-05,P110,223,365
2025-06-06,P110,200,365
2025-06-07,P110,190,365
2025-06-08,P110,185,365
2025-06-09,P110,165,365
2025-06-10,P110,507,0
2025-06-11,P110,484,0
2025-06-12,P110,463,0
2025-06-13,P110,444,0
2025-06-14,P110,433,0
2025-06-15,P110,429,0
2025-06-16,P110,402,380
2025-06-17,P110,380,380
2025-06-18,P110,334,380
2025-06-19,P110,296,380
2025-06-20,P110,274,380
2025-06-21,P110,263,380
2025-06-22,P110,258,380
2025-06-23,P110,234,380
2025-06-24,P110,211,380
2025-06-25,P110,192,380
2025-06-26,P110,174,380
2025-06-27,P110,149,380
2025-06-28,P110,141,380
2025-06-29,P110,136,380
2025-06-30,P110,494,0
2025-07-01,P110,470,0
2025-07-02,P110,450,0
2025-07-03,P110,426,0
2025-07-04,P110,404,0
2025-07-05,P110,388,380
2025-07-06,P110,383,380
2025-07-07,P110,356,380
2025-07-08,P110,336,380
2025-07-09,P110,309,380
2025-07-10,P110,259,380
2025-07-11,P110,236,380
2025-07-12,P110,223,380
2025-07-13,P110,217,380
2025-07-14,P110,192,380
2025-07-15,P110,169,380
2025-07-16,P110,146,380
2025-07-17,P110,120,380
2025-07-18,P110,96,380
2025-07-19,P110,86,380
2025-07-20,P110,81,380
2025-07-21,P110,439,440
2025-07-22,P110,412,440
2025-07-23,P110,389,440
2025-07-24,P110,365,440
2025-07-25,P110,343,440
2025-07-26,P110,328,440
2025-07-27,P110,323,440
2025-07-28,P110,294,440
2025-07-29,P110,259,440
2025-07-30,P110,233,440
2025-07-31,P110,644,0
2025-08-01,P110,622,0
2025-08-02,P110,607,0
2025-08-03,P110,602,0
2025-08-04,P110,576,0
2025-08-05,P110,548,0
2025-08-06,P110,519,0
2025-08-07,P110,497,0
2025-08-08,P110,475,455
2025-08-09,P110,460,455
2025-08-10,P110,455,455
2025-08-11,P110,433,455
2025-08-12,P110,406,455
2025-08-13,P110,379,455
2025-08-14,P110,352,455
2025-08-15,P110,325,455
2025-08-16,P110,310,455
2025-08-17,P110,305,455
2025-08-18,P110,279,455
2025-08-19,P110,248,455
2025-08-20,P110,222,455
2025-08-21,P110,196,455
2025-08-22,P110,174,455
2025-08-23,P110,160,455
2025-08-24,P110,154,455
2025-08-25,P110,587,0
2025-08-26,P110,561,0
2025-08-27,P110,537,0
2025-08-28,P110,507,0
2025-08-29,P110,486,0
2025-08-30,P110,471,435
2025-08-31,P110,465,435
2025-09-01,P110,436,435
2025-09-02,P110,408,435
2025-09-03,P110,378,435
2025-09-04,P110,346,435
2025-09-05,P110,319,435
2025-09-06,P110,308,435
2025-09-07,P110,301,435
2025-09-08,P110,270,435
2025-09-09,P110,240,435
2025-09-10,P110,651,0
2025-09-11,P110,623,0
2025-09-12,P110,598,0
2025-09-13,P110,585,0
2025-09-14,P110,579,0
2025-09-15,P110,551,0
2025-09-16,P110,521,0
2025-09-17,P110,488,485
2025-09-18,P110,457,485
2025-09-19,P110,430,485
2025-09-20,P110,415,485
2025-09-21,P110,409,485
2025-09-22,P110,379,485
2025-09-23,P110,345,485
2025-09-24,P110,317,485
2025-09-25,P110,282,485
2025-09-26,P110,251,485
2025-09-27,P110,240,485
2025-09-28,P110,233,485
2025-09-29,P110,198,485
2025-09-30,P110,164,485
2025-10-01,P110,134,485
2025-10-02,P110,103,485
2025-10-03,P110,73,485
2025-10-04,P110,55,485
2025-10-05,P110,49,485
2025-10-06,P110,19,485
2025-10-07,P110,465,540
2025-10-08,P110,432,540
2025-10-09,P110,395,540
2025-10-10,P110,355,540
2025-10-11,P110,339,540
2025-10-12,P110,333,540
2025-10-13,P110,302,540
2025-10-14,P110,264,540
2025-10-15,P110,227,540
2025-10-16,P110,187,540
2025-10-17,P110,157,540
2025-10-18,P110,122,540
2025-10-19,P110,116,540
2025-10-20,P110,92,540
2025-10-21,P110,58,540
2025-10-22,P110,29,540
2025-10-23,P110,0,540
2025-10-24,P110,0,540
2025-10-25,P110,0,540
2025-10-26,P110,0,540
2025-10-27,P110,506,580
2025-10-28,P110,472,580
2025-10-29,P110,431,580
2025-10-30,P110,393,580
2025-10-31,P110,364,580
2025-11-01,P110,344,580
2025-11-02,P110,336,580
2025-11-03,P110,303,580
2025-11-04,P110,268,580
2025-11-05,P110,234,580
2025-11-06,P110,203,580
2025-11-07,P110,173,580
2025-11-08,P110,153,580
2025-11-09,P110,139,580
2025-11-10,P110,108,580
2025-11-11,P110,77,580
2025-11-12,P110,46,580
2025-11-13,P110,13,580
2025-11-14,P110,0,580
2025-11-15,P110,564,565
2025-11-16,P110,556,565
2025-11-17,P110,522,565
2025-11-18,P110,487,565
2025-11-19,P110,449,565
2025-11-20,P110,413,565
2025-11-21,P110,386,565
2025-11-22,P110,371,565
2025-11-23,P110,364,565
2025-11-24,P110,329,565
2025-11-25,P110,289,565
2025-11-26,P110,255,565
2025-11-27,P110,216,565
2025-11-28,P110,170,565
2025-11-29,P110,136,565
2025-11-30,P110,129,565
2025-12-01,P110,99,565
2025-12-02,P110,60,565
2025-12-03,P110,36,565
2025-12-04,P110,5,565
2025-12-05,P110,0,565
2025-12-06,P110,0,565
2025-12-07,P110,0,565
2025-12-08,P110,0,565
2025-12-09,P110,0,565
2025-12-10,P110,0,565
2025-12-11,P110,0,565
2025-12-12,P110,0,565
2025-12-13,P110,0,565
2025-12-14,P110,0,565
2025-12-15,P110,0,565
2025-12-16,P110,0,565
2025-12-17,P110,533,605
2025-12-18,P110,494,605
2025-12-19,P110,464,605
2025-12-20,P110,445,605
2025-12-21,P110,438,605
2025-12-22,P110,399,605
2025-12-23,P110,368,605
2025-12-24,P110,338,605
2025-12-25,P110,303,605
2025-12-26,P110,276,605
2025-12-27,P110,259,605
2025-12-28,P110,251,605
2025-12-29,P110,225,605
2025-12-30,P110,190,605
2025-12-31,P110,153,605
2023-01-01,P111,2780,0
2023-01-02,P111,2638,0
2023-01-03,P111,2366,2500
2023-01-04,P111,2232,2500
2023-01-05,P111,2085,2500
2023-01-06,P111,1935,2500
2023-01-07,P111,1833,2500
2023-01-08,P111,1805,2500
2023-01-09,P111,1494,2500
2023-01-10,P111,1375,2500
2023-01-11,P111,1242,2500
2023-01-12,P111,1117,2500
2023-01-13,P111,978,2500
2023-01-14,P111,901,2500
2023-01-15,P111,873,2500
2023-01-16,P111,742,2500
2023-01-17,P111,3132,0
2023-01-18,P111,2978,0
2023-01-19,P111,2854,0
2023-01-20,P111,2734,0
2023-01-21,P111,2660,0
2023-01-22,P111,2633,0
2023-01-23,P111,2490,0
2023-01-24,P111,2348,0
2023-01-25,P111,2215,0
2023-01-26,P111,2084,0
2023-01-27,P111,1979,1850
2023-01-28,P111,1914,1850
2023-01-29,P111,1885,1850
2023-01-30,P111,1771,1850
2023-01-31,P111,1651,1850
2023-02-01,P111,1536,1850
2023-02-02,P111,1410,1850
2023-02-03,P111,1274,1850
2023-02-04,P111,1206,1850
2023-02-05,P111,1186,1850
2023-02-06,P111,1054,1850
2023-02-07,P111,932,1850
2023-02-08,P111,800,1850
2023-02-09,P111,2531,0
2023-02-10,P111,2427,0
2023-02-11,P111,2364,0
2023-02-12,P111,2340,0
2023-02-13,P111,2215,0
2023-02-14,P111,2102,0
2023-02-15,P111,1995,0
2023-02-16,P111,1867,0
2023-02-17,P111,1741,1705
2023-02-18,P111,1675,1705
2023-02-19,P111,1652,1705
2023-02-20,P111,1544,1705
2023-02-21,P111,1431,1705
2023-02-22,P111,1300,1705
2023-02-23,P111,1195,1705
2023-02-24,P111,1074,1705
2023-02-25,P111,1009,1705
2023-02-26,P111,982,1705
2023-02-27,P111,853,1705
2023-02-28,P111,726,1705
2023-03-01,P111,628,1705
2023-03-02,P111,507,1705
2023-03-03,P111,398,1705
2023-03-04,P111,342,1705
2023-03-05,P111,2020,0
2023-03-06,P111,1909,0
2023-03-07,P111,1799,0
2023-03-08,P111,1671,1645
2023-03-09,P111,1565,1645
2023-03-10,P111,1467,1645
2023-03-11,P111,1417,1645
2023-03-12,P111,1396,1645
2023-03-13,P111,1295,1645
2023-03-14,P111,1173,1645
2023-03-15,P111,1074,1645
2023-03-16,P111,988,1645
2023-03-17,P111,882,1645
2023-03-18,P111,830,1645
2023-03-19,P111,808,1645
2023-03-20,P111,685,1645
2023-03-21,P111,573,1645
2023-03-22,P111,446,1645
2023-03-23,P111,341,1645
2023-03-24,P111,1874,0
2023-03-25,P111,1822,0
2023-03-26,P111,1800,0
2023-03-27,P111,1705,0
2023-03-28,P111,1605,1495
2023-03-29,P111,1501,1495
2023-03-30,P111,1412,1495
2023-03-31,P111,1312,1495
2023-04-01,P111,1260,1495
2023-04-02,P111,1238,1495
2023-04-03,P111,1149,1495
2023-04-04,P111,1033,1495
2023-04-05,P111,908,1495
2023-04-06,P111,789,1495
2023-04-07,P111,672,1495
2023-04-08,P111,619,1495
2023-04-09,P111,599,1495
2023-04-10,P111,492,1495
2023-04-11,P111,1884,0
2023-04-12,P111,1800,0
2023-04-13,P111,1691,0
2023-04-14,P111,1598,1490
2023-04-15,P111,1554,1490
2023-04-16,P111,1534,1490
2023-04-17,P111,1436,1490
2023-04-18,P111,1332,1490
2023-04-19,P111,1230,1490
2023-04-20,P111,1116,1490
2023-04-21,P111,1035,1490
2023-04-22,P111,984,1490
2023-04-23,P111,965,1490
2023-04-24,P111,2342,0
2023-04-25,P111,2245,0
2023-04-26,P111,2148,0
2023-04-27,P111,1974,0
2023-04-28,P111,1867,0
2023-04-29,P111,1808,0
2023-04-30,P111,1791,0
2023-05-01,P111,1687,0
2023-05-02,P111,1582,1530
2023-05-03,P111,1482,1530
2023-05-04,P111,1384,1530
2023-05-05,P111,1278,1530
2023-05-06,P111,1221,1530
2023-05-07,P111,1199,1530
2023-05-08,P111,989,1530
2023-05-09,P111,862,1530
2023-05-10,P111,767,1530
2023-05-11,P111,687,1530
2023-05-12,P111,597,1530
2023-05-13,P111,546,1530
2023-05-14,P111,523,1530
2023-05-15,P111,431,1530
2023-05-16,P111,1854,0
2023-05-17,P111,1771,0
2023-05-18,P111,1663,1545
2023-05-19,P111,1570,1545
2023-05-20,P111,1485,1545
2023-05-21,P111,1460,1545
2023-05-22,P111,1351,1545
2023-05-23,P111,1261,1545
2023-05-24,P111,1162,1545
2023-05-25,P111,1036,1545
2023-05-26,P111,923,1545
2023-05-27,P111,867,1545
2023-05-28,P111,851,1545
2023-05-29,P111,738,1545
2023-05-30,P111,643,1545
2023-05-31,P111,528,1545
2023-06-01,P111,438,1545
2023-06-02,P111,340,1545
2023-06-03,P111,292,1545
2023-06-04,P111,1817,0
2023-06-05,P111,1711,0
2023-06-06,P111,1623,0
2023-06-07,P111,1495,1495
2023-06-08,P111,1407,1495
2023-06-09,P111,1324,1495
2023-06-10,P111,1268,1495
2023-06-11,P111,1244,1495
2023-06-12,P111,1147,1495
2023-06-13,P111,1055,1495
2023-06-14,P111,963,1495
2023-06-15,P111,874,1495
2023-06-16,P111,775,1495
2023-06-17,P111,723,1495
2023-06-18,P111,701,1495
2023-06-19,P111,595,1495
2023-06-20,P111,1974,0
2023-06-21,P111,1874,0
2023-06-22,P111,1780,0
2023-06-23,P111,1681,0
2023-06-24,P111,1628,0
2023-06-25,P111,1606,0
2023-06-26,P111,1510,1395
2023-06-27,P111,1394,1395
2023-06-28,P111,1301,1395
2023-06-29,P111,1202,1395
2023-06-30,P111,1010,1395
2023-07-01,P111,962,1395
2023-07-02,P111,938,1395
2023-07-03,P111,848,1395
2023-07-04,P111,757,1395
2023-07-05,P111,666,1395
2023-07-06,P111,559,1395
2023-07-07,P111,450,1395
2023-07-08,P111,386,1395
2023-07-09,P111,361,1395
2023-07-10,P111,242,1395
2023-07-11,P111,139,1395
2023-07-12,P111,38,1395
2023-07-13,P111,0,1395
2023-07-14,P111,0,1395
2023-07-15,P111,0,1395
2023-07-16,P111,1369,1500
2023-07-17,P111,1281,1500
2023-07-18,P111,1160,1500
2023-07-19,P111,1047,1500
2023-07-20,P111,938,1500
2023-07-21,P111,831,1500
2023-07-22,P111,778,1500
2023-07-23,P111,753,1500
2023-07-24,P111,638,1500
2023-07-25,P111,507,1500
2023-07-26,P111,370,1500
2023-07-27,P111,254,1500
2023-07-28,P111,155,1500
2023-07-29,P111,102,1500
2023-07-30,P111,1573,1600
2023-07-31,P111,1436,1600
2023-08-01,P111,1302,1600
2023-08-02,P111,1181,1600
2023-08-03,P111,1053,1600
2023-08-04,P111,925,1600
2023-08-05,P111,867,1600
2023-08-06,P111,842,1600
2023-08-07,P111,737,1600
2023-08-08,P111,614,1600
2023-08-09,P111,470,1600
2023-08-10,P111,220,1600
2023-08-11,P111,103,1600
2023-08-12,P111,34,1600
2023-08-13,P111,10,1600
2023-08-14,P111,0,1600
2023-08-15,P111,0,1600
2023-08-16,P111,0,1600
2023-08-17,P111,0,1600
2023-08-18,P111,1489,1885
2023-08-19,P111,1424,1885
2023-08-20,P111,1398,1885
2023-08-21,P111,1281,1885
2023-08-22,P111,1123,1885
2023-08-23,P111,1000,1885
2023-08-24,P111,905,1885
2023-08-25,P111,760,1885
2023-08-26,P111,699,1885
2023-08-27,P111,670,1885
2023-08-28,P111,550,1885
2023-08-29,P111,2292,0
2023-08-30,P111,2160,0
2023-08-31,P111,2016,0
2023-09-01,P111,1895,1825
2023-09-02,P111,1832,1825
2023-09-03,P111,1804,1825
2023-09-04,P111,1677,1825
2023-09-05,P111,1568,1825
2023-09-06,P111,1441,1825
2023-09-07,P111,1266,1825
2023-09-08,P111,1165,1825
2023-09-09,P111,1093,1825
2023-09-10,P111,1066,1825
2023-09-11,P111,903,1825
2023-09-12,P111,779,1825
2023-09-13,P111,638,1825
2023-09-14,P111,492,1825
2023-09-15,P111,365,1825
2023-09-16,P111,300,1825
2023-09-17,P111,271,1825
2023-09-18,P111,1962,1900
2023-09-19,P111,1823,1900
2023-09-20,P111,1667,1900
2023-09-21,P111,1523,1900
2023-09-22,P111,1383,1900
2023-09-23,P111,1307,1900
2023-09-24,P111,1275,1900
2023-09-25,P111,1114,1900
2023-09-26,P111,972,1900
2023-09-27,P111,814,1900
2023-09-28,P111,693,1900
2023-09-29,P111,592,1900
2023-09-30,P111,2403,0
2023-10-01,P111,2374,0
2023-10-02,P111,2226,0
2023-10-03,P111,2097,2005
2023-10-04,P111,1971,2005
2023-10-05,P111,1839,2005
2023-10-06,P111,1693,2005
2023-10-07,P111,1622,2005
2023-10-08,P111,1593,2005
2023-10-09,P111,1459,2005
2023-10-10,P111,1288,2005
2023-10-11,P111,1125,2005
2023-10-12,P111,987,2005
2023-10-13,P111,838,2005
2023-10-14,P111,764,2005
2023-10-15,P111,2740,0
2023-10-16,P111,2502,0
2023-10-17,P111,2338,2175
2023-10-18,P111,2202,2175
2023-10-19,P111,2047,2175
2023-10-20,P111,1868,2175
2023-10-21,P111,1789,2175
2023-10-22,P111,1734,2175
2023-10-23,P111,1586,2175
2023-10-24,P111,1423,2175
2023-10-25,P111,1297,2175
2023-10-26,P111,1121,2175
2023-10-27,P111,964,2175
2023-10-28,P111,892,2175
2023-10-29,P111,861,2175
2023-10-30,P111,2895,0
2023-10-31,P111,2733,0
2023-11-01,P111,2578,0
2023-11-02,P111,2425,0
2023-11-03,P111,2298,2150
2023-11-04,P111,2224,2150
2023-11-05,P111,2189,2150
2023-11-06,P111,2046,2150
2023-11-07,P111,1934,2150
2023-11-08,P111,1782,2150
2023-11-09,P111,1592,2150
2023-11-10,P111,1435,2150
2023-11-11,P111,1361,2150
2023-11-12,P111,1330,2150
2023-11-13,P111,1166,2150
2023-11-14,P111,915,2150
2023-11-15,P111,774,2150
2023-11-16,P111,2766,0
2023-11-17,P111,2597,0
2023-11-18,P111,2522,0
2023-11-19,P111,2485,0
2023-11-20,P111,2345,2285
2023-11-21,P111,2246,2285
2023-11-22,P111,2078,2285
2023-11-23,P111,1918,2285
2023-11-24,P111,1763,2285
2023-11-25,P111,1678,2285
2023-11-26,P111,1646,2285
2023-11-27,P111,1498,2285
2023-11-28,P111,1344,2285
2023-11-29,P111,1197,2285
2023-11-30,P111,1053,2285
2023-12-01,P111,938,2285
2023-12-02,P111,870,2285
2023-12-03,P111,839,2285
2023-12-04,P111,725,2285
2023-12-05,P111,602,2285
2023-12-06,P111,453,2285
2023-12-07,P111,305,2285
2023-12-08,P111,167,2285
2023-12-09,P111,109,2285
2023-12-10,P111,72,2285
2023-12-11,P111,0,2285
2023-12-12,P111,2143,0
2023-12-13,P111,2011,1880
2023-12-14,P111,1667,1880
2023-12-15,P111,1519,1880
2023-12-16,P111,1445,1880
2023-12-17,P111,1416,1880
2023-12-18,P111,1263,1880
2023-12-19,P111,1129,1880
2023-12-20,P111,970,1880
2023-12-21,P111,831,1880
2023-12-22,P111,683,1880
2023-12-23,P111,602,1880
2023-12-24,P111,573,1880
2023-12-25,P111,458,1880
2023-12-26,P111,309,1880
2023-12-27,P111,183,1880
2023-12-28,P111,36,1880
2023-12-29,P111,0,1880
2023-12-30,P111,0,1880
2023-12-31,P111,0,1880
2024-01-01,P111,1715,2005
2024-01-02,P111,1571,2005
2024-01-03,P111,1384,2005
2024-01-04,P111,1108,2005
2024-01-05,P111,966,2005
2024-01-06,P111,891,2005
2024-01-07,P111,860,2005
2024-01-08,P111,698,2005
2024-01-09,P111,531,2005
2024-01-10,P111,413,2005
2024-01-11,P111,258,2005
2024-01-12,P111,2121,2295
2024-01-13,P111,2047,2295
2024-01-14,P111,2012,2295
2024-01-15,P111,1732,2295
2024-01-16,P111,1571,2295
2024-01-17,P111,1436,2295
2024-01-18,P111,1315,2295
2024-01-19,P111,1172,2295
2024-01-20,P111,1014,2295
2024-01-21,P111,991,2295
2024-01-22,P111,835,2295
2024-01-23,P111,695,2295
2024-01-24,P111,582,2295
2024-01-25,P111,272,2295
2024-01-26,P111,129,2295
2024-01-27,P111,60,2295
2024-01-28,P111,35,2295
2024-01-29,P111,0,2295
2024-01-30,P111,0,2295
2024-01-31,P111,0,2295
2024-02-01,P111,0,2295
2024-02-02,P111,2162,2260
2024-02-03,P111,2089,2260
2024-02-04,P111,2058,2260
2024-02-05,P111,1902,2260
2024-02-06,P111,1776,2260
2024-02-07,P111,1633,2260
2024-02-08,P111,1521,2260
2024-02-09,P111,1415,2260
2024-02-10,P111,1351,2260
2024-02-11,P111,1323,2260
2024-02-12,P111,3428,0
2024-02-13,P111,3265,0
2024-02-14,P111,3138,0
2024-02-15,P111,3005,0
2024-02-16,P111,2870,0
2024-02-17,P111,2798,0
2024-02-18,P111,2772,0
2024-02-19,P111,2643,0
2024-02-20,P111,2512,0
2024-02-21,P111,2385,0
2024-02-22,P111,2264,0
2024-02-23,P111,2146,0
2024-02-24,P111,2084,0
2024-02-25,P111,2061,0
2024-02-26,P111,1924,1855
2024-02-27,P111,1787,1855
2024-02-28,P111,1634,1855
2024-02-29,P111,1506,1855
2024-03-01,P111,1395,1855
2024-03-02,P111,1336,1855
2024-03-03,P111,1310,1855
2024-03-04,P111,1180,1855
2024-03-05,P111,1057,1855
2024-03-06,P111,953,1855
2024-03-07,P111,843,1855
2024-03-08,P111,729,1855
2024-03-09,P111,662,1855
2024-03-10,P111,2496,0
2024-03-11,P111,2373,0
2024-03-12,P111,2246,0
2024-03-13,P111,2131,0
2024-03-14,P111,2021,0
2024-03-15,P111,1919,0
2024-03-16,P111,1857,0
2024-03-17,P111,1830,0
2024-03-18,P111,1698,1650
2024-03-19,P111,1592,1650
2024-03-20,P111,1476,1650
2024-03-21,P111,1389,1650
2024-03-22,P111,1279,1650
2024-03-23,P111,1215,1650
2024-03-24,P111,1187,1650
2024-03-25,P111,1095,1650
2024-03-26,P111,935,1650
2024-03-27,P111,817,1650
2024-03-28,P111,725,1650
2024-03-29,P111,616,1650
2024-03-30,P111,553,1650
2024-03-31,P111,533,1650
2024-04-01,P111,2069,0
2024-04-02,P111,1968,0
2024-04-03,P111,1837,0
2024-04-04,P111,1611,1760
2024-04-05,P111,1514,1760
2024-04-06,P111,1464,1760
2024-04-07,P111,1440,1760
2024-04-08,P111,1313,1760
2024-04-09,P111,1208,1760
2024-04-10,P111,1102,1760
2024-04-11,P111,1002,1760
2024-04-12,P111,881,1760
2024-04-13,P111,836,1760
2024-04-14,P111,810,1760
2024-04-15,P111,706,1760
2024-04-16,P111,594,1760
2024-04-17,P111,488,1760
2024-04-18,P111,378,1760
2024-04-19,P111,284,1760
2024-04-20,P111,222,1760
2024-04-21,P111,1957,0
2024-04-22,P111,1861,0
2024-04-23,P111,1742,0
2024-04-24,P111,1637,1510
2024-04-25,P111,1530,1510
2024-04-26,P111,1412,1510
2024-04-27,P111,1361,1510
2024-04-28,P111,1337,1510
2024-04-29,P111,1225,1510
2024-04-30,P111,1117,1510
2024-05-01,P111,1004,1510
2024-05-02,P111,896,1510
2024-05-03,P111,809,1510
2024-05-04,P111,758,1510
2024-05-05,P111,2249,0
2024-05-06,P111,2146,0
2024-05-07,P111,2020,0
2024-05-08,P111,1905,0
2024-05-09,P111,1817,0
2024-05-10,P111,1720,0
2024-05-11,P111,1664,0
2024-05-12,P111,1640,0
2024-05-13,P111,1542,1470
2024-05-14,P111,1447,1470
2024-05-15,P111,1340,1470
2024-05-16,P111,1229,1470
2024-05-17,P111,1127,1470
2024-05-18,P111,1078,1470
2024-05-19,P111,1052,1470
2024-05-20,P111,947,1470
2024-05-21,P111,835,1470
2024-05-22,P111,735,1470
2024-05-23,P111,617,1470
2024-05-24,P111,511,1470
2024-05-25,P111,404,1470
2024-05-26,P111,363,1470
2024-05-27,P111,244,1470
2024-05-28,P111,124,1470
2024-05-29,P111,3,1470
2024-05-30,P111,1367,1645
2024-05-31,P111,1267,1645
2024-06-01,P111,1213,1645
2024-06-02,P111,1185,1645
2024-06-03,P111,1084,1645
2024-06-04,P111,987,1645
2024-06-05,P111,882,1645
2024-06-06,P111,782,1645
2024-06-07,P111,666,1645
2024-06-08,P111,618,1645
2024-06-09,P111,597,1645
2024-06-10,P111,486,1645
2024-06-11,P111,358,1645
2024-06-12,P111,238,1645
2024-06-13,P111,111,1645
2024-06-14,P111,4,1645
2024-06-15,P111,0,1645
2024-06-16,P111,0,1645
2024-06-17,P111,0,1645
2024-06-18,P111,1552,1540
2024-06-19,P111,1427,1540
2024-06-20,P111,1196,1540
2024-06-21,P111,1080,1540
2024-06-22,P111,1028,1540
2024-06-23,P111,2542,0
2024-06-24,P111,2422,0
2024-06-25,P111,2306,0
2024-06-26,P111,2189,0
2024-06-27,P111,2073,0
2024-06-28,P111,1976,0
2024-06-29,P111,1920,0
2024-06-30,P111,1896,0
2024-07-01,P111,1681,1855
2024-07-02,P111,1581,1855
2024-07-03,P111,1460,1855
2024-07-04,P111,1335,1855
2024-07-05,P111,1213,1855
2024-07-06,P111,1149,1855
2024-07-07,P111,1123,1855
2024-07-08,P111,994,1855
2024-07-09,P111,871,1855
2024-07-10,P111,779,1855
2024-07-11,P111,647,1855
2024-07-12,P111,546,1855
2024-07-13,P111,492,1855
2024-07-14,P111,470,1855
2024-07-15,P111,318,1855
2024-07-16,P111,187,1855
2024-07-17,P111,78,1855
2024-07-18,P111,0,1855
2024-07-19,P111,0,1855
2024-07-20,P111,0,1855
2024-07-21,P111,0,1855
2024-07-22,P111,0,1855
2024-07-23,P111,1723,1670
2024-07-24,P111,1606,1670
2024-07-25,P111,1469,1670
2024-07-26,P111,1351,1670
2024-07-27,P111,1292,1670
2024-07-28,P111,1264,1670
2024-07-29,P111,1133,1670
2024-07-30,P111,1009,1670
2024-07-31,P111,870,1670
2024-08-01,P111,735,1670
2024-08-02,P111,599,1670
2024-08-03,P111,527,1670
2024-08-04,P111,501,1670
2024-08-05,P111,396,1670
2024-08-06,P111,149,1670
2024-08-07,P111,11,1670
2024-08-08,P111,0,1670
2024-08-09,P111,0,1670
2024-08-10,P111,0,1670
2024-08-11,P111,0,1670
2024-08-12,P111,0,1670
2024-08-13,P111,0,1670
2024-08-14,P111,0,1670
2024-08-15,P111,1531,1990
2024-08-16,P111,1404,1990
2024-08-17,P111,1330,1990
2024-08-18,P111,1302,1990
2024-08-19,P111,1174,1990
2024-08-20,P111,1047,1990
2024-08-21,P111,883,1990
2024-08-22,P111,740,1990
2024-08-23,P111,598,1990
2024-08-24,P111,523,1990
2024-08-25,P111,491,1990
2024-08-26,P111,365,1990
2024-08-27,P111,219,1990
2024-08-28,P111,2058,1975
2024-08-29,P111,1899,1975
2024-08-30,P111,1726,1975
2024-08-31,P111,1649,1975
2024-09-01,P111,1622,1975
2024-09-02,P111,1498,1975
2024-09-03,P111,1364,1975
2024-09-04,P111,1230,1975
2024-09-05,P111,1133,1975
2024-09-06,P111,1007,1975
2024-09-07,P111,926,1975
2024-09-08,P111,896,1975
2024-09-09,P111,754,1975
2024-09-10,P111,629,1975
2024-09-11,P111,462,1975
2024-09-12,P111,308,1975
2024-09-13,P111,169,1975
2024-09-14,P111,2086,0
2024-09-15,P111,2057,1900
2024-09-16,P111,1901,1900
2024-09-17,P111,1746,1900
2024-09-18,P111,1590,1900
2024-09-19,P111,1430,1900
2024-09-20,P111,1285,1900
2024-09-21,P111,1201,1900
2024-09-22,P111,1172,1900
2024-09-23,P111,1040,1900
2024-09-24,P111,873,1900
2024-09-25,P111,706,1900
2024-09-26,P111,2446,0
2024-09-27,P111,2299,2150
2024-09-28,P111,2222,2150
2024-09-29,P111,2189,2150
2024-09-30,P111,2028,2150
2024-10-01,P111,1859,2150
2024-10-02,P111,1655,2150
2024-10-03,P111,1516,2150
2024-10-04,P111,1316,2150
2024-10-05,P111,1246,2150
2024-10-06,P111,1212,2150
2024-10-07,P111,1075,2150
2024-10-08,P111,906,2150
2024-10-09,P111,728,2150
2024-10-10,P111,571,2150
2024-10-11,P111,406,2150
2024-10-12,P111,327,2150
2024-10-13,P111,2451,2330
2024-10-14,P111,2281,2330
2024-10-15,P111,2115,2330
2024-10-16,P111,1961,2330
2024-10-17,P111,1810,2330
2024-10-18,P111,1652,2330
2024-10-19,P111,1576,2330
2024-10-20,P111,1541,2330
2024-10-21,P111,1359,2330
2024-10-22,P111,1154,2330
2024-10-23,P111,964,2330
2024-10-24,P111,801,2330
2024-10-25,P111,644,2330
2024-10-26,P111,2894,0
2024-10-27,P111,2862,0
2024-10-28,P111,2684,0
2024-10-29,P111,2521,2375
2024-10-30,P111,2348,2375
2024-10-31,P111,2204,2375
2024-11-01,P111,2027,2375
2024-11-02,P111,1945,2375
2024-11-03,P111,1907,2375
2024-11-04,P111,1756,2375
2024-11-05,P111,1600,2375
2024-11-06,P111,1409,2375
2024-11-07,P111,1258,2375
2024-11-08,P111,1130,2375
2024-11-09,P111,1055,2375
2024-11-10,P111,1018,2375
2024-11-11,P111,840,2375
2024-11-12,P111,684,2375
2024-11-13,P111,528,2375
2024-11-14,P111,353,2375
2024-11-15,P111,81,2375
2024-11-16,P111,2371,2405
2024-11-17,P111,2335,2405
2024-11-18,P111,2059,2405
2024-11-19,P111,1848,2405
2024-11-20,P111,1702,2405
2024-11-21,P111,1551,2405
2024-11-22,P111,1404,2405
2024-11-23,P111,1311,2405
2024-11-24,P111,1278,2405
2024-11-25,P111,1108,2405
2024-11-26,P111,935,2405
2024-11-27,P111,3172,0
2024-11-28,P111,3007,0
2024-11-29,P111,2834,0
2024-11-30,P111,2716,2540
2024-12-01,P111,2682,2540
2024-12-02,P111,2540,2540
2024-12-03,P111,2366,2540
2024-12-04,P111,2203,2540
2024-12-05,P111,2022,2540
2024-12-06,P111,1868,2540
2024-12-07,P111,1787,2540
2024-12-08,P111,4294,0
2024-12-09,P111,3991,0
2024-12-10,P111,3851,0
2024-12-11,P111,3697,0
2024-12-12,P111,3535,0
2024-12-13,P111,3392,0
2024-12-14,P111,3303,0
2024-12-15,P111,3270,0
2024-12-16,P111,3104,0
2024-12-17,P111,2934,0
2024-12-18,P111,2771,0
2024-12-19,P111,2634,0
2024-12-20,P111,2479,2380
2024-12-21,P111,2412,2380
2024-12-22,P111,2381,2380
2024-12-23,P111,2212,2380
2024-12-24,P111,2024,2380
2024-12-25,P111,1819,2380
2024-12-26,P111,1668,2380
2024-12-27,P111,1532,2380
2024-12-28,P111,1445,2380
2024-12-29,P111,1405,2380
2024-12-30,P111,1220,2380
2024-12-31,P111,1075,2380
2025-01-01,P111,916,2380
2025-01-02,P111,745,2380
2025-01-03,P111,581,2380
2025-01-04,P111,494,2380
2025-01-05,P111,463,2380
2025-01-06,P111,2677,0
2025-01-07,P111,2498,2350
2025-01-08,P111,2356,2350
2025-01-09,P111,2180,2350
2025-01-10,P111,2018,2350
2025-01-11,P111,1944,2350
2025-01-12,P111,1909,2350
2025-01-13,P111,1741,2350
2025-01-14,P111,1567,2350
2025-01-15,P111,1384,2350
2025-01-16,P111,1233,2350
2025-01-17,P111,1084,2350
2025-01-18,P111,1028,2350
2025-01-19,P111,993,2350
2025-01-20,P111,825,2350
2025-01-21,P111,538,2350
2025-01-22,P111,400,2350
2025-01-23,P111,236,2350
2025-01-24,P111,2429,2390
2025-01-25,P111,2357,2390
2025-01-26,P111,2323,2390
2025-01-27,P111,2167,2390
2025-01-28,P111,2042,2390
2025-01-29,P111,1882,2390
2025-01-30,P111,1749,2390
2025-01-31,P111,1636,2390
2025-02-01,P111,1557,2390
2025-02-02,P111,1527,2390
2025-02-03,P111,1359,2390
2025-02-04,P111,1206,2390
2025-02-05,P111,1046,2390
2025-02-06,P111,895,2390
2025-02-07,P111,3134,0
2025-02-08,P111,3019,0
2025-02-09,P111,2989,0
2025-02-10,P111,2849,0
2025-02-11,P111,2691,0
2025-02-12,P111,2543,0
2025-02-13,P111,2413,0
2025-02-14,P111,2285,2145
2025-02-15,P111,2199,2145
2025-02-16,P111,2175,2145
2025-02-17,P111,2025,2145
2025-02-18,P111,1861,2145
2025-02-19,P111,1711,2145
2025-02-20,P111,1545,2145
2025-02-21,P111,1402,2145
2025-02-22,P111,1328,2145
2025-02-23,P111,3446,0
2025-02-24,P111,3304,0
2025-02-25,P111,3153,0
2025-02-26,P111,3015,0
2025-02-27,P111,2893,0
2025-02-28,P111,2783,0
2025-03-01,P111,2712,0
2025-03-02,P111,2689,0
2025-03-03,P111,2563,0
2025-03-04,P111,2462,0
2025-03-05,P111,2315,0
2025-03-06,P111,2168,0
2025-03-07,P111,2043,0
2025-03-08,P111,1962,1865
2025-03-09,P111,1931,1865
2025-03-10,P111,1794,1865
2025-03-11,P111,1661,1865
2025-03-12,P111,1535,1865
2025-03-13,P111,1400,1865
2025-03-14,P111,1281,1865
2025-03-15,P111,1211,1865
2025-03-16,P111,1183,1865
2025-03-17,P111,1059,1865
2025-03-18,P111,912,1865
2025-03-19,P111,2652,0
2025-03-20,P111,2527,0
2025-03-21,P111,2421,0
2025-03-22,P111,2358,0
2025-03-23,P111,2326,0
2025-03-24,P111,2214,0
2025-03-25,P111,2079,0
2025-03-26,P111,1959,0
2025-03-27,P111,1867,1725
2025-03-28,P111,1744,1725
2025-03-29,P111,3409,0
2025-03-30,P111,3383,0
2025-03-31,P111,3248,0
2025-04-01,P111,3119,0
2025-04-02,P111,2991,0
2025-04-03,P111,2883,0
2025-04-04,P111,2760,0
2025-04-05,P111,2699,0
2025-04-06,P111,2680,0
2025-04-07,P111,2549,0
2025-04-08,P111,2410,0
2025-04-09,P111,2269,0
2025-04-10,P111,2123,0
2025-04-11,P111,2002,0
2025-04-12,P111,1937,1815
2025-04-13,P111,1910,1815
2025-04-14,P111,1804,1815
2025-04-15,P111,3519,0
2025-04-16,P111,3406,0
2025-04-17,P111,3274,0
2025-04-18,P111,3172,0
2025-04-19,P111,3108,0
2025-04-20,P111,3082,0
2025-04-21,P111,2963,0
2025-04-22,P111,2859,0
2025-04-23,P111,2736,0
2025-04-24,P111,2627,0
2025-04-25,P111,2497,0
2025-04-26,P111,2430,0
2025-04-27,P111,2407,0
2025-04-28,P111,2269,0
2025-04-29,P111,2145,0
2025-04-30,P111,2049,0
2025-05-01,P111,1936,0
2025-05-02,P111,1808,1685
2025-05-03,P111,1754,1685
2025-05-04,P111,1730,1685
2025-05-05,P111,1633,1685
2025-05-06,P111,1530,1685
2025-05-07,P111,1424,1685
2025-05-08,P111,1326,1685
2025-05-09,P111,1226,1685
2025-05-10,P111,1155,1685
2025-05-11,P111,2816,0
2025-05-12,P111,2692,0
2025-05-13,P111,2559,0
2025-05-14,P111,2457,0
2025-05-15,P111,2354,0
2025-05-16,P111,2237,0
2025-05-17,P111,2182,0
2025-05-18,P111,2157,0
2025-05-19,P111,2022,0
2025-05-20,P111,1923,0
2025-05-21,P111,1811,0
2025-05-22,P111,1700,1615
2025-05-23,P111,1598,1615
2025-05-24,P111,1543,1615
2025-05-25,P111,1521,1615
2025-05-26,P111,1407,1615
2025-05-27,P111,1286,1615
2025-05-28,P111,1157,1615
2025-05-29,P111,962,1615
2025-05-30,P111,840,1615
2025-05-31,P111,784,1615
2025-06-01,P111,2378,0
2025-06-02,P111,2266,0
2025-06-03,P111,2140,0
2025-06-04,P111,2011,0
2025-06-05,P111,1878,1775
2025-06-06,P111,1765,1775
2025-06-07,P111,1700,1775
2025-06-08,P111,1672,1775
2025-06-09,P111,1565,1775
2025-06-10,P111,1447,1775
2025-06-11,P111,1291,1775
2025-06-12,P111,1164,1775
2025-06-13,P111,1047,1775
2025-06-14,P111,980,1775
2025-06-15,P111,959,1775
2025-06-16,P111,2624,0
2025-06-17,P111,2515,0
2025-06-18,P111,2278,0
2025-06-19,P111,2165,0
2025-06-20,P111,2051,0
2025-06-21,P111,1991,0
2025-06-22,P111,1971,1820
2025-06-23,P111,1839,1820
2025-06-24,P111,1738,1820
2025-06-25,P111,1625,1820
2025-06-26,P111,1522,1820
2025-06-27,P111,1418,1820
2025-06-28,P111,1353,1820
2025-06-29,P111,1324,1820
2025-06-30,P111,1222,1820
2025-07-01,P111,1102,1820
2025-07-02,P111,885,1820
2025-07-03,P111,771,1820
2025-07-04,P111,653,1820
2025-07-05,P111,2403,0
2025-07-06,P111,2383,0
2025-07-07,P111,2250,0
2025-07-08,P111,2133,0
2025-07-09,P111,2022,0
2025-07-10,P111,1896,1785
2025-07-11,P111,1768,1785
2025-07-12,P111,1703,1785
2025-07-13,P111,1680,1785
2025-07-14,P111,1553,1785
2025-07-15,P111,1430,1785
2025-07-16,P111,1290,1785
2025-07-17,P111,2931,0
2025-07-18,P111,2795,0
2025-07-19,P111,2727,0
2025-07-20,P111,2696,0
2025-07-21,P111,2579,0
2025-07-22,P111,2415,0
2025-07-23,P111,2295,0
2025-07-24,P111,2193,0
2025-07-25,P111,2048,0
2025-07-26,P111,1984,1855
2025-07-27,P111,1925,1855
2025-07-28,P111,1805,1855
2025-07-29,P111,1628,1855
2025-07-30,P111,1462,1855
2025-07-31,P111,1304,1855
2025-08-01,P111,1174,1855
2025-08-02,P111,1095,1855
2025-08-03,P111,1067,1855
2025-08-04,P111,911,1855
2025-08-05,P111,2628,0
2025-08-06,P111,2461,0
2025-08-07,P111,2329,0
2025-08-08,P111,2131,2185
2025-08-09,P111,2062,2185
2025-08-10,P111,2032,2185
2025-08-11,P111,1896,2185
2025-08-12,P111,1740,2185
2025-08-13,P111,1602,2185
2025-08-14,P111,1447,2185
2025-08-15,P111,1288,2185
2025-08-16,P111,1212,2185
2025-08-17,P111,1174,2185
2025-08-18,P111,1010,2185
2025-08-19,P111,822,2185
2025-08-20,P111,673,2185
2025-08-21,P111,554,2185
2025-08-22,P111,425,2185
2025-08-23,P111,353,2185
2025-08-24,P111,2510,0
2025-08-25,P111,2397,0
2025-08-26,P111,2224,2100
2025-08-27,P111,2102,2100
2025-08-28,P111,1937,2100
2025-08-29,P111,1760,2100
2025-08-30,P111,1688,2100
2025-08-31,P111,1655,2100
2025-09-01,P111,1509,2100
2025-09-02,P111,1335,2100
2025-09-03,P111,1199,2100
2025-09-04,P111,1048,2100
2025-09-05,P111,884,2100
2025-09-06,P111,804,2100
2025-09-07,P111,777,2100
2025-09-08,P111,599,2100
2025-09-09,P111,2559,0
2025-09-10,P111,2397,2225
2025-09-11,P111,2230,2225
2025-09-12,P111,2078,2225
2025-09-13,P111,1972,2225
2025-09-14,P111,1936,2225
2025-09-15,P111,1779,2225
2025-09-16,P111,1601,2225
2025-09-17,P111,1433,2225
2025-09-18,P111,1272,2225
2025-09-19,P111,1115,2225
2025-09-20,P111,1035,2225
2025-09-21,P111,1000,2225
2025-09-22,P111,3071,0
2025-09-23,P111,2936,0
2025-09-24,P111,2748,0
2025-09-25,P111,2595,0
2025-09-26,P111,2437,2300
2025-09-27,P111,2358,2300
2025-09-28,P111,2326,2300
2025-09-29,P111,2179,2300
2025-09-30,P111,1988,2300
2025-10-01,P111,1795,2300
2025-10-02,P111,1629,2300
2025-10-03,P111,1480,2300
2025-10-04,P111,1341,2300
2025-10-05,P111,1303,2300
2025-10-06,P111,1147,2300
2025-10-07,P111,993,2300
2025-10-08,P111,3119,0
2025-10-09,P111,2957,0
2025-10-10,P111,2823,0
2025-10-11,P111,2748,0
2025-10-12,P111,2711,0
2025-10-13,P111,2552,2375
2025-10-14,P111,2364,2375
2025-10-15,P111,2186,2375
2025-10-16,P111,1996,2375
2025-10-17,P111,1848,2375
2025-10-18,P111,1756,2375
2025-10-19,P111,1718,2375
2025-10-20,P111,1556,2375
2025-10-21,P111,1353,2375
2025-10-22,P111,1208,2375
2025-10-23,P111,1051,2375
2025-10-24,P111,917,2375
2025-10-25,P111,834,2375
2025-10-26,P111,3173,0
2025-10-27,P111,2982,0
2025-10-28,P111,2803,0
2025-10-29,P111,2636,0
2025-10-30,P111,2492,2315
2025-10-31,P111,2348,2315
2025-11-01,P111,2253,2315
2025-11-02,P111,2213,2315
2025-11-03,P111,2045,2315
2025-11-04,P111,1837,2315
2025-11-05,P111,1676,2315
2025-11-06,P111,1508,2315
2025-11-07,P111,1347,2315
2025-11-08,P111,1240,2315
2025-11-09,P111,1203,2315
2025-11-10,P111,1061,2315
2025-11-11,P111,858,2315
2025-11-12,P111,640,2315
2025-11-13,P111,2784,0
2025-11-14,P111,2633,2505
2025-11-15,P111,2532,2505
2025-11-16,P111,2487,2505
2025-11-17,P111,2293,2505
2025-11-18,P111,2141,2505
2025-11-19,P111,1945,2505
2025-11-20,P111,1761,2505
2025-11-21,P111,1611,2505
2025-11-22,P111,1506,2505
2025-11-23,P111,1422,2505
2025-11-24,P111,1002,2505
2025-11-25,P111,839,2505
2025-11-26,P111,650,2505
2025-11-27,P111,491,2505
2025-11-28,P111,2824,2855
2025-11-29,P111,2717,2855
2025-11-30,P111,2686,2855
2025-12-01,P111,2535,2855
2025-12-02,P111,5187,0
2025-12-03,P111,5007,0
2025-12-04,P111,4809,0
2025-12-05,P111,4657,0
2025-12-06,P111,4565,0
2025-12-07,P111,4526,0
2025-12-08,P111,4345,0
2025-12-09,P111,4198,0
2025-12-10,P111,3963,0
2025-12-11,P111,3785,0
2025-12-12,P111,3644,0
2025-12-13,P111,3550,0
2025-12-14,P111,3512,0
2025-12-15,P111,3318,0
2025-12-16,P111,3118,0
2025-12-17,P111,2944,0
2025-12-18,P111,2804,0
2025-12-19,P111,2631,2500
2025-12-20,P111,2557,2500
2025-12-21,P111,2516,2500
2025-12-22,P111,2356,2500
2025-12-23,P111,2163,2500
2025-12-24,P111,1999,2500
2025-12-25,P111,1837,2500
2025-12-26,P111,1689,2500
2025-12-27,P111,1593,2500
2025-12-28,P111,1560,2500
2025-12-29,P111,1374,2500
2025-12-30,P111,1208,2500
2025-12-31,P111,1038,2500
2023-01-01,P112,669,0
2023-01-02,P112,643,0
2023-01-03,P112,606,0
2023-01-04,P112,575,0
2023-01-05,P112,536,515
2023-01-06,P112,501,515
2023-01-07,P112,486,515
2023-01-08,P112,478,515
2023-01-09,P112,440,515
2023-01-10,P112,409,515
2023-01-11,P112,380,515
2023-01-12,P112,356,515
2023-01-13,P112,325,515
2023-01-14,P112,310,515
2023-01-15,P112,818,0
2023-01-16,P112,788,0
2023-01-17,P112,758,0
2023-01-18,P112,728,0
2023-01-19,P112,701,0
2023-01-20,P112,673,0
2023-01-21,P112,658,0
2023-01-22,P112,652,0
2023-01-23,P112,621,0
2023-01-24,P112,593,0
2023-01-25,P112,533,0
2023-01-26,P112,503,485
2023-01-27,P112,469,485
2023-01-28,P112,453,485
2023-01-29,P112,447,485
2023-01-30,P112,418,485
2023-01-31,P112,384,485
2023-02-01,P112,353,485
2023-02-02,P112,320,485
2023-02-03,P112,287,485
2023-02-04,P112,255,485
2023-02-05,P112,248,485
2023-02-06,P112,216,485
2023-02-07,P112,184,485
2023-02-08,P112,155,485
2023-02-09,P112,612,0
2023-02-10,P112,567,0
2023-02-11,P112,553,0
2023-02-12,P112,547,510
2023-02-13,P112,518,510
2023-02-14,P112,490,510
2023-02-15,P112,459,510
2023-02-16,P112,430,510
2023-02-17,P112,402,510
2023-02-18,P112,388,510
2023-02-19,P112,382,510
2023-02-20,P112,354,510
2023-02-21,P112,322,510
2023-02-22,P112,294,510
2023-02-23,P112,265,510
2023-02-24,P112,242,510
2023-02-25,P112,211,510
2023-02-26,P112,206,510
2023-02-27,P112,691,0
2023-02-28,P112,666,0
2023-03-01,P112,642,0
2023-03-02,P112,616,0
2023-03-03,P112,586,0
2023-03-04,P112,573,0
2023-03-05,P112,569,0
2023-03-06,P112,541,0
2023-03-07,P112,516,0
2023-03-08,P112,486,0
2023-03-09,P112,460,0
2023-03-10,P112,435,420
2023-03-11,P112,419,420
2023-03-12,P112,413,420
2023-03-13,P112,390,420
2023-03-14,P112,366,420
2023-03-15,P112,344,420
2023-03-16,P112,310,420
2023-03-17,P112,287,420
2023-03-18,P112,272,420
2023-03-19,P112,267,420
2023-03-20,P112,244,420
2023-03-21,P112,217,420
2023-03-22,P112,191,420
2023-03-23,P112,163,420
2023-03-24,P112,136,420
2023-03-25,P112,123,420
2023-03-26,P112,115,420
2023-03-27,P112,93,420
2023-03-28,P112,493,0
2023-03-29,P112,468,0
2023-03-30,P112,443,0
2023-03-31,P112,422,0
2023-04-01,P112,411,0
2023-04-02,P112,406,0
2023-04-03,P112,383,370
2023-04-04,P112,358,370
2023-04-05,P112,334,370
2023-04-06,P112,309,370
2023-04-07,P112,287,370
2023-04-08,P112,275,370
2023-04-09,P112,271,370
2023-04-10,P112,246,370
2023-04-11,P112,220,370
2023-04-12,P112,195,370
2023-04-13,P112,166,370
2023-04-14,P112,142,370
2023-04-15,P112,130,370
2023-04-16,P112,125,370
2023-04-17,P112,465,0
2023-04-18,P112,439,0
2023-04-19,P112,420,0
2023-04-20,P112,395,375
2023-04-21,P112,374,375
2023-04-22,P112,364,375
2023-04-23,P112,358,375
2023-04-24,P112,330,375
2023-04-25,P112,307,375
2023-04-26,P112,285,375
2023-04-27,P112,261,375
2023-04-28,P112,241,375
2023-04-29,P112,229,375
2023-04-30,P112,221,375
2023-05-01,P112,198,375
2023-05-02,P112,158,375
2023-05-03,P112,131,375
2023-05-04,P112,104,375
2023-05-05,P112,457,0
2023-05-06,P112,445,0
2023-05-07,P112,440,0
2023-05-08,P112,416,0
2023-05-09,P112,387,390
2023-05-10,P112,366,390
2023-05-11,P112,340,390
2023-05-12,P112,318,390
2023-05-13,P112,307,390
2023-05-14,P112,294,390
2023-05-15,P112,264,390
2023-05-16,P112,240,390
2023-05-17,P112,215,390
2023-05-18,P112,193,390
2023-05-19,P112,171,390
2023-05-20,P112,160,390
2023-05-21,P112,546,0
2023-05-22,P112,517,0
2023-05-23,P112,492,0
2023-05-24,P112,468,0
2023-05-25,P112,446,0
2023-05-26,P112,405,400
2023-05-27,P112,395,400
2023-05-28,P112,390,400
2023-05-29,P112,369,400
2023-05-30,P112,341,400
2023-05-31,P112,321,400
2023-06-01,P112,300,400
2023-06-02,P112,282,400
2023-06-03,P112,271,400
2023-06-04,P112,266,400
2023-06-05,P112,239,400
2023-06-06,P112,214,400
2023-06-07,P112,190,400
2023-06-08,P112,165,400
2023-06-09,P112,143,400
2023-06-10,P112,127,400
2023-06-11,P112,122,400
2023-06-12,P112,96,400
2023-06-13,P112,68,400
2023-06-14,P112,445,0
2023-06-15,P112,420,0
2023-06-16,P112,372,410
2023-06-17,P112,359,410
2023-06-18,P112,354,410
2023-06-19,P112,329,410
2023-06-20,P112,306,410
2023-06-21,P112,275,410
2023-06-22,P112,249,410
2023-06-23,P112,229,410
2023-06-24,P112,217,410
2023-06-25,P112,213,410
2023-06-26,P112,185,410
2023-06-27,P112,159,410
2023-06-28,P112,133,410
2023-06-29,P112,110,410
2023-06-30,P112,497,0
2023-07-01,P112,482,0
2023-07-02,P112,476,0
2023-07-03,P112,448,0
2023-07-04,P112,426,0
2023-07-05,P112,400,375
2023-07-06,P112,373,375
2023-07-07,P112,350,375
2023-07-08,P112,339,375
2023-07-09,P112,334,375
2023-07-10,P112,303,375
2023-07-11,P112,279,375
2023-07-12,P112,252,375
2023-07-13,P112,226,375
2023-07-14,P112,201,375
2023-07-15,P112,187,375
2023-07-16,P112,181,375
2023-07-17,P112,136,375
2023-07-18,P112,110,375
2023-07-19,P112,82,375
2023-07-20,P112,59,375
2023-07-21,P112,32,375
2023-07-22,P112,19,375
2023-07-23,P112,14,375
2023-07-24,P112,0,375
2023-07-25,P112,0,375
2023-07-26,P112,347,425
2023-07-27,P112,315,425
2023-07-28,P112,291,425
2023-07-29,P112,275,425
2023-07-30,P112,268,425
2023-07-31,P112,236,425
2023-08-01,P112,199,425
2023-08-02,P112,172,425
2023-08-03,P112,146,425
2023-08-04,P112,116,425
2023-08-05,P112,99,425
2023-08-06,P112,93,425
2023-08-07,P112,62,425
2023-08-08,P112,22,425
2023-08-09,P112,0,425
2023-08-10,P112,0,425
2023-08-11,P112,0,425
2023-08-12,P112,0,425
2023-08-13,P112,419,515
2023-08-14,P112,385,515
2023-08-15,P112,356,515
2023-08-16,P112,325,515
2023-08-17,P112,296,515
2023-08-18,P112,273,515
2023-08-19,P112,260,515
2023-08-20,P112,253,515
2023-08-21,P112,220,515
2023-08-22,P112,191,515
2023-08-23,P112,154,515
2023-08-24,P112,127,515
2023-08-25,P112,96,515
2023-08-26,P112,80,515
2023-08-27,P112,73,515
2023-08-28,P112,38,515
2023-08-29,P112,2,515
2023-08-30,P112,0,515
2023-08-31,P112,0,515
2023-09-01,P112,0,515
2023-09-02,P112,496,490
2023-09-03,P112,490,490
2023-09-04,P112,458,490
2023-09-05,P112,425,490
2023-09-06,P112,390,490
2023-09-07,P112,359,490
2023-09-08,P112,328,490
2023-09-09,P112,308,490
2023-09-10,P112,302,490
2023-09-11,P112,269,490
2023-09-12,P112,239,490
2023-09-13,P112,202,490
2023-09-14,P112,171,490
2023-09-15,P112,122,490
2023-09-16,P112,107,490
2023-09-17,P112,99,490
2023-09-18,P112,65,490
2023-09-19,P112,29,490
2023-09-20,P112,0,490
2023-09-21,P112,0,490
2023-09-22,P112,460,555
2023-09-23,P112,442,555
2023-09-24,P112,436,555
2023-09-25,P112,408,555
2023-09-26,P112,375,555
2023-09-27,P112,344,555
2023-09-28,P112,311,555
2023-09-29,P112,276,555
2023-09-30,P112,256,555
2023-10-01,P112,247,555
2023-10-02,P112,212,555
2023-10-03,P112,175,555
2023-10-04,P112,139,555
2023-10-05,P112,102,555
2023-10-06,P112,67,555
2023-10-07,P112,47,555
2023-10-08,P112,594,0
2023-10-09,P112,556,535
2023-10-10,P112,512,535
2023-10-11,P112,475,535
2023-10-12,P112,442,535
2023-10-13,P112,410,535
2023-10-14,P112,391,535
2023-10-15,P112,384,535
2023-10-16,P112,350,535
2023-10-17,P112,317,535
2023-10-18,P112,242,535
2023-10-19,P112,204,535
2023-10-20,P112,176,535
2023-10-21,P112,158,535
2023-10-22,P112,149,535
2023-10-23,P112,110,535
2023-10-24,P112,70,535
2023-10-25,P112,35,535
2023-10-26,P112,0,535
2023-10-27,P112,0,535
2023-10-28,P112,517,590
2023-10-29,P112,510,590
2023-10-30,P112,475,590
2023-10-31,P112,443,590
2023-11-01,P112,411,590
2023-11-02,P112,375,590
2023-11-03,P112,343,590
2023-11-04,P112,324,590
2023-11-05,P112,318,590
2023-11-06,P112,277,590
2023-11-07,P112,229,590
2023-11-08,P112,187,590
2023-11-09,P112,145,590
2023-11-10,P112,107,590
2023-11-11,P112,87,590
2023-11-12,P112,79,590
2023-11-13,P112,635,0
2023-11-14,P112,570,610
2023-11-15,P112,529,610
2023-11-16,P112,494,610
2023-11-17,P112,456,610
2023-11-18,P112,438,610
2023-11-19,P112,431,610
2023-11-20,P112,390,610
2023-11-21,P112,349,610
2023-11-22,P112,312,610
2023-11-23,P112,276,610
2023-11-24,P112,850,0
2023-11-25,P112,834,0
2023-11-26,P112,827,0
2023-11-27,P112,795,0
2023-11-28,P112,756,0
2023-11-29,P112,713,0
2023-11-30,P112,674,0
2023-12-01,P112,641,0
2023-12-02,P112,606,585
2023-12-03,P112,599,585
2023-12-04,P112,553,585
2023-12-05,P112,514,585
2023-12-06,P112,475,585
2023-12-07,P112,447,585
2023-12-08,P112,416,585
2023-12-09,P112,397,585
2023-12-10,P112,390,585
2023-12-11,P112,352,585
2023-12-12,P112,313,585
2023-12-13,P112,273,585
2023-12-14,P112,244,585
2023-12-15,P112,798,0
2023-12-16,P112,779,0
2023-12-17,P112,772,0
2023-12-18,P112,736,0
2023-12-19,P112,697,0
2023-12-20,P112,662,0
2023-12-21,P112,625,0
2023-12-22,P112,588,545
2023-12-23,P112,569,545
2023-12-24,P112,561,545
2023-12-25,P112,512,545
2023-12-26,P112,476,545
2023-12-27,P112,435,545
2023-12-28,P112,402,545
2023-12-29,P112,371,545
2023-12-30,P112,352,545
2023-12-31,P112,344,545
2024-01-01,P112,310,545
2024-01-02,P112,265,545
2024-01-03,P112,227,545
2024-01-04,P112,195,545
2024-01-05,P112,711,0
2024-01-06,P112,692,0
2024-01-07,P112,685,0
2024-01-08,P112,614,585
2024-01-09,P112,575,585
2024-01-10,P112,537,585
2024-01-11,P112,501,585
2024-01-12,P112,463,585
2024-01-13,P112,449,585
2024-01-14,P112,443,585
2024-01-15,P112,404,585
2024-01-16,P112,362,585
2024-01-17,P112,331,585
2024-01-18,P112,303,585
2024-01-19,P112,270,585
2024-01-20,P112,251,585
2024-01-21,P112,829,0
2024-01-22,P112,795,0
2024-01-23,P112,767,0
2024-01-24,P112,733,0
2024-01-25,P112,700,0
2024-01-26,P112,670,0
2024-01-27,P112,656,0
2024-01-28,P112,648,0
2024-01-29,P112,611,0
2024-01-30,P112,579,0
2024-01-31,P112,545,0
2024-02-01,P112,514,495
2024-02-02,P112,484,495
2024-02-03,P112,466,495
2024-02-04,P112,459,495
2024-02-05,P112,422,495
2024-02-06,P112,384,495
2024-02-07,P112,351,495
2024-02-08,P112,308,495
2024-02-09,P112,272,495
2024-02-10,P112,256,495
2024-02-11,P112,249,495
2024-02-12,P112,224,495
2024-02-13,P112,190,495
2024-02-14,P112,151,495
2024-02-15,P112,109,495
2024-02-16,P112,79,495
2024-02-17,P112,62,495
2024-02-18,P112,55,495
2024-02-19,P112,16,495
2024-02-20,P112,482,525
2024-02-21,P112,440,525
2024-02-22,P112,410,525
2024-02-23,P112,384,525
2024-02-24,P112,368,525
2024-02-25,P112,362,525
2024-02-26,P112,329,525
2024-02-27,P112,303,525
2024-02-28,P112,271,525
2024-02-29,P112,763,0
2024-03-01,P112,729,0
2024-03-02,P112,712,0
2024-03-03,P112,705,0
2024-03-04,P112,677,0
2024-03-05,P112,644,0
2024-03-06,P112,621,0
2024-03-07,P112,592,0
2024-03-08,P112,562,0
2024-03-09,P112,546,0
2024-03-10,P112,541,0
2024-03-11,P112,513,0
2024-03-12,P112,483,455
2024-03-13,P112,454,455
2024-03-14,P112,422,455
2024-03-15,P112,395,455
2024-03-16,P112,380,455
2024-03-17,P112,374,455
2024-03-18,P112,341,455
2024-03-19,P112,307,455
2024-03-20,P112,279,455
2024-03-21,P112,241,455
2024-03-22,P112,216,455
2024-03-23,P112,199,455
2024-03-24,P112,194,455
2024-03-25,P112,163,455
2024-03-26,P112,131,455
2024-03-27,P112,105,455
2024-03-28,P112,532,0
2024-03-29,P112,500,0
2024-03-30,P112,487,460
2024-03-31,P112,481,460
2024-04-01,P112,452,460
2024-04-02,P112,423,460
2024-04-03,P112,400,460
2024-04-04,P112,370,460
2024-04-05,P112,344,460
2024-04-06,P112,328,460
2024-04-07,P112,322,460
2024-04-08,P112,754,0
2024-04-09,P112,696,0
2024-04-10,P112,671,0
2024-04-11,P112,639,0
2024-04-12,P112,614,0
2024-04-13,P112,600,0
2024-04-14,P112,590,0
2024-04-15,P112,562,0
2024-04-16,P112,535,0
2024-04-17,P112,473,510
2024-04-18,P112,444,510
2024-04-19,P112,419,510
2024-04-20,P112,404,510
2024-04-21,P112,399,510
2024-04-22,P112,371,510
2024-04-23,P112,341,510
2024-04-24,P112,312,510
2024-04-25,P112,292,510
2024-04-26,P112,267,510
2024-04-27,P112,255,510
2024-04-28,P112,249,510
2024-04-29,P112,224,510
2024-04-30,P112,193,510
2024-05-01,P112,170,510
2024-05-02,P112,143,510
2024-05-03,P112,118,510
2024-05-04,P112,610,0
2024-05-05,P112,604,0
2024-05-06,P112,574,0
2024-05-07,P112,540,0
2024-05-08,P112,512,0
2024-05-09,P112,486,0
2024-05-10,P112,462,0
2024-05-11,P112,448,420
2024-05-12,P112,444,420
2024-05-13,P112,418,420
2024-05-14,P112,390,420
2024-05-15,P112,364,420
2024-05-16,P112,342,420
2024-05-17,P112,317,420
2024-05-18,P112,306,420
2024-05-19,P112,299,420
2024-05-20,P112,273,420
2024-05-21,P112,252,420
2024-05-22,P112,226,420
2024-05-23,P112,197,420
2024-05-24,P112,171,420
2024-05-25,P112,159,420
2024-05-26,P112,154,420
2024-05-27,P112,128,420
2024-05-28,P112,102,420
2024-05-29,P112,57,420
2024-05-30,P112,451,0
2024-05-31,P112,429,405
2024-06-01,P112,414,405
2024-06-02,P112,408,405
2024-06-03,P112,384,405
2024-06-04,P112,358,405
2024-06-05,P112,332,405
2024-06-06,P112,305,405
2024-06-07,P112,279,405
2024-06-08,P112,264,405
2024-06-09,P112,258,405
2024-06-10,P112,226,405
2024-06-11,P112,198,405
2024-06-12,P112,174,405
2024-06-13,P112,152,405
2024-06-14,P112,121,405
2024-06-15,P112,106,405
2024-06-16,P112,505,0
2024-06-17,P112,476,0
2024-06-18,P112,447,415
2024-06-19,P112,417,415
2024-06-20,P112,391,415
2024-06-21,P112,362,415
2024-06-22,P112,348,415
2024-06-23,P112,343,415
2024-06-24,P112,320,415
2024-06-25,P112,292,415
2024-06-26,P112,259,415
2024-06-27,P112,232,415
2024-06-28,P112,209,415
2024-06-29,P112,194,415
2024-06-30,P112,188,415
2024-07-01,P112,154,415
2024-07-02,P112,121,415
2024-07-03,P112,96,415
2024-07-04,P112,483,0
2024-07-05,P112,458,0
2024-07-06,P112,445,420
2024-07-07,P112,439,420
2024-07-08,P112,407,420
2024-07-09,P112,377,420
2024-07-10,P112,349,420
2024-07-11,P112,327,420
2024-07-12,P112,301,420
2024-07-13,P112,285,420
2024-07-14,P112,280,420
2024-07-15,P112,246,420
2024-07-16,P112,217,420
2024-07-17,P112,185,420
2024-07-18,P112,156,420
2024-07-19,P112,131,420
2024-07-20,P112,114,420
2024-07-21,P112,522,0
2024-07-22,P112,494,0
2024-07-23,P112,470,0
2024-07-24,P112,434,440
2024-07-25,P112,403,440
2024-07-26,P112,370,440
2024-07-27,P112,353,440
2024-07-28,P112,346,440
2024-07-29,P112,316,440
2024-07-30,P112,288,440
2024-07-31,P112,253,440
2024-08-01,P112,221,440
2024-08-02,P112,192,440
2024-08-03,P112,174,440
2024-08-04,P112,167,440
2024-08-05,P112,132,440
2024-08-06,P112,102,440
2024-08-07,P112,65,440
2024-08-08,P112,32,440
2024-08-09,P112,0,440
2024-08-10,P112,421,495
2024-08-11,P112,414,495
2024-08-12,P112,381,495
2024-08-13,P112,344,495
2024-08-14,P112,306,495
2024-08-15,P112,270,495
2024-08-16,P112,237,495
2024-08-17,P112,218,495
2024-08-18,P112,211,495
2024-08-19,P112,171,495
2024-08-20,P112,142,495
2024-08-21,P112,107,495
2024-08-22,P112,74,495
2024-08-23,P112,44,495
2024-08-24,P112,25,495
2024-08-25,P112,19,495
2024-08-26,P112,0,495
2024-08-27,P112,0,495
2024-08-28,P112,463,520
2024-08-29,P112,432,520
2024-08-30,P112,398,520
2024-08-31,P112,377,520
2024-09-01,P112,369,520
2024-09-02,P112,327,520
2024-09-03,P112,293,520
2024-09-04,P112,253,520
2024-09-05,P112,218,520
2024-09-06,P112,183,520
2024-09-07,P112,162,520
2024-09-08,P112,156,520
2024-09-09,P112,111,520
2024-09-10,P112,73,520
2024-09-11,P112,42,520
2024-09-12,P112,528,560
2024-09-13,P112,492,560
2024-09-14,P112,474,560
2024-09-15,P112,468,560
2024-09-16,P112,430,560
2024-09-17,P112,394,560
2024-09-18,P112,353,560
2024-09-19,P112,320,560
2024-09-20,P112,275,560
2024-09-21,P112,254,560
2024-09-22,P112,246,560
2024-09-23,P112,205,560
2024-09-24,P112,173,560
2024-09-25,P112,136,560
2024-09-26,P112,90,560
2024-09-27,P112,55,560
2024-09-28,P112,35,560
2024-09-29,P112,27,560
2024-09-30,P112,0,560
2024-10-01,P112,0,560
2024-10-02,P112,525,590
2024-10-03,P112,475,590
2024-10-04,P112,443,590
2024-10-05,P112,423,590
2024-10-06,P112,416,590
2024-10-07,P112,379,590
2024-10-08,P112,342,590
2024-10-09,P112,304,590
2024-10-10,P112,260,590
2024-10-11,P112,230,590
2024-10-12,P112,206,590
2024-10-13,P112,197,590
2024-10-14,P112,154,590
2024-10-15,P112,111,590
2024-10-16,P112,659,0
2024-10-17,P112,613,595
2024-10-18,P112,582,595
2024-10-19,P112,559,595
2024-10-20,P112,551,595
2024-10-21,P112,506,595
2024-10-22,P112,466,595
2024-10-23,P112,421,595
2024-10-24,P112,387,595
2024-10-25,P112,355,595
2024-10-26,P112,334,595
2024-10-27,P112,324,595
2024-10-28,P112,280,595
2024-10-29,P112,235,595
2024-10-30,P112,189,595
2024-10-31,P112,150,595
2024-11-01,P112,83,595
2024-11-02,P112,644,670
2024-11-03,P112,636,670
2024-11-04,P112,595,670
2024-11-05,P112,554,670
2024-11-06,P112,512,670
2024-11-07,P112,472,670
2024-11-08,P112,436,670
2024-11-09,P112,415,670
2024-11-10,P112,406,670
2024-11-11,P112,369,670
2024-11-12,P112,324,670
2024-11-13,P112,284,670
2024-11-14,P112,242,670
2024-11-15,P112,205,670
2024-11-16,P112,181,670
2024-11-17,P112,171,670
2024-11-18,P112,804,0
2024-11-19,P112,758,0
2024-11-20,P112,709,0
2024-11-21,P112,672,0
2024-11-22,P112,636,620
2024-11-23,P112,613,620
2024-11-24,P112,606,620
2024-11-25,P112,568,620
2024-11-26,P112,529,620
2024-11-27,P112,483,620
2024-11-28,P112,445,620
2024-11-29,P112,407,620
2024-11-30,P112,387,620
2024-12-01,P112,377,620
2024-12-02,P112,339,620
2024-12-03,P112,302,620
2024-12-04,P112,266,620
2024-12-05,P112,222,620
2024-12-06,P112,799,0
2024-12-07,P112,774,0
2024-12-08,P112,767,0
2024-12-09,P112,727,0
2024-12-10,P112,673,630
2024-12-11,P112,632,630
2024-12-12,P112,594,630
2024-12-13,P112,555,630
2024-12-14,P112,532,630
2024-12-15,P112,523,630
2024-12-16,P112,485,630
2024-12-17,P112,445,630
2024-12-18,P112,405,630
2024-12-19,P112,368,630
2024-12-20,P112,335,630
2024-12-21,P112,940,0
2024-12-22,P112,932,0
2024-12-23,P112,893,0
2024-12-24,P112,852,0
2024-12-25,P112,811,0
2024-12-26,P112,769,0
2024-12-27,P112,733,0
2024-12-28,P112,709,0
2024-12-29,P112,700,0
2024-12-30,P112,661,0
2024-12-31,P112,622,595
2025-01-01,P112,576,595
2025-01-02,P112,537,595
2025-01-03,P112,504,595
2025-01-04,P112,481,595
2025-01-05,P112,473,595
2025-01-06,P112,429,595
2025-01-07,P112,365,595
2025-01-08,P112,326,595
2025-01-09,P112,282,595
2025-01-10,P112,245,595
2025-01-11,P112,223,595
2025-01-12,P112,216,595
2025-01-13,P112,175,595
2025-01-14,P112,134,595
2025-01-15,P112,93,595
2025-01-16,P112,641,645
2025-01-17,P112,599,645
2025-01-18,P112,577,645
2025-01-19,P112,568,645
2025-01-20,P112,533,645
2025-01-21,P112,495,645
2025-01-22,P112,462,645
2025-01-23,P112,429,645
2025-01-24,P112,396,645
2025-01-25,P112,376,645
2025-01-26,P112,365,645
2025-01-27,P112,327,645
2025-01-28,P112,288,645
2025-01-29,P112,254,645
2025-01-30,P112,211,645
2025-01-31,P112,826,0
2025-02-01,P112,804,0
2025-02-02,P112,798,0
2025-02-03,P112,761,0
2025-02-04,P112,728,0
2025-02-05,P112,693,0
2025-02-06,P112,649,0
2025-02-07,P112,616,0
2025-02-08,P112,599,555
2025-02-09,P112,591,555
2025-02-10,P112,556,555
2025-02-11,P112,518,555
2025-02-12,P112,485,555
2025-02-13,P112,453,555
2025-02-14,P112,422,555
2025-02-15,P112,402,555
2025-02-16,P112,395,555
2025-02-17,P112,364,555
2025-02-18,P112,327,555
2025-02-19,P112,272,555
2025-02-20,P112,235,555
2025-02-21,P112,759,0
2025-02-22,P112,741,0
2025-02-23,P112,733,0
2025-02-24,P112,702,0
2025-02-25,P112,663,0
2025-02-26,P112,628,0
2025-02-27,P112,598,0
2025-02-28,P112,570,535
2025-03-01,P112,552,535
2025-03-02,P112,545,535
2025-03-03,P112,508,535
2025-03-04,P112,474,535
2025-03-05,P112,438,535
2025-03-06,P112,408,535
2025-03-07,P112,376,535
2025-03-08,P112,356,535
2025-03-09,P112,349,535
2025-03-10,P112,318,535
2025-03-11,P112,287,535
2025-03-12,P112,253,535
2025-03-13,P112,176,535
2025-03-14,P112,150,535
2025-03-15,P112,133,535
2025-03-16,P112,128,535
2025-03-17,P112,97,535
2025-03-18,P112,597,0
2025-03-19,P112,570,530
2025-03-20,P112,540,530
2025-03-21,P112,487,530
2025-03-22,P112,470,530
2025-03-23,P112,463,530
2025-03-24,P112,435,530
2025-03-25,P112,401,530
2025-03-26,P112,371,530
2025-03-27,P112,337,530
2025-03-28,P112,845,0
2025-03-29,P112,829,0
2025-03-30,P112,822,0
2025-03-31,P112,786,0
2025-04-01,P112,753,0
2025-04-02,P112,721,0
2025-04-03,P112,689,0
2025-04-04,P112,656,0
2025-04-05,P112,641,0
2025-04-06,P112,636,0
2025-04-07,P112,611,0
2025-04-08,P112,577,0
2025-04-09,P112,545,0
2025-04-10,P112,516,0
2025-04-11,P112,489,470
2025-04-12,P112,473,470
2025-04-13,P112,467,470
2025-04-14,P112,435,470
2025-04-15,P112,407,470
2025-04-16,P112,382,470
2025-04-17,P112,355,470
2025-04-18,P112,331,470
2025-04-19,P112,318,470
2025-04-20,P112,311,470
2025-04-21,P112,759,0
2025-04-22,P112,726,0
2025-04-23,P112,693,0
2025-04-24,P112,660,0
2025-04-25,P112,631,0
2025-04-26,P112,613,0
2025-04-27,P112,606,0
2025-04-28,P112,577,0
2025-04-29,P112,545,0
2025-04-30,P112,511,0
2025-05-01,P112,485,450
2025-05-02,P112,458,450
2025-05-03,P112,444,450
2025-05-04,P112,438,450
2025-05-05,P112,415,450
2025-05-06,P112,380,450
2025-05-07,P112,348,450
2025-05-08,P112,317,450
2025-05-09,P112,297,450
2025-05-10,P112,284,450
2025-05-11,P112,277,450
2025-05-12,P112,248,450
2025-05-13,P112,223,450
2025-05-14,P112,642,0
2025-05-15,P112,611,0
2025-05-16,P112,582,0
2025-05-17,P112,567,0
2025-05-18,P112,560,0
2025-05-19,P112,533,0
2025-05-20,P112,501,0
2025-05-21,P112,471,0
2025-05-22,P112,442,430
2025-05-23,P112,415,430
2025-05-24,P112,400,430
2025-05-25,P112,394,430
2025-05-26,P112,365,430
2025-05-27,P112,332,430
2025-05-28,P112,304,430
2025-05-29,P112,270,430
2025-05-30,P112,244,430
2025-05-31,P112,227,430
2025-06-01,P112,220,430
2025-06-02,P112,159,430
2025-06-03,P112,558,0
2025-06-04,P112,530,0
2025-06-05,P112,502,490
2025-06-06,P112,473,490
2025-06-07,P112,458,490
2025-06-08,P112,451,490
2025-06-09,P112,422,490
2025-06-10,P112,392,490
2025-06-11,P112,367,490
2025-06-12,P112,335,490
2025-06-13,P112,305,490
2025-06-14,P112,288,490
2025-06-15,P112,273,490
2025-06-16,P112,240,490
2025-06-17,P112,205,490
2025-06-18,P112,172,490
2025-06-19,P112,139,490
2025-06-20,P112,606,0
2025-06-21,P112,592,0
2025-06-22,P112,586,0
2025-06-23,P112,551,0
2025-06-24,P112,521,0
2025-06-25,P112,491,485
2025-06-26,P112,460,485
2025-06-27,P112,434,485
2025-06-28,P112,417,485
2025-06-29,P112,412,485
2025-06-30,P112,384,485
2025-07-01,P112,350,485
2025-07-02,P112,322,485
2025-07-03,P112,286,485
2025-07-04,P112,256,485
2025-07-05,P112,237,485
2025-07-06,P112,230,485
2025-07-07,P112,198,485
2025-07-08,P112,168,485
2025-07-09,P112,131,485
2025-07-10,P112,97,485
2025-07-11,P112,59,485
2025-07-12,P112,525,495
2025-07-13,P112,518,495
2025-07-14,P112,484,495
2025-07-15,P112,448,495
2025-07-16,P112,410,495
2025-07-17,P112,372,495
2025-07-18,P112,341,495
2025-07-19,P112,326,495
2025-07-20,P112,320,495
2025-07-21,P112,290,495
2025-07-22,P112,257,495
2025-07-23,P112,216,495
2025-07-24,P112,176,495
2025-07-25,P112,635,0
2025-07-26,P112,615,0
2025-07-27,P112,608,0
2025-07-28,P112,579,0
2025-07-29,P112,547,520
2025-07-30,P112,519,520
2025-07-31,P112,488,520
2025-08-01,P112,456,520
2025-08-02,P112,437,520
2025-08-03,P112,429,520
2025-08-04,P112,396,520
2025-08-05,P112,356,520
2025-08-06,P112,322,520
2025-08-07,P112,286,520
2025-08-08,P112,256,520
2025-08-09,P112,235,520
2025-08-10,P112,227,520
2025-08-11,P112,187,520
2025-08-12,P112,154,520
2025-08-13,P112,116,520
2025-08-14,P112,77,520
2025-08-15,P112,50,520
2025-08-16,P112,28,520
2025-08-17,P112,21,520
2025-08-18,P112,0,520
2025-08-19,P112,473,555
2025-08-20,P112,430,555
2025-08-21,P112,398,555
2025-08-22,P112,363,555
2025-08-23,P112,340,555
2025-08-24,P112,333,555
2025-08-25,P112,296,555
2025-08-26,P112,257,555
2025-08-27,P112,185,555
2025-08-28,P112,153,555
2025-08-29,P112,113,555
2025-08-30,P112,94,555
2025-08-31,P112,86,555
2025-09-01,P112,47,555
2025-09-02,P112,3,555
2025-09-03,P112,0,555
2025-09-04,P112,0,555
2025-09-05,P112,0,555
2025-09-06,P112,0,555
2025-09-07,P112,545,665
2025-09-08,P112,503,665
2025-09-09,P112,460,665
2025-09-10,P112,414,665
2025-09-11,P112,378,665
2025-09-12,P112,345,665
2025-09-13,P112,324,665
2025-09-14,P112,316,665
2025-09-15,P112,265,665
2025-09-16,P112,225,665
2025-09-17,P112,182,665
2025-09-18,P112,140,665
2025-09-19,P112,95,665
2025-09-20,P112,76,665
2025-09-21,P112,69,665
2025-09-22,P112,20,665
2025-09-23,P112,0,665
2025-09-24,P112,0,665
2025-09-25,P112,0,665
2025-09-26,P112,0,665
2025-09-27,P112,0,665
2025-09-28,P112,657,670
2025-09-29,P112,623,670
2025-09-30,P112,583,670
2025-10-01,P112,538,670
2025-10-02,P112,498,670
2025-10-03,P112,462,670
2025-10-04,P112,439,670
2025-10-05,P112,429,670
2025-10-06,P112,385,670
2025-10-07,P112,1015,0
2025-10-08,P112,964,0
2025-10-09,P112,924,0
2025-10-10,P112,843,0
2025-10-11,P112,821,0
2025-10-12,P112,812,0
2025-10-13,P112,760,705
2025-10-14,P112,721,705
2025-10-15,P112,681,705
2025-10-16,P112,638,705
2025-10-17,P112,596,705
2025-10-18,P112,566,705
2025-10-19,P112,558,705
2025-10-20,P112,519,705
2025-10-21,P112,477,705
2025-10-22,P112,430,705
2025-10-23,P112,383,705
2025-10-24,P112,343,705
2025-10-25,P112,304,705
2025-10-26,P112,293,705
2025-10-27,P112,247,705
2025-10-28,P112,198,705
2025-10-29,P112,142,705
2025-10-30,P112,100,705
2025-10-31,P112,60,705
2025-11-01,P112,742,695
2025-11-02,P112,733,695
2025-11-03,P112,696,695
2025-11-04,P112,648,695
2025-11-05,P112,600,695
2025-11-06,P112,555,695
2025-11-07,P112,510,695
2025-11-08,P112,485,695
2025-11-09,P112,477,695
2025-11-10,P112,429,695
2025-11-11,P112,378,695
2025-11-12,P112,339,695
2025-11-13,P112,286,695
2025-11-14,P112,248,695
2025-11-15,P112,227,695
2025-11-16,P112,217,695
2025-11-17,P112,168,695
2025-11-18,P112,811,0
2025-11-19,P112,761,705
2025-11-20,P112,718,705
2025-11-21,P112,674,705
2025-11-22,P112,651,705
2025-11-23,P112,641,705
2025-11-24,P112,594,705
2025-11-25,P112,549,705
2025-11-26,P112,504,705
2025-11-27,P112,467,705
2025-11-28,P112,419,705
2025-11-29,P112,394,705
2025-11-30,P112,387,705
2025-12-01,P112,337,705
2025-12-02,P112,289,705
2025-12-03,P112,247,705
2025-12-04,P112,206,705
2025-12-05,P112,871,0
2025-12-06,P112,849,0
2025-12-07,P112,840,0
2025-12-08,P112,785,0
2025-12-09,P112,735,685
2025-12-10,P112,678,685
2025-12-11,P112,631,685
2025-12-12,P112,585,685
2025-12-13,P112,563,685
2025-12-14,P112,554,685
2025-12-15,P112,509,685
2025-12-16,P112,458,685
2025-12-17,P112,412,685
2025-12-18,P112,365,685
2025-12-19,P112,320,685
2025-12-20,P112,297,685
2025-12-21,P112,288,685
2025-12-22,P112,246,685
2025-12-23,P112,193,685
2025-12-24,P112,148,685
2025-12-25,P112,787,0
2025-12-26,P112,745,690
2025-12-27,P112,719,690
2025-12-28,P112,712,690
2025-12-29,P112,634,690
2025-12-30,P112,594,690
2025-12-31,P112,546,690
