date,sku,units_sold,unit_price,promo_flag
2023-01-01,P101,34,5.65,0
2023-01-02,P101,167,5.65,0
2023-01-03,P101,171,5.65,0
2023-01-04,P101,160,5.66,0
2023-01-05,P101,155,5.66,0
2023-01-06,P101,147,5.66,0
2023-01-07,P101,67,5.66,0
2023-01-08,P101,33,5.66,0
2023-01-09,P101,126,5.66,0
2023-01-10,P101,140,5.66,0
2023-01-11,P101,173,5.66,0
2023-01-12,P101,160,5.67,0
2023-01-13,P101,163,5.67,0
2023-01-14,P101,75,5.67,0
2023-01-15,P101,27,5.67,0
2023-01-16,P101,145,5.67,0
2023-01-17,P101,156,5.67,0
2023-01-18,P101,153,5.67,0
2023-01-19,P101,166,5.67,0
2023-01-20,P101,135,5.68,0
2023-01-21,P101,81,5.68,0
2023-01-22,P101,28,5.68,0
2023-01-23,P101,157,5.68,0
2023-01-24,P101,156,5.68,0
2023-01-25,P101,140,5.68,0
2023-01-26,P101,145,5.68,0
2023-01-27,P101,139,5.68,0
2023-01-28,P101,76,5.68,0
2023-01-29,P101,37,5.69,0
2023-01-30,P101,149,5.69,0
2023-01-31,P101,153,5.69,0
2023-02-01,P101,119,5.69,0
2023-02-02,P101,135,5.69,0
2023-02-03,P101,139,5.69,0
2023-02-04,P101,73,5.69,0
2023-02-05,P101,36,5.69,0
2023-02-06,P101,149,5.7,0
2023-02-07,P101,180,5.7,0
2023-02-08,P101,156,5.7,0
2023-02-09,P101,152,5.7,0
2023-02-10,P101,143,5.7,0
2023-02-11,P101,79,5.7,0
2023-02-12,P101,38,5.7,0
2023-02-13,P101,114,5.7,0
2023-02-14,P101,124,5.7,0
2023-02-15,P101,147,5.71,0
2023-02-16,P101,152,5.71,0
2023-02-17,P101,156,5.71,0
2023-02-18,P101,84,5.71,0
2023-02-19,P101,31,5.71,0
2023-02-20,P101,171,5.71,0
2023-02-21,P101,178,5.71,0
2023-02-22,P101,160,5.71,0
2023-02-23,P101,169,5.71,0
2023-02-24,P101,150,5.72,0
2023-02-25,P101,75,5.72,0
2023-02-26,P101,35,5.72,0
2023-02-27,P101,157,5.72,0
2023-02-28,P101,161,5.72,0
2023-03-01,P101,184,5.72,0
2023-03-02,P101,112,5.72,0
2023-03-03,P101,124,5.72,0
2023-03-04,P101,70,5.72,0
2023-03-05,P101,31,5.72,0
2023-03-06,P101,151,5.73,0
2023-03-07,P101,135,5.73,0
2023-03-08,P101,142,5.73,0
2023-03-09,P101,140,5.73,0
2023-03-10,P101,187,5.73,0
2023-03-11,P101,164,5.73,1
2023-03-12,P101,31,5.73,0
2023-03-13,P101,150,5.73,0
2023-03-14,P101,142,5.73,0
2023-03-15,P101,126,5.73,0
2023-03-16,P101,153,5.73,0
2023-03-17,P101,132,5.74,0
2023-03-18,P101,81,5.74,0
2023-03-19,P101,27,5.74,0
2023-03-20,P101,144,5.74,0
2023-03-21,P101,166,5.74,0
2023-03-22,P101,167,5.74,0
2023-03-23,P101,163,5.74,0
2023-03-24,P101,127,5.74,0
2023-03-25,P101,89,5.74,0
2023-03-26,P101,30,5.74,0
2023-03-27,P101,168,5.74,0
2023-03-28,P101,163,5.74,0
2023-03-29,P101,136,5.74,0
2023-03-30,P101,151,5.75,0
2023-03-31,P101,155,5.75,0
2023-04-01,P101,87,5.75,0
2023-04-02,P101,62,5.75,1
2023-04-03,P101,185,5.75,0
2023-04-04,P101,182,5.75,0
2023-04-05,P101,298,5.75,1
2023-04-06,P101,170,5.75,0
2023-04-07,P101,181,5.75,0
2023-04-08,P101,100,5.75,0
2023-04-09,P101,28,5.75,0
2023-04-10,P101,142,5.75,0
2023-04-11,P101,391,5.75,1
2023-04-12,P101,143,5.75,0
2023-04-13,P101,134,5.75,0
2023-04-14,P101,141,5.75,0
2023-04-15,P101,86,5.75,0
2023-04-16,P101,33,5.76,0
2023-04-17,P101,147,5.76,0
2023-04-18,P101,152,5.76,0
2023-04-20,P101,142,5.76,0
2023-04-21,P101,187,5.76,0
2023-04-22,P101,85,5.76,0
2023-04-23,P101,36,5.76,0
2023-04-24,P101,150,5.76,0
2023-04-25,P101,161,5.76,0
2023-04-26,P101,149,5.76,0
2023-04-27,P101,111,5.76,0
2023-04-28,P101,127,5.76,0
2023-04-29,P101,66,5.76,0
2023-04-30,P101,25,5.76,0
2023-05-01,P101,138,5.76,0
2023-05-02,P101,189,5.76,0
2023-05-03,P101,161,5.76,0
2023-05-04,P101,179,5.76,0
2023-05-05,P101,156,5.76,0
2023-05-06,P101,89,5.76,0
2023-05-07,P101,30,5.76,0
2023-05-08,P101,168,5.76,0
2023-05-09,P101,178,5.76,0
2023-05-10,P101,151,5.76,0
2023-05-11,P101,167,5.76,0
2023-05-12,P101,159,5.76,0
2023-05-13,P101,77,5.76,0
2023-05-14,P101,29,5.76,0
2023-05-15,P101,138,5.76,0
2023-05-16,P101,166,5.76,0
2023-05-17,P101,167,5.76,0
2023-05-18,P101,219,5.76,1
2023-05-19,P101,150,5.76,0
2023-05-20,P101,87,5.76,0
2023-05-21,P101,35,5.76,0
2023-05-22,P101,185,5.76,0
2023-05-23,P101,187,5.76,0
2023-05-24,P101,143,5.76,0
2023-05-25,P101,185,5.76,0
2023-05-26,P101,140,5.76,0
2023-05-27,P101,91,5.76,0
2023-05-28,P101,33,5.76,0
2023-05-29,P101,150,5.76,0
2023-05-30,P101,131,5.76,0
2023-05-31,P101,157,5.76,0
2023-06-01,P101,129,5.76,0
2023-06-02,P101,164,5.76,0
2023-06-03,P101,95,5.76,0
2023-06-04,P101,30,5.76,0
2023-06-05,P101,162,5.76,0
2023-06-06,P101,150,5.76,0
2023-06-07,P101,149,5.76,0
2023-06-08,P101,169,5.76,0
2023-06-09,P101,147,5.76,0
2023-06-10,P101,97,5.76,0
2023-06-11,P101,31,5.76,0
2023-06-12,P101,174,5.76,0
2023-06-13,P101,164,5.76,0
2023-06-14,P101,173,5.76,0
2023-06-15,P101,147,5.76,0
2023-06-16,P101,147,5.76,0
2023-06-17,P101,80,5.76,0
2023-06-18,P101,29,5.76,0
2023-06-19,P101,167,5.76,0
2023-06-20,P101,173,5.76,0
2023-06-21,P101,169,5.76,0
2023-06-22,P101,180,5.76,0
2023-06-23,P101,170,5.76,0
2023-06-24,P101,77,5.76,0
2023-06-25,P101,34,5.76,0
2023-06-26,P101,145,5.76,0
2023-06-27,P101,161,5.76,0
2023-06-28,P101,148,5.76,0
2023-06-29,P101,181,5.75,0
2023-06-30,P101,152,5.75,0
2023-07-01,P101,78,5.75,0
2023-07-02,P101,36,5.75,0
2023-07-03,P101,118,5.75,0
2023-07-04,P101,125,5.75,0
2023-07-05,P101,171,5.75,0
2023-07-06,P101,154,5.75,0
2023-07-07,P101,149,5.75,0
2023-07-08,P101,68,5.75,0
2023-07-09,P101,32,5.75,0
2023-07-10,P101,188,5.75,0
2023-07-11,P101,174,5.75,0
2023-07-12,P101,159,5.75,0
2023-07-13,P101,145,5.75,0
2023-07-14,P101,138,5.75,0
2023-07-15,P101,61,5.75,0
2023-07-16,P101,33,5.74,0
2023-07-17,P101,345,5.74,1
2023-07-18,P101,131,5.74,0
2023-07-19,P101,144,5.74,0
2023-07-20,P101,132,5.74,0
2023-07-21,P101,129,5.74,0
2023-07-22,P101,80,5.74,0
2023-07-23,P101,24,5.74,0
2023-07-24,P101,163,5.74,0
2023-07-25,P101,171,5.74,0
2023-07-26,P101,151,5.74,0
2023-07-27,P101,109,5.74,0
2023-07-28,P101,128,5.73,0
2023-07-29,P101,89,5.73,0
2023-07-30,P101,22,5.73,0
2023-07-31,P101,146,5.73,0
2023-08-01,P101,137,5.73,0
2023-08-02,P101,168,5.73,0
2023-08-03,P101,252,5.73,1
2023-08-04,P101,149,5.73,0
2023-08-05,P101,83,5.73,0
2023-08-06,P101,38,5.73,0
2023-08-07,P101,148,5.73,0
2023-08-08,P101,163,5.73,0
2023-08-09,P101,128,5.72,0
2023-08-10,P101,169,5.72,0
2023-08-11,P101,130,5.72,0
2023-08-12,P101,73,5.72,0
2023-08-13,P101,31,5.72,0
2023-08-14,P101,124,5.72,0
2023-08-15,P101,160,5.72,0
2023-08-16,P101,169,5.72,0
2023-08-17,P101,153,5.72,0
2023-08-18,P101,117,5.72,0
2023-08-19,P101,77,5.71,0
2023-08-20,P101,34,5.71,0
2023-08-21,P101,119,5.71,0
2023-08-22,P101,137,5.71,0
2023-08-23,P101,167,5.71,0
2023-08-24,P101,152,5.71,0
2023-08-25,P101,147,5.71,0
2023-08-26,P101,93,5.71,0
2023-08-27,P101,33,5.71,0
2023-08-28,P101,160,5.7,0
2023-08-29,P101,201,5.7,0
2023-08-30,P101,148,5.7,0
2023-08-31,P101,134,5.7,0
2023-09-01,P101,147,5.7,0
2023-09-02,P101,81,5.7,0
2023-09-03,P101,29,5.7,0
2023-09-04,P101,132,5.7,0
2023-09-05,P101,346,5.7,1
2023-09-06,P101,157,5.69,0
2023-09-07,P101,135,5.69,0
2023-09-08,P101,154,5.69,0
2023-09-09,P101,76,5.69,0
2023-09-10,P101,30,5.69,0
2023-09-11,P101,157,5.69,0
2023-09-12,P101,132,5.69,0
2023-09-13,P101,157,5.69,0
2023-09-14,P101,177,5.68,0
2023-09-15,P101,147,5.68,0
2023-09-16,P101,74,5.68,0
2023-09-17,P101,29,5.68,0
2023-09-18,P101,141,5.68,0
2023-09-19,P101,149,5.68,0
2023-09-20,P101,144,5.68,0
2023-09-21,P101,161,5.68,0
2023-09-22,P101,113,5.67,0
2023-09-23,P101,84,5.67,0
2023-09-24,P101,29,5.67,0
2023-09-25,P101,154,5.67,0
2023-09-26,P101,134,5.67,0
2023-09-27,P101,172,5.67,0
2023-09-28,P101,166,5.67,0
2023-09-29,P101,154,5.67,0
2023-09-30,P101,64,5.67,0
2023-10-01,P101,33,5.66,0
2023-10-02,P101,154,5.66,0
2023-10-03,P101,126,5.66,0
2023-10-04,P101,150,5.66,0
2023-10-05,P101,152,5.66,0
2023-10-06,P101,148,5.66,0
2023-10-07,P101,78,5.66,0
2023-10-08,P101,32,5.65,0
2023-10-09,P101,171,5.65,0
2023-10-10,P101,174,5.65,0
2023-10-11,P101,103,5.65,0
2023-10-12,P101,141,5.65,0
2023-10-13,P101,137,5.65,0
2023-10-14,P101,62,5.65,0
2023-10-15,P101,31,5.65,0
2023-10-16,P101,168,5.64,0
2023-10-17,P101,135,5.64,0
2023-10-18,P101,156,5.64,0
2023-10-19,P101,132,5.64,0
2023-10-20,P101,129,5.64,0
2023-10-21,P101,89,5.64,0
2023-10-22,P101,29,5.64,0
2023-10-23,P101,155,5.64,0
2023-10-24,P101,122,5.63,0
2023-10-25,P101,182,5.63,0
2023-10-26,P101,156,5.63,0
2023-10-27,P101,137,5.63,0
2023-10-28,P101,82,5.63,0
2023-10-29,P101,26,5.63,0
2023-10-30,P101,167,5.63,0
2023-10-31,P101,148,5.63,0
2023-11-01,P101,148,5.63,0
2023-11-02,P101,139,5.62,0
2023-11-03,P101,131,5.62,0
2023-11-04,P101,83,5.62,0
2023-11-05,P101,32,5.62,0
2023-11-06,P101,159,5.62,0
2023-11-07,P101,154,5.62,0
2023-11-08,P101,160,5.62,0
2023-11-09,P101,141,5.62,0
2023-11-10,P101,175,5.61,0
2023-11-11,P101,64,5.61,0
2023-11-12,P101,35,5.61,0
2023-11-13,P101,172,5.61,0
2023-11-14,P101,140,5.61,0
2023-11-15,P101,189,5.61,0
2023-11-16,P101,164,5.61,0
2023-11-17,P101,156,5.61,0
2023-11-18,P101,78,5.6,0
2023-11-19,P101,30,5.6,0
2023-11-20,P101,146,5.6,0
2023-11-21,P101,162,5.6,0
2023-11-22,P101,176,5.6,0
2023-11-23,P101,152,5.6,0
2023-11-24,P101,128,5.6,0
2023-11-25,P101,85,5.6,0
2023-11-26,P101,34,5.6,0
2023-11-27,P101,161,5.59,0
2023-11-28,P101,169,5.59,0
2023-11-29,P101,149,5.59,0
2023-11-30,P101,134,5.59,0
2023-12-01,P101,129,5.59,0
2023-12-02,P101,64,5.59,0
2023-12-03,P101,32,5.59,0
2023-12-04,P101,150,5.59,0
2023-12-05,P101,150,5.59,0
2023-12-06,P101,104,5.59,0
2023-12-07,P101,130,5.58,0
2023-12-08,P101,161,5.58,0
2023-12-09,P101,73,5.58,0
2023-12-10,P101,33,5.58,0
2023-12-11,P101,129,5.58,0
2023-12-12,P101,183,5.58,0
2023-12-13,P101,153,5.58,0
2023-12-14,P101,156,5.58,0
2023-12-15,P101,181,5.58,0
2023-12-16,P101,93,5.58,0
2023-12-17,P101,31,5.57,0
2023-12-18,P101,143,5.57,0
2023-12-19,P101,154,5.57,0
2023-12-20,P101,165,5.57,0
2023-12-21,P101,151,5.57,0
2023-12-22,P101,139,5.57,0
2023-12-23,P101,93,5.57,0
2023-12-24,P101,32,5.57,0
2023-12-25,P101,193,5.57,0
2023-12-26,P101,162,5.57,0
2023-12-27,P101,188,5.57,0
2023-12-28,P101,159,5.57,0
2023-12-29,P101,162,5.56,0
2023-12-30,P101,74,5.56,0
2023-12-31,P101,29,5.56,0
2024-01-01,P101,163,5.56,0
2024-01-02,P101,179,5.56,0
2024-01-03,P101,159,5.56,0
2024-01-04,P101,133,5.56,0
2024-01-05,P101,125,5.56,0
2024-01-06,P101,68,5.56,0
2024-01-07,P101,26,5.56,0
2024-01-08,P101,158,5.56,0
2024-01-09,P101,183,5.56,0
2024-01-10,P101,160,5.56,0
2024-01-11,P101,117,5.55,0
2024-01-12,P101,145,5.55,0
2024-01-13,P101,80,5.55,0
2024-01-14,P101,40,5.55,0
2024-01-15,P101,132,5.55,0
2024-01-16,P101,157,5.55,0
2024-01-17,P101,191,5.55,0
2024-01-18,P101,164,5.55,0
2024-01-19,P101,159,5.55,0
2024-01-20,P101,83,5.55,0
2024-01-21,P101,34,5.55,0
2024-01-22,P101,172,5.55,0
2024-01-23,P101,150,5.55,0
2024-01-24,P101,178,5.55,0
2024-01-25,P101,134,5.55,0
2024-01-26,P101,156,5.55,0
2024-01-27,P101,84,5.55,0
2024-01-28,P101,31,5.55,0
2024-01-29,P101,159,5.55,0
2024-01-30,P101,155,5.54,0
2024-01-31,P101,144,5.54,0
2024-02-01,P101,153,5.54,0
2024-02-02,P101,133,5.54,0
2024-02-03,P101,86,5.54,0
2024-02-04,P101,29,5.54,0
2024-02-05,P101,351,5.54,1
2024-02-06,P101,145,5.54,0
2024-02-07,P101,154,5.54,0
2024-02-08,P101,149,5.54,0
2024-02-09,P101,175,5.54,0
2024-02-10,P101,87,5.54,0
2024-02-11,P101,33,5.54,0
2024-02-12,P101,171,5.54,0
2024-02-13,P101,129,5.54,0
2024-02-14,P101,165,5.54,0
2024-02-15,P101,196,5.54,0
2024-02-16,P101,156,5.54,0
2024-02-17,P101,85,5.54,0
2024-02-18,P101,36,5.54,0
2024-02-19,P101,179,5.54,0
2024-02-20,P101,132,5.54,0
2024-02-21,P101,136,5.54,0
2024-02-22,P101,166,5.54,0
2024-02-23,P101,142,5.54,0
2024-02-24,P101,97,5.54,0
2024-02-25,P101,33,5.54,0
2024-02-26,P101,129,5.54,0
2024-02-27,P101,147,5.54,0
2024-02-28,P101,117,5.54,0
2024-02-29,P101,159,5.54,0
2024-03-01,P101,152,5.54,0
2024-03-02,P101,81,5.54,0
2024-03-03,P101,38,5.54,0
2024-03-04,P101,187,5.54,0
2024-03-05,P101,168,5.54,0
2024-03-06,P101,129,5.54,0
2024-03-07,P101,175,5.54,0
2024-03-08,P101,165,5.54,0
2024-03-09,P101,89,5.54,0
2024-03-10,P101,38,5.54,0
2024-03-11,P101,144,5.54,0
2024-03-12,P101,356,5.54,1
2024-03-13,P101,151,5.54,0
2024-03-14,P101,178,5.54,0
2024-03-15,P101,128,5.54,0
2024-03-16,P101,77,5.54,0
2024-03-17,P101,40,5.54,0
2024-03-18,P101,162,5.54,0
2024-03-19,P101,189,5.54,0
2024-03-20,P101,174,5.54,0
2024-03-21,P101,163,5.54,0
2024-03-22,P101,181,5.54,0
2024-03-23,P101,84,5.54,0
2024-03-24,P101,28,5.54,0
2024-03-25,P101,152,5.54,0
2024-03-26,P101,184,5.54,0
2024-03-27,P101,178,5.54,0
2024-03-28,P101,137,5.54,0
2024-03-29,P101,145,5.54,0
2024-03-30,P101,81,5.54,0
2024-03-31,P101,33,5.55,0
2024-04-01,P101,142,5.55,0
2024-04-02,P101,162,5.55,0
2024-04-03,P101,157,5.55,0
2024-04-04,P101,180,5.55,0
2024-04-05,P101,302,5.55,1
2024-04-06,P101,86,5.55,0
2024-04-07,P101,33,5.55,0
2024-04-08,P101,170,5.55,0
2024-04-09,P101,158,5.55,0
2024-04-10,P101,149,5.55,0
2024-04-11,P101,278,5.55,1
2024-04-12,P101,147,5.55,0
2024-04-13,P101,76,5.55,0
2024-04-14,P101,35,5.55,0
2024-04-15,P101,181,5.55,0
2024-04-16,P101,144,5.55,0
2024-04-17,P101,172,5.55,0
2024-04-18,P101,162,5.55,0
2024-04-19,P101,164,5.56,0
2024-04-20,P101,87,5.56,0
2024-04-21,P101,29,5.56,0
2024-04-22,P101,145,5.56,0
2024-04-23,P101,175,5.56,0
2024-04-24,P101,191,5.56,0
2024-04-25,P101,126,5.56,0
2024-04-26,P101,165,5.56,0
2024-04-27,P101,207,5.56,1
2024-04-28,P101,34,5.56,0
2024-04-29,P101,178,5.56,0
2024-04-30,P101,309,5.56,1
2024-05-01,P101,169,5.56,0
2024-05-02,P101,137,5.57,0
2024-05-03,P101,118,5.57,0
2024-05-04,P101,96,5.57,0
2024-05-05,P101,63,5.57,1
2024-05-06,P101,160,5.57,0
2024-05-07,P101,148,5.57,0
2024-05-08,P101,145,5.57,0
2024-05-09,P101,163,5.57,0
2024-05-10,P101,146,5.57,0
2024-05-11,P101,91,5.57,0
2024-05-12,P101,37,5.57,0
2024-05-13,P101,174,5.57,0
2024-05-14,P101,179,5.58,0
2024-05-15,P101,201,5.58,0
2024-05-16,P101,147,5.58,0
2024-05-17,P101,157,5.58,0
2024-05-18,P101,98,5.58,0
2024-05-19,P101,40,5.58,0
2024-05-20,P101,141,5.58,0
2024-05-21,P101,168,5.58,0
2024-05-22,P101,196,5.58,0
2024-05-23,P101,175,5.58,0
2024-05-24,P101,161,5.59,0
2024-05-25,P101,85,5.59,0
2024-05-26,P101,33,5.59,0
2024-05-27,P101,172,5.59,0
2024-05-28,P101,169,5.59,0
2024-05-29,P101,169,5.59,0
2024-05-30,P101,167,5.59,0
2024-05-31,P101,146,5.59,0
2024-06-01,P101,92,5.59,0
2024-06-02,P101,46,5.59,0
2024-06-03,P101,134,5.6,0
2024-06-04,P101,179,5.6,0
2024-06-05,P101,155,5.6,0
2024-06-06,P101,175,5.6,0
2024-06-07,P101,158,5.6,0
2024-06-08,P101,93,5.6,0
2024-06-09,P101,39,5.6,0
2024-06-10,P101,170,5.6,0
2024-06-11,P101,194,5.6,0
2024-06-12,P101,125,5.61,0
2024-06-13,P101,193,5.61,0
2024-06-14,P101,163,5.61,0
2024-06-15,P101,96,5.61,0
2024-06-16,P101,30,5.61,0
2024-06-17,P101,150,5.61,0
2024-06-18,P101,174,5.61,0
2024-06-19,P101,168,5.61,0
2024-06-20,P101,169,5.62,0
2024-06-21,P101,174,5.62,0
2024-06-22,P101,69,5.62,0
2024-06-23,P101,72,5.62,1
2024-06-24,P101,165,5.62,0
2024-06-25,P101,167,5.62,0
2024-06-26,P101,140,5.62,0
2024-06-27,P101,172,5.62,0
2024-06-28,P101,114,5.62,0
2024-06-29,P101,91,5.63,0
2024-06-30,P101,28,5.63,0
2024-07-01,P101,165,5.63,0
2024-07-02,P101,168,5.63,0
2024-07-03,P101,188,5.63,0
2024-07-04,P101,159,5.63,0
2024-07-05,P101,216,5.63,1
2024-07-06,P101,80,5.63,0
2024-07-07,P101,39,5.64,0
2024-07-08,P101,173,5.64,0
2024-07-09,P101,162,5.64,0
2024-07-10,P101,162,5.64,0
2024-07-11,P101,133,5.64,0
2024-07-12,P101,160,5.64,0
2024-07-13,P101,68,5.64,0
2024-07-14,P101,37,5.64,0
2024-07-15,P101,165,5.65,0
2024-07-16,P101,390,5.65,1
2024-07-17,P101,145,5.65,0
2024-07-18,P101,159,5.65,0
2024-07-19,P101,183,5.65,0
2024-07-21,P101,31,5.65,0
2024-07-22,P101,166,5.65,0
2024-07-23,P101,168,5.66,0
2024-07-24,P101,170,5.66,0
2024-07-25,P101,147,5.66,0
2024-07-26,P101,151,5.66,0
2024-07-27,P101,69,5.66,0
2024-07-28,P101,34,5.66,0
2024-07-29,P101,169,5.66,0
2024-07-30,P101,163,5.66,0
2024-07-31,P101,135,5.67,0
2024-08-01,P101,176,5.67,0
2024-08-02,P101,157,5.67,0
2024-08-03,P101,77,5.67,0
2024-08-04,P101,32,5.67,0
2024-08-05,P101,134,5.67,0
2024-08-06,P101,147,5.67,0
2024-08-07,P101,153,5.67,0
2024-08-08,P101,180,5.68,0
2024-08-09,P101,140,5.68,0
2024-08-10,P101,89,5.68,0
2024-08-11,P101,31,5.68,0
2024-08-12,P101,164,5.68,0
2024-08-13,P101,163,5.68,0
2024-08-14,P101,178,5.68,0
2024-08-15,P101,318,5.68,1
2024-08-16,P101,124,5.69,0
2024-08-17,P101,70,5.69,0
2024-08-18,P101,31,5.69,0
2024-08-19,P101,137,5.69,0
2024-08-20,P101,172,5.69,0
2024-08-21,P101,153,5.69,0
2024-08-22,P101,198,5.69,0
2024-08-23,P101,121,5.69,0
2024-08-24,P101,84,5.7,0
2024-08-25,P101,29,5.7,0
2024-08-26,P101,149,5.7,0
2024-08-27,P101,166,5.7,0
2024-08-28,P101,199,5.7,1
2024-08-29,P101,160,5.7,0
2024-08-30,P101,180,5.7,0
2024-08-31,P101,78,5.7,0
2024-09-01,P101,34,5.7,0
2024-09-02,P101,175,5.71,0
2024-09-03,P101,160,5.71,0
2024-09-04,P101,150,5.71,0
2024-09-05,P101,117,5.71,0
2024-09-06,P101,159,5.71,0
2024-09-07,P101,81,5.71,0
2024-09-08,P101,29,5.71,0
2024-09-09,P101,159,5.71,0
2024-09-10,P101,152,5.71,0
2024-09-11,P101,151,5.71,0
2024-09-12,P101,166,5.72,0
2024-09-13,P101,126,5.72,0
2024-09-14,P101,91,5.72,0
2024-09-15,P101,28,5.72,0
2024-09-16,P101,145,5.72,0
2024-09-17,P101,197,5.72,0
2024-09-18,P101,179,5.72,0
2024-09-19,P101,157,5.72,0
2024-09-20,P101,132,5.72,0
2024-09-21,P101,76,5.72,0
2024-09-22,P101,33,5.73,0
2024-09-23,P101,157,5.73,0
2024-09-24,P101,161,5.73,0
2024-09-25,P101,159,5.73,0
2024-09-26,P101,151,5.73,0
2024-09-27,P101,124,5.73,0
2024-09-28,P101,77,5.73,0
2024-09-29,P101,36,5.73,0
2024-09-30,P101,133,5.73,0
2024-10-01,P101,159,5.73,0
2024-10-02,P101,145,5.73,0
2024-10-03,P101,157,5.74,0
2024-10-04,P101,141,5.74,0
2024-10-05,P101,94,5.74,0
2024-10-06,P101,34,5.74,0
2024-10-07,P101,134,5.74,0
2024-10-08,P101,174,5.74,0
2024-10-09,P101,146,5.74,0
2024-10-10,P101,145,5.74,0
2024-10-11,P101,153,5.74,0
2024-10-12,P101,77,5.74,0
2024-10-13,P101,36,5.74,0
2024-10-14,P101,143,5.74,0
2024-10-15,P101,151,5.74,0
2024-10-16,P101,148,5.75,0
2024-10-17,P101,145,5.75,0
2024-10-18,P101,166,5.75,0
2024-10-19,P101,87,5.75,0
2024-10-20,P101,39,5.75,0
2024-10-21,P101,196,5.75,0
2024-10-22,P101,144,5.75,0
2024-10-23,P101,161,5.75,0
2024-10-24,P101,135,5.75,0
2024-10-25,P101,135,5.75,0
2024-10-26,P101,76,5.75,0
2024-10-27,P101,29,5.75,0
2024-10-28,P101,139,5.75,0
2024-10-29,P101,160,5.75,0
2024-10-30,P101,139,5.75,0
2024-10-31,P101,170,5.75,0
2024-11-01,P101,133,5.76,0
2024-11-02,P101,107,5.76,0
2024-11-03,P101,31,5.76,0
2024-11-05,P101,140,5.76,0
2024-11-06,P101,191,5.76,0
2024-11-07,P101,175,5.76,0
2024-11-08,P101,154,5.76,0
2024-11-09,P101,70,5.76,0
2024-11-10,P101,34,5.76,0
2024-11-11,P101,139,5.76,0
2024-11-12,P101,190,5.76,0
2024-11-13,P101,176,5.76,0
2024-11-14,P101,158,5.76,0
2024-11-15,P101,109,5.76,0
2024-11-16,P101,73,5.76,0
2024-11-17,P101,35,5.76,0
2024-11-18,P101,180,5.76,0
2024-11-19,P101,185,5.76,0
2024-11-20,P101,134,5.76,0
2024-11-21,P101,163,5.76,0
2024-11-22,P101,167,5.76,0
2024-11-23,P101,68,5.76,0
2024-11-24,P101,33,5.76,0
2024-11-25,P101,259,5.76,1
2024-11-26,P101,160,5.76,0
2024-11-27,P101,130,5.76,0
2024-11-28,P101,304,5.76,1
2024-11-29,P101,145,5.76,0
2024-11-30,P101,82,5.76,0
2024-12-01,P101,31,5.76,0
2024-12-02,P101,153,5.76,0
2024-12-03,P101,166,5.76,0
2024-12-04,P101,172,5.76,0
2024-12-05,P101,154,5.76,0
2024-12-06,P101,145,5.76,0
2024-12-07,P101,84,5.76,0
2024-12-08,P101,26,5.76,0
2024-12-09,P101,170,5.76,0
2024-12-10,P101,168,5.76,0
2024-12-11,P101,165,5.76,0
2024-12-12,P101,177,5.76,0
2024-12-13,P101,120,5.76,0
2024-12-14,P101,66,5.76,0
2024-12-15,P101,35,5.76,0
2024-12-16,P101,162,5.76,0
2024-12-17,P101,172,5.76,0
2024-12-18,P101,157,5.76,0
2024-12-19,P101,173,5.76,0
2024-12-20,P101,169,5.76,0
2024-12-21,P101,89,5.76,0
2024-12-22,P101,33,5.76,0
2024-12-23,P101,126,5.76,0
2024-12-24,P101,184,5.76,0
2024-12-25,P101,189,5.76,0
2024-12-26,P101,174,5.76,0
2024-12-27,P101,140,5.76,0
2024-12-28,P101,92,5.76,0
2024-12-29,P101,37,5.76,0
2024-12-30,P101,193,5.76,0
2024-12-31,P101,154,5.76,0
2025-01-01,P101,164,5.76,0
2025-01-02,P101,177,5.76,0
2025-01-03,P101,157,5.76,0
2025-01-04,P101,75,5.76,0
2025-01-05,P101,36,5.76,0
2025-01-06,P101,176,5.76,0
2025-01-07,P101,174,5.76,0
2025-01-08,P101,173,5.76,0
2025-01-09,P101,160,5.76,0
2025-01-10,P101,182,5.76,0
2025-01-11,P101,78,5.76,0
2025-01-12,P101,32,5.76,0
2025-01-13,P101,358,5.76,1
2025-01-14,P101,190,5.76,0
2025-01-15,P101,142,5.75,0
2025-01-16,P101,142,5.75,0
2025-01-17,P101,123,5.75,0
2025-01-18,P101,87,5.75,0
2025-01-19,P101,31,5.75,0
2025-01-20,P101,161,5.75,0
2025-01-21,P101,187,5.75,0
2025-01-22,P101,159,5.75,0
2025-01-23,P101,171,5.75,0
2025-01-24,P101,154,5.75,0
2025-01-25,P101,94,5.75,0
2025-01-26,P101,37,5.75,0
2025-01-27,P101,156,5.75,0
2025-01-28,P101,172,5.75,0
2025-01-29,P101,193,5.75,0
2025-01-30,P101,175,5.75,0
2025-01-31,P101,136,5.74,0
2025-02-01,P101,95,5.74,0
2025-02-02,P101,31,5.74,0
2025-02-03,P101,197,5.74,0
2025-02-04,P101,197,5.74,0
2025-02-05,P101,179,5.74,0
2025-02-06,P101,172,5.74,0
2025-02-07,P101,158,5.74,0
2025-02-08,P101,155,5.74,1
2025-02-09,P101,34,5.74,0
2025-02-10,P101,176,5.74,0
2025-02-11,P101,195,5.74,0
2025-02-12,P101,164,5.74,0
2025-02-13,P101,159,5.73,0
2025-02-14,P101,141,5.73,0
2025-02-15,P101,79,5.73,0
2025-02-16,P101,29,5.73,0
2025-02-17,P101,186,5.73,0
2025-02-18,P101,215,5.73,0
2025-02-19,P101,204,5.73,0
2025-02-20,P101,141,5.73,0
2025-02-21,P101,176,5.73,0
2025-02-22,P101,104,5.73,0
2025-02-23,P101,34,5.73,0
2025-02-24,P101,175,5.72,0
2025-02-25,P101,140,5.72,0
2025-02-26,P101,276,5.72,1
2025-02-27,P101,152,5.72,0
2025-02-28,P101,168,5.72,0
2025-03-01,P101,75,5.72,0
2025-03-02,P101,38,5.72,0
2025-03-03,P101,194,5.72,0
2025-03-04,P101,166,5.72,0
2025-03-05,P101,156,5.72,0
2025-03-06,P101,132,5.71,0
2025-03-07,P101,160,5.71,0
2025-03-08,P101,85,5.71,0
2025-03-09,P101,30,5.71,0
2025-03-10,P101,184,5.71,0
2025-03-11,P101,173,5.71,0
2025-03-12,P101,158,5.71,0
2025-03-13,P101,163,5.71,0
2025-03-14,P101,185,5.71,0
2025-03-15,P101,97,5.7,0
2025-03-16,P101,36,5.7,0
2025-03-17,P101,188,5.7,0
2025-03-18,P101,159,5.7,0
2025-03-19,P101,180,5.7,0
2025-03-20,P101,178,5.7,0
2025-03-21,P101,158,5.7,0
2025-03-22,P101,96,5.7,0
2025-03-23,P101,34,5.7,0
2025-03-24,P101,187,5.69,0
2025-03-25,P101,195,5.69,0
2025-03-26,P101,262,5.69,1
2025-03-27,P101,198,5.69,0
2025-03-28,P101,111,5.69,0
2025-03-29,P101,86,5.69,0
2025-03-30,P101,41,5.69,0
2025-03-31,P101,302,5.69,1
2025-04-01,P101,154,5.69,0
2025-04-02,P101,159,5.68,0
2025-04-03,P101,196,5.68,0
2025-04-04,P101,132,5.68,0
2025-04-05,P101,104,5.68,0
2025-04-06,P101,37,5.68,0
2025-04-07,P101,154,5.68,0
2025-04-08,P101,173,5.68,0
2025-04-09,P101,161,5.68,0
2025-04-10,P101,193,5.67,0
2025-04-11,P101,181,5.67,0
2025-04-12,P101,75,5.67,0
2025-04-13,P101,35,5.67,0
2025-04-14,P101,161,5.67,0
2025-04-15,P101,211,5.67,0
2025-04-16,P101,154,5.67,0
2025-04-17,P101,208,5.67,0
2025-04-18,P101,167,5.66,0
2025-04-19,P101,81,5.66,0
2025-04-20,P101,34,5.66,0
2025-04-21,P101,162,5.66,0
2025-04-22,P101,159,5.66,0
2025-04-23,P101,183,5.66,0
2025-04-24,P101,329,5.66,1
2025-04-25,P101,128,5.66,0
2025-04-26,P101,145,5.65,1
2025-04-27,P101,30,5.65,0
2025-04-28,P101,163,5.65,0
2025-04-29,P101,166,5.65,0
2025-04-30,P101,164,5.65,0
2025-05-01,P101,215,5.65,0
2025-05-02,P101,169,5.65,0
2025-05-03,P101,95,5.65,0
2025-05-04,P101,30,5.64,0
2025-05-05,P101,165,5.64,0
2025-05-06,P101,189,5.64,0
2025-05-07,P101,161,5.64,0
2025-05-08,P101,194,5.64,0
2025-05-09,P101,146,5.64,0
2025-05-10,P101,89,5.64,0
2025-05-11,P101,35,5.64,0
2025-05-12,P101,181,5.63,0
2025-05-13,P101,172,5.63,0
2025-05-14,P101,176,5.63,0
2025-05-15,P101,172,5.63,0
2025-05-16,P101,154,5.63,0
2025-05-17,P101,97,5.63,0
2025-05-18,P101,38,5.63,0
2025-05-19,P101,176,5.63,0
2025-05-20,P101,176,5.62,0
2025-05-21,P101,197,5.62,0
2025-05-22,P101,171,5.62,0
2025-05-23,P101,162,5.62,0
2025-05-24,P101,93,5.62,0
2025-05-25,P101,44,5.62,0
2025-05-26,P101,151,5.62,0
2025-05-27,P101,199,5.62,0
2025-05-28,P101,143,5.61,0
2025-05-29,P101,180,5.61,0
2025-05-30,P101,196,5.61,0
2025-05-31,P101,97,5.61,0
2025-06-01,P101,37,5.61,0
2025-06-02,P101,166,5.61,0
2025-06-03,P101,184,5.61,0
2025-06-04,P101,175,5.61,0
2025-06-05,P101,160,5.61,0
2025-06-06,P101,161,5.6,0
2025-06-07,P101,94,5.6,0
2025-06-08,P101,33,5.6,0
2025-06-09,P101,161,5.6,0
2025-06-10,P101,155,5.6,0
2025-06-11,P101,187,5.6,0
2025-06-12,P101,325,5.6,1
2025-06-13,P101,170,5.6,0
2025-06-14,P101,101,5.6,0
2025-06-15,P101,37,5.59,0
2025-06-16,P101,183,5.59,0
2025-06-17,P101,188,5.59,0
2025-06-18,P101,177,5.59,0
2025-06-19,P101,163,5.59,0
2025-06-20,P101,205,5.59,0
2025-06-21,P101,86,5.59,0
2025-06-22,P101,34,5.59,0
2025-06-23,P101,298,5.59,1
2025-06-24,P101,186,5.58,0
2025-06-25,P101,150,5.58,0
2025-06-26,P101,325,5.58,1
2025-06-27,P101,163,5.58,0
2025-06-28,P101,79,5.58,0
2025-06-29,P101,41,5.58,0
2025-06-30,P101,186,5.58,0
2025-07-01,P101,155,5.58,0
2025-07-02,P101,354,5.58,1
2025-07-03,P101,185,5.58,0
2025-07-04,P101,164,5.58,0
2025-07-05,P101,106,5.57,0
2025-07-06,P101,37,5.57,0
2025-07-07,P101,173,5.57,0
2025-07-08,P101,167,5.57,0
2025-07-09,P101,188,5.57,0
2025-07-10,P101,180,5.57,0
2025-07-11,P101,163,5.57,0
2025-07-12,P101,82,5.57,0
2025-07-13,P101,36,5.57,0
2025-07-14,P101,171,5.57,0
2025-07-15,P101,153,5.57,0
2025-07-16,P101,147,5.56,0
2025-07-17,P101,181,5.56,0
2025-07-18,P101,116,5.56,0
2025-07-19,P101,91,5.56,0
2025-07-20,P101,34,5.56,0
2025-07-21,P101,196,5.56,0
2025-07-22,P101,168,5.56,0
2025-07-23,P101,187,5.56,0
2025-07-24,P101,162,5.56,0
2025-07-25,P101,163,5.56,0
2025-07-26,P101,96,5.56,0
2025-07-27,P101,34,5.56,0
2025-07-28,P101,337,5.56,1
2025-07-29,P101,158,5.56,0
2025-07-30,P101,179,5.55,0
2025-07-31,P101,186,5.55,0
2025-08-01,P101,172,5.55,0
2025-08-02,P101,107,5.55,0
2025-08-03,P101,32,5.55,0
2025-08-04,P101,144,5.55,0
2025-08-05,P101,157,5.55,0
2025-08-06,P101,185,5.55,0
2025-08-07,P101,177,5.55,0
2025-08-08,P101,162,5.55,0
2025-08-09,P101,77,5.55,0
2025-08-10,P101,38,5.55,0
2025-08-11,P101,146,5.55,0
2025-08-12,P101,198,5.55,0
2025-08-13,P101,226,5.55,0
2025-08-14,P101,174,5.55,0
2025-08-15,P101,169,5.55,0
2025-08-16,P101,83,5.55,0
2025-08-17,P101,28,5.54,0
2025-08-18,P101,157,5.54,0
2025-08-19,P101,154,5.54,0
2025-08-20,P101,144,5.54,0
2025-08-21,P101,198,5.54,0
2025-08-22,P101,163,5.54,0
2025-08-23,P101,91,5.54,0
2025-08-24,P101,34,5.54,0
2025-08-25,P101,165,5.54,0
2025-08-26,P101,192,5.54,0
2025-08-27,P101,170,5.54,0
2025-08-28,P101,353,5.54,1
2025-08-29,P101,155,5.54,0
2025-08-30,P101,84,5.54,0
2025-08-31,P101,29,5.54,0
2025-09-01,P101,131,5.54,0
2025-09-02,P101,168,5.54,0
2025-09-03,P101,171,5.54,0
2025-09-04,P101,142,5.54,0
2025-09-05,P101,157,5.54,0
2025-09-06,P101,87,5.54,0
2025-09-07,P101,26,5.54,0
2025-09-08,P101,150,5.54,0
2025-09-09,P101,181,5.54,0
2025-09-10,P101,177,5.54,0
2025-09-11,P101,144,5.54,0
2025-09-12,P101,160,5.54,0
2025-09-13,P101,96,5.54,0
2025-09-14,P101,37,5.54,0
2025-09-15,P101,165,5.54,0
2025-09-16,P101,164,5.54,0
2025-09-17,P101,158,5.54,0
2025-09-18,P101,173,5.54,0
2025-09-19,P101,160,5.54,0
2025-09-20,P101,92,5.54,0
2025-09-21,P101,35,5.54,0
2025-09-22,P101,181,5.54,0
2025-09-23,P101,174,5.54,0
2025-09-24,P101,184,5.54,0
2025-09-25,P101,180,5.54,0
2025-09-26,P101,143,5.54,0
2025-09-27,P101,69,5.54,0
2025-09-28,P101,40,5.54,0
2025-09-29,P101,267,5.54,1
2025-09-30,P101,140,5.54,0
2025-10-01,P101,156,5.54,0
2025-10-02,P101,178,5.54,0
2025-10-03,P101,152,5.54,0
2025-10-04,P101,81,5.54,0
2025-10-05,P101,40,5.54,0
2025-10-06,P101,147,5.54,0
2025-10-07,P101,157,5.54,0
2025-10-08,P101,173,5.54,0
2025-10-09,P101,171,5.54,0
2025-10-10,P101,165,5.54,0
2025-10-11,P101,95,5.54,0
2025-10-12,P101,35,5.54,0
2025-10-13,P101,175,5.54,0
2025-10-14,P101,167,5.54,0
2025-10-15,P101,170,5.54,0
2025-10-16,P101,166,5.54,0
2025-10-17,P101,160,5.54,0
2025-10-18,P101,93,5.55,0
2025-10-19,P101,37,5.55,0
2025-10-20,P101,167,5.55,0
2025-10-21,P101,157,5.55,0
2025-10-22,P101,170,5.55,0
2025-10-23,P101,164,5.55,0
2025-10-24,P101,160,5.55,0
2025-10-25,P101,107,5.55,0
2025-10-26,P101,33,5.55,0
2025-10-27,P101,174,5.55,0
2025-10-28,P101,193,5.55,0
2025-10-29,P101,171,5.55,0
2025-10-30,P101,207,5.55,0
2025-10-31,P101,151,5.55,0
2025-11-01,P101,90,5.55,0
2025-11-02,P101,32,5.55,0
2025-11-03,P101,160,5.55,0
2025-11-04,P101,178,5.55,0
2025-11-05,P101,186,5.56,0
2025-11-06,P101,171,5.56,0
2025-11-07,P101,179,5.56,0
2025-11-08,P101,86,5.56,0
2025-11-09,P101,72,5.56,1
2025-11-10,P101,217,5.56,0
2025-11-11,P101,181,5.56,0
2025-11-12,P101,157,5.56,0
2025-11-13,P101,153,5.56,0
2025-11-14,P101,142,5.56,0
2025-11-15,P101,96,5.56,0
2025-11-16,P101,33,5.56,0
2025-11-17,P101,170,5.56,0
2025-11-18,P101,173,5.56,0
2025-11-19,P101,185,5.57,0
2025-11-20,P101,151,5.57,0
2025-11-21,P101,140,5.57,0
2025-11-22,P101,90,5.57,0
2025-11-23,P101,37,5.57,0
2025-11-24,P101,175,5.57,0
2025-11-25,P101,160,5.57,0
2025-11-26,P101,185,5.57,0
2025-11-27,P101,154,5.57,0
2025-11-28,P101,151,5.57,0
2025-11-29,P101,79,5.57,0
2025-11-30,P101,40,5.57,0
2025-12-01,P101,182,5.58,0
2025-12-02,P101,188,5.58,0
2025-12-03,P101,197,5.58,0
2025-12-04,P101,221,5.58,0
2025-12-05,P101,130,5.58,0
2025-12-06,P101,81,5.58,0
2025-12-07,P101,33,5.58,0
2025-12-08,P101,155,5.58,0
2025-12-09,P101,156,5.58,0
2025-12-10,P101,168,5.58,0
2025-12-11,P101,147,5.59,0
2025-12-12,P101,168,5.59,0
2025-12-13,P101,89,5.59,0
2025-12-14,P101,38,5.59,0
2025-12-15,P101,181,5.59,0
2025-12-16,P101,190,5.59,0
2025-12-17,P101,168,5.59,0
2025-12-18,P101,210,5.59,0
2025-12-19,P101,167,5.59,0
2025-12-20,P101,71,5.6,0
2025-12-21,P101,32,5.6,0
2025-12-22,P101,140,5.6,0
2025-12-23,P101,180,5.6,0
2025-12-24,P101,174,5.6,0
2025-12-25,P101,163,5.6,0
2025-12-26,P101,391,5.6,1
2025-12-27,P101,96,5.6,0
2025-12-28,P101,39,5.6,0
2025-12-29,P101,156,5.61,0
2025-12-30,P101,161,5.61,0
2025-12-31,P101,178,5.61,0
2023-01-01,P102,25,10.54,0
2023-01-02,P102,106,10.55,0
2023-01-03,P102,114,10.55,0
2023-01-04,P102,103,10.55,0
2023-01-05,P102,99,10.55,0
2023-01-06,P102,96,10.55,0
2023-01-07,P102,46,10.56,0
2023-01-08,P102,21,10.56,0
2023-01-09,P102,107,10.56,0
2023-01-10,P102,130,10.56,0
2023-01-11,P102,164,10.57,1
2023-01-12,P102,77,10.57,0
2023-01-13,P102,97,10.57,0
2023-01-14,P102,71,10.57,0
2023-01-15,P102,24,10.58,0
2023-01-16,P102,95,10.58,0
2023-01-17,P102,116,10.58,0
2023-01-18,P102,98,10.58,0
2023-01-19,P102,89,10.59,0
2023-01-20,P102,95,10.59,0
2023-01-21,P102,55,10.59,0
2023-01-22,P102,17,10.59,0
2023-01-23,P102,92,10.59,0
2023-01-24,P102,227,10.6,1
2023-01-25,P102,103,10.6,0
2023-01-26,P102,109,10.6,0
2023-01-27,P102,87,10.6,0
2023-01-28,P102,59,10.61,0
2023-01-29,P102,19,10.61,0
2023-01-30,P102,125,10.61,0
2023-01-31,P102,90,10.61,0
2023-02-01,P102,95,10.61,0
2023-02-02,P102,110,10.62,0
2023-02-03,P102,119,10.62,0
2023-02-04,P102,57,10.62,0
2023-02-05,P102,24,10.62,0
2023-02-06,P102,107,10.63,0
2023-02-07,P102,98,10.63,0
2023-02-08,P102,103,10.63,0
2023-02-09,P102,92,10.63,0
2023-02-10,P102,87,10.63,0
2023-02-11,P102,58,10.64,0
2023-02-12,P102,20,10.64,0
2023-02-13,P102,111,10.64,0
2023-02-14,P102,95,10.64,0
2023-02-15,P102,113,10.64,0
2023-02-16,P102,101,10.65,0
2023-02-17,P102,117,10.65,0
2023-02-18,P102,58,10.65,0
2023-02-19,P102,25,10.65,0
2023-02-20,P102,99,10.65,0
2023-02-21,P102,112,10.66,0
2023-02-22,P102,98,10.66,0
2023-02-23,P102,102,10.66,0
2023-02-24,P102,99,10.66,0
2023-02-25,P102,51,10.66,0
2023-02-26,P102,19,10.67,0
2023-02-27,P102,91,10.67,0
2023-02-28,P102,83,10.67,0
2023-03-01,P102,97,10.67,0
2023-03-02,P102,114,10.67,0
2023-03-03,P102,84,10.68,0
2023-03-04,P102,48,10.68,0
2023-03-05,P102,27,10.68,0
2023-03-07,P102,116,10.68,0
2023-03-08,P102,184,10.68,1
2023-03-09,P102,115,10.69,0
2023-03-10,P102,85,10.69,0
2023-03-11,P102,54,10.69,0
2023-03-12,P102,18,10.69,0
2023-03-13,P102,137,10.69,0
2023-03-14,P102,92,10.69,0
2023-03-15,P102,97,10.7,0
2023-03-16,P102,94,10.7,0
2023-03-17,P102,85,10.7,0
2023-03-18,P102,64,10.7,0
2023-03-19,P102,28,10.7,0
2023-03-20,P102,102,10.7,0
2023-03-21,P102,95,10.71,0
2023-03-22,P102,82,10.71,0
2023-03-23,P102,103,10.71,0
2023-03-24,P102,98,10.71,0
2023-03-25,P102,52,10.71,0
2023-03-26,P102,23,10.71,0
2023-03-27,P102,112,10.71,0
2023-03-28,P102,115,10.72,0
2023-03-29,P102,176,10.72,1
2023-03-30,P102,93,10.72,0
2023-03-31,P102,108,10.72,0
2023-04-01,P102,55,10.72,0
2023-04-02,P102,24,10.72,0
2023-04-03,P102,116,10.72,0
2023-04-04,P102,93,10.72,0
2023-04-05,P102,91,10.73,0
2023-04-06,P102,97,10.73,0
2023-04-07,P102,89,10.73,0
2023-04-08,P102,60,10.73,0
2023-04-09,P102,23,10.73,0
2023-04-10,P102,119,10.73,0
2023-04-11,P102,115,10.73,0
2023-04-12,P102,110,10.73,0
2023-04-13,P102,118,10.73,0
2023-04-14,P102,105,10.74,0
2023-04-15,P102,55,10.74,0
2023-04-16,P102,25,10.74,0
2023-04-17,P102,106,10.74,0
2023-04-18,P102,105,10.74,0
2023-04-19,P102,97,10.74,0
2023-04-20,P102,112,10.74,0
2023-04-21,P102,112,10.74,0
2023-04-22,P102,54,10.74,0
2023-04-23,P102,25,10.74,0
2023-04-24,P102,82,10.74,0
2023-04-25,P102,107,10.74,0
2023-04-26,P102,106,10.75,0
2023-04-27,P102,95,10.75,0
2023-04-28,P102,124,10.75,0
2023-04-29,P102,53,10.75,0
2023-04-30,P102,21,10.75,0
2023-05-01,P102,104,10.75,0
2023-05-02,P102,84,10.75,0
2023-05-03,P102,96,10.75,0
2023-05-04,P102,113,10.75,0
2023-05-05,P102,90,10.75,0
2023-05-06,P102,48,10.75,0
2023-05-07,P102,24,10.75,0
2023-05-08,P102,117,10.75,0
2023-05-09,P102,112,10.75,0
2023-05-10,P102,165,10.75,1
2023-05-11,P102,98,10.75,0
2023-05-12,P102,87,10.75,0
2023-05-13,P102,47,10.75,0
2023-05-14,P102,19,10.75,0
2023-05-15,P102,94,10.75,0
2023-05-16,P102,93,10.75,0
2023-05-17,P102,85,10.75,0
2023-05-18,P102,102,10.75,0
2023-05-19,P102,97,10.75,0
2023-05-20,P102,62,10.75,0
2023-05-21,P102,19,10.75,0
2023-05-22,P102,103,10.75,0
2023-05-23,P102,107,10.75,0
2023-05-24,P102,99,10.75,0
2023-05-25,P102,107,10.75,0
2023-05-26,P102,102,10.75,0
2023-05-27,P102,53,10.75,0
2023-05-28,P102,20,10.75,0
2023-05-29,P102,95,10.75,0
2023-05-30,P102,87,10.75,0
2023-05-31,P102,92,10.75,0
2023-06-01,P102,91,10.75,0
2023-06-02,P102,81,10.75,0
2023-06-03,P102,53,10.75,0
2023-06-04,P102,23,10.75,0
2023-06-05,P102,88,10.75,0
2023-06-06,P102,105,10.75,0
2023-06-07,P102,88,10.75,0
2023-06-08,P102,93,10.75,0
2023-06-09,P102,85,10.75,0
2023-06-10,P102,54,10.75,0
2023-06-11,P102,19,10.75,0
2023-06-12,P102,108,10.75,0
2023-06-13,P102,98,10.75,0
2023-06-14,P102,91,10.75,0
2023-06-15,P102,82,10.75,0
2023-06-16,P102,93,10.75,0
2023-06-17,P102,55,10.75,0
2023-06-18,P102,20,10.74,0
2023-06-19,P102,119,10.74,0
2023-06-20,P102,115,10.74,0
2023-06-21,P102,94,10.74,0
2023-06-22,P102,91,10.74,0
2023-06-23,P102,94,10.74,0
2023-06-24,P102,45,10.74,0
2023-06-25,P102,22,10.74,0
2023-06-26,P102,98,10.74,0
2023-06-27,P102,101,10.74,0
2023-06-28,P102,103,10.74,0
2023-06-29,P102,111,10.74,0
2023-06-30,P102,90,10.73,0
2023-07-01,P102,82,10.73,1
2023-07-02,P102,23,10.73,0
2023-07-03,P102,104,10.73,0
2023-07-04,P102,94,10.73,0
2023-07-05,P102,95,10.73,0
2023-07-06,P102,94,10.73,0
2023-07-07,P102,91,10.73,0
2023-07-08,P102,41,10.73,0
2023-07-09,P102,16,10.73,0
2023-07-10,P102,84,10.72,0
2023-07-11,P102,86,10.72,0
2023-07-12,P102,88,10.72,0
2023-07-13,P102,98,10.72,0
2023-07-14,P102,85,10.72,0
2023-07-15,P102,49,10.72,0
2023-07-16,P102,17,10.72,0
2023-07-17,P102,87,10.72,0
2023-07-18,P102,101,10.71,0
2023-07-19,P102,100,10.71,0
2023-07-20,P102,147,10.71,1
2023-07-21,P102,88,10.71,0
2023-07-22,P102,59,10.71,0
2023-07-23,P102,19,10.71,0
2023-07-24,P102,84,10.7,0
2023-07-25,P102,93,10.7,0
2023-07-26,P102,94,10.7,0
2023-07-27,P102,89,10.7,0
2023-07-28,P102,85,10.7,0
2023-07-29,P102,40,10.7,0
2023-07-30,P102,17,10.7,0
2023-07-31,P102,89,10.69,0
2023-08-01,P102,92,10.69,0
2023-08-02,P102,86,10.69,0
2023-08-03,P102,88,10.69,0
2023-08-04,P102,86,10.69,0
2023-08-05,P102,51,10.69,0
2023-08-06,P102,19,10.68,0
2023-08-07,P102,94,10.68,0
2023-08-08,P102,88,10.68,0
2023-08-09,P102,97,10.68,0
2023-08-10,P102,93,10.68,0
2023-08-11,P102,93,10.67,0
2023-08-12,P102,50,10.67,0
2023-08-13,P102,20,10.67,0
2023-08-14,P102,89,10.67,0
2023-08-15,P102,96,10.67,0
2023-08-16,P102,102,10.67,0
2023-08-17,P102,82,10.66,0
2023-08-18,P102,79,10.66,0
2023-08-19,P102,47,10.66,0
2023-08-20,P102,19,10.66,0
2023-08-21,P102,81,10.66,0
2023-08-22,P102,92,10.65,0
2023-08-23,P102,90,10.65,0
2023-08-24,P102,67,10.65,0
2023-08-25,P102,82,10.65,0
2023-08-26,P102,82,10.65,1
2023-08-27,P102,18,10.64,0
2023-08-28,P102,103,10.64,0
2023-08-29,P102,80,10.64,0
2023-08-30,P102,83,10.64,0
2023-08-31,P102,63,10.64,0
2023-09-01,P102,80,10.63,0
2023-09-02,P102,44,10.63,0
2023-09-03,P102,18,10.63,0
2023-09-04,P102,100,10.63,0
2023-09-05,P102,102,10.62,0
2023-09-06,P102,92,10.62,0
2023-09-07,P102,85,10.62,0
2023-09-08,P102,94,10.62,0
2023-09-09,P102,46,10.62,0
2023-09-10,P102,17,10.61,0
2023-09-11,P102,73,10.61,0
2023-09-12,P102,89,10.61,0
2023-09-13,P102,99,10.61,0
2023-09-14,P102,111,10.6,0
2023-09-15,P102,85,10.6,0
2023-09-16,P102,43,10.6,0
2023-09-17,P102,16,10.6,0
2023-09-18,P102,96,10.6,0
2023-09-19,P102,75,10.59,0
2023-09-20,P102,98,10.59,0
2023-09-21,P102,98,10.59,0
2023-09-22,P102,89,10.59,0
2023-09-23,P102,46,10.58,0
2023-09-24,P102,31,10.58,1
2023-09-25,P102,92,10.58,0
2023-09-26,P102,86,10.58,0
2023-09-27,P102,111,10.58,0
2023-09-28,P102,87,10.57,0
2023-09-29,P102,93,10.57,0
2023-09-30,P102,35,10.57,0
2023-10-01,P102,22,10.57,0
2023-10-02,P102,106,10.56,0
2023-10-03,P102,95,10.56,0
2023-10-04,P102,99,10.56,0
2023-10-05,P102,96,10.56,0
2023-10-06,P102,80,10.55,0
2023-10-07,P102,50,10.55,0
2023-10-08,P102,17,10.55,0
2023-10-09,P102,86,10.55,0
2023-10-10,P102,107,10.54,0
2023-10-11,P102,104,10.54,0
2023-10-12,P102,84,10.54,0
2023-10-13,P102,80,10.54,0
2023-10-14,P102,45,10.54,0
2023-10-15,P102,21,10.53,0
2023-10-16,P102,83,10.53,0
2023-10-17,P102,100,10.53,0
2023-10-18,P102,103,10.53,0
2023-10-19,P102,91,10.52,0
2023-10-20,P102,98,10.52,0
2023-10-21,P102,47,10.52,0
2023-10-22,P102,19,10.52,0
2023-10-23,P102,84,10.51,0
2023-10-24,P102,108,10.51,0
2023-10-25,P102,88,10.51,0
2023-10-26,P102,97,10.51,0
2023-10-27,P102,88,10.51,0
2023-10-28,P102,43,10.5,0
2023-10-29,P102,33,10.5,1
2023-10-30,P102,109,10.5,0
2023-10-31,P102,101,10.5,0
2023-11-01,P102,86,10.49,0
2023-11-02,P102,98,10.49,0
2023-11-03,P102,89,10.49,0
2023-11-04,P102,69,10.49,0
2023-11-05,P102,21,10.48,0
2023-11-06,P102,92,10.48,0
2023-11-07,P102,115,10.48,0
2023-11-08,P102,78,10.48,0
2023-11-09,P102,97,10.48,0
2023-11-10,P102,111,10.47,0
2023-11-11,P102,50,10.47,0
2023-11-12,P102,16,10.47,0
2023-11-13,P102,93,10.47,0
2023-11-14,P102,117,10.46,0
2023-11-15,P102,104,10.46,0
2023-11-16,P102,88,10.46,0
2023-11-17,P102,85,10.46,0
2023-11-18,P102,48,10.46,0
2023-11-19,P102,21,10.45,0
2023-11-20,P102,113,10.45,0
2023-11-21,P102,114,10.45,0
2023-11-22,P102,106,10.45,0
2023-11-23,P102,84,10.45,0
2023-11-24,P102,80,10.44,0
2023-11-25,P102,55,10.44,0
2023-11-26,P102,18,10.44,0
2023-11-27,P102,97,10.44,0
2023-11-28,P102,107,10.44,0
2023-11-29,P102,89,10.43,0
2023-11-30,P102,88,10.43,0
2023-12-01,P102,94,10.43,0
2023-12-02,P102,55,10.43,0
2023-12-03,P102,23,10.43,0
2023-12-04,P102,108,10.42,0
2023-12-05,P102,106,10.42,0
2023-12-06,P102,95,10.42,0
2023-12-07,P102,89,10.42,0
2023-12-08,P102,91,10.42,0
2023-12-09,P102,55,10.41,0
2023-12-10,P102,22,10.41,0
2023-12-11,P102,79,10.41,0
2023-12-12,P102,97,10.41,0
2023-12-13,P102,118,10.41,0
2023-12-14,P102,103,10.41,0
2023-12-15,P102,82,10.4,0
2023-12-16,P102,67,10.4,0
2023-12-17,P102,21,10.4,0
2023-12-18,P102,108,10.4,0
2023-12-19,P102,112,10.4,0
2023-12-20,P102,101,10.39,0
2023-12-21,P102,95,10.39,0
2023-12-22,P102,121,10.39,0
2023-12-23,P102,60,10.39,0
2023-12-24,P102,24,10.39,0
2023-12-25,P102,234,10.39,1
2023-12-26,P102,97,10.39,0
2023-12-27,P102,122,10.38,0
2023-12-28,P102,94,10.38,0
2023-12-29,P102,156,10.38,1
2023-12-30,P102,45,10.38,0
2023-12-31,P102,17,10.38,0
2024-01-01,P102,109,10.38,0
2024-01-02,P102,100,10.37,0
2024-01-03,P102,84,10.37,0
2024-01-04,P102,111,10.37,0
2024-01-05,P102,124,10.37,0
2024-01-06,P102,64,10.37,0
2024-01-07,P102,22,10.37,0
2024-01-08,P102,107,10.37,0
2024-01-09,P102,122,10.37,0
2024-01-10,P102,123,10.36,0
2024-01-11,P102,102,10.36,0
2024-01-12,P102,102,10.36,0
2024-01-13,P102,58,10.36,0
2024-01-14,P102,37,10.36,1
2024-01-15,P102,106,10.36,0
2024-01-16,P102,110,10.36,0
2024-01-17,P102,127,10.36,0
2024-01-18,P102,121,10.35,0
2024-01-19,P102,108,10.35,0
2024-01-20,P102,67,10.35,0
2024-01-21,P102,22,10.35,0
2024-01-22,P102,128,10.35,0
2024-01-23,P102,120,10.35,0
2024-01-24,P102,151,10.35,0
2024-01-25,P102,94,10.35,0
2024-01-26,P102,95,10.35,0
2024-01-27,P102,59,10.35,0
2024-01-28,P102,24,10.35,0
2024-01-29,P102,133,10.34,0
2024-01-30,P102,105,10.34,0
2024-01-31,P102,123,10.34,0
2024-02-01,P102,122,10.34,0
2024-02-02,P102,112,10.34,0
2024-02-03,P102,51,10.34,0
2024-02-04,P102,26,10.34,0
2024-02-05,P102,125,10.34,0
2024-02-06,P102,122,10.34,0
2024-02-07,P102,115,10.34,0
2024-02-08,P102,112,10.34,0
2024-02-09,P102,103,10.34,0
2024-02-10,P102,61,10.34,0
2024-02-11,P102,23,10.34,0
2024-02-12,P102,100,10.34,0
2024-02-13,P102,101,10.34,0
2024-02-14,P102,103,10.34,0
2024-02-15,P102,112,10.33,0
2024-02-16,P102,104,10.33,0
2024-02-17,P102,59,10.33,0
2024-02-18,P102,24,10.33,0
2024-02-19,P102,103,10.33,0
2024-02-20,P102,134,10.33,0
2024-02-21,P102,110,10.33,0
2024-02-22,P102,105,10.33,0
2024-02-23,P102,110,10.33,0
2024-02-24,P102,46,10.33,0
2024-02-25,P102,21,10.33,0
2024-02-26,P102,123,10.33,0
2024-02-27,P102,93,10.33,0
2024-02-28,P102,127,10.33,0
2024-02-29,P102,128,10.33,0
2024-03-01,P102,100,10.33,0
2024-03-02,P102,59,10.33,0
2024-03-03,P102,26,10.33,0
2024-03-04,P102,105,10.33,0
2024-03-05,P102,126,10.33,0
2024-03-06,P102,105,10.33,0
2024-03-07,P102,104,10.33,0
2024-03-08,P102,95,10.33,0
2024-03-09,P102,60,10.33,0
2024-03-10,P102,26,10.33,0
2024-03-11,P102,109,10.33,0
2024-03-12,P102,99,10.33,0
2024-03-13,P102,100,10.33,0
2024-03-14,P102,115,10.33,0
2024-03-15,P102,126,10.34,0
2024-03-16,P102,60,10.34,0
2024-03-17,P102,22,10.34,0
2024-03-18,P102,120,10.34,0
2024-03-19,P102,112,10.34,0
2024-03-20,P102,108,10.34,0
2024-03-21,P102,98,10.34,0
2024-03-22,P102,120,10.34,0
2024-03-23,P102,41,10.34,0
2024-03-24,P102,25,10.34,0
2024-03-25,P102,105,10.34,0
2024-03-26,P102,109,10.34,0
2024-03-27,P102,133,10.34,0
2024-03-28,P102,100,10.34,0
2024-03-29,P102,96,10.34,0
2024-03-30,P102,56,10.34,0
2024-03-31,P102,24,10.34,0
2024-04-01,P102,104,10.35,0
2024-04-02,P102,94,10.35,0
2024-04-03,P102,101,10.35,0
2024-04-04,P102,124,10.35,0
2024-04-05,P102,104,10.35,0
2024-04-06,P102,60,10.35,0
2024-04-07,P102,22,10.35,0
2024-04-08,P102,101,10.35,0
2024-04-09,P102,134,10.35,0
2024-04-10,P102,109,10.35,0
2024-04-11,P102,103,10.35,0
2024-04-12,P102,115,10.36,0
2024-04-13,P102,52,10.36,0
2024-04-14,P102,21,10.36,0
2024-04-15,P102,109,10.36,0
2024-04-16,P102,112,10.36,0
2024-04-17,P102,113,10.36,0
2024-04-18,P102,132,10.36,0
2024-04-19,P102,106,10.36,0
2024-04-20,P102,41,10.37,0
2024-04-21,P102,23,10.37,0
2024-04-22,P102,108,10.37,0
2024-04-23,P102,112,10.37,0
2024-04-24,P102,112,10.37,0
2024-04-25,P102,106,10.37,0
2024-04-26,P102,100,10.37,0
2024-04-27,P102,59,10.37,0
2024-04-28,P102,21,10.38,0
2024-04-29,P102,95,10.38,0
2024-04-30,P102,147,10.38,0
2024-05-01,P102,154,10.38,1
2024-05-02,P102,106,10.38,0
2024-05-03,P102,131,10.38,1
2024-05-04,P102,56,10.38,0
2024-05-05,P102,20,10.39,0
2024-05-06,P102,100,10.39,0
2024-05-07,P102,122,10.39,0
2024-05-08,P102,113,10.39,0
2024-05-09,P102,111,10.39,0
2024-05-10,P102,80,10.39,0
2024-05-11,P102,65,10.4,0
2024-05-12,P102,19,10.4,0
2024-05-13,P102,122,10.4,0
2024-05-14,P102,120,10.4,0
2024-05-15,P102,113,10.4,0
2024-05-16,P102,93,10.4,0
2024-05-17,P102,100,10.41,0
2024-05-18,P102,77,10.41,1
2024-05-19,P102,22,10.41,0
2024-05-20,P102,101,10.41,0
2024-05-21,P102,83,10.41,0
2024-05-22,P102,118,10.42,0
2024-05-23,P102,101,10.42,0
2024-05-24,P102,92,10.42,0
2024-05-25,P102,50,10.42,0
2024-05-26,P102,22,10.42,0
2024-05-27,P102,92,10.43,0
2024-05-28,P102,80,10.43,0
2024-05-29,P102,108,10.43,0
2024-05-30,P102,106,10.43,0
2024-05-31,P102,94,10.43,0
2024-06-01,P102,46,10.43,0
2024-06-02,P102,21,10.44,0
2024-06-03,P102,85,10.44,0
2024-06-04,P102,93,10.44,0
2024-06-05,P102,94,10.44,0
2024-06-06,P102,109,10.45,0
2024-06-07,P102,91,10.45,0
2024-06-08,P102,49,10.45,0
2024-06-09,P102,25,10.45,0
2024-06-10,P102,104,10.45,0
2024-06-11,P102,107,10.46,0
2024-06-12,P102,97,10.46,0
2024-06-13,P102,92,10.46,0
2024-06-14,P102,71,10.46,0
2024-06-15,P102,98,10.46,1
2024-06-16,P102,22,10.47,0
2024-06-17,P102,97,10.47,0
2024-06-18,P102,101,10.47,0
2024-06-19,P102,108,10.47,0
2024-06-20,P102,81,10.48,0
2024-06-21,P102,87,10.48,0
2024-06-22,P102,44,10.48,0
2024-06-23,P102,24,10.48,0
2024-06-24,P102,107,10.48,0
2024-06-25,P102,77,10.49,0
2024-06-26,P102,83,10.49,0
2024-06-27,P102,95,10.49,0
2024-06-28,P102,87,10.49,0
2024-06-29,P102,43,10.5,0
2024-06-30,P102,24,10.5,0
2024-07-01,P102,100,10.5,0
2024-07-02,P102,105,10.5,0
2024-07-03,P102,91,10.5,0
2024-07-04,P102,103,10.51,0
2024-07-05,P102,87,10.51,0
2024-07-06,P102,48,10.51,0
2024-07-07,P102,21,10.51,0
2024-07-08,P102,79,10.52,0
2024-07-09,P102,117,10.52,0
2024-07-10,P102,99,10.52,0
2024-07-11,P102,108,10.52,0
2024-07-12,P102,79,10.53,0
2024-07-13,P102,44,10.53,0
2024-07-14,P102,17,10.53,0
2024-07-15,P102,97,10.53,0
2024-07-16,P102,99,10.53,0
2024-07-17,P102,200,10.54,1
2024-07-18,P102,83,10.54,0
2024-07-19,P102,77,10.54,0
2024-07-20,P102,49,10.54,0
2024-07-21,P102,19,10.55,0
2024-07-22,P102,87,10.55,0
2024-07-23,P102,114,10.55,0
2024-07-24,P102,95,10.55,0
2024-07-25,P102,106,10.56,0
2024-07-26,P102,173,10.56,1
2024-07-27,P102,50,10.56,0
2024-07-28,P102,19,10.56,0
2024-07-29,P102,76,10.57,0
2024-07-30,P102,112,10.57,0
2024-07-31,P102,94,10.57,0
2024-08-01,P102,100,10.57,0
2024-08-02,P102,81,10.57,0
2024-08-03,P102,47,10.58,0
2024-08-04,P102,17,10.58,0
2024-08-05,P102,106,10.58,0
2024-08-06,P102,100,10.58,0
2024-08-07,P102,98,10.59,0
2024-08-08,P102,106,10.59,0
2024-08-09,P102,99,10.59,0
2024-08-10,P102,52,10.59,0
2024-08-11,P102,16,10.6,0
2024-08-12,P102,85,10.6,0
2024-08-13,P102,85,10.6,0
2024-08-14,P102,102,10.6,0
2024-08-15,P102,93,10.6,0
2024-08-16,P102,74,10.61,0
2024-08-17,P102,47,10.61,0
2024-08-18,P102,16,10.61,0
2024-08-19,P102,92,10.61,0
2024-08-20,P102,78,10.62,0
2024-08-21,P102,99,10.62,0
2024-08-22,P102,95,10.62,0
2024-08-23,P102,105,10.62,0
2024-08-24,P102,52,10.62,0
2024-08-25,P102,18,10.63,0
2024-08-26,P102,100,10.63,0
2024-08-27,P102,81,10.63,0
2024-08-28,P102,84,10.63,0
2024-08-29,P102,95,10.63,0
2024-08-30,P102,66,10.64,0
2024-08-31,P102,48,10.64,0
2024-09-01,P102,17,10.64,0
2024-09-02,P102,93,10.64,0
2024-09-03,P102,84,10.65,0
2024-09-04,P102,98,10.65,0
2024-09-05,P102,92,10.65,0
2024-09-06,P102,101,10.65,0
2024-09-07,P102,48,10.65,0
2024-09-08,P102,18,10.66,0
2024-09-09,P102,90,10.66,0
2024-09-10,P102,166,10.66,1
2024-09-11,P102,98,10.66,0
2024-09-12,P102,98,10.66,0
2024-09-13,P102,111,10.67,0
2024-09-14,P102,85,10.67,1
2024-09-15,P102,19,10.67,0
2024-09-16,P102,87,10.67,0
2024-09-17,P102,99,10.67,0
2024-09-18,P102,99,10.67,0
2024-09-19,P102,92,10.68,0
2024-09-20,P102,98,10.68,0
2024-09-21,P102,45,10.68,0
2024-09-22,P102,21,10.68,0
2024-09-23,P102,99,10.68,0
2024-09-24,P102,97,10.69,0
2024-09-25,P102,92,10.69,0
2024-09-26,P102,117,10.69,0
2024-09-27,P102,80,10.69,0
2024-09-28,P102,50,10.69,0
2024-09-29,P102,18,10.69,0
2024-09-30,P102,112,10.7,0
2024-10-01,P102,107,10.7,0
2024-10-02,P102,89,10.7,0
2024-10-03,P102,99,10.7,0
2024-10-04,P102,91,10.7,0
2024-10-05,P102,46,10.7,0
2024-10-06,P102,21,10.7,0
2024-10-07,P102,186,10.71,1
2024-10-08,P102,101,10.71,0
2024-10-09,P102,96,10.71,0
2024-10-10,P102,99,10.71,0
2024-10-11,P102,92,10.71,0
2024-10-12,P102,50,10.71,0
2024-10-13,P102,18,10.71,0
2024-10-14,P102,113,10.72,0
2024-10-15,P102,88,10.72,0
2024-10-16,P102,102,10.72,0
2024-10-17,P102,92,10.72,0
2024-10-18,P102,108,10.72,0
2024-10-19,P102,89,10.72,1
2024-10-20,P102,37,10.72,1
2024-10-21,P102,86,10.72,0
2024-10-22,P102,104,10.73,0
2024-10-23,P102,84,10.73,0
2024-10-24,P102,91,10.73,0
2024-10-25,P102,70,10.73,0
2024-10-26,P102,52,10.73,0
2024-10-27,P102,19,10.73,0
2024-10-28,P102,82,10.73,0
2024-10-29,P102,114,10.73,0
2024-10-30,P102,85,10.73,0
2024-10-31,P102,106,10.74,0
2024-11-01,P102,179,10.74,1
2024-11-02,P102,60,10.74,0
2024-11-03,P102,22,10.74,0
2024-11-04,P102,88,10.74,0
2024-11-05,P102,92,10.74,0
2024-11-06,P102,108,10.74,0
2024-11-07,P102,95,10.74,0
2024-11-08,P102,92,10.74,0
2024-11-09,P102,59,10.74,0
2024-11-10,P102,19,10.74,0
2024-11-11,P102,101,10.74,0
2024-11-12,P102,115,10.75,0
2024-11-13,P102,111,10.75,0
2024-11-14,P102,98,10.75,0
2024-11-15,P102,92,10.75,0
2024-11-16,P102,42,10.75,0
2024-11-17,P102,19,10.75,0
2024-11-18,P102,105,10.75,0
2024-11-19,P102,104,10.75,0
2024-11-20,P102,104,10.75,0
2024-11-21,P102,112,10.75,0
2024-11-22,P102,84,10.75,0
2024-11-23,P102,52,10.75,0
2024-11-24,P102,22,10.75,0
2024-11-25,P102,95,10.75,0
2024-11-26,P102,123,10.75,0
2024-11-27,P102,208,10.75,1
2024-11-28,P102,105,10.75,0
2024-11-29,P102,117,10.75,0
2024-11-30,P102,45,10.75,0
2024-12-01,P102,21,10.75,0
2024-12-02,P102,108,10.75,0
2024-12-03,P102,97,10.75,0
2024-12-04,P102,110,10.75,0
2024-12-05,P102,91,10.75,0
2024-12-06,P102,106,10.75,0
2024-12-07,P102,61,10.75,0
2024-12-08,P102,22,10.75,0
2024-12-09,P102,84,10.75,0
2024-12-10,P102,98,10.75,0
2024-12-11,P102,114,10.75,0
2024-12-12,P102,105,10.75,0
2024-12-13,P102,70,10.75,0
2024-12-14,P102,63,10.75,0
2024-12-15,P102,22,10.75,0
2024-12-16,P102,97,10.75,0
2024-12-17,P102,123,10.75,0
2024-12-18,P102,101,10.75,0
2024-12-19,P102,98,10.75,0
2024-12-20,P102,105,10.75,0
2024-12-21,P102,67,10.75,0
2024-12-22,P102,26,10.75,0
2024-12-23,P102,112,10.75,0
2024-12-24,P102,118,10.75,0
2024-12-25,P102,120,10.75,0
2024-12-26,P102,92,10.75,0
2024-12-27,P102,109,10.75,0
2024-12-28,P102,52,10.75,0
2024-12-29,P102,23,10.75,0
2024-12-30,P102,205,10.75,1
2024-12-31,P102,119,10.75,0
2025-01-01,P102,112,10.75,0
2025-01-02,P102,72,10.75,0
2025-01-03,P102,105,10.75,0
2025-01-04,P102,61,10.74,0
2025-01-05,P102,24,10.74,0
2025-01-06,P102,108,10.74,0
2025-01-07,P102,135,10.74,0
2025-01-08,P102,116,10.74,0
2025-01-09,P102,114,10.74,0
2025-01-10,P102,116,10.74,0
2025-01-11,P102,60,10.74,0
2025-01-12,P102,21,10.74,0
2025-01-13,P102,81,10.74,0
2025-01-14,P102,109,10.74,0
2025-01-15,P102,123,10.74,0
2025-01-16,P102,106,10.73,0
2025-01-17,P102,114,10.73,0
2025-01-18,P102,59,10.73,0
2025-01-19,P102,26,10.73,0
2025-01-20,P102,108,10.73,0
2025-01-21,P102,122,10.73,0
2025-01-22,P102,120,10.73,0
2025-01-23,P102,129,10.73,0
2025-01-24,P102,86,10.73,0
2025-01-25,P102,55,10.72,0
2025-01-26,P102,25,10.72,0
2025-01-27,P102,132,10.72,0
2025-01-28,P102,120,10.72,0
2025-01-29,P102,111,10.72,0
2025-01-30,P102,121,10.72,0
2025-01-31,P102,117,10.72,0
2025-02-01,P102,56,10.72,0
2025-02-02,P102,24,10.71,0
2025-02-03,P102,128,10.71,0
2025-02-04,P102,142,10.71,0
2025-02-05,P102,125,10.71,0
2025-02-06,P102,113,10.71,0
2025-02-07,P102,106,10.71,0
2025-02-08,P102,63,10.71,0
2025-02-09,P102,23,10.7,0
2025-02-10,P102,116,10.7,0
2025-02-11,P102,104,10.7,0
2025-02-12,P102,132,10.7,0
2025-02-13,P102,99,10.7,0
2025-02-14,P102,102,10.7,0
2025-02-15,P102,60,10.69,0
2025-02-16,P102,29,10.69,0
2025-02-17,P102,109,10.69,0
2025-02-18,P102,110,10.69,0
2025-02-19,P102,109,10.69,0
2025-02-20,P102,134,10.69,0
2025-02-21,P102,74,10.68,0
2025-02-22,P102,53,10.68,0
2025-02-23,P102,65,10.68,1
2025-02-24,P102,122,10.68,0
2025-02-25,P102,104,10.68,0
2025-02-26,P102,116,10.68,0
2025-02-27,P102,114,10.67,0
2025-02-28,P102,118,10.67,0
2025-03-01,P102,71,10.67,0
2025-03-02,P102,25,10.67,0
2025-03-03,P102,108,10.67,0
2025-03-04,P102,129,10.66,0
2025-03-05,P102,108,10.66,0
2025-03-06,P102,100,10.66,0
2025-03-07,P102,87,10.66,0
2025-03-08,P102,104,10.66,1
2025-03-09,P102,21,10.65,0
2025-03-10,P102,99,10.65,0
2025-03-11,P102,123,10.65,0
2025-03-12,P102,101,10.65,0
2025-03-13,P102,74,10.65,0
2025-03-14,P102,95,10.64,0
2025-03-15,P102,56,10.64,0
2025-03-16,P102,22,10.64,0
2025-03-17,P102,133,10.64,0
2025-03-18,P102,110,10.64,0
2025-03-19,P102,210,10.63,1
2025-03-20,P102,113,10.63,0
2025-03-21,P102,107,10.63,0
2025-03-22,P102,54,10.63,0
2025-03-23,P102,23,10.63,0
2025-03-24,P102,104,10.62,0
2025-03-25,P102,120,10.62,0
2025-03-26,P102,113,10.62,0
2025-03-27,P102,101,10.62,0
2025-03-28,P102,119,10.61,0
2025-03-29,P102,62,10.61,0
2025-03-30,P102,22,10.61,0
2025-03-31,P102,115,10.61,0
2025-04-01,P102,116,10.61,0
2025-04-02,P102,104,10.6,0
2025-04-03,P102,113,10.6,0
2025-04-04,P102,99,10.6,0
2025-04-05,P102,52,10.6,0
2025-04-06,P102,19,10.59,0
2025-04-07,P102,108,10.59,0
2025-04-08,P102,222,10.59,1
2025-04-09,P102,106,10.59,0
2025-04-10,P102,142,10.59,0
2025-04-11,P102,116,10.58,0
2025-04-12,P102,67,10.58,0
2025-04-13,P102,25,10.58,0
2025-04-14,P102,135,10.58,0
2025-04-15,P102,106,10.57,0
2025-04-16,P102,82,10.57,0
2025-04-17,P102,105,10.57,0
2025-04-18,P102,112,10.57,0
2025-04-19,P102,59,10.56,0
2025-04-20,P102,24,10.56,0
2025-04-21,P102,127,10.56,0
2025-04-22,P102,120,10.56,0
2025-04-23,P102,123,10.56,0
2025-04-24,P102,98,10.55,0
2025-04-25,P102,92,10.55,0
2025-04-26,P102,67,10.55,0
2025-04-27,P102,23,10.55,0
2025-04-28,P102,103,10.54,0
2025-04-29,P102,106,10.54,0
2025-04-30,P102,104,10.54,0
2025-05-01,P102,100,10.54,0
2025-05-02,P102,89,10.53,0
2025-05-03,P102,47,10.53,0
2025-05-04,P102,22,10.53,0
2025-05-05,P102,102,10.53,0
2025-05-06,P102,127,10.52,0
2025-05-07,P102,114,10.52,0
2025-05-08,P102,111,10.52,0
2025-05-09,P102,181,10.52,1
2025-05-10,P102,55,10.52,0
2025-05-11,P102,23,10.51,0
2025-05-12,P102,116,10.51,0
2025-05-13,P102,111,10.51,0
2025-05-14,P102,123,10.51,0
2025-05-15,P102,107,10.5,0
2025-05-16,P102,110,10.5,0
2025-05-17,P102,53,10.5,0
2025-05-18,P102,18,10.5,0
2025-05-19,P102,110,10.49,0
2025-05-20,P102,215,10.49,1
2025-05-21,P102,115,10.49,0
2025-05-22,P102,110,10.49,0
2025-05-23,P102,96,10.49,0
2025-05-24,P102,50,10.48,0
2025-05-25,P102,23,10.48,0
2025-05-26,P102,111,10.48,0
2025-05-27,P102,103,10.48,0
2025-05-28,P102,120,10.47,0
2025-05-29,P102,94,10.47,0
2025-05-30,P102,93,10.47,0
2025-05-31,P102,64,10.47,0
2025-06-01,P102,24,10.47,0
2025-06-02,P102,100,10.46,0
2025-06-03,P102,112,10.46,0
2025-06-04,P102,108,10.46,0
2025-06-05,P102,72,10.46,0
2025-06-06,P102,88,10.46,0
2025-06-07,P102,53,10.45,0
2025-06-08,P102,21,10.45,0
2025-06-09,P102,106,10.45,0
2025-06-10,P102,120,10.45,0
2025-06-11,P102,101,10.44,0
2025-06-12,P102,90,10.44,0
2025-06-13,P102,100,10.44,0
2025-06-14,P102,51,10.44,0
2025-06-15,P102,21,10.44,0
2025-06-16,P102,99,10.43,0
2025-06-17,P102,132,10.43,0
2025-06-18,P102,78,10.43,0
2025-06-19,P102,96,10.43,0
2025-06-20,P102,206,10.43,1
2025-06-21,P102,48,10.42,0
2025-06-22,P102,23,10.42,0
2025-06-23,P102,110,10.42,0
2025-06-24,P102,104,10.42,0
2025-06-25,P102,99,10.42,0
2025-06-26,P102,98,10.42,0
2025-06-27,P102,94,10.41,0
2025-06-28,P102,106,10.41,1
2025-06-29,P102,20,10.41,0
2025-06-30,P102,103,10.41,0
2025-07-01,P102,112,10.41,0
2025-07-02,P102,88,10.4,0
2025-07-03,P102,87,10.4,0
2025-07-04,P102,76,10.4,0
2025-07-05,P102,56,10.4,0
2025-07-06,P102,21,10.4,0
2025-07-07,P102,104,10.4,0
2025-07-08,P102,86,10.39,0
2025-07-09,P102,120,10.39,0
2025-07-10,P102,91,10.39,0
2025-07-11,P102,94,10.39,0
2025-07-12,P102,56,10.39,0
2025-07-13,P102,18,10.39,0
2025-07-14,P102,92,10.38,0
2025-07-15,P102,103,10.38,0
2025-07-16,P102,131,10.38,0
2025-07-17,P102,100,10.38,0
2025-07-18,P102,108,10.38,0
2025-07-19,P102,57,10.38,0
2025-07-20,P102,21,10.38,0
2025-07-21,P102,87,10.37,0
2025-07-22,P102,112,10.37,0
2025-07-23,P102,82,10.37,0
2025-07-24,P102,113,10.37,0
2025-07-25,P102,93,10.37,0
2025-07-26,P102,36,10.37,0
2025-07-27,P102,19,10.37,0
2025-07-28,P102,103,10.36,0
2025-07-29,P102,97,10.36,0
2025-07-30,P102,106,10.36,0
2025-07-31,P102,86,10.36,0
2025-08-01,P102,78,10.36,0
2025-08-02,P102,49,10.36,0
2025-08-03,P102,20,10.36,0
2025-08-04,P102,92,10.36,0
2025-08-05,P102,113,10.36,0
2025-08-06,P102,88,10.35,0
2025-08-07,P102,98,10.35,0
2025-08-08,P102,91,10.35,0
2025-08-09,P102,41,10.35,0
2025-08-10,P102,17,10.35,0
2025-08-11,P102,96,10.35,0
2025-08-12,P102,120,10.35,0
2025-08-13,P102,103,10.35,0
2025-08-14,P102,76,10.35,0
2025-08-15,P102,59,10.35,0
2025-08-16,P102,53,10.35,0
2025-08-17,P102,20,10.34,0
2025-08-18,P102,107,10.34,0
2025-08-19,P102,89,10.34,0
2025-08-20,P102,101,10.34,0
2025-08-21,P102,103,10.34,0
2025-08-22,P102,85,10.34,0
2025-08-23,P102,47,10.34,0
2025-08-24,P102,20,10.34,0
2025-08-25,P102,101,10.34,0
2025-08-26,P102,98,10.34,0
2025-08-27,P102,107,10.34,0
2025-08-28,P102,89,10.34,0
2025-08-29,P102,76,10.34,0
2025-08-30,P102,60,10.34,0
2025-08-31,P102,18,10.34,0
2025-09-01,P102,89,10.34,0
2025-09-02,P102,98,10.34,0
2025-09-03,P102,98,10.33,0
2025-09-04,P102,90,10.33,0
2025-09-05,P102,89,10.33,0
2025-09-06,P102,49,10.33,0
2025-09-07,P102,20,10.33,0
2025-09-08,P102,70,10.33,0
2025-09-09,P102,119,10.33,0
2025-09-10,P102,95,10.33,0
2025-09-11,P102,100,10.33,0
2025-09-12,P102,76,10.33,0
2025-09-13,P102,47,10.33,0
2025-09-14,P102,18,10.33,0
2025-09-15,P102,188,10.33,1
2025-09-16,P102,93,10.33,0
2025-09-17,P102,105,10.33,0
2025-09-18,P102,88,10.33,0
2025-09-19,P102,86,10.33,0
2025-09-20,P102,48,10.33,0
2025-09-21,P102,23,10.33,0
2025-09-22,P102,76,10.33,0
2025-09-23,P102,85,10.33,0
2025-09-24,P102,77,10.33,0
2025-09-25,P102,84,10.33,0
2025-09-26,P102,83,10.33,0
2025-09-27,P102,41,10.33,0
2025-09-28,P102,18,10.33,0
2025-09-29,P102,75,10.33,0
2025-09-30,P102,89,10.33,0
2025-10-01,P102,112,10.33,0
2025-10-02,P102,100,10.34,0
2025-10-03,P102,93,10.34,0
2025-10-04,P102,45,10.34,0
2025-10-05,P102,17,10.34,0
2025-10-06,P102,85,10.34,0
2025-10-07,P102,101,10.34,0
2025-10-08,P102,109,10.34,0
2025-10-09,P102,106,10.34,0
2025-10-10,P102,99,10.34,0
2025-10-11,P102,47,10.34,0
2025-10-12,P102,20,10.34,0
2025-10-13,P102,95,10.34,0
2025-10-14,P102,100,10.34,0
2025-10-15,P102,123,10.34,0
2025-10-16,P102,79,10.34,0
2025-10-17,P102,91,10.34,0
2025-10-18,P102,58,10.34,0
2025-10-19,P102,17,10.35,0
2025-10-20,P102,92,10.35,0
2025-10-21,P102,97,10.35,0
2025-10-22,P102,99,10.35,0
2025-10-23,P102,81,10.35,0
2025-10-24,P102,100,10.35,0
2025-10-25,P102,56,10.35,0
2025-10-26,P102,22,10.35,0
2025-10-27,P102,91,10.35,0
2025-10-28,P102,105,10.35,0
2025-10-29,P102,92,10.36,0
2025-10-30,P102,96,10.36,0
2025-10-31,P102,118,10.36,0
2025-11-01,P102,53,10.36,0
2025-11-02,P102,18,10.36,0
2025-11-03,P102,103,10.36,0
2025-11-04,P102,90,10.36,0
2025-11-05,P102,90,10.36,0
2025-11-06,P102,89,10.36,0
2025-11-07,P102,92,10.37,0
2025-11-08,P102,59,10.37,0
2025-11-09,P102,23,10.37,0
2025-11-10,P102,108,10.37,0
2025-11-11,P102,94,10.37,0
2025-11-12,P102,99,10.37,0
2025-11-13,P102,105,10.37,0
2025-11-14,P102,91,10.38,0
2025-11-15,P102,52,10.38,0
2025-11-16,P102,40,10.38,1
2025-11-17,P102,100,10.38,0
2025-11-18,P102,111,10.38,0
2025-11-19,P102,125,10.38,0
2025-11-20,P102,101,10.38,0
2025-11-21,P102,112,10.39,0
2025-11-22,P102,58,10.39,0
2025-11-23,P102,18,10.39,0
2025-11-24,P102,92,10.39,0
2025-11-25,P102,99,10.39,0
2025-11-26,P102,97,10.39,0
2025-11-27,P102,104,10.4,0
2025-11-28,P102,107,10.4,0
2025-11-29,P102,63,10.4,0
2025-11-30,P102,23,10.4,0
2025-12-01,P102,101,10.4,0
2025-12-02,P102,85,10.4,0
2025-12-03,P102,110,10.41,0
2025-12-04,P102,106,10.41,0
2025-12-05,P102,103,10.41,0
2025-12-06,P102,69,10.41,0
2025-12-07,P102,25,10.41,0
2025-12-08,P102,117,10.41,0
2025-12-09,P102,100,10.42,0
2025-12-10,P102,104,10.42,0
2025-12-11,P102,187,10.42,1
2025-12-12,P102,94,10.42,0
2025-12-13,P102,60,10.42,0
2025-12-14,P102,24,10.43,0
2025-12-15,P102,96,10.43,0
2025-12-16,P102,128,10.43,0
2025-12-17,P102,113,10.43,0
2025-12-18,P102,88,10.43,0
2025-12-19,P102,103,10.44,0
2025-12-20,P102,59,10.44,0
2025-12-21,P102,25,10.44,0
2025-12-22,P102,106,10.44,0
2025-12-23,P102,125,10.44,0
2025-12-24,P102,115,10.45,0
2025-12-25,P102,94,10.45,0
2025-12-26,P102,89,10.45,0
2025-12-27,P102,65,10.45,0
2025-12-28,P102,26,10.45,0
2025-12-29,P102,116,10.46,0
2025-12-30,P102,135,10.46,0
2025-12-31,P102,127,10.46,0
2023-01-01,P103,10,37.96,0
2023-01-02,P103,57,37.97,0
2023-01-03,P103,55,37.98,0
2023-01-04,P103,61,37.98,0
2023-01-05,P103,52,37.99,0
2023-01-06,P103,47,38.0,0
2023-01-07,P103,22,38.01,0
2023-01-08,P103,9,38.02,0
2023-01-09,P103,41,38.03,0
2023-01-10,P103,56,38.03,0
2023-01-11,P103,45,38.04,0
2023-01-12,P103,59,38.05,0
2023-01-13,P103,49,38.06,0
2023-01-14,P103,26,38.07,0
2023-01-15,P103,10,38.08,0
2023-01-16,P103,56,38.08,0
2023-01-17,P103,50,38.09,0
2023-01-18,P103,48,38.1,0
2023-01-19,P103,59,38.11,0
2023-01-20,P103,52,38.12,0
2023-01-21,P103,27,38.13,0
2023-01-22,P103,12,38.13,0
2023-01-23,P103,53,38.14,0
2023-01-24,P103,57,38.15,0
2023-01-25,P103,49,38.16,0
2023-01-26,P103,114,38.17,1
2023-01-27,P103,47,38.18,0
2023-01-28,P103,32,38.18,0
2023-01-29,P103,11,38.19,0
2023-01-30,P103,58,38.2,0
2023-01-31,P103,60,38.21,0
2023-02-01,P103,61,38.22,0
2023-02-02,P103,99,38.22,1
2023-02-03,P103,121,38.23,1
2023-02-04,P103,33,38.24,0
2023-02-05,P103,11,38.25,0
2023-02-06,P103,54,38.25,0
2023-02-07,P103,52,38.26,0
2023-02-08,P103,53,38.27,0
2023-02-09,P103,63,38.28,0
2023-02-10,P103,45,38.29,0
2023-02-11,P103,25,38.29,0
2023-02-12,P103,13,38.3,0
2023-02-13,P103,57,38.31,0
2023-02-14,P103,69,38.32,0
2023-02-15,P103,52,38.32,0
2023-02-16,P103,54,38.33,0
2023-02-17,P103,98,38.34,1
2023-02-18,P103,28,38.34,0
2023-02-19,P103,9,38.35,0
2023-02-20,P103,58,38.36,0
2023-02-21,P103,58,38.37,0
2023-02-22,P103,55,38.37,0
2023-02-23,P103,51,38.38,0
2023-02-24,P103,46,38.39,0
2023-02-25,P103,30,38.39,0
2023-02-26,P103,10,38.4,0
2023-02-27,P103,57,38.41,0
2023-02-28,P103,69,38.42,0
2023-03-01,P103,64,38.42,0
2023-03-02,P103,45,38.43,0
2023-03-03,P103,48,38.44,0
2023-03-04,P103,29,38.44,0
2023-03-05,P103,11,38.45,0
2023-03-06,P103,46,38.45,0
2023-03-07,P103,58,38.46,0
2023-03-08,P103,55,38.47,0
2023-03-09,P103,65,38.47,0
2023-03-10,P103,50,38.48,0
2023-03-11,P103,32,38.49,0
2023-03-12,P103,10,38.49,0
2023-03-13,P103,48,38.5,0
2023-03-14,P103,61,38.5,0
2023-03-15,P103,62,38.51,0
2023-03-16,P103,75,38.52,1
2023-03-17,P103,51,38.52,0
2023-03-18,P103,24,38.53,0
2023-03-19,P103,11,38.53,0
2023-03-20,P103,59,38.54,0
2023-03-21,P103,53,38.54,0
2023-03-22,P103,53,38.55,0
2023-03-23,P103,47,38.55,0
2023-03-24,P103,86,38.56,1
2023-03-25,P103,33,38.56,0
2023-03-26,P103,11,38.57,0
2023-03-27,P103,48,38.57,0
2023-03-28,P103,54,38.58,0
2023-03-29,P103,45,38.58,0
2023-03-30,P103,47,38.59,0
2023-03-31,P103,58,38.59,0
2023-04-01,P103,27,38.6,0
2023-04-02,P103,13,38.6,0
2023-04-03,P103,53,38.61,0
2023-04-04,P103,55,38.61,0
2023-04-05,P103,58,38.62,0
2023-04-06,P103,37,38.62,0
2023-04-07,P103,51,38.62,0
2023-04-08,P103,28,38.63,0
2023-04-09,P103,13,38.63,0
2023-04-10,P103,59,38.64,0
2023-04-11,P103,48,38.64,0
2023-04-12,P103,62,38.64,0
2023-04-13,P103,51,38.65,0
2023-04-14,P103,45,38.65,0
2023-04-15,P103,28,38.65,0
2023-04-16,P103,11,38.66,0
2023-04-17,P103,62,38.66,0
2023-04-18,P103,57,38.66,0
2023-04-19,P103,55,38.67,0
2023-04-20,P103,57,38.67,0
2023-04-21,P103,56,38.67,0
2023-04-22,P103,30,38.68,0
2023-04-23,P103,13,38.68,0
2023-04-24,P103,56,38.68,0
2023-04-25,P103,55,38.68,0
2023-04-26,P103,61,38.69,0
2023-04-27,P103,51,38.69,0
2023-04-28,P103,49,38.69,0
2023-04-29,P103,32,38.69,0
2023-04-30,P103,13,38.69,0
2023-05-01,P103,52,38.7,0
2023-05-02,P103,51,38.7,0
2023-05-03,P103,61,38.7,0
2023-05-04,P103,56,38.7,0
2023-05-05,P103,50,38.7,0
2023-05-06,P103,26,38.71,0
2023-05-07,P103,11,38.71,0
2023-05-08,P103,51,38.71,0
2023-05-09,P103,49,38.71,0
2023-05-10,P103,53,38.71,0
2023-05-11,P103,52,38.71,0
2023-05-12,P103,46,38.71,0
2023-05-13,P103,29,38.71,0
2023-05-14,P103,12,38.71,0
2023-05-15,P103,56,38.72,0
2023-05-16,P103,51,38.72,0
2023-05-17,P103,56,38.72,0
2023-05-18,P103,51,38.72,0
2023-05-19,P103,41,38.72,0
2023-05-20,P103,28,38.72,0
2023-05-21,P103,11,38.72,0
2023-05-22,P103,65,38.72,0
2023-05-23,P103,61,38.72,0
2023-05-24,P103,55,38.72,0
2023-05-25,P103,51,38.72,0
2023-05-26,P103,48,38.72,0
2023-05-27,P103,23,38.72,0
2023-05-28,P103,8,38.72,0
2023-05-30,P103,51,38.72,0
2023-05-31,P103,39,38.71,0
2023-06-01,P103,46,38.71,0
2023-06-02,P103,88,38.71,1
2023-06-03,P103,25,38.71,0
2023-06-04,P103,10,38.71,0
2023-06-05,P103,48,38.71,0
2023-06-06,P103,61,38.71,0
2023-06-07,P103,94,38.71,1
2023-06-08,P103,46,38.71,0
2023-06-09,P103,46,38.7,0
2023-06-10,P103,25,38.7,0
2023-06-11,P103,9,38.7,0
2023-06-12,P103,45,38.7,0
2023-06-13,P103,56,38.7,0
2023-06-14,P103,47,38.69,0
2023-06-15,P103,42,38.69,0
2023-06-16,P103,46,38.69,0
2023-06-17,P103,25,38.69,0
2023-06-18,P103,8,38.69,0
2023-06-19,P103,48,38.68,0
2023-06-20,P103,55,38.68,0
2023-06-21,P103,51,38.68,0
2023-06-22,P103,59,38.67,0
2023-06-23,P103,52,38.67,0
2023-06-24,P103,29,38.67,0
2023-06-25,P103,13,38.67,0
2023-06-26,P103,52,38.66,0
2023-06-27,P103,50,38.66,0
2023-06-28,P103,54,38.66,0
2023-06-29,P103,44,38.65,0
2023-06-30,P103,45,38.65,0
2023-07-01,P103,23,38.65,0
2023-07-02,P103,10,38.64,0
2023-07-03,P103,44,38.64,0
2023-07-04,P103,45,38.63,0
2023-07-05,P103,50,38.63,0
2023-07-06,P103,46,38.63,0
2023-07-07,P103,35,38.62,0
2023-07-08,P103,20,38.62,0
2023-07-09,P103,9,38.61,0
2023-07-10,P103,42,38.61,0
2023-07-11,P103,51,38.61,0
2023-07-12,P103,49,38.6,0
2023-07-13,P103,52,38.6,0
2023-07-14,P103,48,38.59,0
2023-07-15,P103,27,38.59,0
2023-07-16,P103,10,38.58,0
2023-07-17,P103,48,38.58,0
2023-07-18,P103,54,38.57,0
2023-07-19,P103,52,38.57,0
2023-07-20,P103,48,38.56,0
2023-07-21,P103,50,38.56,0
2023-07-22,P103,18,38.55,0
2023-07-23,P103,9,38.55,0
2023-07-24,P103,45,38.54,0
2023-07-25,P103,54,38.54,0
2023-07-26,P103,55,38.53,0
2023-07-27,P103,38,38.53,0
2023-07-28,P103,50,38.52,0
2023-07-29,P103,21,38.51,0
2023-07-30,P103,8,38.51,0
2023-07-31,P103,45,38.5,0
2023-08-01,P103,46,38.5,0
2023-08-02,P103,39,38.49,0
2023-08-03,P103,49,38.48,0
2023-08-04,P103,46,38.48,0
2023-08-05,P103,26,38.47,0
2023-08-06,P103,9,38.47,0
2023-08-07,P103,45,38.46,0
2023-08-08,P103,47,38.45,0
2023-08-09,P103,55,38.45,0
2023-08-10,P103,31,38.44,0
2023-08-11,P103,38,38.43,0
2023-08-12,P103,24,38.43,0
2023-08-13,P103,8,38.42,0
2023-08-14,P103,44,38.41,0
2023-08-15,P103,46,38.41,0
2023-08-16,P103,43,38.4,0
2023-08-17,P103,45,38.39,0
2023-08-18,P103,46,38.39,0
2023-08-19,P103,23,38.38,0
2023-08-20,P103,9,38.37,0
2023-08-21,P103,45,38.36,0
2023-08-22,P103,47,38.36,0
2023-08-23,P103,37,38.35,0
2023-08-24,P103,47,38.34,0
2023-08-25,P103,41,38.34,0
2023-08-26,P103,27,38.33,0
2023-08-27,P103,10,38.32,0
2023-08-28,P103,51,38.31,0
2023-08-29,P103,42,38.31,0
2023-08-30,P103,44,38.3,0
2023-08-31,P103,39,38.29,0
2023-09-01,P103,39,38.28,0
2023-09-02,P103,27,38.28,0
2023-09-03,P103,11,38.27,0
2023-09-04,P103,40,38.26,0
2023-09-05,P103,45,38.25,0
2023-09-06,P103,46,38.24,0
2023-09-07,P103,48,38.24,0
2023-09-08,P103,35,38.23,0
2023-09-09,P103,19,38.22,0
2023-09-10,P103,10,38.21,0
2023-09-11,P103,36,38.21,0
2023-09-12,P103,45,38.2,0
2023-09-13,P103,100,38.19,1
2023-09-14,P103,47,38.18,0
2023-09-15,P103,42,38.17,0
2023-09-16,P103,23,38.17,0
2023-09-17,P103,10,38.16,0
2023-09-18,P103,47,38.15,0
2023-09-19,P103,44,38.14,0
2023-09-20,P103,47,38.13,0
2023-09-21,P103,47,38.12,0
2023-09-22,P103,51,38.12,0
2023-09-23,P103,26,38.11,0
2023-09-24,P103,11,38.1,0
2023-09-25,P103,43,38.09,0
2023-09-26,P103,45,38.08,0
2023-09-27,P103,46,38.07,0
2023-09-28,P103,45,38.07,0
2023-09-29,P103,39,38.06,0
2023-09-30,P103,27,38.05,0
2023-10-01,P103,11,38.04,0
2023-10-02,P103,45,38.03,0
2023-10-03,P103,51,38.02,0
2023-10-04,P103,48,38.02,0
2023-10-05,P103,50,38.01,0
2023-10-06,P103,37,38.0,0
2023-10-07,P103,24,37.99,0
2023-10-08,P103,10,37.98,0
2023-10-09,P103,50,37.97,0
2023-10-10,P103,45,37.97,0
2023-10-11,P103,35,37.96,0
2023-10-12,P103,41,37.95,0
2023-10-13,P103,44,37.94,0
2023-10-14,P103,25,37.93,0
2023-10-15,P103,12,37.92,0
2023-10-16,P103,50,37.91,0
2023-10-17,P103,49,37.91,0
2023-10-18,P103,48,37.9,0
2023-10-19,P103,53,37.89,0
2023-10-20,P103,42,37.88,0
2023-10-21,P103,24,37.87,0
2023-10-22,P103,9,37.86,0
2023-10-23,P103,55,37.86,0
2023-10-24,P103,52,37.85,0
2023-10-25,P103,45,37.84,0
2023-10-26,P103,47,37.83,0
2023-10-27,P103,48,37.82,0
2023-10-28,P103,24,37.81,0
2023-10-29,P103,9,37.81,0
2023-10-30,P103,45,37.8,0
2023-10-31,P103,52,37.79,0
2023-11-01,P103,47,37.78,0
2023-11-02,P103,95,37.77,1
2023-11-03,P103,39,37.77,0
2023-11-04,P103,25,37.76,0
2023-11-05,P103,10,37.75,0
2023-11-06,P103,47,37.74,0
2023-11-07,P103,52,37.73,0
2023-11-08,P103,54,37.72,0
2023-11-09,P103,52,37.72,0
2023-11-10,P103,49,37.71,0
2023-11-11,P103,25,37.7,0
2023-11-12,P103,10,37.69,0
2023-11-13,P103,44,37.68,0
2023-11-14,P103,48,37.68,0
2023-11-15,P103,51,37.67,0
2023-11-16,P103,45,37.66,0
2023-11-17,P103,47,37.65,0
2023-11-18,P103,23,37.65,0
2023-11-19,P103,8,37.64,0
2023-11-20,P103,55,37.63,0
2023-11-21,P103,49,37.62,0
2023-11-22,P103,46,37.62,0
2023-11-23,P103,44,37.61,0
2023-11-24,P103,50,37.6,0
2023-11-25,P103,30,37.59,0
2023-11-26,P103,10,37.59,0
2023-11-27,P103,50,37.58,0
2023-11-28,P103,59,37.57,0
2023-11-29,P103,42,37.56,0
2023-11-30,P103,61,37.56,0
2023-12-01,P103,61,37.55,0
2023-12-02,P103,19,37.54,0
2023-12-03,P103,11,37.54,0
2023-12-04,P103,47,37.53,0
2023-12-05,P103,52,37.52,0
2023-12-06,P103,50,37.51,0
2023-12-07,P103,56,37.51,0
2023-12-08,P103,48,37.5,0
2023-12-09,P103,48,37.49,1
2023-12-10,P103,11,37.49,0
2023-12-11,P103,55,37.48,0
2023-12-12,P103,47,37.47,0
2023-12-13,P103,44,37.47,0
2023-12-14,P103,130,37.46,1
2023-12-15,P103,46,37.46,0
2023-12-17,P103,10,37.44,0
2023-12-18,P103,56,37.44,0
2023-12-19,P103,65,37.43,0
2023-12-20,P103,57,37.42,0
2023-12-21,P103,44,37.42,0
2023-12-22,P103,42,37.41,0
2023-12-23,P103,26,37.41,0
2023-12-24,P103,11,37.4,0
2023-12-25,P103,43,37.4,0
2023-12-26,P103,60,37.39,0
2023-12-27,P103,48,37.38,0
2023-12-28,P103,62,37.38,0
2023-12-29,P103,61,37.37,0
2023-12-30,P103,27,37.37,0
2023-12-31,P103,12,37.36,0
2024-01-01,P103,47,37.36,0
2024-01-02,P103,60,37.35,0
2024-01-03,P103,52,37.35,0
2024-01-04,P103,47,37.34,0
2024-01-05,P103,50,37.34,0
2024-01-06,P103,27,37.33,0
2024-01-07,P103,11,37.33,0
2024-01-08,P103,60,37.32,0
2024-01-09,P103,52,37.32,0
2024-01-10,P103,66,37.31,0
2024-01-11,P103,46,37.31,0
2024-01-12,P103,61,37.31,0
2024-01-13,P103,25,37.3,0
2024-01-14,P103,11,37.3,0
2024-01-15,P103,52,37.29,0
2024-01-16,P103,55,37.29,0
2024-01-17,P103,61,37.29,0
2024-01-18,P103,64,37.28,0
2024-01-19,P103,59,37.28,0
2024-01-20,P103,27,37.27,0
2024-01-21,P103,12,37.27,0
2024-01-22,P103,111,37.27,1
2024-01-23,P103,51,37.26,0
2024-01-24,P103,49,37.26,0
2024-01-25,P103,52,37.26,0
2024-01-26,P103,54,37.25,0
2024-01-27,P103,23,37.25,0
2024-01-28,P103,12,37.25,0
2024-01-29,P103,65,37.24,0
2024-01-30,P103,65,37.24,0
2024-01-31,P103,53,37.24,0
2024-02-01,P103,47,37.24,0
2024-02-02,P103,56,37.23,0
2024-02-03,P103,22,37.23,0
2024-02-04,P103,13,37.23,0
2024-02-05,P103,55,37.23,0
2024-02-06,P103,70,37.22,0
2024-02-07,P103,46,37.22,0
2024-02-08,P103,61,37.22,0
2024-02-09,P103,53,37.22,0
2024-02-10,P103,28,37.22,0
2024-02-11,P103,10,37.22,0
2024-02-12,P103,60,37.21,0
2024-02-13,P103,63,37.21,0
2024-02-14,P103,69,37.21,0
2024-02-15,P103,62,37.21,0
2024-02-16,P103,50,37.21,0
2024-02-17,P103,26,37.21,0
2024-02-18,P103,10,37.21,0
2024-02-19,P103,66,37.2,0
2024-02-20,P103,54,37.2,0
2024-02-21,P103,67,37.2,0
2024-02-22,P103,59,37.2,0
2024-02-23,P103,55,37.2,0
2024-02-24,P103,53,37.2,1
2024-02-25,P103,13,37.2,0
2024-02-26,P103,57,37.2,0
2024-02-27,P103,56,37.2,0
2024-02-28,P103,62,37.2,0
2024-02-29,P103,55,37.2,0
2024-03-01,P103,49,37.2,0
2024-03-02,P103,31,37.2,0
2024-03-03,P103,12,37.2,0
2024-03-04,P103,60,37.2,0
2024-03-05,P103,56,37.2,0
2024-03-06,P103,50,37.2,0
2024-03-07,P103,67,37.2,0
2024-03-08,P103,63,37.2,0
2024-03-09,P103,32,37.2,0
2024-03-10,P103,11,37.2,0
2024-03-11,P103,55,37.21,0
2024-03-12,P103,68,37.21,0
2024-03-13,P103,56,37.21,0
2024-03-14,P103,52,37.21,0
2024-03-15,P103,65,37.21,0
2024-03-16,P103,29,37.21,0
2024-03-17,P103,30,37.21,1
2024-03-18,P103,89,37.21,1
2024-03-19,P103,62,37.22,0
2024-03-20,P103,71,37.22,0
2024-03-21,P103,56,37.22,0
2024-03-22,P103,52,37.22,0
2024-03-23,P103,26,37.22,0
2024-03-24,P103,13,37.23,0
2024-03-25,P103,52,37.23,0
2024-03-26,P103,58,37.23,0
2024-03-27,P103,50,37.23,0
2024-03-28,P103,65,37.24,0
2024-03-29,P103,60,37.24,0
2024-03-30,P103,29,37.24,0
2024-03-31,P103,10,37.24,0
2024-04-01,P103,66,37.25,0
2024-04-02,P103,56,37.25,0
2024-04-03,P103,50,37.25,0
2024-04-04,P103,69,37.26,1
2024-04-05,P103,49,37.26,0
2024-04-06,P103,47,37.26,1
2024-04-07,P103,11,37.27,0
2024-04-08,P103,61,37.27,0
2024-04-09,P103,56,37.27,0
2024-04-10,P103,59,37.28,0
2024-04-11,P103,51,37.28,0
2024-04-12,P103,53,37.28,0
2024-04-13,P103,35,37.29,0
2024-04-14,P103,11,37.29,0
2024-04-15,P103,58,37.3,0
2024-04-16,P103,48,37.3,0
2024-04-17,P103,66,37.3,0
2024-04-18,P103,52,37.31,0
2024-04-19,P103,58,37.31,0
2024-04-20,P103,28,37.32,0
2024-04-21,P103,12,37.32,0
2024-04-22,P103,59,37.33,0
2024-04-23,P103,54,37.33,0
2024-04-24,P103,63,37.34,0
2024-04-25,P103,50,37.34,0
2024-04-26,P103,56,37.35,0
2024-04-27,P103,27,37.35,0
2024-04-28,P103,12,37.36,0
2024-04-29,P103,52,37.36,0
2024-04-30,P103,57,37.37,0
2024-05-01,P103,49,37.37,0
2024-05-02,P103,55,37.38,0
2024-05-03,P103,52,37.38,0
2024-05-04,P103,27,37.39,0
2024-05-05,P103,11,37.39,0
2024-05-06,P103,55,37.4,0
2024-05-07,P103,52,37.41,0
2024-05-08,P103,54,37.41,0
2024-05-09,P103,48,37.42,0
2024-05-10,P103,64,37.42,0
2024-05-11,P103,31,37.43,0
2024-05-12,P103,11,37.44,0
2024-05-13,P103,61,37.44,0
2024-05-14,P103,43,37.45,0
2024-05-15,P103,39,37.45,0
2024-05-16,P103,51,37.46,0
2024-05-17,P103,43,37.47,0
2024-05-18,P103,27,37.47,0
2024-05-19,P103,11,37.48,0
2024-05-20,P103,58,37.49,0
2024-05-21,P103,48,37.49,0
2024-05-22,P103,56,37.5,0
2024-05-23,P103,52,37.51,0
2024-05-24,P103,52,37.51,0
2024-05-25,P103,26,37.52,0
2024-05-26,P103,13,37.53,0
2024-05-27,P103,52,37.53,0
2024-05-28,P103,65,37.54,0
2024-05-29,P103,49,37.55,0
2024-05-30,P103,56,37.56,0
2024-05-31,P103,77,37.56,1
2024-06-01,P103,26,37.57,0
2024-06-02,P103,12,37.58,0
2024-06-03,P103,50,37.58,0
2024-06-04,P103,38,37.59,0
2024-06-05,P103,35,37.6,0
2024-06-06,P103,58,37.61,0
2024-06-07,P103,55,37.61,0
2024-06-08,P103,32,37.62,0
2024-06-09,P103,11,37.63,0
2024-06-10,P103,44,37.64,0
2024-06-11,P103,51,37.64,0
2024-06-12,P103,52,37.65,0
2024-06-13,P103,45,37.66,0
2024-06-14,P103,57,37.67,0
2024-06-15,P103,33,37.68,0
2024-06-16,P103,23,37.68,1
2024-06-17,P103,51,37.69,0
2024-06-18,P103,45,37.7,0
2024-06-19,P103,60,37.71,0
2024-06-20,P103,50,37.71,0
2024-06-21,P103,46,37.72,0
2024-06-22,P103,28,37.73,0
2024-06-23,P103,10,37.74,0
2024-06-24,P103,51,37.75,0
2024-06-25,P103,44,37.75,0
2024-06-26,P103,57,37.76,0
2024-06-27,P103,49,37.77,0
2024-06-28,P103,53,37.78,0
2024-06-29,P103,25,37.79,0
2024-06-30,P103,10,37.8,0
2024-07-01,P103,43,37.8,0
2024-07-02,P103,56,37.81,0
2024-07-03,P103,46,37.82,0
2024-07-04,P103,46,37.83,0
2024-07-05,P103,47,37.84,0
2024-07-06,P103,26,37.85,0
2024-07-07,P103,8,37.85,0
2024-07-08,P103,48,37.86,0
2024-07-09,P103,56,37.87,0
2024-07-10,P103,48,37.88,0
2024-07-11,P103,47,37.89,0
2024-07-12,P103,47,37.9,0
2024-07-13,P103,25,37.9,0
2024-07-14,P103,9,37.91,0
2024-07-15,P103,49,37.92,0
2024-07-16,P103,56,37.93,0
2024-07-17,P103,44,37.94,0
2024-07-18,P103,46,37.95,0
2024-07-19,P103,39,37.95,0
2024-07-20,P103,28,37.96,0
2024-07-21,P103,10,37.97,0
2024-07-22,P103,44,37.98,0
2024-07-23,P103,51,37.99,0
2024-07-24,P103,71,38.0,1
2024-07-25,P103,42,38.01,0
2024-07-26,P103,38,38.01,0
2024-07-27,P103,22,38.02,0
2024-07-28,P103,11,38.03,0
2024-07-29,P103,44,38.04,0
2024-07-30,P103,52,38.05,0
2024-07-31,P103,44,38.06,0
2024-08-01,P103,52,38.06,0
2024-08-02,P103,40,38.07,0
2024-08-03,P103,25,38.08,0
2024-08-04,P103,10,38.09,0
2024-08-05,P103,60,38.1,0
2024-08-06,P103,53,38.11,0
2024-08-07,P103,46,38.11,0
2024-08-08,P103,51,38.12,0
2024-08-09,P103,56,38.13,0
2024-08-10,P103,20,38.14,0
2024-08-11,P103,9,38.15,0
2024-08-12,P103,46,38.16,0
2024-08-13,P103,47,38.16,0
2024-08-14,P103,47,38.17,0
2024-08-15,P103,40,38.18,0
2024-08-16,P103,52,38.19,0
2024-08-17,P103,21,38.2,0
2024-08-18,P103,10,38.2,0
2024-08-19,P103,53,38.21,0
2024-08-20,P103,49,38.22,0
2024-08-21,P103,43,38.23,0
2024-08-22,P103,40,38.24,0
2024-08-23,P103,44,38.24,0
2024-08-24,P103,23,38.25,0
2024-08-25,P103,10,38.26,0
2024-08-26,P103,40,38.27,0
2024-08-27,P103,54,38.27,0
2024-08-28,P103,49,38.28,0
2024-08-29,P103,48,38.29,0
2024-08-30,P103,52,38.3,0
2024-08-31,P103,24,38.3,0
2024-09-01,P103,9,38.31,0
2024-09-02,P103,45,38.32,0
2024-09-03,P103,48,38.33,0
2024-09-04,P103,48,38.33,0
2024-09-05,P103,43,38.34,0
2024-09-06,P103,35,38.35,0
2024-09-07,P103,23,38.36,0
2024-09-08,P103,10,38.36,0
2024-09-09,P103,48,38.37,0
2024-09-10,P103,56,38.38,0
2024-09-11,P103,59,38.38,0
2024-09-12,P103,51,38.39,0
2024-09-13,P103,52,38.4,0
2024-09-14,P103,27,38.41,0
2024-09-15,P103,12,38.41,0
2024-09-16,P103,58,38.42,0
2024-09-17,P103,55,38.43,0
2024-09-18,P103,53,38.43,0
2024-09-19,P103,47,38.44,0
2024-09-20,P103,45,38.44,0
2024-09-21,P103,24,38.45,0
2024-09-22,P103,11,38.46,0
2024-09-23,P103,44,38.46,0
2024-09-24,P103,49,38.47,0
2024-09-25,P103,36,38.48,0
2024-09-26,P103,57,38.48,0
2024-09-27,P103,45,38.49,0
2024-09-28,P103,26,38.49,0
2024-09-29,P103,12,38.5,0
2024-09-30,P103,50,38.51,0
2024-10-01,P103,58,38.51,0
2024-10-02,P103,43,38.52,0
2024-10-03,P103,61,38.52,0
2024-10-04,P103,52,38.53,0
2024-10-05,P103,26,38.53,0
2024-10-06,P103,12,38.54,0
2024-10-07,P103,78,38.55,1
2024-10-08,P103,74,38.55,1
2024-10-09,P103,58,38.56,0
2024-10-10,P103,39,38.56,0
2024-10-11,P103,49,38.57,0
2024-10-12,P103,27,38.57,0
2024-10-13,P103,12,38.58,0
2024-10-14,P103,64,38.58,1
2024-10-15,P103,60,38.59,0
2024-10-16,P103,47,38.59,0
2024-10-17,P103,47,38.6,0
2024-10-18,P103,41,38.6,0
2024-10-19,P103,23,38.6,0
2024-10-20,P103,11,38.61,0
2024-10-21,P103,44,38.61,0
2024-10-22,P103,56,38.62,0
2024-10-23,P103,47,38.62,0
2024-10-24,P103,43,38.63,0
2024-10-25,P103,45,38.63,0
2024-10-26,P103,27,38.63,0
2024-10-27,P103,10,38.64,0
2024-10-28,P103,51,38.64,0
2024-10-29,P103,57,38.64,0
2024-10-30,P103,58,38.65,0
2024-10-31,P103,49,38.65,0
2024-11-01,P103,42,38.66,0
2024-11-02,P103,27,38.66,0
2024-11-03,P103,11,38.66,0
2024-11-04,P103,43,38.67,0
2024-11-05,P103,48,38.67,0
2024-11-06,P103,48,38.67,0
2024-11-07,P103,50,38.67,0
2024-11-08,P103,45,38.68,0
2024-11-09,P103,29,38.68,0
2024-11-10,P103,9,38.68,0
2024-11-11,P103,43,38.68,0
2024-11-12,P103,52,38.69,0
2024-11-13,P103,52,38.69,0
2024-11-14,P103,43,38.69,0
2024-11-15,P103,46,38.69,0
2024-11-16,P103,26,38.7,0
2024-11-17,P103,10,38.7,0
2024-11-18,P103,101,38.7,1
2024-11-19,P103,51,38.7,0
2024-11-20,P103,62,38.7,0
2024-11-21,P103,55,38.7,0
2024-11-22,P103,84,38.71,1
2024-11-23,P103,28,38.71,0
2024-11-24,P103,11,38.71,0
2024-11-25,P103,60,38.71,0
2024-11-26,P103,52,38.71,0
2024-11-27,P103,59,38.71,0
2024-11-28,P103,53,38.71,0
2024-11-29,P103,59,38.71,0
2024-11-30,P103,32,38.72,0
2024-12-01,P103,11,38.72,0
2024-12-02,P103,52,38.72,0
2024-12-03,P103,59,38.72,0
2024-12-04,P103,54,38.72,0
2024-12-05,P103,64,38.72,0
2024-12-06,P103,52,38.72,0
2024-12-07,P103,27,38.72,0
2024-12-08,P103,11,38.72,0
2024-12-09,P103,47,38.72,0
2024-12-10,P103,60,38.72,0
2024-12-11,P103,51,38.72,0
2024-12-12,P103,133,38.72,1
2024-12-13,P103,44,38.72,0
2024-12-14,P103,29,38.72,0
2024-12-15,P103,13,38.72,0
2024-12-16,P103,42,38.72,0
2024-12-17,P103,70,38.71,0
2024-12-18,P103,54,38.71,0
2024-12-19,P103,56,38.71,0
2024-12-20,P103,56,38.71,0
2024-12-21,P103,31,38.71,0
2024-12-22,P103,12,38.71,0
2024-12-23,P103,62,38.71,0
2024-12-24,P103,61,38.71,0
2024-12-25,P103,68,38.7,0
2024-12-26,P103,59,38.7,0
2024-12-27,P103,65,38.7,0
2024-12-28,P103,32,38.7,0
2024-12-29,P103,9,38.7,0
2024-12-30,P103,73,38.7,0
2024-12-31,P103,55,38.69,0
2025-01-01,P103,67,38.69,0
2025-01-02,P103,56,38.69,0
2025-01-03,P103,60,38.69,0
2025-01-04,P103,27,38.68,0
2025-01-05,P103,13,38.68,0
2025-01-06,P103,55,38.68,0
2025-01-07,P103,70,38.68,0
2025-01-08,P103,61,38.67,0
2025-01-09,P103,63,38.67,0
2025-01-10,P103,41,38.67,0
2025-01-11,P103,30,38.66,0
2025-01-12,P103,12,38.66,0
2025-01-13,P103,59,38.66,0
2025-01-14,P103,66,38.65,0
2025-01-15,P103,56,38.65,0
2025-01-16,P103,58,38.65,0
2025-01-17,P103,97,38.64,1
2025-01-18,P103,23,38.64,0
2025-01-19,P103,13,38.64,0
2025-01-20,P103,56,38.63,0
2025-01-21,P103,54,38.63,0
2025-01-22,P103,61,38.62,0
2025-01-23,P103,66,38.62,0
2025-01-24,P103,61,38.62,0
2025-01-25,P103,30,38.61,0
2025-01-26,P103,13,38.61,0
2025-01-27,P103,64,38.6,0
2025-01-28,P103,60,38.6,0
2025-01-29,P103,55,38.59,0
2025-01-30,P103,54,38.59,0
2025-01-31,P103,61,38.58,0
2025-02-01,P103,30,38.58,0
2025-02-02,P103,11,38.58,0
2025-02-03,P103,48,38.57,0
2025-02-04,P103,67,38.57,0
2025-02-05,P103,56,38.56,0
2025-02-06,P103,61,38.55,0
2025-02-07,P103,63,38.55,0
2025-02-08,P103,26,38.54,0
2025-02-09,P103,12,38.54,0
2025-02-10,P103,58,38.53,0
2025-02-11,P103,64,38.53,0
2025-02-12,P103,69,38.52,0
2025-02-13,P103,50,38.52,0
2025-02-14,P103,59,38.51,0
2025-02-15,P103,34,38.5,0
2025-02-16,P103,12,38.5,0
2025-02-17,P103,59,38.49,0
2025-02-18,P103,65,38.49,0
2025-02-19,P103,63,38.48,0
2025-02-20,P103,63,38.47,0
2025-02-21,P103,60,38.47,0
2025-02-22,P103,28,38.46,0
2025-02-23,P103,14,38.46,0
2025-02-24,P103,67,38.45,0
2025-02-25,P103,63,38.44,0
2025-02-26,P103,51,38.44,0
2025-02-27,P103,58,38.43,0
2025-02-28,P103,57,38.42,0
2025-03-01,P103,27,38.42,0
2025-03-02,P103,12,38.41,0
2025-03-03,P103,50,38.4,0
2025-03-04,P103,66,38.4,0
2025-03-05,P103,62,38.39,0
2025-03-06,P103,48,38.38,0
2025-03-07,P103,58,38.38,0
2025-03-08,P103,31,38.37,0
2025-03-09,P103,13,38.36,0
2025-03-10,P103,57,38.35,0
2025-03-11,P103,56,38.35,0
2025-03-12,P103,56,38.34,0
2025-03-13,P103,56,38.33,0
2025-03-14,P103,56,38.32,0
2025-03-15,P103,31,38.32,0
2025-03-16,P103,12,38.31,0
2025-03-17,P103,57,38.3,0
2025-03-18,P103,59,38.29,0
2025-03-19,P103,77,38.29,0
2025-03-20,P103,54,38.28,0
2025-03-21,P103,53,38.27,0
2025-03-22,P103,42,38.26,0
2025-03-23,P103,13,38.26,0
2025-03-24,P103,50,38.25,0
2025-03-25,P103,67,38.24,0
2025-03-26,P103,54,38.23,0
2025-03-27,P103,65,38.23,0
2025-03-28,P103,55,38.22,0
2025-03-29,P103,29,38.21,0
2025-03-30,P103,14,38.2,0
2025-03-31,P103,63,38.19,0
2025-04-01,P103,68,38.19,0
2025-04-02,P103,63,38.18,0
2025-04-03,P103,56,38.17,0
2025-04-04,P103,59,38.16,0
2025-04-05,P103,35,38.15,0
2025-04-06,P103,12,38.14,0
2025-04-07,P103,70,38.14,0
2025-04-08,P103,67,38.13,0
2025-04-09,P103,61,38.12,0
2025-04-10,P103,60,38.11,0
2025-04-11,P103,56,38.1,0
2025-04-12,P103,26,38.1,0
2025-04-13,P103,12,38.09,0
2025-04-14,P103,60,38.08,0
2025-04-15,P103,58,38.07,0
2025-04-16,P103,62,38.06,0
2025-04-17,P103,58,38.05,0
2025-04-18,P103,60,38.05,0
2025-04-19,P103,32,38.04,0
2025-04-20,P103,12,38.03,0
2025-04-21,P103,49,38.02,0
2025-04-22,P103,72,38.01,0
2025-04-23,P103,58,38.0,0
2025-04-24,P103,57,37.99,0
2025-04-25,P103,52,37.99,0
2025-04-26,P103,46,37.98,1
2025-04-27,P103,14,37.97,0
2025-04-28,P103,66,37.96,0
2025-04-29,P103,63,37.95,0
2025-04-30,P103,58,37.94,0
2025-05-01,P103,61,37.94,0
2025-05-02,P103,118,37.93,1
2025-05-03,P103,29,37.92,0
2025-05-04,P103,12,37.91,0
2025-05-05,P103,54,37.9,0
2025-05-06,P103,61,37.89,0
2025-05-07,P103,59,37.89,0
2025-05-08,P103,60,37.88,0
2025-05-09,P103,50,37.87,0
2025-05-10,P103,32,37.86,0
2025-05-11,P103,11,37.85,0
2025-05-12,P103,53,37.84,0
2025-05-13,P103,55,37.83,0
2025-05-14,P103,51,37.83,0
2025-05-15,P103,62,37.82,0
2025-05-16,P103,47,37.81,0
2025-05-17,P103,27,37.8,0
2025-05-18,P103,13,37.79,0
2025-05-19,P103,52,37.79,0
2025-05-20,P103,57,37.78,0
2025-05-21,P103,78,37.77,1
2025-05-22,P103,60,37.76,0
2025-05-23,P103,57,37.75,0
2025-05-24,P103,31,37.74,0
2025-05-25,P103,12,37.74,0
2025-05-26,P103,56,37.73,0
2025-05-27,P103,54,37.72,0
2025-05-28,P103,51,37.71,0
2025-05-29,P103,62,37.7,0
2025-05-30,P103,56,37.7,0
2025-05-31,P103,26,37.69,0
2025-06-01,P103,11,37.68,0
2025-06-02,P103,53,37.67,0
2025-06-03,P103,50,37.67,0
2025-06-04,P103,57,37.66,0
2025-06-05,P103,51,37.65,0
2025-06-06,P103,46,37.64,0
2025-06-07,P103,24,37.63,0
2025-06-08,P103,9,37.63,0
2025-06-09,P103,52,37.62,0
2025-06-10,P103,56,37.61,0
2025-06-11,P103,50,37.6,0
2025-06-12,P103,57,37.6,0
2025-06-13,P103,50,37.59,0
2025-06-14,P103,30,37.58,0
2025-06-15,P103,23,37.57,1
2025-06-16,P103,49,37.57,0
2025-06-17,P103,56,37.56,0
2025-06-18,P103,47,37.55,0
2025-06-19,P103,56,37.55,0
2025-06-20,P103,45,37.54,0
2025-06-21,P103,30,37.53,0
2025-06-22,P103,11,37.53,0
2025-06-23,P103,59,37.52,0
2025-06-24,P103,48,37.51,0
2025-06-25,P103,92,37.5,1
2025-06-26,P103,54,37.5,0
2025-06-27,P103,56,37.49,0
2025-06-28,P103,32,37.48,0
2025-06-29,P103,11,37.48,0
2025-06-30,P103,63,37.47,0
2025-07-01,P103,53,37.46,0
2025-07-02,P103,60,37.46,0
2025-07-03,P103,46,37.45,0
2025-07-04,P103,51,37.45,0
2025-07-05,P103,20,37.44,0
2025-07-06,P103,9,37.43,0
2025-07-07,P103,55,37.43,0
2025-07-08,P103,46,37.42,0
2025-07-09,P103,55,37.42,0
2025-07-10,P103,56,37.41,0
2025-07-11,P103,46,37.4,0
2025-07-12,P103,24,37.4,0
2025-07-13,P103,10,37.39,0
2025-07-14,P103,46,37.39,0
2025-07-15,P103,53,37.38,0
2025-07-16,P103,53,37.38,0
2025-07-17,P103,49,37.37,0
2025-07-18,P103,57,37.37,0
2025-07-19,P103,24,37.36,0
2025-07-20,P103,12,37.36,0
2025-07-21,P103,45,37.35,0
2025-07-22,P103,53,37.35,0
2025-07-23,P103,59,37.34,0
2025-07-24,P103,57,37.34,0
2025-07-25,P103,46,37.33,0
2025-07-26,P103,28,37.33,0
2025-07-27,P103,11,37.32,0
2025-07-28,P103,48,37.32,0
2025-07-29,P103,56,37.31,0
2025-07-30,P103,62,37.31,0
2025-07-31,P103,53,37.3,0
2025-08-01,P103,51,37.3,0
2025-08-02,P103,28,37.3,0
2025-08-03,P103,9,37.29,0
2025-08-04,P103,53,37.29,0
2025-08-05,P103,46,37.28,0
2025-08-06,P103,48,37.28,0
2025-08-07,P103,105,37.28,1
2025-08-08,P103,46,37.27,0
2025-08-09,P103,24,37.27,0
2025-08-10,P103,12,37.27,0
2025-08-11,P103,45,37.26,0
2025-08-12,P103,49,37.26,0
2025-08-13,P103,58,37.26,0
2025-08-14,P103,50,37.25,0
2025-08-15,P103,39,37.25,0
2025-08-16,P103,28,37.25,0
2025-08-17,P103,10,37.24,0
2025-08-18,P103,58,37.24,0
2025-08-19,P103,48,37.24,0
2025-08-20,P103,57,37.24,0
2025-08-21,P103,59,37.23,0
2025-08-22,P103,78,37.23,1
2025-08-23,P103,25,37.23,0
2025-08-24,P103,11,37.23,0
2025-08-25,P103,45,37.22,0
2025-08-26,P103,53,37.22,0
2025-08-27,P103,50,37.22,0
2025-08-28,P103,48,37.22,0
2025-08-29,P103,47,37.22,0
2025-08-30,P103,26,37.21,0
2025-08-31,P103,11,37.21,0
2025-09-01,P103,47,37.21,0
2025-09-02,P103,49,37.21,0
2025-09-03,P103,50,37.21,0
2025-09-04,P103,49,37.21,0
2025-09-05,P103,45,37.21,0
2025-09-06,P103,27,37.21,0
2025-09-07,P103,8,37.2,0
2025-09-08,P103,46,37.2,0
2025-09-09,P103,50,37.2,0
2025-09-10,P103,46,37.2,0
2025-09-11,P103,59,37.2,0
2025-09-12,P103,47,37.2,0
2025-09-13,P103,27,37.2,0
2025-09-14,P103,10,37.2,0
2025-09-15,P103,50,37.2,0
2025-09-16,P103,45,37.2,0
2025-09-17,P103,50,37.2,0
2025-09-18,P103,45,37.2,0
2025-09-19,P103,46,37.2,0
2025-09-20,P103,19,37.2,0
2025-09-21,P103,9,37.2,0
2025-09-22,P103,59,37.2,0
2025-09-23,P103,57,37.2,0
2025-09-24,P103,59,37.2,0
2025-09-25,P103,58,37.2,0
2025-09-26,P103,51,37.2,0
2025-09-27,P103,25,37.2,0
2025-09-28,P103,9,37.21,0
2025-09-29,P103,57,37.21,0
2025-09-30,P103,53,37.21,0
2025-10-01,P103,66,37.21,0
2025-10-02,P103,49,37.21,0
2025-10-03,P103,59,37.21,0
2025-10-04,P103,26,37.21,0
2025-10-05,P103,12,37.22,0
2025-10-06,P103,61,37.22,0
2025-10-07,P103,47,37.22,0
2025-10-08,P103,50,37.22,0
2025-10-09,P103,45,37.22,0
2025-10-10,P103,42,37.23,0
2025-10-11,P103,29,37.23,0
2025-10-12,P103,10,37.23,0
2025-10-13,P103,52,37.23,0
2025-10-14,P103,57,37.23,0
2025-10-15,P103,42,37.24,0
2025-10-16,P103,59,37.24,0
2025-10-17,P103,47,37.24,0
2025-10-18,P103,29,37.25,0
2025-10-19,P103,12,37.25,0
2025-10-20,P103,60,37.25,0
2025-10-21,P103,107,37.25,1
2025-10-22,P103,41,37.26,0
2025-10-23,P103,52,37.26,0
2025-10-24,P103,51,37.26,0
2025-10-25,P103,24,37.27,0
2025-10-26,P103,11,37.27,0
2025-10-27,P103,51,37.28,0
2025-10-28,P103,47,37.28,0
2025-10-29,P103,58,37.28,0
2025-10-30,P103,49,37.29,0
2025-10-31,P103,48,37.29,0
2025-11-01,P103,26,37.29,0
2025-11-02,P103,13,37.3,0
2025-11-03,P103,53,37.3,0
2025-11-04,P103,56,37.31,0
2025-11-05,P103,52,37.31,0
2025-11-06,P103,56,37.32,0
2025-11-07,P103,58,37.32,0
2025-11-08,P103,30,37.32,0
2025-11-09,P103,12,37.33,0
2025-11-10,P103,58,37.33,0
2025-11-11,P103,48,37.34,0
2025-11-12,P103,50,37.34,0
2025-11-13,P103,53,37.35,0
2025-11-14,P103,47,37.35,0
2025-11-15,P103,25,37.36,0
2025-11-16,P103,9,37.36,0
2025-11-17,P103,47,37.37,0
2025-11-18,P103,55,37.38,0
2025-11-19,P103,56,37.38,0
2025-11-20,P103,50,37.39,0
2025-11-21,P103,53,37.39,0
2025-11-22,P103,27,37.4,0
2025-11-23,P103,13,37.4,0
2025-11-24,P103,55,37.41,0
2025-11-25,P103,62,37.41,0
2025-11-26,P103,58,37.42,0
2025-11-27,P103,47,37.43,0
2025-11-28,P103,52,37.43,0
2025-11-29,P103,25,37.44,0
2025-11-30,P103,12,37.44,0
2025-12-01,P103,52,37.45,0
2025-12-02,P103,61,37.46,0
2025-12-03,P103,49,37.46,0
2025-12-04,P103,56,37.47,0
2025-12-05,P103,57,37.48,0
2025-12-06,P103,32,37.48,0
2025-12-07,P103,11,37.49,0
2025-12-08,P103,57,37.5,0
2025-12-09,P103,61,37.5,0
2025-12-10,P103,68,37.51,0
2025-12-11,P103,48,37.52,0
2025-12-12,P103,49,37.52,0
2025-12-13,P103,39,37.53,0
2025-12-14,P103,12,37.54,0
2025-12-15,P103,46,37.54,0
2025-12-16,P103,56,37.55,0
2025-12-17,P103,41,37.56,0
2025-12-18,P103,59,37.57,0
2025-12-19,P103,60,37.57,0
2025-12-20,P103,47,37.58,1
2025-12-21,P103,11,37.59,0
2025-12-22,P103,64,37.6,0
2025-12-23,P103,49,37.6,0
2025-12-24,P103,103,37.61,1
2025-12-25,P103,57,37.62,0
2025-12-26,P103,51,37.63,0
2025-12-27,P103,30,37.63,0
2025-12-28,P103,11,37.64,0
2025-12-29,P103,61,37.65,0
2025-12-30,P103,60,37.66,0
2025-12-31,P103,64,37.66,0
2023-01-01,P104,19,76.31,0
2023-01-02,P104,97,76.33,0
2023-01-03,P104,108,76.35,0
2023-01-04,P104,108,76.36,0
2023-01-05,P104,94,76.38,0
2023-01-06,P104,114,76.4,0
2023-01-07,P104,55,76.42,0
2023-01-08,P104,22,76.43,0
2023-01-09,P104,120,76.45,0
2023-01-10,P104,100,76.47,0
2023-01-11,P104,102,76.48,0
2023-01-12,P104,86,76.5,0
2023-01-13,P104,94,76.52,0
2023-01-14,P104,44,76.53,0
2023-01-15,P104,23,76.55,0
2023-01-16,P104,106,76.57,0
2023-01-17,P104,102,76.58,0
2023-01-18,P104,102,76.6,0
2023-01-19,P104,109,76.62,0
2023-01-20,P104,84,76.63,0
2023-01-21,P104,54,76.65,0
2023-01-22,P104,23,76.67,0
2023-01-23,P104,82,76.68,0
2023-01-24,P104,114,76.7,0
2023-01-25,P104,85,76.72,0
2023-01-26,P104,100,76.73,0
2023-01-27,P104,84,76.75,0
2023-01-28,P104,61,76.77,0
2023-01-29,P104,19,76.78,0
2023-01-30,P104,84,76.8,0
2023-01-31,P104,108,76.81,0
2023-02-01,P104,99,76.83,0
2023-02-02,P104,85,76.85,0
2023-02-03,P104,102,76.86,0
2023-02-04,P104,41,76.88,0
2023-02-05,P104,19,76.89,0
2023-02-06,P104,96,76.91,0
2023-02-07,P104,116,76.92,0
2023-02-08,P104,119,76.94,0
2023-02-09,P104,114,76.95,0
2023-02-10,P104,95,76.97,0
2023-02-11,P104,39,76.99,0
2023-02-12,P104,22,77.0,0
2023-02-13,P104,119,77.02,0
2023-02-14,P104,120,77.03,0
2023-02-15,P104,109,77.05,0
2023-02-16,P104,88,77.06,0
2023-02-17,P104,91,77.08,0
2023-02-18,P104,64,77.09,0
2023-02-19,P104,18,77.1,0
2023-02-20,P104,89,77.12,0
2023-02-21,P104,117,77.13,0
2023-02-22,P104,99,77.15,0
2023-02-23,P104,88,77.16,0
2023-02-24,P104,112,77.18,0
2023-02-25,P104,55,77.19,0
2023-02-26,P104,20,77.2,0
2023-02-27,P104,89,77.22,0
2023-02-28,P104,129,77.23,0
2023-03-01,P104,103,77.24,0
2023-03-02,P104,116,77.26,0
2023-03-03,P104,105,77.27,0
2023-03-04,P104,49,77.28,0
2023-03-05,P104,43,77.3,1
2023-03-06,P104,117,77.31,0
2023-03-07,P104,121,77.32,0
2023-03-08,P104,81,77.34,0
2023-03-09,P104,106,77.35,0
2023-03-10,P104,94,77.36,0
2023-03-11,P104,46,77.37,0
2023-03-12,P104,21,77.38,0
2023-03-13,P104,85,77.4,0
2023-03-14,P104,98,77.41,0
2023-03-15,P104,93,77.42,0
2023-03-16,P104,93,77.43,0
2023-03-17,P104,93,77.44,0
2023-03-18,P104,46,77.46,0
2023-03-19,P104,24,77.47,0
2023-03-20,P104,105,77.48,0
2023-03-21,P104,123,77.49,0
2023-03-22,P104,187,77.5,1
2023-03-23,P104,92,77.51,0
2023-03-24,P104,111,77.52,0
2023-03-25,P104,48,77.53,0
2023-03-26,P104,41,77.54,1
2023-03-27,P104,106,77.55,0
2023-03-28,P104,88,77.56,0
2023-03-29,P104,108,77.57,0
2023-03-30,P104,103,77.58,0
2023-03-31,P104,105,77.59,0
2023-04-01,P104,56,77.6,0
2023-04-02,P104,23,77.61,0
2023-04-03,P104,189,77.62,1
2023-04-04,P104,91,77.63,0
2023-04-05,P104,121,77.63,0
2023-04-06,P104,80,77.64,0
2023-04-07,P104,77,77.65,0
2023-04-08,P104,53,77.66,0
2023-04-09,P104,23,77.67,0
2023-04-10,P104,98,77.67,0
2023-04-11,P104,110,77.68,0
2023-04-12,P104,76,77.69,0
2023-04-13,P104,89,77.7,0
2023-04-14,P104,71,77.7,0
2023-04-15,P104,53,77.71,0
2023-04-16,P104,16,77.72,0
2023-04-17,P104,81,77.72,0
2023-04-18,P104,103,77.73,0
2023-04-19,P104,107,77.74,0
2023-04-20,P104,91,77.74,0
2023-04-21,P104,94,77.75,0
2023-04-22,P104,90,77.75,1
2023-04-23,P104,19,77.76,0
2023-04-24,P104,82,77.77,0
2023-04-25,P104,103,77.77,0
2023-04-26,P104,101,77.78,0
2023-04-27,P104,101,77.78,0
2023-04-28,P104,90,77.78,0
2023-04-29,P104,42,77.79,0
2023-04-30,P104,21,77.79,0
2023-05-01,P104,92,77.8,0
2023-05-02,P104,90,77.8,0
2023-05-03,P104,90,77.81,0
2023-05-04,P104,84,77.81,0
2023-05-05,P104,94,77.81,0
2023-05-06,P104,40,77.82,0
2023-05-07,P104,17,77.82,0
2023-05-08,P104,87,77.82,0
2023-05-09,P104,110,77.82,0
2023-05-10,P104,102,77.83,0
2023-05-11,P104,73,77.83,0
2023-05-12,P104,97,77.83,0
2023-05-13,P104,53,77.83,0
2023-05-14,P104,16,77.83,0
2023-05-15,P104,64,77.84,0
2023-05-16,P104,91,77.84,0
2023-05-17,P104,101,77.84,0
2023-05-18,P104,103,77.84,0
2023-05-19,P104,75,77.84,0
2023-05-20,P104,55,77.84,0
2023-05-21,P104,14,77.84,0
2023-05-22,P104,84,77.84,0
2023-05-23,P104,87,77.84,0
2023-05-24,P104,100,77.84,0
2023-05-25,P104,99,77.84,0
2023-05-26,P104,91,77.84,0
2023-05-27,P104,38,77.84,0
2023-05-28,P104,20,77.84,0
2023-05-29,P104,91,77.84,0
2023-05-30,P104,73,77.83,0
2023-05-31,P104,68,77.83,0
2023-06-01,P104,95,77.83,0
2023-06-02,P104,79,77.83,0
2023-06-03,P104,38,77.83,0
2023-06-04,P104,17,77.83,0
2023-06-05,P104,89,77.82,0
2023-06-06,P104,87,77.82,0
2023-06-07,P104,72,77.82,0
2023-06-08,P104,101,77.81,0
2023-06-09,P104,89,77.81,0
2023-06-10,P104,42,77.81,0
2023-06-11,P104,33,77.8,1
2023-06-12,P104,87,77.8,0
2023-06-13,P104,76,77.8,0
2023-06-14,P104,88,77.79,0
2023-06-15,P104,71,77.79,0
2023-06-16,P104,78,77.78,0
2023-06-17,P104,38,77.78,0
2023-06-18,P104,15,77.77,0
2023-06-19,P104,98,77.77,0
2023-06-20,P104,87,77.76,0
2023-06-21,P104,86,77.76,0
2023-06-22,P104,64,77.75,0
2023-06-23,P104,73,77.75,0
2023-06-24,P104,45,77.74,0
2023-06-25,P104,17,77.73,0
2023-06-26,P104,63,77.73,0
2023-06-27,P104,87,77.72,0
2023-06-28,P104,87,77.72,0
2023-06-29,P104,93,77.71,0
2023-06-30,P104,72,77.7,0
2023-07-01,P104,32,77.69,0
2023-07-02,P104,15,77.69,0
2023-07-03,P104,72,77.68,0
2023-07-04,P104,91,77.67,0
2023-07-05,P104,58,77.66,0
2023-07-06,P104,77,77.66,0
2023-07-07,P104,89,77.65,0
2023-07-08,P104,42,77.64,0
2023-07-09,P104,18,77.63,0
2023-07-10,P104,66,77.62,0
2023-07-11,P104,69,77.61,0
2023-07-12,P104,95,77.61,0
2023-07-13,P104,81,77.6,0
2023-07-14,P104,77,77.59,0
2023-07-15,P104,37,77.58,0
2023-07-16,P104,17,77.57,0
2023-07-17,P104,71,77.56,0
2023-07-18,P104,168,77.55,1
2023-07-19,P104,107,77.54,0
2023-07-20,P104,84,77.53,0
2023-07-21,P104,71,77.52,0
2023-07-22,P104,30,77.51,0
2023-07-23,P104,14,77.5,0
2023-07-24,P104,94,77.49,0
2023-07-25,P104,74,77.47,0
2023-07-26,P104,79,77.46,0
2023-07-27,P104,85,77.45,0
2023-07-28,P104,88,77.44,0
2023-07-29,P104,41,77.43,0
2023-07-30,P104,16,77.42,0
2023-07-31,P104,81,77.41,0
2023-08-01,P104,78,77.39,0
2023-08-02,P104,77,77.38,0
2023-08-03,P104,83,77.37,0
2023-08-04,P104,78,77.36,0
2023-08-05,P104,52,77.34,0
2023-08-06,P104,18,77.33,0
2023-08-07,P104,91,77.32,0
2023-08-08,P104,74,77.31,0
2023-08-09,P104,87,77.29,0
2023-08-10,P104,74,77.28,0
2023-08-11,P104,80,77.27,0
2023-08-12,P104,45,77.25,0
2023-08-13,P104,17,77.24,0
2023-08-14,P104,103,77.23,0
2023-08-15,P104,97,77.21,0
2023-08-16,P104,93,77.2,0
2023-08-17,P104,87,77.19,0
2023-08-18,P104,92,77.17,0
2023-08-19,P104,36,77.16,0
2023-08-20,P104,19,77.14,0
2023-08-21,P104,73,77.13,0
2023-08-22,P104,80,77.12,0
2023-08-23,P104,171,77.1,1
2023-08-24,P104,92,77.09,0
2023-08-25,P104,68,77.07,0
2023-08-26,P104,40,77.06,0
2023-08-27,P104,17,77.04,0
2023-08-28,P104,81,77.03,0
2023-08-29,P104,94,77.01,0
2023-08-30,P104,116,77.0,0
2023-08-31,P104,86,76.98,0
2023-09-01,P104,72,76.97,0
2023-09-02,P104,37,76.95,0
2023-09-03,P104,17,76.94,0
2023-09-04,P104,75,76.92,0
2023-09-05,P104,91,76.9,0
2023-09-06,P104,89,76.89,0
2023-09-07,P104,79,76.87,0
2023-09-08,P104,96,76.86,0
2023-09-09,P104,40,76.84,0
2023-09-10,P104,17,76.83,0
2023-09-11,P104,90,76.81,0
2023-09-12,P104,96,76.79,0
2023-09-13,P104,98,76.78,0
2023-09-14,P104,88,76.76,0
2023-09-15,P104,90,76.74,0
2023-09-16,P104,41,76.73,0
2023-09-17,P104,20,76.71,0
2023-09-18,P104,94,76.7,0
2023-09-19,P104,104,76.68,0
2023-09-20,P104,72,76.66,0
2023-09-21,P104,77,76.65,0
2023-09-22,P104,89,76.63,0
2023-09-23,P104,32,76.61,0
2023-09-24,P104,19,76.6,0
2023-09-25,P104,97,76.58,0
2023-09-26,P104,85,76.56,0
2023-09-27,P104,85,76.55,0
2023-09-28,P104,77,76.53,0
2023-09-29,P104,78,76.51,0
2023-10-01,P104,17,76.48,0
2023-10-02,P104,81,76.46,0
2023-10-03,P104,89,76.45,0
2023-10-04,P104,88,76.43,0
2023-10-05,P104,107,76.41,0
2023-10-06,P104,81,76.39,0
2023-10-07,P104,48,76.38,0
2023-10-08,P104,17,76.36,0
2023-10-09,P104,84,76.34,0
2023-10-10,P104,76,76.33,0
2023-10-11,P104,76,76.31,0
2023-10-12,P104,78,76.29,0
2023-10-13,P104,154,76.28,1
2023-10-14,P104,53,76.26,0
2023-10-15,P104,15,76.24,0
2023-10-16,P104,86,76.22,0
2023-10-17,P104,81,76.21,0
2023-10-18,P104,91,76.19,0
2023-10-19,P104,102,76.17,0
2023-10-20,P104,83,76.16,0
2023-10-21,P104,48,76.14,0
2023-10-22,P104,22,76.12,0
2023-10-23,P104,98,76.11,0
2023-10-24,P104,89,76.09,0
2023-10-25,P104,97,76.07,0
2023-10-26,P104,85,76.06,0
2023-10-27,P104,93,76.04,0
2023-10-28,P104,52,76.02,0
2023-10-29,P104,17,76.01,0
2023-10-30,P104,97,75.99,0
2023-10-31,P104,98,75.97,0
2023-11-01,P104,103,75.96,0
2023-11-02,P104,104,75.94,0
2023-11-03,P104,96,75.92,0
2023-11-04,P104,48,75.91,0
2023-11-05,P104,22,75.89,0
2023-11-06,P104,88,75.87,0
2023-11-07,P104,86,75.86,0
2023-11-08,P104,64,75.84,0
2023-11-09,P104,96,75.83,0
2023-11-10,P104,84,75.81,0
2023-11-11,P104,53,75.79,0
2023-11-12,P104,16,75.78,0
2023-11-13,P104,92,75.76,0
2023-11-14,P104,108,75.75,0
2023-11-15,P104,176,75.73,1
2023-11-16,P104,103,75.72,0
2023-11-17,P104,88,75.7,0
2023-11-18,P104,52,75.68,0
2023-11-19,P104,22,75.67,0
2023-11-20,P104,111,75.65,0
2023-11-21,P104,106,75.64,0
2023-11-22,P104,94,75.62,0
2023-11-23,P104,95,75.61,0
2023-11-24,P104,102,75.59,0
2023-11-25,P104,47,75.58,0
2023-11-26,P104,21,75.56,0
2023-11-27,P104,98,75.55,0
2023-11-28,P104,105,75.53,0
2023-11-29,P104,93,75.52,0
2023-11-30,P104,169,75.51,1
2023-12-01,P104,103,75.49,0
2023-12-02,P104,59,75.48,0
2023-12-03,P104,17,75.46,0
2023-12-04,P104,108,75.45,0
2023-12-05,P104,121,75.43,0
2023-12-06,P104,113,75.42,0
2023-12-07,P104,99,75.41,0
2023-12-08,P104,88,75.39,0
2023-12-09,P104,55,75.38,0
2023-12-10,P104,22,75.37,0
2023-12-11,P104,106,75.35,0
2023-12-12,P104,107,75.34,0
2023-12-13,P104,95,75.33,0
2023-12-14,P104,110,75.31,0
2023-12-15,P104,105,75.3,0
2023-12-16,P104,56,75.29,0
2023-12-17,P104,22,75.28,0
2023-12-18,P104,126,75.26,0
2023-12-19,P104,103,75.25,0
2023-12-20,P104,124,75.24,0
2023-12-21,P104,98,75.23,0
2023-12-22,P104,114,75.22,0
2023-12-23,P104,63,75.2,0
2023-12-24,P104,22,75.19,0
2023-12-25,P104,127,75.18,0
2023-12-26,P104,118,75.17,0
2023-12-27,P104,100,75.16,0
2023-12-28,P104,103,75.15,0
2023-12-29,P104,115,75.14,0
2023-12-30,P104,62,75.13,0
2023-12-31,P104,20,75.12,0
2024-01-01,P104,107,75.11,0
2024-01-02,P104,116,75.1,0
2024-01-03,P104,105,75.08,0
2024-01-04,P104,136,75.07,0
2024-01-05,P104,106,75.07,0
2024-01-06,P104,56,75.06,0
2024-01-07,P104,26,75.05,0
2024-01-08,P104,105,75.04,0
2024-01-09,P104,127,75.03,0
2024-01-10,P104,92,75.02,0
2024-01-11,P104,104,75.01,0
2024-01-12,P104,116,75.0,0
2024-01-13,P104,67,74.99,0
2024-01-14,P104,21,74.98,0
2024-01-15,P104,100,74.98,0
2024-01-16,P104,122,74.97,0
2024-01-17,P104,105,74.96,0
2024-01-18,P104,106,74.95,0
2024-01-19,P104,209,74.94,1
2024-01-20,P104,54,74.94,0
2024-01-21,P104,18,74.93,0
2024-01-22,P104,95,74.92,0
2024-01-23,P104,227,74.92,1
2024-01-24,P104,90,74.91,0
2024-01-25,P104,107,74.9,0
2024-01-26,P104,89,74.9,0
2024-01-27,P104,117,74.89,1
2024-01-28,P104,29,74.88,0
2024-01-29,P104,169,74.88,1
2024-01-30,P104,119,74.87,0
2024-01-31,P104,102,74.87,0
2024-02-01,P104,107,74.86,0
2024-02-02,P104,126,74.86,0
2024-02-03,P104,55,74.85,0
2024-02-04,P104,22,74.85,0
2024-02-05,P104,100,74.84,0
2024-02-06,P104,130,74.84,0
2024-02-07,P104,73,74.83,0
2024-02-08,P104,105,74.83,0
2024-02-09,P104,105,74.83,0
2024-02-10,P104,54,74.82,0
2024-02-11,P104,25,74.82,0
2024-02-12,P104,126,74.82,0
2024-02-13,P104,98,74.81,0
2024-02-14,P104,140,74.81,0
2024-02-15,P104,93,74.81,0
2024-02-16,P104,120,74.8,0
2024-02-17,P104,59,74.8,0
2024-02-18,P104,22,74.8,0
2024-02-19,P104,106,74.8,0
2024-02-20,P104,227,74.8,1
2024-02-21,P104,116,74.79,0
2024-02-22,P104,99,74.79,0
2024-02-23,P104,102,74.79,0
2024-02-24,P104,53,74.79,0
2024-02-25,P104,20,74.79,0
2024-02-26,P104,101,74.79,0
2024-02-27,P104,100,74.79,0
2024-02-28,P104,107,74.79,0
2024-02-29,P104,115,74.79,0
2024-03-01,P104,106,74.79,0
2024-03-02,P104,70,74.79,0
2024-03-03,P104,17,74.79,0
2024-03-04,P104,116,74.79,0
2024-03-05,P104,114,74.79,0
2024-03-06,P104,122,74.79,0
2024-03-07,P104,117,74.79,0
2024-03-08,P104,102,74.79,0
2024-03-09,P104,58,74.8,0
2024-03-10,P104,21,74.8,0
2024-03-11,P104,117,74.8,0
2024-03-12,P104,90,74.8,0
2024-03-13,P104,121,74.8,0
2024-03-14,P104,108,74.81,0
2024-03-15,P104,97,74.81,0
2024-03-16,P104,55,74.81,0
2024-03-17,P104,22,74.81,0
2024-03-18,P104,124,74.82,0
2024-03-19,P104,152,74.82,0
2024-03-20,P104,125,74.82,0
2024-03-21,P104,100,74.83,0
2024-03-22,P104,109,74.83,0
2024-03-23,P104,60,74.84,0
2024-03-24,P104,20,74.84,0
2024-03-25,P104,92,74.85,0
2024-03-26,P104,110,74.85,0
2024-03-27,P104,119,74.86,0
2024-03-28,P104,87,74.86,0
2024-03-29,P104,93,74.87,0
2024-03-30,P104,59,74.87,0
2024-03-31,P104,22,74.88,0
2024-04-01,P104,246,74.88,1
2024-04-02,P104,93,74.89,0
2024-04-03,P104,135,74.89,0
2024-04-04,P104,156,74.9,1
2024-04-05,P104,77,74.91,0
2024-04-06,P104,54,74.91,0
2024-04-07,P104,19,74.92,0
2024-04-08,P104,104,74.93,0
2024-04-09,P104,108,74.94,0
2024-04-10,P104,104,74.94,0
2024-04-11,P104,94,74.95,0
2024-04-12,P104,103,74.96,0
2024-04-13,P104,52,74.97,0
2024-04-14,P104,24,74.97,0
2024-04-15,P104,101,74.98,0
2024-04-16,P104,96,74.99,0
2024-04-17,P104,85,75.0,0
2024-04-18,P104,100,75.01,0
2024-04-19,P104,83,75.02,0
2024-04-20,P104,45,75.03,0
2024-04-21,P104,22,75.03,0
2024-04-22,P104,82,75.04,0
2024-04-23,P104,122,75.05,0
2024-04-24,P104,105,75.06,0
2024-04-25,P104,100,75.07,0
2024-04-26,P104,84,75.08,0
2024-04-28,P104,21,75.1,0
2024-04-29,P104,93,75.11,0
2024-04-30,P104,106,75.12,0
2024-05-01,P104,83,75.13,0
2024-05-02,P104,81,75.15,0
2024-05-03,P104,82,75.16,0
2024-05-04,P104,53,75.17,0
2024-05-05,P104,21,75.18,0
2024-05-06,P104,110,75.19,0
2024-05-07,P104,92,75.2,0
2024-05-08,P104,182,75.21,1
2024-05-09,P104,96,75.23,0
2024-05-10,P104,83,75.24,0
2024-05-11,P104,53,75.25,0
2024-05-12,P104,20,75.26,0
2024-05-13,P104,91,75.27,0
2024-05-14,P104,101,75.29,0
2024-05-15,P104,97,75.3,0
2024-05-16,P104,94,75.31,0
2024-05-17,P104,87,75.32,0
2024-05-18,P104,43,75.34,0
2024-05-19,P104,35,75.35,1
2024-05-20,P104,165,75.36,1
2024-05-21,P104,88,75.38,0
2024-05-22,P104,95,75.39,0
2024-05-23,P104,102,75.4,0
2024-05-24,P104,91,75.42,0
2024-05-25,P104,46,75.43,0
2024-05-26,P104,18,75.45,0
2024-05-27,P104,101,75.46,0
2024-05-28,P104,72,75.47,0
2024-05-29,P104,104,75.49,0
2024-05-30,P104,74,75.5,0
2024-05-31,P104,75,75.52,0
2024-06-01,P104,46,75.53,0
2024-06-02,P104,24,75.55,0
2024-06-03,P104,110,75.56,0
2024-06-04,P104,104,75.58,0
2024-06-05,P104,98,75.59,0
2024-06-06,P104,73,75.6,0
2024-06-07,P104,89,75.62,0
2024-06-08,P104,45,75.64,0
2024-06-09,P104,17,75.65,0
2024-06-10,P104,93,75.67,0
2024-06-11,P104,90,75.68,0
2024-06-12,P104,102,75.7,0
2024-06-13,P104,71,75.71,0
2024-06-14,P104,87,75.73,0
2024-06-15,P104,43,75.74,0
2024-06-16,P104,18,75.76,0
2024-06-17,P104,94,75.77,0
2024-06-18,P104,82,75.79,0
2024-06-19,P104,94,75.81,0
2024-06-20,P104,87,75.82,0
2024-06-21,P104,79,75.84,0
2024-06-22,P104,44,75.86,0
2024-06-23,P104,18,75.87,0
2024-06-24,P104,82,75.89,0
2024-06-25,P104,93,75.9,0
2024-06-26,P104,88,75.92,0
2024-06-27,P104,83,75.94,0
2024-06-28,P104,99,75.95,0
2024-06-29,P104,48,75.97,0
2024-06-30,P104,18,75.99,0
2024-07-01,P104,90,76.0,0
2024-07-02,P104,82,76.02,0
2024-07-03,P104,86,76.04,0
2024-07-04,P104,85,76.05,0
2024-07-05,P104,72,76.07,0
2024-07-06,P104,48,76.09,0
2024-07-07,P104,17,76.1,0
2024-07-08,P104,85,76.12,0
2024-07-09,P104,86,76.14,0
2024-07-10,P104,119,76.15,0
2024-07-11,P104,81,76.17,0
2024-07-12,P104,64,76.19,0
2024-07-13,P104,38,76.2,0
2024-07-14,P104,20,76.22,0
2024-07-15,P104,101,76.24,0
2024-07-16,P104,84,76.25,0
2024-07-17,P104,102,76.27,0
2024-07-18,P104,94,76.29,0
2024-07-19,P104,81,76.31,0
2024-07-20,P104,44,76.32,0
2024-07-21,P104,19,76.34,0
2024-07-22,P104,96,76.36,0
2024-07-23,P104,95,76.37,0
2024-07-24,P104,83,76.39,0
2024-07-25,P104,85,76.41,0
2024-07-26,P104,101,76.42,0
2024-07-27,P104,47,76.44,0
2024-07-28,P104,20,76.46,0
2024-07-29,P104,174,76.48,1
2024-07-30,P104,94,76.49,0
2024-07-31,P104,90,76.51,0
2024-08-01,P104,96,76.53,0
2024-08-02,P104,89,76.54,0
2024-08-03,P104,47,76.56,0
2024-08-04,P104,17,76.58,0
2024-08-05,P104,92,76.59,0
2024-08-06,P104,91,76.61,0
2024-08-07,P104,87,76.63,0
2024-08-08,P104,113,76.64,0
2024-08-09,P104,69,76.66,0
2024-08-10,P104,51,76.68,0
2024-08-11,P104,17,76.69,0
2024-08-12,P104,90,76.71,0
2024-08-13,P104,118,76.72,0
2024-08-14,P104,81,76.74,0
2024-08-15,P104,81,76.76,0
2024-08-16,P104,83,76.77,0
2024-08-17,P104,42,76.79,0
2024-08-18,P104,20,76.81,0
2024-08-19,P104,84,76.82,0
2024-08-20,P104,99,76.84,0
2024-08-21,P104,77,76.85,0
2024-08-22,P104,71,76.87,0
2024-08-23,P104,82,76.89,0
2024-08-24,P104,38,76.9,0
2024-08-25,P104,22,76.92,0
2024-08-26,P104,75,76.93,0
2024-08-27,P104,83,76.95,0
2024-08-28,P104,96,76.96,0
2024-08-29,P104,83,76.98,0
2024-08-30,P104,71,76.99,0
2024-08-31,P104,57,77.01,0
2024-09-01,P104,17,77.02,0
2024-09-02,P104,89,77.04,0
2024-09-03,P104,92,77.05,0
2024-09-04,P104,100,77.07,0
2024-09-05,P104,95,77.08,0
2024-09-06,P104,78,77.1,0
2024-09-07,P104,46,77.11,0
2024-09-08,P104,19,77.13,0
2024-09-09,P104,99,77.14,0
2024-09-10,P104,83,77.15,0
2024-09-11,P104,115,77.17,0
2024-09-12,P104,84,77.18,0
2024-09-13,P104,87,77.2,0
2024-09-14,P104,42,77.21,0
2024-09-15,P104,17,77.22,0
2024-09-16,P104,84,77.24,0
2024-09-17,P104,87,77.25,0
2024-09-18,P104,91,77.26,0
2024-09-19,P104,83,77.28,0
2024-09-20,P104,95,77.29,0
2024-09-21,P104,45,77.3,0
2024-09-22,P104,18,77.32,0
2024-09-23,P104,91,77.33,0
2024-09-24,P104,109,77.34,0
2024-09-25,P104,99,77.35,0
2024-09-26,P104,192,77.37,1
2024-09-27,P104,76,77.38,0
2024-09-28,P104,43,77.39,0
2024-09-29,P104,17,77.4,0
2024-09-30,P104,110,77.41,0
2024-10-01,P104,106,77.43,0
2024-10-02,P104,89,77.44,0
2024-10-03,P104,90,77.45,0
2024-10-04,P104,83,77.46,0
2024-10-05,P104,46,77.47,0
2024-10-06,P104,21,77.48,0
2024-10-07,P104,95,77.49,0
2024-10-08,P104,125,77.5,0
2024-10-09,P104,114,77.51,0
2024-10-10,P104,112,77.53,0
2024-10-11,P104,100,77.54,0
2024-10-12,P104,49,77.55,0
2024-10-13,P104,22,77.56,0
2024-10-14,P104,96,77.57,0
2024-10-15,P104,122,77.58,0
2024-10-16,P104,107,77.58,0
2024-10-17,P104,102,77.59,0
2024-10-18,P104,96,77.6,0
2024-10-19,P104,62,77.61,0
2024-10-20,P104,18,77.62,0
2024-10-21,P104,122,77.63,0
2024-10-22,P104,104,77.64,0
2024-10-23,P104,88,77.65,0
2024-10-24,P104,93,77.65,0
2024-10-25,P104,79,77.66,0
2024-10-26,P104,57,77.67,0
2024-10-27,P104,19,77.68,0
2024-10-28,P104,105,77.69,0
2024-10-29,P104,121,77.69,0
2024-10-30,P104,98,77.7,0
2024-10-31,P104,100,77.71,0
2024-11-01,P104,85,77.71,0
2024-11-02,P104,52,77.72,0
2024-11-03,P104,28,77.73,0
2024-11-04,P104,114,77.73,0
2024-11-05,P104,107,77.74,0
2024-11-06,P104,101,77.75,0
2024-11-07,P104,105,77.75,0
2024-11-08,P104,102,77.76,0
2024-11-09,P104,53,77.76,0
2024-11-10,P104,24,77.77,0
2024-11-11,P104,96,77.77,0
2024-11-12,P104,100,77.78,0
2024-11-13,P104,114,77.78,0
2024-11-14,P104,93,77.79,0
2024-11-15,P104,111,77.79,0
2024-11-16,P104,56,77.8,0
2024-11-17,P104,18,77.8,0
2024-11-18,P104,111,77.8,0
2024-11-19,P104,93,77.81,0
2024-11-20,P104,120,77.81,0
2024-11-21,P104,106,77.81,0
2024-11-22,P104,125,77.82,0
2024-11-23,P104,64,77.82,0
2024-11-24,P104,20,77.82,0
2024-11-25,P104,86,77.82,0
2024-11-26,P104,106,77.83,0
2024-11-27,P104,98,77.83,0
2024-11-28,P104,133,77.83,0
2024-11-29,P104,172,77.83,1
2024-11-30,P104,64,77.83,0
2024-12-01,P104,23,77.84,0
2024-12-02,P104,111,77.84,0
2024-12-03,P104,117,77.84,0
2024-12-04,P104,129,77.84,0
2024-12-05,P104,116,77.84,0
2024-12-06,P104,95,77.84,0
2024-12-07,P104,70,77.84,0
2024-12-08,P104,49,77.84,1
2024-12-09,P104,109,77.84,0
2024-12-10,P104,82,77.84,0
2024-12-11,P104,125,77.84,0
2024-12-12,P104,215,77.84,1
2024-12-13,P104,110,77.84,0
2024-12-14,P104,57,77.84,0
2024-12-15,P104,23,77.84,0
2024-12-16,P104,111,77.83,0
2024-12-17,P104,127,77.83,0
2024-12-18,P104,127,77.83,0
2024-12-19,P104,113,77.83,0
2024-12-20,P104,122,77.83,0
2024-12-21,P104,60,77.82,0
2024-12-22,P104,23,77.82,0
2024-12-23,P104,120,77.82,0
2024-12-24,P104,104,77.82,0
2024-12-25,P104,123,77.81,0
2024-12-26,P104,97,77.81,0
2024-12-27,P104,99,77.81,0
2024-12-28,P104,48,77.8,0
2024-12-29,P104,24,77.8,0
2024-12-30,P104,139,77.79,0
2024-12-31,P104,122,77.79,0
2025-01-01,P104,130,77.79,0
2025-01-02,P104,148,77.78,0
2025-01-03,P104,117,77.78,0
2025-01-04,P104,57,77.77,0
2025-01-05,P104,23,77.77,0
2025-01-06,P104,119,77.76,0
2025-01-07,P104,115,77.76,0
2025-01-08,P104,114,77.75,0
2025-01-09,P104,132,77.74,0
2025-01-10,P104,126,77.74,0
2025-01-11,P104,51,77.73,0
2025-01-12,P104,23,77.73,0
2025-01-13,P104,114,77.72,0
2025-01-14,P104,133,77.71,0
2025-01-15,P104,138,77.71,0
2025-01-16,P104,155,77.7,0
2025-01-17,P104,108,77.69,0
2025-01-18,P104,60,77.68,0
2025-01-19,P104,27,77.68,0
2025-01-20,P104,112,77.67,0
2025-01-21,P104,216,77.66,1
2025-01-22,P104,258,77.65,1
2025-01-23,P104,85,77.64,0
2025-01-24,P104,116,77.64,0
2025-01-25,P104,62,77.63,0
2025-01-26,P104,59,77.62,1
2025-01-27,P104,121,77.61,0
2025-01-28,P104,109,77.6,0
2025-01-29,P104,120,77.59,0
2025-01-30,P104,93,77.58,0
2025-01-31,P104,99,77.57,0
2025-02-01,P104,67,77.56,0
2025-02-02,P104,25,77.55,0
2025-02-03,P104,134,77.54,0
2025-02-04,P104,99,77.53,0
2025-02-05,P104,121,77.52,0
2025-02-06,P104,114,77.51,0
2025-02-07,P104,127,77.5,0
2025-02-08,P104,68,77.49,0
2025-02-09,P104,50,77.48,1
2025-02-10,P104,142,77.47,0
2025-02-11,P104,121,77.46,0
2025-02-12,P104,142,77.45,0
2025-02-13,P104,106,77.43,0
2025-02-14,P104,101,77.42,0
2025-02-15,P104,68,77.41,0
2025-02-16,P104,21,77.4,0
2025-02-17,P104,129,77.39,0
2025-02-18,P104,127,77.38,0
2025-02-19,P104,138,77.36,0
2025-02-20,P104,225,77.35,1
2025-02-21,P104,115,77.34,0
2025-02-22,P104,66,77.33,0
2025-02-23,P104,23,77.31,0
2025-02-24,P104,111,77.3,0
2025-02-25,P104,132,77.29,0
2025-02-26,P104,123,77.27,0
2025-02-27,P104,114,77.26,0
2025-02-28,P104,113,77.25,0
2025-03-01,P104,73,77.23,0
2025-03-02,P104,24,77.22,0
2025-03-03,P104,114,77.21,0
2025-03-04,P104,101,77.19,0
2025-03-05,P104,122,77.18,0
2025-03-06,P104,127,77.16,0
2025-03-07,P104,123,77.15,0
2025-03-08,P104,63,77.14,0
2025-03-09,P104,27,77.12,0
2025-03-10,P104,129,77.11,0
2025-03-11,P104,139,77.09,0
2025-03-12,P104,135,77.08,0
2025-03-13,P104,138,77.06,0
2025-03-14,P104,110,77.05,0
2025-03-15,P104,53,77.03,0
2025-03-16,P104,26,77.02,0
2025-03-17,P104,129,77.0,0
2025-03-18,P104,144,76.99,0
2025-03-19,P104,137,76.97,0
2025-03-20,P104,142,76.96,0
2025-03-21,P104,119,76.94,0
2025-03-22,P104,63,76.93,0
2025-03-23,P104,21,76.91,0
2025-03-24,P104,121,76.9,0
2025-03-25,P104,114,76.88,0
2025-03-26,P104,122,76.86,0
2025-03-27,P104,116,76.85,0
2025-03-28,P104,116,76.83,0
2025-03-29,P104,60,76.82,0
2025-03-30,P104,27,76.8,0
2025-03-31,P104,81,76.78,0
2025-04-01,P104,123,76.77,0
2025-04-02,P104,133,76.75,0
2025-04-03,P104,138,76.74,0
2025-04-04,P104,117,76.72,0
2025-04-05,P104,71,76.7,0
2025-04-06,P104,24,76.69,0
2025-04-07,P104,115,76.67,0
2025-04-08,P104,126,76.65,0
2025-04-09,P104,116,76.64,0
2025-04-10,P104,103,76.62,0
2025-04-11,P104,101,76.6,0
2025-04-12,P104,52,76.59,0
2025-04-13,P104,25,76.57,0
2025-04-14,P104,113,76.55,0
2025-04-15,P104,187,76.54,1
2025-04-16,P104,108,76.52,0
2025-04-17,P104,117,76.5,0
2025-04-18,P104,115,76.49,0
2025-04-19,P104,51,76.47,0
2025-04-20,P104,20,76.45,0
2025-04-21,P104,123,76.44,0
2025-04-22,P104,98,76.42,0
2025-04-23,P104,120,76.4,0
2025-04-24,P104,230,76.39,1
2025-04-25,P104,123,76.37,0
2025-04-26,P104,62,76.35,0
2025-04-27,P104,25,76.33,0
2025-04-28,P104,137,76.32,0
2025-04-29,P104,85,76.3,0
2025-04-30,P104,166,76.28,1
2025-05-01,P104,118,76.27,0
2025-05-02,P104,99,76.25,0
2025-05-03,P104,64,76.23,0
2025-05-04,P104,22,76.22,0
2025-05-05,P104,110,76.2,0
2025-05-06,P104,109,76.18,0
2025-05-07,P104,103,76.17,0
2025-05-08,P104,100,76.15,0
2025-05-09,P104,104,76.13,0
2025-05-10,P104,51,76.11,0
2025-05-11,P104,24,76.1,0
2025-05-12,P104,114,76.08,0
2025-05-13,P104,124,76.06,0
2025-05-14,P104,95,76.05,0
2025-05-15,P104,85,76.03,0
2025-05-16,P104,100,76.01,0
2025-05-17,P104,72,76.0,0
2025-05-18,P104,25,75.98,0
2025-05-19,P104,99,75.96,0
2025-05-20,P104,114,75.95,0
2025-05-21,P104,115,75.93,0
2025-05-22,P104,88,75.92,0
2025-05-23,P104,113,75.9,0
2025-05-24,P104,53,75.88,0
2025-05-25,P104,21,75.87,0
2025-05-26,P104,104,75.85,0
2025-05-27,P104,120,75.83,0
2025-05-28,P104,96,75.82,0
2025-05-29,P104,83,75.8,0
2025-05-30,P104,100,75.79,0
2025-05-31,P104,41,75.77,0
2025-06-01,P104,20,75.75,0
2025-06-02,P104,115,75.74,0
2025-06-03,P104,112,75.72,0
2025-06-04,P104,115,75.71,0
2025-06-05,P104,107,75.69,0
2025-06-06,P104,121,75.68,0
2025-06-07,P104,49,75.66,0
2025-06-08,P104,22,75.65,0
2025-06-09,P104,96,75.63,0
2025-06-10,P104,115,75.62,0
2025-06-11,P104,101,75.6,0
2025-06-12,P104,118,75.59,0
2025-06-13,P104,89,75.57,0
2025-06-14,P104,60,75.56,0
2025-06-15,P104,22,75.54,0
2025-06-16,P104,99,75.53,0
2025-06-17,P104,109,75.51,0
2025-06-18,P104,104,75.5,0
2025-06-19,P104,102,75.48,0
2025-06-20,P104,91,75.47,0
2025-06-21,P104,47,75.46,0
2025-06-22,P104,20,75.44,0
2025-06-23,P104,80,75.43,0
2025-06-24,P104,111,75.41,0
2025-06-25,P104,86,75.4,0
2025-06-26,P104,95,75.39,0
2025-06-27,P104,99,75.37,0
2025-06-28,P104,55,75.36,0
2025-06-29,P104,16,75.35,0
2025-06-30,P104,96,75.33,0
2025-07-01,P104,106,75.32,0
2025-07-02,P104,99,75.31,0
2025-07-03,P104,110,75.3,0
2025-07-04,P104,83,75.28,0
2025-07-05,P104,39,75.27,0
2025-07-06,P104,22,75.26,0
2025-07-07,P104,91,75.25,0
2025-07-08,P104,81,75.23,0
2025-07-09,P104,96,75.22,0
2025-07-10,P104,108,75.21,0
2025-07-11,P104,78,75.2,0
2025-07-12,P104,63,75.19,0
2025-07-13,P104,18,75.18,0
2025-07-14,P104,97,75.16,0
2025-07-15,P104,86,75.15,0
2025-07-16,P104,98,75.14,0
2025-07-17,P104,94,75.13,0
2025-07-18,P104,76,75.12,0
2025-07-19,P104,65,75.11,0
2025-07-20,P104,19,75.1,0
2025-07-21,P104,90,75.09,0
2025-07-22,P104,110,75.08,0
2025-07-23,P104,117,75.07,0
2025-07-24,P104,106,75.06,0
2025-07-25,P104,78,75.05,0
2025-07-26,P104,51,75.04,0
2025-07-27,P104,16,75.03,0
2025-07-28,P104,105,75.02,0
2025-07-29,P104,81,75.01,0
2025-07-30,P104,157,75.0,1
2025-07-31,P104,95,75.0,0
2025-08-01,P104,95,74.99,0
2025-08-02,P104,48,74.98,0
2025-08-03,P104,23,74.97,0
2025-08-04,P104,103,74.96,0
2025-08-05,P104,106,74.96,0
2025-08-06,P104,84,74.95,0
2025-08-07,P104,113,74.94,0
2025-08-08,P104,82,74.93,0
2025-08-09,P104,59,74.93,0
2025-08-10,P104,24,74.92,0
2025-08-11,P104,102,74.91,0
2025-08-12,P104,111,74.91,0
2025-08-13,P104,65,74.9,0
2025-08-14,P104,93,74.89,0
2025-08-15,P104,102,74.89,0
2025-08-16,P104,55,74.88,0
2025-08-17,P104,17,74.88,0
2025-08-18,P104,94,74.87,0
2025-08-19,P104,72,74.86,0
2025-08-20,P104,103,74.86,0
2025-08-21,P104,76,74.85,0
2025-08-22,P104,103,74.85,0
2025-08-23,P104,57,74.84,0
2025-08-24,P104,19,74.84,0
2025-08-25,P104,103,74.84,0
2025-08-26,P104,99,74.83,0
2025-08-27,P104,102,74.83,0
2025-08-28,P104,85,74.82,0
2025-08-29,P104,99,74.82,0
2025-08-30,P104,42,74.82,0
2025-08-31,P104,16,74.81,0
2025-09-01,P104,97,74.81,0
2025-09-02,P104,100,74.81,0
2025-09-03,P104,104,74.81,0
2025-09-04,P104,91,74.8,0
2025-09-05,P104,113,74.8,0
2025-09-06,P104,52,74.8,0
2025-09-07,P104,35,74.8,1
2025-09-08,P104,102,74.79,0
2025-09-09,P104,115,74.79,0
2025-09-10,P104,189,74.79,1
2025-09-11,P104,104,74.79,0
2025-09-12,P104,102,74.79,0
2025-09-13,P104,42,74.79,0
2025-09-14,P104,17,74.79,0
2025-09-15,P104,100,74.79,0
2025-09-16,P104,103,74.79,0
2025-09-17,P104,110,74.79,0
2025-09-18,P104,101,74.79,0
2025-09-19,P104,102,74.79,0
2025-09-20,P104,46,74.79,0
2025-09-21,P104,21,74.79,0
2025-09-22,P104,88,74.79,0
2025-09-23,P104,111,74.79,0
2025-09-24,P104,83,74.79,0
2025-09-25,P104,106,74.79,0
2025-09-26,P104,82,74.8,0
2025-09-27,P104,52,74.8,0
2025-09-28,P104,24,74.8,0
2025-09-29,P104,107,74.8,0
2025-09-30,P104,89,74.8,0
2025-10-01,P104,99,74.81,0
2025-10-02,P104,87,74.81,0
2025-10-03,P104,81,74.81,0
2025-10-04,P104,56,74.82,0
2025-10-05,P104,23,74.82,0
2025-10-06,P104,111,74.82,0
2025-10-07,P104,118,74.83,0
2025-10-08,P104,109,74.83,0
2025-10-09,P104,103,74.83,0
2025-10-10,P104,89,74.84,0
2025-10-11,P104,53,74.84,0
2025-10-12,P104,19,74.85,0
2025-10-13,P104,98,74.85,0
2025-10-14,P104,114,74.86,0
2025-10-15,P104,109,74.86,0
2025-10-16,P104,144,74.87,0
2025-10-17,P104,88,74.87,0
2025-10-18,P104,56,74.88,0
2025-10-19,P104,19,74.89,0
2025-10-20,P104,105,74.89,0
2025-10-21,P104,110,74.9,0
2025-10-22,P104,123,74.9,0
2025-10-23,P104,105,74.91,0
2025-10-24,P104,103,74.92,0
2025-10-25,P104,55,74.92,0
2025-10-26,P104,20,74.93,0
2025-10-27,P104,104,74.94,0
2025-10-28,P104,112,74.95,0
2025-10-29,P104,116,74.95,0
2025-10-30,P104,119,74.96,0
2025-10-31,P104,104,74.97,0
2025-11-01,P104,57,74.98,0
2025-11-02,P104,19,74.99,0
2025-11-03,P104,122,74.99,0
2025-11-04,P104,112,75.0,0
2025-11-05,P104,130,75.01,0
2025-11-06,P104,135,75.02,0
2025-11-07,P104,111,75.03,0
2025-11-08,P104,56,75.04,0
2025-11-09,P104,25,75.05,0
2025-11-10,P104,129,75.06,0
2025-11-11,P104,204,75.07,1
2025-11-12,P104,121,75.08,0
2025-11-13,P104,135,75.09,0
2025-11-14,P104,129,75.1,0
2025-11-15,P104,65,75.11,0
2025-11-16,P104,22,75.12,0
2025-11-17,P104,140,75.13,0
2025-11-18,P104,128,75.14,0
2025-11-19,P104,142,75.15,0
2025-11-20,P104,139,75.16,0
2025-11-21,P104,104,75.17,0
2025-11-22,P104,73,75.18,0
2025-11-23,P104,31,75.2,0
2025-11-24,P104,153,75.21,0
2025-11-25,P104,152,75.22,0
2025-11-26,P104,116,75.23,0
2025-11-27,P104,166,75.24,0
2025-11-28,P104,146,75.26,0
2025-11-29,P104,67,75.27,0
2025-11-30,P104,29,75.28,0
2025-12-01,P104,156,75.29,0
2025-12-02,P104,172,75.31,0
2025-12-03,P104,150,75.32,0
2025-12-04,P104,169,75.33,0
2025-12-05,P104,120,75.34,0
2025-12-06,P104,73,75.36,0
2025-12-07,P104,26,75.37,0
2025-12-08,P104,146,75.38,0
2025-12-09,P104,198,75.4,0
2025-12-10,P104,206,75.41,0
2025-12-11,P104,169,75.42,0
2025-12-12,P104,147,75.44,0
2025-12-13,P104,86,75.45,0
2025-12-14,P104,37,75.47,0
2025-12-15,P104,142,75.48,0
2025-12-16,P104,168,75.5,0
2025-12-17,P104,206,75.51,0
2025-12-18,P104,154,75.52,0
2025-12-19,P104,154,75.54,0
2025-12-20,P104,93,75.55,0
2025-12-21,P104,39,75.57,0
2025-12-22,P104,169,75.58,0
2025-12-23,P104,191,75.6,0
2025-12-24,P104,200,75.61,0
2025-12-25,P104,224,75.63,0
2025-12-26,P104,174,75.64,0
2025-12-27,P104,97,75.66,0
2025-12-28,P104,46,75.67,0
2025-12-29,P104,180,75.69,0
2025-12-30,P104,171,75.7,0
2025-12-31,P104,203,75.72,0
2023-01-01,P105,7,206.21,0
2023-01-02,P105,35,206.26,0
2023-01-03,P105,43,206.3,0
2023-01-04,P105,40,206.35,0
2023-01-05,P105,41,206.39,0
2023-01-06,P105,36,206.44,0
2023-01-07,P105,20,206.49,0
2023-01-08,P105,6,206.53,0
2023-01-09,P105,36,206.58,0
2023-01-10,P105,38,206.62,0
2023-01-11,P105,43,206.67,0
2023-01-12,P105,35,206.71,0
2023-01-13,P105,36,206.76,0
2023-01-14,P105,20,206.8,0
2023-01-15,P105,9,206.85,0
2023-01-16,P105,37,206.89,0
2023-01-17,P105,42,206.94,0
2023-01-18,P105,31,206.98,0
2023-01-19,P105,31,207.03,0
2023-01-20,P105,26,207.07,0
2023-01-21,P105,21,207.12,0
2023-01-22,P105,8,207.16,0
2023-01-23,P105,41,207.21,0
2023-01-24,P105,79,207.25,1
2023-01-25,P105,36,207.3,0
2023-01-26,P105,37,207.34,0
2023-01-27,P105,41,207.39,0
2023-01-28,P105,23,207.43,0
2023-01-29,P105,8,207.47,0
2023-01-30,P105,39,207.52,0
2023-01-31,P105,45,207.56,0
2023-02-01,P105,37,207.6,0
2023-02-02,P105,36,207.65,0
2023-02-03,P105,35,207.69,0
2023-02-04,P105,17,207.73,0
2023-02-05,P105,8,207.77,0
2023-02-06,P105,33,207.82,0
2023-02-07,P105,43,207.86,0
2023-02-08,P105,41,207.9,0
2023-02-09,P105,43,207.94,0
2023-02-10,P105,29,207.98,0
2023-02-11,P105,24,208.02,0
2023-02-12,P105,6,208.07,0
2023-02-13,P105,33,208.11,0
2023-02-14,P105,36,208.15,0
2023-02-15,P105,44,208.19,0
2023-02-16,P105,38,208.23,0
2023-02-17,P105,34,208.27,0
2023-02-18,P105,18,208.31,0
2023-02-19,P105,7,208.35,0
2023-02-20,P105,42,208.39,0
2023-02-21,P105,42,208.42,0
2023-02-22,P105,44,208.46,0
2023-02-23,P105,39,208.5,0
2023-02-24,P105,25,208.54,0
2023-02-25,P105,17,208.58,0
2023-02-26,P105,8,208.61,0
2023-02-27,P105,36,208.65,0
2023-02-28,P105,36,208.69,0
2023-03-01,P105,54,208.72,1
2023-03-02,P105,41,208.76,0
2023-03-03,P105,37,208.8,0
2023-03-04,P105,20,208.83,0
2023-03-05,P105,7,208.87,0
2023-03-06,P105,38,208.9,0
2023-03-07,P105,33,208.94,0
2023-03-08,P105,37,208.97,0
2023-03-09,P105,26,209.0,0
2023-03-10,P105,29,209.04,0
2023-03-11,P105,18,209.07,0
2023-03-12,P105,19,209.1,1
2023-03-13,P105,29,209.14,0
2023-03-14,P105,33,209.17,0
2023-03-15,P105,38,209.2,0
2023-03-16,P105,43,209.23,0
2023-03-17,P105,35,209.26,0
2023-03-18,P105,20,209.29,0
2023-03-19,P105,7,209.32,0
2023-03-20,P105,34,209.35,0
2023-03-21,P105,38,209.38,0
2023-03-22,P105,34,209.41,0
2023-03-23,P105,39,209.44,0
2023-03-24,P105,28,209.47,0
2023-03-25,P105,20,209.5,0
2023-03-26,P105,7,209.52,0
2023-03-27,P105,35,209.55,0
2023-03-28,P105,30,209.58,0
2023-03-29,P105,32,209.6,0
2023-03-30,P105,40,209.63,0
2023-03-31,P105,33,209.66,0
2023-04-01,P105,19,209.68,0
2023-04-02,P105,7,209.71,0
2023-04-03,P105,35,209.73,0
2023-04-04,P105,31,209.75,0
2023-04-05,P105,36,209.78,0
2023-04-06,P105,36,209.8,0
2023-04-07,P105,34,209.82,0
2023-04-08,P105,16,209.84,0
2023-04-09,P105,7,209.86,0
2023-04-10,P105,37,209.89,0
2023-04-11,P105,35,209.91,0
2023-04-12,P105,34,209.93,0
2023-04-13,P105,42,209.95,0
2023-04-14,P105,29,209.97,0
2023-04-15,P105,20,209.98,0
2023-04-16,P105,6,210.0,0
2023-04-17,P105,37,210.02,0
2023-04-18,P105,38,210.04,0
2023-04-19,P105,33,210.05,0
2023-04-20,P105,29,210.07,0
2023-04-21,P105,25,210.09,0
2023-04-22,P105,16,210.1,0
2023-04-23,P105,7,210.12,0
2023-04-24,P105,30,210.13,0
2023-04-25,P105,35,210.15,0
2023-04-26,P105,46,210.16,1
2023-04-27,P105,33,210.17,0
2023-04-28,P105,28,210.18,0
2023-04-29,P105,17,210.2,0
2023-04-30,P105,7,210.21,0
2023-05-01,P105,29,210.22,0
2023-05-02,P105,32,210.23,0
2023-05-03,P105,30,210.24,0
2023-05-04,P105,28,210.25,0
2023-05-05,P105,35,210.26,0
2023-05-06,P105,16,210.27,0
2023-05-07,P105,5,210.27,0
2023-05-08,P105,31,210.28,0
2023-05-09,P105,37,210.29,0
2023-05-10,P105,31,210.3,0
2023-05-11,P105,38,210.3,0
2023-05-12,P105,28,210.31,0
2023-05-13,P105,18,210.31,0
2023-05-14,P105,7,210.32,0
2023-05-15,P105,34,210.32,0
2023-05-16,P105,28,210.32,0
2023-05-17,P105,29,210.33,0
2023-05-18,P105,36,210.33,0
2023-05-19,P105,28,210.33,0
2023-05-20,P105,18,210.33,0
2023-05-21,P105,6,210.33,0
2023-05-22,P105,32,210.33,0
2023-05-23,P105,28,210.33,0
2023-05-24,P105,30,210.33,0
2023-05-25,P105,28,210.33,0
2023-05-26,P105,30,210.33,0
2023-05-27,P105,16,210.33,0
2023-05-28,P105,7,210.33,0
2023-05-29,P105,30,210.32,0
2023-05-30,P105,29,210.32,0
2023-05-31,P105,32,210.32,0
2023-06-01,P105,27,210.31,0
2023-06-02,P105,33,210.31,0
2023-06-03,P105,28,210.3,1
2023-06-04,P105,6,210.29,0
2023-06-05,P105,32,210.29,0
2023-06-06,P105,32,210.28,0
2023-06-07,P105,26,210.27,0
2023-06-08,P105,27,210.26,0
2023-06-09,P105,32,210.26,0
2023-06-10,P105,16,210.25,0
2023-06-11,P105,5,210.24,0
2023-06-12,P105,32,210.23,0
2023-06-13,P105,30,210.22,0
2023-06-14,P105,28,210.2,0
2023-06-15,P105,26,210.19,0
2023-06-16,P105,32,210.18,0
2023-06-17,P105,12,210.17,0
2023-06-18,P105,6,210.16,0
2023-06-19,P105,30,210.14,0
2023-06-20,P105,37,210.13,0
2023-06-21,P105,32,210.11,0
2023-06-22,P105,27,210.1,0
2023-06-23,P105,33,210.08,0
2023-06-24,P105,13,210.07,0
2023-06-25,P105,6,210.05,0
2023-06-26,P105,31,210.03,0
2023-06-27,P105,28,210.02,0
2023-06-28,P105,32,210.0,0
2023-06-29,P105,28,209.98,0
2023-06-30,P105,30,209.96,0
2023-07-01,P105,12,209.94,0
2023-07-02,P105,6,209.92,0
2023-07-03,P105,28,209.9,0
2023-07-04,P105,34,209.88,0
2023-07-05,P105,30,209.86,0
2023-07-06,P105,33,209.84,0
2023-07-07,P105,29,209.82,0
2023-07-08,P105,15,209.79,0
2023-07-09,P105,7,209.77,0
2023-07-10,P105,32,209.75,0
2023-07-11,P105,32,209.72,0
2023-07-12,P105,22,209.7,0
2023-07-13,P105,26,209.67,0
2023-07-14,P105,32,209.65,0
2023-07-15,P105,13,209.62,0
2023-07-16,P105,7,209.6,0
2023-07-17,P105,31,209.57,0
2023-07-18,P105,28,209.54,0
2023-07-19,P105,23,209.52,0
2023-07-20,P105,27,209.49,0
2023-07-21,P105,34,209.46,0
2023-07-22,P105,14,209.43,0
2023-07-23,P105,5,209.4,0
2023-07-24,P105,26,209.38,0
2023-07-25,P105,34,209.35,0
2023-07-26,P105,29,209.32,0
2023-07-27,P105,44,209.29,1
2023-07-28,P105,32,209.26,0
2023-07-29,P105,16,209.22,0
2023-07-30,P105,5,209.19,0
2023-07-31,P105,25,209.16,0
2023-08-01,P105,34,209.13,0
2023-08-02,P105,65,209.1,1
2023-08-03,P105,24,209.06,0
2023-08-04,P105,22,209.03,0
2023-08-05,P105,13,209.0,0
2023-08-06,P105,5,208.96,0
2023-08-07,P105,22,208.93,0
2023-08-08,P105,26,208.89,0
2023-08-09,P105,27,208.86,0
2023-08-10,P105,27,208.82,0
2023-08-11,P105,32,208.79,0
2023-08-12,P105,15,208.75,0
2023-08-13,P105,6,208.72,0
2023-08-14,P105,31,208.68,0
2023-08-15,P105,29,208.64,0
2023-08-16,P105,31,208.6,0
2023-08-17,P105,30,208.57,0
2023-08-18,P105,28,208.53,0
2023-08-19,P105,20,208.49,0
2023-08-20,P105,7,208.45,0
2023-08-21,P105,26,208.41,0
2023-08-22,P105,32,208.38,0
2023-08-23,P105,27,208.34,0
2023-08-24,P105,30,208.3,0
2023-08-25,P105,24,208.26,0
2023-08-26,P105,13,208.22,0
2023-08-27,P105,6,208.18,0
2023-08-28,P105,33,208.14,0
2023-08-29,P105,32,208.1,0
2023-08-30,P105,33,208.06,0
2023-08-31,P105,31,208.01,0
2023-09-01,P105,28,207.97,0
2023-09-02,P105,15,207.93,0
2023-09-03,P105,7,207.89,0
2023-09-04,P105,33,207.85,0
2023-09-05,P105,31,207.81,0
2023-09-06,P105,30,207.76,0
2023-09-07,P105,35,207.72,0
2023-09-08,P105,28,207.68,0
2023-09-09,P105,16,207.63,0
2023-09-10,P105,7,207.59,0
2023-09-11,P105,30,207.55,0
2023-09-12,P105,29,207.51,0
2023-09-13,P105,32,207.46,0
2023-09-14,P105,30,207.42,0
2023-09-15,P105,34,207.37,0
2023-09-16,P105,17,207.33,0
2023-09-17,P105,6,207.29,0
2023-09-18,P105,33,207.24,0
2023-09-19,P105,33,207.2,0
2023-09-20,P105,36,207.15,0
2023-09-21,P105,29,207.11,0
2023-09-22,P105,30,207.06,0
2023-09-23,P105,16,207.02,0
2023-09-24,P105,6,206.97,0
2023-09-25,P105,28,206.93,0
2023-09-26,P105,34,206.88,0
2023-09-27,P105,33,206.84,0
2023-09-28,P105,35,206.79,0
2023-09-29,P105,30,206.75,0
2023-09-30,P105,16,206.7,0
2023-10-01,P105,7,206.66,0
2023-10-02,P105,29,206.61,0
2023-10-03,P105,37,206.56,0
2023-10-04,P105,36,206.52,0
2023-10-05,P105,36,206.47,0
2023-10-06,P105,31,206.43,0
2023-10-07,P105,16,206.38,0
2023-10-08,P105,7,206.34,0
2023-10-09,P105,33,206.29,0
2023-10-10,P105,31,206.24,0
2023-10-11,P105,38,206.2,0
2023-10-12,P105,34,206.15,0
2023-10-13,P105,28,206.11,0
2023-10-14,P105,20,206.06,0
2023-10-15,P105,7,206.02,0
2023-10-16,P105,29,205.97,0
2023-10-17,P105,31,205.92,0
2023-10-18,P105,39,205.88,0
2023-10-19,P105,39,205.83,0
2023-10-20,P105,35,205.79,0
2023-10-21,P105,20,205.74,0
2023-10-22,P105,8,205.7,0
2023-10-23,P105,35,205.65,0
2023-10-24,P105,36,205.61,0
2023-10-25,P105,36,205.56,0
2023-10-26,P105,36,205.51,0
2023-10-27,P105,29,205.47,0
2023-10-28,P105,19,205.42,0
2023-10-29,P105,8,205.38,0
2023-10-30,P105,33,205.33,0
2023-10-31,P105,34,205.29,0
2023-11-01,P105,36,205.25,0
2023-11-02,P105,31,205.2,0
2023-11-03,P105,28,205.16,0
2023-11-04,P105,20,205.11,0
2023-11-05,P105,7,205.07,0
2023-11-06,P105,34,205.02,0
2023-11-07,P105,33,204.98,0
2023-11-08,P105,40,204.94,0
2023-11-09,P105,38,204.89,0
2023-11-10,P105,32,204.85,0
2023-11-11,P105,16,204.81,0
2023-11-12,P105,7,204.76,0
2023-11-13,P105,37,204.72,0
2023-11-14,P105,37,204.68,0
2023-11-15,P105,36,204.64,0
2023-11-16,P105,36,204.59,0
2023-11-17,P105,36,204.55,0
2023-11-18,P105,18,204.51,0
2023-11-19,P105,8,204.47,0
2023-11-20,P105,32,204.43,0
2023-11-21,P105,47,204.39,0
2023-11-22,P105,35,204.34,0
2023-11-23,P105,36,204.3,0
2023-11-24,P105,36,204.26,0
2023-11-25,P105,18,204.22,0
2023-11-26,P105,13,204.18,1
2023-11-27,P105,36,204.14,0
2023-11-28,P105,34,204.1,0
2023-11-29,P105,39,204.06,0
2023-11-30,P105,29,204.03,0
2023-12-01,P105,41,203.99,0
2023-12-02,P105,21,203.95,0
2023-12-03,P105,8,203.91,0
2023-12-04,P105,30,203.87,0
2023-12-05,P105,35,203.83,0
2023-12-06,P105,43,203.8,0
2023-12-07,P105,53,203.76,0
2023-12-08,P105,39,203.72,0
2023-12-09,P105,21,203.69,0
2023-12-10,P105,8,203.65,0
2023-12-11,P105,34,203.62,0
2023-12-12,P105,43,203.58,0
2023-12-13,P105,33,203.54,0
2023-12-14,P105,32,203.51,0
2023-12-15,P105,30,203.48,0
2023-12-16,P105,22,203.44,0
2023-12-17,P105,8,203.41,0
2023-12-18,P105,38,203.37,0
2023-12-19,P105,39,203.34,0
2023-12-20,P105,34,203.31,0
2023-12-21,P105,35,203.28,0
2023-12-22,P105,33,203.24,0
2023-12-23,P105,17,203.21,0
2023-12-24,P105,7,203.18,0
2023-12-25,P105,33,203.15,0
2023-12-26,P105,42,203.12,0
2023-12-27,P105,42,203.09,0
2023-12-28,P105,32,203.06,0
2023-12-29,P105,35,203.03,0
2023-12-30,P105,24,203.0,0
2023-12-31,P105,7,202.97,0
2024-01-01,P105,40,202.94,0
2024-01-02,P105,40,202.92,0
2024-01-03,P105,44,202.89,0
2024-01-04,P105,39,202.86,0
2024-01-05,P105,35,202.84,0
2024-01-06,P105,20,202.81,0
2024-01-07,P105,8,202.78,0
2024-01-08,P105,38,202.76,0
2024-01-09,P105,34,202.73,0
2024-01-10,P105,45,202.71,0
2024-01-11,P105,43,202.69,0
2024-01-12,P105,32,202.66,0
2024-01-13,P105,19,202.64,0
2024-01-14,P105,8,202.62,0
2024-01-15,P105,34,202.59,0
2024-01-16,P105,32,202.57,0
2024-01-17,P105,37,202.55,0
2024-01-18,P105,37,202.53,0
2024-01-19,P105,31,202.51,0
2024-01-20,P105,21,202.49,0
2024-01-21,P105,9,202.47,0
2024-01-22,P105,43,202.45,0
2024-01-23,P105,40,202.43,0
2024-01-24,P105,32,202.41,0
2024-01-25,P105,42,202.4,0
2024-01-26,P105,37,202.38,0
2024-01-27,P105,21,202.36,0
2024-01-28,P105,10,202.35,0
2024-01-29,P105,36,202.33,0
2024-01-30,P105,28,202.31,0
2024-01-31,P105,35,202.3,0
2024-02-01,P105,41,202.29,0
2024-02-02,P105,37,202.27,0
2024-02-03,P105,18,202.26,0
2024-02-04,P105,7,202.25,0
2024-02-05,P105,38,202.23,0
2024-02-06,P105,35,202.22,0
2024-02-07,P105,42,202.21,0
2024-02-08,P105,37,202.2,0
2024-02-09,P105,34,202.19,0
2024-02-10,P105,19,202.18,0
2024-02-11,P105,8,202.17,0
2024-02-12,P105,39,202.16,0
2024-02-13,P105,41,202.15,0
2024-02-14,P105,41,202.14,0
2024-02-15,P105,38,202.14,0
2024-02-16,P105,33,202.13,0
2024-02-17,P105,19,202.12,0
2024-02-18,P105,8,202.12,0
2024-02-19,P105,48,202.11,0
2024-02-20,P105,34,202.11,0
2024-02-21,P105,38,202.1,0
2024-02-22,P105,39,202.1,0
2024-02-23,P105,35,202.1,0
2024-02-24,P105,22,202.09,0
2024-02-25,P105,8,202.09,0
2024-02-26,P105,38,202.09,0
2024-02-27,P105,44,202.09,0
2024-02-28,P105,47,202.09,0
2024-02-29,P105,44,202.09,0
2024-03-01,P105,36,202.09,0
2024-03-02,P105,20,202.09,0
2024-03-03,P105,8,202.09,0
2024-03-04,P105,39,202.09,0
2024-03-05,P105,36,202.09,0
2024-03-06,P105,43,202.09,0
2024-03-07,P105,39,202.1,0
2024-03-08,P105,64,202.1,1
2024-03-09,P105,17,202.11,0
2024-03-10,P105,8,202.11,0
2024-03-11,P105,30,202.12,0
2024-03-12,P105,37,202.12,0
2024-03-13,P105,36,202.13,0
2024-03-14,P105,39,202.14,0
2024-03-15,P105,43,202.14,0
2024-03-16,P105,21,202.15,0
2024-03-17,P105,9,202.16,0
2024-03-18,P105,40,202.17,0
2024-03-19,P105,44,202.18,0
2024-03-20,P105,46,202.19,0
2024-03-21,P105,34,202.2,0
2024-03-22,P105,32,202.21,0
2024-03-23,P105,32,202.22,1
2024-03-24,P105,8,202.23,0
2024-03-25,P105,38,202.24,0
2024-03-26,P105,38,202.26,0
2024-03-27,P105,64,202.27,1
2024-03-28,P105,43,202.28,0
2024-03-29,P105,31,202.3,0
2024-03-30,P105,21,202.31,0
2024-03-31,P105,8,202.33,0
2024-04-01,P105,30,202.34,0
2024-04-02,P105,35,202.36,0
2024-04-03,P105,35,202.37,0
2024-04-04,P105,67,202.39,1
2024-04-05,P105,33,202.41,0
2024-04-06,P105,19,202.43,0
2024-04-07,P105,6,202.45,0
2024-04-08,P105,46,202.47,0
2024-04-09,P105,38,202.48,0
2024-04-10,P105,39,202.5,0
2024-04-11,P105,34,202.52,0
2024-04-12,P105,32,202.55,0
2024-04-13,P105,23,202.57,0
2024-04-14,P105,6,202.59,0
2024-04-15,P105,37,202.61,0
2024-04-16,P105,32,202.63,0
2024-04-17,P105,35,202.66,0
2024-04-18,P105,33,202.68,0
2024-04-19,P105,30,202.7,0
2024-04-20,P105,18,202.73,0
2024-04-21,P105,5,202.75,0
2024-04-22,P105,34,202.78,0
2024-04-23,P105,36,202.8,0
2024-04-24,P105,46,202.83,1
2024-04-25,P105,41,202.86,0
2024-04-26,P105,31,202.88,0
2024-04-27,P105,18,202.91,0
2024-04-28,P105,7,202.94,0
2024-04-29,P105,34,202.97,0
2024-04-30,P105,41,202.99,0
2024-05-01,P105,45,203.02,0
2024-05-02,P105,37,203.05,0
2024-05-03,P105,36,203.08,0
2024-05-04,P105,21,203.11,0
2024-05-05,P105,7,203.14,0
2024-05-06,P105,40,203.17,0
2024-05-07,P105,39,203.2,0
2024-05-08,P105,35,203.24,0
2024-05-09,P105,35,203.27,0
2024-05-10,P105,26,203.3,0
2024-05-11,P105,18,203.33,0
2024-05-12,P105,6,203.37,0
2024-05-13,P105,28,203.4,0
2024-05-14,P105,36,203.43,0
2024-05-15,P105,30,203.47,0
2024-05-16,P105,33,203.5,0
2024-05-17,P105,32,203.54,0
2024-05-18,P105,18,203.57,0
2024-05-19,P105,6,203.61,0
2024-05-20,P105,36,203.64,0
2024-05-21,P105,34,203.68,0
2024-05-22,P105,35,203.71,0
2024-05-23,P105,28,203.75,0
2024-05-24,P105,30,203.79,0
2024-05-25,P105,19,203.83,0
2024-05-26,P105,8,203.86,0
2024-05-27,P105,30,203.9,0
2024-05-28,P105,32,203.94,0
2024-05-29,P105,29,203.98,0
2024-05-30,P105,30,204.02,0
2024-05-31,P105,26,204.06,0
2024-06-01,P105,16,204.09,0
2024-06-02,P105,7,204.13,0
2024-06-03,P105,29,204.17,0
2024-06-04,P105,33,204.21,0
2024-06-05,P105,32,204.25,0
2024-06-06,P105,35,204.29,0
2024-06-07,P105,28,204.33,0
2024-06-08,P105,28,204.38,1
2024-06-09,P105,6,204.42,0
2024-06-10,P105,28,204.46,0
2024-06-11,P105,35,204.5,0
2024-06-12,P105,32,204.54,0
2024-06-13,P105,31,204.58,0
2024-06-14,P105,34,204.63,0
2024-06-15,P105,19,204.67,0
2024-06-16,P105,5,204.71,0
2024-06-17,P105,34,204.75,0
2024-06-18,P105,33,204.8,0
2024-06-19,P105,30,204.84,0
2024-06-20,P105,32,204.88,0
2024-06-21,P105,24,204.93,0
2024-06-22,P105,19,204.97,0
2024-06-23,P105,7,205.01,0
2024-06-24,P105,28,205.06,0
2024-06-25,P105,30,205.1,0
2024-06-26,P105,26,205.15,0
2024-06-27,P105,29,205.19,0
2024-06-28,P105,27,205.24,0
2024-06-29,P105,14,205.28,0
2024-06-30,P105,7,205.32,0
2024-07-01,P105,35,205.37,0
2024-07-02,P105,32,205.41,0
2024-07-03,P105,30,205.46,0
2024-07-04,P105,32,205.5,0
2024-07-05,P105,29,205.55,0
2024-07-06,P105,14,205.59,0
2024-07-07,P105,6,205.64,0
2024-07-08,P105,29,205.69,0
2024-07-09,P105,32,205.73,0
2024-07-10,P105,31,205.78,0
2024-07-11,P105,31,205.82,0
2024-07-12,P105,24,205.87,0
2024-07-13,P105,17,205.91,0
2024-07-14,P105,6,205.96,0
2024-07-15,P105,39,206.0,0
2024-07-16,P105,30,206.05,0
2024-07-17,P105,32,206.1,0
2024-07-18,P105,39,206.14,0
2024-07-19,P105,29,206.19,0
2024-07-20,P105,26,206.23,1
2024-07-21,P105,6,206.28,0
2024-07-22,P105,35,206.33,0
2024-07-23,P105,27,206.37,0
2024-07-24,P105,32,206.42,0
2024-07-25,P105,28,206.46,0
2024-07-26,P105,28,206.51,0
2024-07-27,P105,13,206.55,0
2024-07-28,P105,7,206.6,0
2024-07-29,P105,29,206.65,0
2024-07-30,P105,27,206.69,0
2024-07-31,P105,35,206.74,0
2024-08-01,P105,28,206.78,0
2024-08-02,P105,29,206.83,0
2024-08-03,P105,17,206.87,0
2024-08-04,P105,7,206.92,0
2024-08-05,P105,23,206.96,0
2024-08-06,P105,34,207.01,0
2024-08-07,P105,30,207.05,0
2024-08-08,P105,29,207.1,0
2024-08-09,P105,28,207.14,0
2024-08-10,P105,13,207.19,0
2024-08-11,P105,6,207.23,0
2024-08-12,P105,26,207.28,0
2024-08-13,P105,30,207.32,0
2024-08-14,P105,31,207.36,0
2024-08-15,P105,34,207.41,0
2024-08-16,P105,26,207.45,0
2024-08-17,P105,18,207.5,0
2024-08-18,P105,7,207.54,0
2024-08-19,P105,29,207.58,0
2024-08-20,P105,28,207.63,0
2024-08-21,P105,26,207.67,0
2024-08-22,P105,31,207.71,0
2024-08-23,P105,26,207.75,0
2024-08-24,P105,18,207.8,0
2024-08-25,P105,6,207.84,0
2024-08-26,P105,28,207.88,0
2024-08-27,P105,33,207.92,0
2024-08-28,P105,29,207.96,0
2024-08-29,P105,30,208.0,0
2024-08-30,P105,32,208.05,0
2024-08-31,P105,16,208.09,0
2024-09-01,P105,6,208.13,0
2024-09-02,P105,32,208.17,0
2024-09-03,P105,26,208.21,0
2024-09-04,P105,33,208.25,0
2024-09-05,P105,31,208.29,0
2024-09-06,P105,32,208.33,0
2024-09-07,P105,36,208.37,1
2024-09-08,P105,6,208.41,0
2024-09-09,P105,35,208.44,0
2024-09-10,P105,31,208.48,0
2024-09-11,P105,33,208.52,0
2024-09-12,P105,30,208.56,0
2024-09-13,P105,31,208.6,0
2024-09-14,P105,16,208.63,0
2024-09-15,P105,16,208.67,1
2024-09-16,P105,39,208.71,0
2024-09-17,P105,36,208.74,0
2024-09-18,P105,38,208.78,0
2024-09-19,P105,26,208.81,0
2024-09-20,P105,25,208.85,0
2024-09-21,P105,16,208.89,0
2024-09-22,P105,7,208.92,0
2024-09-23,P105,31,208.95,0
2024-09-24,P105,27,208.99,0
2024-09-25,P105,37,209.02,0
2024-09-26,P105,40,209.06,0
2024-09-27,P105,35,209.09,0
2024-09-28,P105,19,209.12,0
2024-09-29,P105,7,209.15,0
2024-09-30,P105,30,209.19,0
2024-10-01,P105,34,209.22,0
2024-10-02,P105,41,209.25,0
2024-10-03,P105,31,209.28,0
2024-10-04,P105,30,209.31,0
2024-10-05,P105,32,209.34,1
2024-10-06,P105,13,209.37,1
2024-10-07,P105,30,209.4,0
2024-10-08,P105,34,209.43,0
2024-10-09,P105,69,209.46,1
2024-10-10,P105,33,209.48,0
2024-10-11,P105,36,209.51,0
2024-10-12,P105,16,209.54,0
2024-10-13,P105,17,209.57,1
2024-10-14,P105,34,209.59,0
2024-10-15,P105,44,209.62,0
2024-10-16,P105,36,209.64,0
2024-10-17,P105,33,209.67,0
2024-10-18,P105,34,209.69,0
2024-10-19,P105,17,209.72,0
2024-10-20,P105,6,209.74,0
2024-10-21,P105,34,209.77,0
2024-10-22,P105,35,209.79,0
2024-10-23,P105,29,209.81,0
2024-10-24,P105,34,209.83,0
2024-10-25,P105,25,209.85,0
2024-10-26,P105,35,209.88,1
2024-10-27,P105,7,209.9,0
2024-10-28,P105,35,209.92,0
2024-10-29,P105,35,209.94,0
2024-10-30,P105,36,209.96,0
2024-10-31,P105,32,209.97,0
2024-11-01,P105,33,209.99,0
2024-11-02,P105,19,210.01,0
2024-11-03,P105,7,210.03,0
2024-11-04,P105,37,210.05,0
2024-11-05,P105,38,210.06,0
2024-11-06,P105,36,210.08,0
2024-11-07,P105,45,210.09,0
2024-11-08,P105,33,210.11,0
2024-11-09,P105,18,210.12,0
2024-11-10,P105,12,210.14,1
2024-11-11,P105,32,210.15,0
2024-11-12,P105,41,210.17,0
2024-11-13,P105,34,210.18,0
2024-11-14,P105,34,210.19,0
2024-11-15,P105,33,210.2,0
2024-11-16,P105,17,210.21,0
2024-11-17,P105,6,210.22,0
2024-11-18,P105,35,210.23,0
2024-11-19,P105,42,210.24,0
2024-11-20,P105,39,210.25,0
2024-11-21,P105,43,210.26,0
2024-11-22,P105,38,210.27,0
2024-11-23,P105,20,210.28,0
2024-11-24,P105,9,210.29,0
2024-11-25,P105,37,210.29,0
2024-11-26,P105,39,210.3,0
2024-11-27,P105,38,210.3,0
2024-11-28,P105,44,210.31,0
2024-11-29,P105,36,210.31,0
2024-11-30,P105,18,210.32,0
2024-12-01,P105,8,210.32,0
2024-12-02,P105,35,210.33,0
2024-12-03,P105,79,210.33,1
2024-12-04,P105,41,210.33,0
2024-12-05,P105,37,210.33,0
2024-12-06,P105,38,210.33,0
2024-12-07,P105,17,210.33,0
2024-12-08,P105,8,210.33,0
2024-12-09,P105,37,210.33,0
2024-12-10,P105,53,210.33,0
2024-12-11,P105,40,210.33,0
2024-12-12,P105,36,210.33,0
2024-12-13,P105,31,210.33,0
2024-12-14,P105,23,210.32,0
2024-12-15,P105,8,210.32,0
2024-12-16,P105,36,210.32,0
2024-12-17,P105,42,210.31,0
2024-12-18,P105,43,210.31,0
2024-12-19,P105,42,210.3,0
2024-12-20,P105,37,210.3,0
2024-12-21,P105,21,210.29,0
2024-12-22,P105,8,210.28,0
2024-12-23,P105,41,210.28,0
2024-12-24,P105,43,210.27,0
2024-12-25,P105,45,210.26,0
2024-12-26,P105,39,210.25,0
2024-12-27,P105,34,210.24,0
2024-12-28,P105,20,210.23,0
2024-12-29,P105,9,210.22,0
2024-12-30,P105,32,210.21,0
2024-12-31,P105,33,210.2,0
2025-01-01,P105,45,210.19,0
2025-01-02,P105,74,210.17,1
2025-01-03,P105,32,210.16,0
2025-01-04,P105,21,210.15,0
2025-01-05,P105,8,210.13,0
2025-01-06,P105,59,210.12,1
2025-01-07,P105,43,210.11,0
2025-01-08,P105,35,210.09,0
2025-01-09,P105,35,210.07,0
2025-01-10,P105,37,210.06,0
2025-01-11,P105,21,210.04,0
2025-01-12,P105,7,210.02,0
2025-01-13,P105,44,210.01,0
2025-01-14,P105,40,209.99,0
2025-01-15,P105,39,209.97,0
2025-01-16,P105,41,209.95,0
2025-01-17,P105,38,209.93,0
2025-01-18,P105,23,209.91,0
2025-01-19,P105,8,209.89,0
2025-01-20,P105,34,209.87,0
2025-01-21,P105,41,209.85,0
2025-01-22,P105,42,209.83,0
2025-01-23,P105,35,209.8,0
2025-01-24,P105,32,209.78,0
2025-01-25,P105,21,209.76,0
2025-01-26,P105,8,209.73,0
2025-01-27,P105,34,209.71,0
2025-01-28,P105,47,209.69,0
2025-01-29,P105,39,209.66,0
2025-01-30,P105,45,209.64,0
2025-01-31,P105,38,209.61,0
2025-02-01,P105,22,209.58,0
2025-02-02,P105,16,209.56,1
2025-02-03,P105,29,209.53,0
2025-02-04,P105,37,209.5,0
2025-02-05,P105,41,209.48,0
2025-02-06,P105,42,209.45,0
2025-02-07,P105,57,209.42,1
2025-02-08,P105,21,209.39,0
2025-02-09,P105,7,209.36,0
2025-02-10,P105,42,209.33,0
2025-02-11,P105,42,209.3,0
2025-02-12,P105,45,209.27,0
2025-02-13,P105,45,209.24,0
2025-02-14,P105,40,209.21,0
2025-02-15,P105,23,209.18,0
2025-02-16,P105,8,209.14,0
2025-02-17,P105,53,209.11,0
2025-02-18,P105,36,209.08,0
2025-02-19,P105,39,209.05,0
2025-02-20,P105,44,209.01,0
2025-02-21,P105,41,208.98,0
2025-02-22,P105,22,208.94,0
2025-02-23,P105,9,208.91,0
2025-02-24,P105,31,208.88,0
2025-02-25,P105,49,208.84,0
2025-02-26,P105,40,208.8,0
2025-02-27,P105,45,208.77,0
2025-02-28,P105,29,208.73,0
2025-03-01,P105,21,208.7,0
2025-03-02,P105,8,208.66,0
2025-03-03,P105,43,208.62,0
2025-03-04,P105,43,208.59,0
2025-03-05,P105,42,208.55,0
2025-03-06,P105,35,208.51,0
2025-03-07,P105,37,208.47,0
2025-03-08,P105,20,208.43,0
2025-03-09,P105,9,208.39,0
2025-03-10,P105,44,208.36,0
2025-03-11,P105,42,208.32,0
2025-03-12,P105,35,208.28,0
2025-03-13,P105,40,208.24,0
2025-03-14,P105,48,208.2,0
2025-03-15,P105,24,208.16,0
2025-03-16,P105,6,208.12,0
2025-03-17,P105,40,208.08,0
2025-03-18,P105,45,208.03,0
2025-03-19,P105,39,207.99,0
2025-03-20,P105,37,207.95,0
2025-03-21,P105,36,207.91,0
2025-03-22,P105,22,207.87,0
2025-03-23,P105,7,207.83,0
2025-03-24,P105,68,207.78,1
2025-03-25,P105,40,207.74,0
2025-03-26,P105,36,207.7,0
2025-03-27,P105,43,207.66,0
2025-03-28,P105,30,207.61,0
2025-03-29,P105,19,207.57,0
2025-03-30,P105,8,207.53,0
2025-03-31,P105,48,207.48,0
2025-04-01,P105,37,207.44,0
2025-04-02,P105,30,207.4,0
2025-04-03,P105,36,207.35,0
2025-04-04,P105,38,207.31,0
2025-04-05,P105,22,207.26,0
2025-04-06,P105,10,207.22,0
2025-04-07,P105,44,207.17,0
2025-04-08,P105,40,207.13,0
2025-04-09,P105,35,207.08,0
2025-04-10,P105,44,207.04,0
2025-04-11,P105,34,207.0,0
2025-04-12,P105,18,206.95,0
2025-04-13,P105,7,206.9,0
2025-04-14,P105,32,206.86,0
2025-04-15,P105,37,206.81,0
2025-04-16,P105,37,206.77,0
2025-04-17,P105,40,206.72,0
2025-04-18,P105,34,206.68,0
2025-04-19,P105,17,206.63,0
2025-04-20,P105,6,206.59,0
2025-04-21,P105,38,206.54,0
2025-04-22,P105,39,206.5,0
2025-04-23,P105,35,206.45,0
2025-04-24,P105,34,206.4,0
2025-04-25,P105,36,206.36,0
2025-04-26,P105,22,206.31,0
2025-04-27,P105,7,206.27,0
2025-04-28,P105,37,206.22,0
2025-04-29,P105,42,206.18,0
2025-04-30,P105,34,206.13,0
2025-05-01,P105,36,206.08,0
2025-05-02,P105,34,206.04,0
2025-05-03,P105,16,205.99,0
2025-05-04,P105,8,205.95,0
2025-05-05,P105,36,205.9,0
2025-05-06,P105,39,205.85,0
2025-05-07,P105,32,205.81,0
2025-05-08,P105,35,205.76,0
2025-05-09,P105,69,205.72,1
2025-05-10,P105,23,205.67,0
2025-05-11,P105,8,205.63,0
2025-05-12,P105,31,205.58,0
2025-05-13,P105,38,205.54,0
2025-05-14,P105,34,205.49,0
2025-05-15,P105,36,205.45,0
2025-05-16,P105,30,205.4,0
2025-05-17,P105,15,205.36,0
2025-05-18,P105,7,205.31,0
2025-05-19,P105,67,205.27,1
2025-05-20,P105,37,205.22,0
2025-05-21,P105,37,205.18,0
2025-05-22,P105,35,205.13,0
2025-05-23,P105,34,205.09,0
2025-05-24,P105,19,205.05,0
2025-05-25,P105,7,205.0,0
2025-05-26,P105,34,204.96,0
2025-05-27,P105,42,204.91,0
2025-05-28,P105,35,204.87,0
2025-05-29,P105,34,204.83,0
2025-05-30,P105,32,204.78,0
2025-05-31,P105,17,204.74,0
2025-06-01,P105,15,204.7,1
2025-06-02,P105,34,204.66,0
2025-06-03,P105,33,204.61,0
2025-06-04,P105,34,204.57,0
2025-06-05,P105,30,204.53,0
2025-06-06,P105,32,204.49,0
2025-06-07,P105,18,204.45,0
2025-06-08,P105,7,204.41,0
2025-06-09,P105,26,204.36,0
2025-06-10,P105,36,204.32,0
2025-06-11,P105,34,204.28,0
2025-06-12,P105,29,204.24,0
2025-06-13,P105,34,204.2,0
2025-06-14,P105,14,204.16,0
2025-06-15,P105,8,204.12,0
2025-06-16,P105,32,204.08,0
2025-06-17,P105,25,204.04,0
2025-06-18,P105,34,204.01,0
2025-06-19,P105,31,203.97,0
2025-06-20,P105,29,203.93,0
2025-06-21,P105,15,203.89,0
2025-06-22,P105,7,203.85,0
2025-06-23,P105,31,203.82,0
2025-06-24,P105,27,203.78,0
2025-06-25,P105,37,203.74,0
2025-06-26,P105,31,203.7,0
2025-06-27,P105,28,203.67,0
2025-06-28,P105,15,203.63,0
2025-06-29,P105,7,203.6,0
2025-06-30,P105,27,203.56,0
2025-07-01,P105,34,203.53,0
2025-07-02,P105,30,203.49,0
2025-07-03,P105,30,203.46,0
2025-07-04,P105,26,203.42,0
2025-07-05,P105,23,203.39,1
2025-07-06,P105,7,203.36,0
2025-07-07,P105,32,203.32,0
2025-07-08,P105,30,203.29,0
2025-07-09,P105,32,203.26,0
2025-07-10,P105,34,203.23,0
2025-07-11,P105,24,203.2,0
2025-07-12,P105,16,203.16,0
2025-07-13,P105,10,203.13,1
2025-07-14,P105,28,203.1,0
2025-07-15,P105,34,203.07,0
2025-07-16,P105,30,203.04,0
2025-07-17,P105,27,203.02,0
2025-07-18,P105,34,202.99,0
2025-07-19,P105,18,202.96,0
2025-07-20,P105,5,202.93,0
2025-07-21,P105,26,202.9,0
2025-07-22,P105,35,202.88,0
2025-07-23,P105,31,202.85,0
2025-07-24,P105,36,202.82,0
2025-07-25,P105,32,202.8,0
2025-07-26,P105,17,202.77,0
2025-07-27,P105,6,202.75,0
2025-07-28,P105,33,202.72,0
2025-07-29,P105,28,202.7,0
2025-07-30,P105,36,202.67,0
2025-07-31,P105,32,202.65,0
2025-08-01,P105,27,202.63,0
2025-08-02,P105,18,202.6,0
2025-08-03,P105,8,202.58,0
2025-08-04,P105,31,202.56,0
2025-08-05,P105,34,202.54,0
2025-08-06,P105,30,202.52,0
2025-08-07,P105,31,202.5,0
2025-08-08,P105,25,202.48,0
2025-08-09,P105,16,202.46,0
2025-08-10,P105,7,202.44,0
2025-08-11,P105,38,202.42,0
2025-08-12,P105,26,202.4,0
2025-08-13,P105,31,202.39,0
2025-08-14,P105,36,202.37,0
2025-08-15,P105,29,202.35,0
2025-08-16,P105,16,202.34,0
2025-08-17,P105,6,202.32,0
2025-08-18,P105,28,202.31,0
2025-08-19,P105,51,202.29,1
2025-08-20,P105,30,202.28,0
2025-08-21,P105,28,202.26,0
2025-08-22,P105,30,202.25,0
2025-08-23,P105,15,202.24,0
2025-08-24,P105,6,202.23,0
2025-08-25,P105,30,202.22,0
2025-08-26,P105,33,202.2,0
2025-08-27,P105,31,202.19,0
2025-08-28,P105,28,202.18,0
2025-08-29,P105,30,202.17,0
2025-08-30,P105,19,202.16,0
2025-08-31,P105,7,202.16,0
2025-09-01,P105,30,202.15,0
2025-09-02,P105,33,202.14,0
2025-09-03,P105,25,202.13,0
2025-09-04,P105,31,202.13,0
2025-09-05,P105,29,202.12,0
2025-09-06,P105,15,202.11,0
2025-09-07,P105,6,202.11,0
2025-09-08,P105,31,202.1,0
2025-09-09,P105,37,202.1,0
2025-09-10,P105,37,202.1,0
2025-09-11,P105,47,202.09,1
2025-09-12,P105,29,202.09,0
2025-09-13,P105,16,202.09,0
2025-09-14,P105,7,202.09,0
2025-09-15,P105,33,202.09,0
2025-09-16,P105,35,202.09,0
2025-09-17,P105,36,202.09,0
2025-09-18,P105,31,202.09,0
2025-09-19,P105,36,202.09,0
2025-09-20,P105,17,202.09,0
2025-09-21,P105,6,202.09,0
2025-09-22,P105,32,202.09,0
2025-09-23,P105,39,202.1,0
2025-09-24,P105,33,202.1,0
2025-09-25,P105,37,202.1,0
2025-09-26,P105,30,202.11,0
2025-09-27,P105,16,202.11,0
2025-09-28,P105,8,202.12,0
2025-09-29,P105,31,202.13,0
2025-09-30,P105,38,202.13,0
2025-10-01,P105,57,202.14,1
2025-10-02,P105,31,202.15,0
2025-10-03,P105,32,202.15,0
2025-10-04,P105,17,202.16,0
2025-10-05,P105,12,202.17,1
2025-10-06,P105,42,202.18,0
2025-10-07,P105,34,202.19,0
2025-10-08,P105,37,202.2,0
2025-10-09,P105,34,202.21,0
2025-10-10,P105,33,202.22,0
2025-10-11,P105,18,202.24,0
2025-10-12,P105,7,202.25,0
2025-10-13,P105,36,202.26,0
2025-10-14,P105,35,202.28,0
2025-10-15,P105,32,202.29,0
2025-10-16,P105,39,202.3,0
2025-10-17,P105,34,202.32,0
2025-10-18,P105,18,202.33,0
2025-10-19,P105,8,202.35,0
2025-10-20,P105,28,202.37,0
2025-10-21,P105,42,202.38,0
2025-10-22,P105,33,202.4,0
2025-10-23,P105,36,202.42,0
2025-10-24,P105,32,202.44,0
2025-10-25,P105,17,202.46,0
2025-10-26,P105,9,202.47,0
2025-10-27,P105,44,202.49,0
2025-10-28,P105,37,202.51,0
2025-10-29,P105,39,202.54,0
2025-10-30,P105,36,202.56,0
2025-10-31,P105,41,202.58,0
2025-11-01,P105,15,202.6,0
2025-11-02,P105,8,202.62,0
2025-11-03,P105,34,202.64,0
2025-11-04,P105,28,202.67,0
2025-11-05,P105,36,202.69,0
2025-11-06,P105,44,202.72,0
2025-11-07,P105,33,202.74,0
2025-11-08,P105,21,202.77,0
2025-11-09,P105,9,202.79,0
2025-11-10,P105,38,202.82,0
2025-11-11,P105,40,202.84,0
2025-11-12,P105,31,202.87,0
2025-11-13,P105,35,202.9,0
2025-11-14,P105,39,202.92,0
2025-11-15,P105,20,202.95,0
2025-11-16,P105,8,202.98,0
2025-11-17,P105,39,203.01,0
2025-11-18,P105,49,203.04,0
2025-11-19,P105,37,203.07,0
2025-11-20,P105,45,203.1,0
2025-11-21,P105,37,203.13,0
2025-11-22,P105,24,203.16,0
2025-11-23,P105,7,203.19,0
2025-11-24,P105,40,203.22,0
2025-11-25,P105,39,203.25,0
2025-11-26,P105,40,203.28,0
2025-11-27,P105,44,203.32,0
2025-11-28,P105,38,203.35,0
2025-11-29,P105,23,203.38,0
2025-11-30,P105,8,203.42,0
2025-12-01,P105,36,203.45,0
2025-12-02,P105,41,203.48,0
2025-12-03,P105,40,203.52,0
2025-12-04,P105,38,203.55,0
2025-12-05,P105,34,203.59,0
2025-12-06,P105,23,203.63,0
2025-12-07,P105,8,203.66,0
2025-12-08,P105,46,203.7,0
2025-12-09,P105,42,203.73,0
2025-12-10,P105,44,203.77,0
2025-12-11,P105,42,203.81,0
2025-12-12,P105,35,203.84,0
2025-12-13,P105,22,203.88,0
2025-12-14,P105,10,203.92,0
2025-12-15,P105,42,203.96,0
2025-12-16,P105,46,204.0,0
2025-12-17,P105,45,204.04,0
2025-12-18,P105,42,204.08,0
2025-12-19,P105,39,204.11,0
2025-12-20,P105,22,204.15,0
2025-12-21,P105,9,204.19,0
2025-12-22,P105,35,204.23,0
2025-12-23,P105,44,204.27,0
2025-12-24,P105,41,204.32,0
2025-12-25,P105,39,204.36,0
2025-12-26,P105,44,204.4,0
2025-12-27,P105,20,204.44,0
2025-12-28,P105,7,204.48,0
2025-12-29,P105,45,204.52,0
2025-12-30,P105,36,204.56,0
2025-12-31,P105,33,204.61,0
2023-01-01,P106,15,26.22,0
2023-01-02,P106,81,26.22,0
2023-01-03,P106,81,26.23,0
2023-01-04,P106,77,26.23,0
2023-01-05,P106,76,26.24,0
2023-01-06,P106,68,26.24,0
2023-01-07,P106,40,26.25,0
2023-01-08,P106,19,26.26,0
2023-01-09,P106,66,26.26,0
2023-01-10,P106,86,26.27,0
2023-01-11,P106,93,26.27,0
2023-01-12,P106,77,26.28,0
2023-01-13,P106,71,26.28,0
2023-01-14,P106,45,26.29,0
2023-01-15,P106,15,26.3,0
2023-01-16,P106,79,26.3,0
2023-01-17,P106,73,26.31,0
2023-01-18,P106,64,26.31,0
2023-01-19,P106,131,26.32,1
2023-01-20,P106,64,26.33,0
2023-01-21,P106,41,26.33,0
2023-01-22,P106,18,26.34,0
2023-01-23,P106,96,26.34,0
2023-01-24,P106,83,26.35,0
2023-01-25,P106,90,26.35,0
2023-01-26,P106,82,26.36,0
2023-01-27,P106,72,26.36,0
2023-01-28,P106,32,26.37,0
2023-01-29,P106,19,26.38,0
2023-01-30,P106,70,26.38,0
2023-01-31,P106,94,26.39,0
2023-02-01,P106,85,26.39,0
2023-02-02,P106,70,26.4,0
2023-02-03,P106,77,26.4,0
2023-02-04,P106,50,26.41,0
2023-02-05,P106,29,26.41,1
2023-02-06,P106,74,26.42,0
2023-02-07,P106,75,26.42,0
2023-02-08,P106,81,26.43,0
2023-02-09,P106,76,26.44,0
2023-02-10,P106,84,26.44,0
2023-02-11,P106,44,26.45,0
2023-02-12,P106,13,26.45,0
2023-02-13,P106,82,26.46,0
2023-02-14,P106,79,26.46,0
2023-02-15,P106,155,26.47,1
2023-02-16,P106,79,26.47,0
2023-02-17,P106,83,26.48,0
2023-02-18,P106,45,26.48,0
2023-02-19,P106,15,26.49,0
2023-02-20,P106,77,26.49,0
2023-02-21,P106,76,26.5,0
2023-02-22,P106,64,26.5,0
2023-02-23,P106,76,26.51,0
2023-02-24,P106,88,26.51,0
2023-02-25,P106,32,26.52,0
2023-02-26,P106,16,26.52,0
2023-02-27,P106,76,26.53,0
2023-02-28,P106,82,26.53,0
2023-03-01,P106,70,26.53,0
2023-03-02,P106,64,26.54,0
2023-03-03,P106,61,26.54,0
2023-03-04,P106,45,26.55,0
2023-03-05,P106,14,26.55,0
2023-03-06,P106,72,26.56,0
2023-03-07,P106,97,26.56,0
2023-03-08,P106,71,26.57,0
2023-03-09,P106,78,26.57,0
2023-03-10,P106,80,26.57,0
2023-03-11,P106,44,26.58,0
2023-03-12,P106,13,26.58,0
2023-03-13,P106,69,26.59,0
2023-03-14,P106,81,26.59,0
2023-03-15,P106,93,26.6,0
2023-03-16,P106,68,26.6,0
2023-03-17,P106,67,26.6,0
2023-03-18,P106,40,26.61,0
2023-03-19,P106,17,26.61,0
2023-03-20,P106,80,26.61,0
2023-03-21,P106,70,26.62,0
2023-03-22,P106,71,26.62,0
2023-03-23,P106,75,26.63,0
2023-03-24,P106,79,26.63,0
2023-03-25,P106,37,26.63,0
2023-03-26,P106,15,26.64,0
2023-03-27,P106,65,26.64,0
2023-03-28,P106,92,26.64,0
2023-03-29,P106,76,26.65,0
2023-03-30,P106,81,26.65,0
2023-03-31,P106,69,26.65,0
2023-04-01,P106,38,26.66,0
2023-04-02,P106,13,26.66,0
2023-04-03,P106,55,26.66,0
2023-04-04,P106,85,26.67,0
2023-04-05,P106,74,26.67,0
2023-04-06,P106,73,26.67,0
2023-04-07,P106,58,26.67,0
2023-04-08,P106,33,26.68,0
2023-04-09,P106,17,26.68,0
2023-04-10,P106,85,26.68,0
2023-04-11,P106,69,26.69,0
2023-04-12,P106,78,26.69,0
2023-04-13,P106,72,26.69,0
2023-04-14,P106,66,26.69,0
2023-04-15,P106,44,26.69,0
2023-04-16,P106,14,26.7,0
2023-04-17,P106,80,26.7,0
2023-04-18,P106,76,26.7,0
2023-04-19,P106,71,26.7,0
2023-04-20,P106,80,26.71,0
2023-04-21,P106,68,26.71,0
2023-04-22,P106,36,26.71,0
2023-04-23,P106,17,26.71,0
2023-04-24,P106,79,26.71,0
2023-04-25,P106,81,26.72,0
2023-04-26,P106,40,26.72,0
2023-04-27,P106,71,26.72,0
2023-04-28,P106,66,26.72,0
2023-04-29,P106,35,26.72,0
2023-04-30,P106,15,26.72,0
2023-05-01,P106,70,26.72,0
2023-05-02,P106,76,26.73,0
2023-05-03,P106,67,26.73,0
2023-05-04,P106,78,26.73,0
2023-05-05,P106,69,26.73,0
2023-05-06,P106,37,26.73,0
2023-05-07,P106,15,26.73,0
2023-05-08,P106,76,26.73,0
2023-05-09,P106,77,26.73,0
2023-05-10,P106,67,26.73,0
2023-05-11,P106,73,26.74,0
2023-05-12,P106,64,26.74,0
2023-05-13,P106,42,26.74,0
2023-05-14,P106,15,26.74,0
2023-05-15,P106,62,26.74,0
2023-05-16,P106,86,26.74,0
2023-05-17,P106,52,26.74,0
2023-05-18,P106,70,26.74,0
2023-05-19,P106,57,26.74,0
2023-05-20,P106,41,26.74,0
2023-05-21,P106,14,26.74,0
2023-05-22,P106,60,26.74,0
2023-05-23,P106,66,26.74,0
2023-05-24,P106,61,26.74,0
2023-05-25,P106,62,26.74,0
2023-05-26,P106,59,26.74,0
2023-05-27,P106,31,26.74,0
2023-05-28,P106,14,26.74,0
2023-05-29,P106,67,26.74,0
2023-05-30,P106,60,26.74,0
2023-05-31,P106,54,26.74,0
2023-06-01,P106,66,26.74,0
2023-06-02,P106,64,26.74,0
2023-06-03,P106,36,26.74,0
2023-06-04,P106,14,26.73,0
2023-06-05,P106,75,26.73,0
2023-06-06,P106,73,26.73,0
2023-06-07,P106,84,26.73,0
2023-06-08,P106,84,26.73,0
2023-06-09,P106,77,26.73,1
2023-06-10,P106,25,26.73,0
2023-06-11,P106,13,26.73,0
2023-06-12,P106,67,26.73,0
2023-06-13,P106,65,26.72,0
2023-06-14,P106,69,26.72,0
2023-06-15,P106,61,26.72,0
2023-06-16,P106,55,26.72,0
2023-06-17,P106,31,26.72,0
2023-06-18,P106,13,26.72,0
2023-06-19,P106,69,26.71,0
2023-06-20,P106,62,26.71,0
2023-06-21,P106,62,26.71,0
2023-06-22,P106,66,26.71,0
2023-06-23,P106,58,26.71,0
2023-06-24,P106,36,26.71,0
2023-06-25,P106,12,26.7,0
2023-06-26,P106,55,26.7,0
2023-06-27,P106,67,26.7,0
2023-06-28,P106,66,26.7,0
2023-06-29,P106,56,26.69,0
2023-06-30,P106,67,26.69,0
2023-07-01,P106,39,26.69,0
2023-07-02,P106,12,26.69,0
2023-07-03,P106,72,26.68,0
2023-07-04,P106,47,26.68,0
2023-07-05,P106,71,26.68,0
2023-07-06,P106,56,26.68,0
2023-07-07,P106,65,26.67,0
2023-07-08,P106,55,26.67,1
2023-07-09,P106,13,26.67,0
2023-07-10,P106,56,26.66,0
2023-07-11,P106,63,26.66,0
2023-07-12,P106,155,26.66,1
2023-07-13,P106,61,26.66,0
2023-07-14,P106,72,26.65,0
2023-07-15,P106,31,26.65,0
2023-07-16,P106,15,26.65,0
2023-07-17,P106,51,26.64,0
2023-07-18,P106,62,26.64,0
2023-07-19,P106,59,26.64,0
2023-07-20,P106,72,26.63,0
2023-07-21,P106,60,26.63,0
2023-07-22,P106,25,26.62,0
2023-07-23,P106,11,26.62,0
2023-07-24,P106,55,26.62,0
2023-07-25,P106,71,26.61,0
2023-07-26,P106,69,26.61,0
2023-07-27,P106,59,26.61,0
2023-07-28,P106,55,26.6,0
2023-07-29,P106,35,26.6,0
2023-07-30,P106,11,26.59,0
2023-07-31,P106,65,26.59,0
2023-08-01,P106,67,26.59,0
2023-08-02,P106,61,26.58,0
2023-08-03,P106,64,26.58,0
2023-08-04,P106,59,26.57,0
2023-08-05,P106,34,26.57,0
2023-08-06,P106,11,26.57,0
2023-08-07,P106,67,26.56,0
2023-08-08,P106,72,26.56,0
2023-08-09,P106,66,26.55,0
2023-08-10,P106,66,26.55,0
2023-08-11,P106,58,26.54,0
2023-08-12,P106,36,26.54,0
2023-08-13,P106,13,26.53,0
2023-08-14,P106,55,26.53,0
2023-08-15,P106,71,26.52,0
2023-08-16,P106,53,26.52,0
2023-08-17,P106,64,26.51,0
2023-08-18,P106,57,26.51,0
2023-08-19,P106,31,26.51,0
2023-08-20,P106,13,26.5,0
2023-08-21,P106,58,26.5,0
2023-08-22,P106,70,26.49,0
2023-08-23,P106,65,26.49,0
2023-08-24,P106,59,26.48,0
2023-08-25,P106,69,26.48,0
2023-08-26,P106,34,26.47,0
2023-08-27,P106,22,26.47,1
2023-08-28,P106,114,26.46,1
2023-08-29,P106,77,26.45,0
2023-08-30,P106,70,26.45,0
2023-08-31,P106,62,26.44,0
2023-09-01,P106,51,26.44,0
2023-09-02,P106,34,26.43,0
2023-09-03,P106,15,26.43,0
2023-09-04,P106,67,26.42,0
2023-09-05,P106,42,26.42,0
2023-09-06,P106,72,26.41,0
2023-09-07,P106,71,26.41,0
2023-09-08,P106,128,26.4,1
2023-09-09,P106,38,26.4,0
2023-09-10,P106,15,26.39,0
2023-09-11,P106,61,26.39,0
2023-09-12,P106,78,26.38,0
2023-09-13,P106,58,26.37,0
2023-09-14,P106,65,26.37,0
2023-09-15,P106,61,26.36,0
2023-09-16,P106,31,26.36,0
2023-09-17,P106,14,26.35,0
2023-09-18,P106,76,26.35,0
2023-09-19,P106,78,26.34,0
2023-09-20,P106,73,26.33,0
2023-09-21,P106,54,26.33,0
2023-09-22,P106,54,26.32,0
2023-09-23,P106,35,26.32,0
2023-09-24,P106,14,26.31,0
2023-09-25,P106,64,26.31,0
2023-09-26,P106,85,26.3,0
2023-09-27,P106,141,26.29,1
2023-09-28,P106,71,26.29,0
2023-09-29,P106,71,26.28,0
2023-09-30,P106,35,26.28,0
2023-10-01,P106,18,26.27,0
2023-10-02,P106,61,26.27,0
2023-10-03,P106,66,26.26,0
2023-10-04,P106,63,26.25,0
2023-10-05,P106,80,26.25,0
2023-10-06,P106,71,26.24,0
2023-10-07,P106,34,26.24,0
2023-10-08,P106,13,26.23,0
2023-10-09,P106,80,26.23,0
2023-10-10,P106,75,26.22,0
2023-10-11,P106,82,26.21,0
2023-10-12,P106,68,26.21,0
2023-10-13,P106,69,26.2,0
2023-10-14,P106,37,26.2,0
2023-10-15,P106,14,26.19,0
2023-10-16,P106,69,26.18,0
2023-10-17,P106,63,26.18,0
2023-10-18,P106,129,26.17,1
2023-10-19,P106,76,26.17,0
2023-10-20,P106,74,26.16,0
2023-10-21,P106,39,26.16,0
2023-10-22,P106,15,26.15,0
2023-10-23,P106,83,26.14,0
2023-10-24,P106,81,26.14,0
2023-10-25,P106,84,26.13,0
2023-10-26,P106,82,26.13,0
2023-10-27,P106,67,26.12,0
2023-10-28,P106,39,26.12,0
2023-10-29,P106,16,26.11,0
2023-10-30,P106,63,26.1,0
2023-10-31,P106,66,26.1,0
2023-11-01,P106,63,26.09,0
2023-11-02,P106,154,26.09,1
2023-11-03,P106,66,26.08,0
2023-11-04,P106,32,26.08,0
2023-11-05,P106,15,26.07,0
2023-11-06,P106,72,26.06,0
2023-11-07,P106,86,26.06,0
2023-11-08,P106,91,26.05,0
2023-11-09,P106,76,26.05,0
2023-11-10,P106,64,26.04,0
2023-11-11,P106,41,26.04,0
2023-11-12,P106,15,26.03,0
2023-11-13,P106,72,26.03,0
2023-11-14,P106,70,26.02,0
2023-11-15,P106,72,26.02,0
2023-11-16,P106,72,26.01,0
2023-11-17,P106,76,26.0,0
2023-11-18,P106,41,26.0,0
2023-11-19,P106,19,25.99,0
2023-11-20,P106,80,25.99,0
2023-11-21,P106,81,25.98,0
2023-11-22,P106,74,25.98,0
2023-11-23,P106,66,25.97,0
2023-11-24,P106,66,25.97,0
2023-11-25,P106,36,25.96,0
2023-11-26,P106,11,25.96,0
2023-11-27,P106,67,25.95,0
2023-11-28,P106,92,25.95,0
2023-11-29,P106,80,25.94,0
2023-11-30,P106,72,25.94,0
2023-12-01,P106,75,25.93,0
2023-12-02,P106,31,25.93,0
2023-12-03,P106,16,25.92,0
2023-12-04,P106,87,25.92,0
2023-12-05,P106,78,25.91,0
2023-12-06,P106,63,25.91,0
2023-12-07,P106,72,25.9,0
2023-12-08,P106,82,25.9,0
2023-12-09,P106,41,25.89,0
2023-12-10,P106,13,25.89,0
2023-12-11,P106,97,25.89,0
2023-12-12,P106,69,25.88,0
2023-12-13,P106,76,25.88,0
2023-12-14,P106,67,25.87,0
2023-12-15,P106,64,25.87,0
2023-12-16,P106,38,25.86,0
2023-12-17,P106,17,25.86,0
2023-12-18,P106,88,25.85,0
2023-12-19,P106,77,25.85,0
2023-12-20,P106,70,25.85,0
2023-12-21,P106,81,25.84,0
2023-12-22,P106,77,25.84,0
2023-12-23,P106,41,25.83,0
2023-12-24,P106,17,25.83,0
2023-12-25,P106,77,25.83,0
2023-12-26,P106,81,25.82,0
2023-12-27,P106,77,25.82,0
2023-12-28,P106,86,25.81,0
2023-12-29,P106,91,25.81,0
2023-12-30,P106,41,25.81,0
2023-12-31,P106,16,25.8,0
2024-01-01,P106,80,25.8,0
2024-01-02,P106,75,25.8,0
2024-01-03,P106,86,25.79,0
2024-01-04,P106,81,25.79,0
2024-01-05,P106,70,25.79,0
2024-01-06,P106,44,25.78,0
2024-01-07,P106,16,25.78,0
2024-01-08,P106,70,25.78,0
2024-01-09,P106,84,25.77,0
2024-01-10,P106,81,25.77,0
2024-01-11,P106,85,25.77,0
2024-01-12,P106,80,25.76,0
2024-01-13,P106,40,25.76,0
2024-01-14,P106,15,25.76,0
2024-01-15,P106,78,25.76,0
2024-01-16,P106,84,25.75,0
2024-01-17,P106,84,25.75,0
2024-01-18,P106,80,25.75,0
2024-01-19,P106,73,25.74,0
2024-01-20,P106,45,25.74,0
2024-01-21,P106,15,25.74,0
2024-01-22,P106,99,25.74,0
2024-01-23,P106,87,25.73,0
2024-01-24,P106,69,25.73,0
2024-01-25,P106,79,25.73,0
2024-01-26,P106,79,25.73,0
2024-01-27,P106,39,25.73,0
2024-01-28,P106,13,25.72,0
2024-01-29,P106,69,25.72,0
2024-01-30,P106,85,25.72,0
2024-01-31,P106,64,25.72,0
2024-02-01,P106,64,25.72,0
2024-02-02,P106,77,25.71,0
2024-02-03,P106,39,25.71,0
2024-02-04,P106,15,25.71,0
2024-02-05,P106,73,25.71,0
2024-02-06,P106,67,25.71,0
2024-02-07,P106,83,25.71,0
2024-02-08,P106,69,25.71,0
2024-02-09,P106,68,25.7,0
2024-02-10,P106,41,25.7,0
2024-02-11,P106,15,25.7,0
2024-02-12,P106,71,25.7,0
2024-02-13,P106,62,25.7,0
2024-02-14,P106,81,25.7,0
2024-02-15,P106,76,25.7,0
2024-02-16,P106,68,25.7,0
2024-02-17,P106,35,25.7,0
2024-02-18,P106,16,25.69,0
2024-02-19,P106,80,25.69,0
2024-02-20,P106,80,25.69,0
2024-02-21,P106,91,25.69,0
2024-02-22,P106,81,25.69,0
2024-02-23,P106,71,25.69,0
2024-02-24,P106,42,25.69,0
2024-02-25,P106,16,25.69,0
2024-02-26,P106,76,25.69,0
2024-02-27,P106,89,25.69,0
2024-02-28,P106,69,25.69,0
2024-02-29,P106,75,25.69,0
2024-03-01,P106,80,25.69,0
2024-03-02,P106,40,25.69,0
2024-03-03,P106,15,25.69,0
2024-03-04,P106,61,25.69,0
2024-03-05,P106,58,25.69,0
2024-03-06,P106,93,25.69,0
2024-03-07,P106,76,25.69,0
2024-03-08,P106,66,25.69,0
2024-03-09,P106,40,25.69,0
2024-03-10,P106,14,25.69,0
2024-03-11,P106,71,25.69,0
2024-03-12,P106,69,25.7,0
2024-03-13,P106,63,25.7,0
2024-03-14,P106,56,25.7,0
2024-03-15,P106,117,25.7,1
2024-03-16,P106,42,25.7,0
2024-03-17,P106,14,25.7,0
2024-03-18,P106,77,25.7,0
2024-03-19,P106,84,25.7,0
2024-03-20,P106,74,25.7,0
2024-03-21,P106,70,25.7,0
2024-03-22,P106,69,25.71,0
2024-03-23,P106,36,25.71,0
2024-03-24,P106,17,25.71,0
2024-03-25,P106,87,25.71,0
2024-03-26,P106,87,25.71,0
2024-03-27,P106,56,25.71,0
2024-03-28,P106,68,25.72,0
2024-03-29,P106,67,25.72,0
2024-03-30,P106,39,25.72,0
2024-03-31,P106,12,25.72,0
2024-04-01,P106,57,25.72,0
2024-04-02,P106,84,25.73,0
2024-04-03,P106,68,25.73,0
2024-04-04,P106,58,25.73,0
2024-04-05,P106,58,25.73,0
2024-04-06,P106,67,25.73,1
2024-04-07,P106,13,25.74,0
2024-04-08,P106,72,25.74,0
2024-04-09,P106,65,25.74,0
2024-04-10,P106,57,25.74,0
2024-04-11,P106,80,25.75,0
2024-04-12,P106,68,25.75,0
2024-04-13,P106,35,25.75,0
2024-04-14,P106,14,25.75,0
2024-04-15,P106,80,25.76,0
2024-04-16,P106,76,25.76,0
2024-04-17,P106,164,25.76,1
2024-04-18,P106,64,25.77,0
2024-04-19,P106,65,25.77,0
2024-04-20,P106,37,25.77,0
2024-04-21,P106,13,25.78,0
2024-04-22,P106,67,25.78,0
2024-04-23,P106,66,25.78,0
2024-04-24,P106,72,25.79,0
2024-04-25,P106,57,25.79,0
2024-04-26,P106,68,25.79,0
2024-04-27,P106,36,25.8,0
2024-04-28,P106,14,25.8,0
2024-04-29,P106,70,25.8,0
2024-04-30,P106,67,25.81,0
2024-05-01,P106,63,25.81,0
2024-05-02,P106,70,25.81,0
2024-05-03,P106,67,25.82,0
2024-05-04,P106,32,25.82,0
2024-05-05,P106,13,25.83,0
2024-05-06,P106,65,25.83,0
2024-05-07,P106,64,25.83,0
2024-05-08,P106,78,25.84,0
2024-05-09,P106,67,25.84,0
2024-05-10,P106,62,25.85,0
2024-05-11,P106,30,25.85,0
2024-05-12,P106,15,25.85,0
2024-05-13,P106,61,25.86,0
2024-05-14,P106,63,25.86,0
2024-05-15,P106,72,25.87,0
2024-05-16,P106,67,25.87,0
2024-05-17,P106,44,25.88,0
2024-05-18,P106,33,25.88,0
2024-05-19,P106,14,25.88,0
2024-05-20,P106,62,25.89,0
2024-05-21,P106,68,25.89,0
2024-05-22,P106,52,25.9,0
2024-05-23,P106,44,25.9,0
2024-05-24,P106,81,25.91,1
2024-05-25,P106,34,25.91,0
2024-05-26,P106,9,25.92,0
2024-05-27,P106,58,25.92,0
2024-05-28,P106,52,25.93,0
2024-05-29,P106,63,25.93,0
2024-05-30,P106,76,25.94,0
2024-05-31,P106,58,25.94,0
2024-06-01,P106,32,25.95,0
2024-06-02,P106,14,25.95,0
2024-06-03,P106,63,25.96,0
2024-06-04,P106,63,25.96,0
2024-06-05,P106,70,25.97,0
2024-06-06,P106,65,25.97,0
2024-06-07,P106,61,25.98,0
2024-06-08,P106,32,25.98,0
2024-06-09,P106,12,25.99,0
2024-06-10,P106,68,25.99,0
2024-06-11,P106,62,26.0,0
2024-06-12,P106,72,26.0,0
2024-06-13,P106,54,26.01,0
2024-06-14,P106,67,26.01,0
2024-06-15,P106,34,26.02,0
2024-06-16,P106,19,26.02,1
2024-06-17,P106,65,26.03,0
2024-06-18,P106,59,26.04,0
2024-06-19,P106,63,26.04,0
2024-06-20,P106,58,26.05,0
2024-06-21,P106,57,26.05,0
2024-06-22,P106,35,26.06,0
2024-06-23,P106,13,26.06,0
2024-06-24,P106,54,26.07,0
2024-06-25,P106,56,26.07,0
2024-06-26,P106,64,26.08,0
2024-06-27,P106,63,26.09,0
2024-06-28,P106,53,26.09,0
2024-06-29,P106,37,26.1,0
2024-06-30,P106,14,26.1,0
2024-07-01,P106,116,26.11,1
2024-07-02,P106,58,26.11,0
2024-07-03,P106,113,26.12,1
2024-07-04,P106,58,26.13,0
2024-07-05,P106,65,26.13,0
2024-07-06,P106,35,26.14,0
2024-07-07,P106,13,26.14,0
2024-07-08,P106,65,26.15,0
2024-07-09,P106,69,26.15,0
2024-07-10,P106,62,26.16,0
2024-07-11,P106,63,26.17,0
2024-07-12,P106,61,26.17,0
2024-07-13,P106,33,26.18,0
2024-07-14,P106,11,26.18,0
2024-07-15,P106,56,26.19,0
2024-07-16,P106,61,26.19,0
2024-07-17,P106,57,26.2,0
2024-07-18,P106,50,26.21,0
2024-07-19,P106,61,26.21,0
2024-07-20,P106,33,26.22,0
2024-07-21,P106,11,26.22,0
2024-07-22,P106,59,26.23,0
2024-07-23,P106,62,26.24,0
2024-07-24,P106,63,26.24,0
2024-07-25,P106,53,26.25,0
2024-07-26,P106,49,26.25,0
2024-07-27,P106,33,26.26,0
2024-07-28,P106,10,26.26,0
2024-07-29,P106,59,26.27,0
2024-07-30,P106,109,26.28,1
2024-07-31,P106,61,26.28,0
2024-08-01,P106,62,26.29,0
2024-08-02,P106,68,26.29,0
2024-08-03,P106,26,26.3,0
2024-08-04,P106,14,26.31,0
2024-08-05,P106,44,26.31,0
2024-08-06,P106,73,26.32,0
2024-08-07,P106,48,26.32,0
2024-08-08,P106,77,26.33,0
2024-08-09,P106,55,26.33,0
2024-08-10,P106,36,26.34,0
2024-08-11,P106,14,26.34,0
2024-08-12,P106,59,26.35,0
2024-08-13,P106,61,26.36,0
2024-08-14,P106,57,26.36,0
2024-08-15,P106,66,26.37,0
2024-08-16,P106,56,26.37,0
2024-08-17,P106,29,26.38,0
2024-08-18,P106,14,26.38,0
2024-08-19,P106,56,26.39,0
2024-08-20,P106,62,26.4,0
2024-08-21,P106,64,26.4,0
2024-08-22,P106,57,26.41,0
2024-08-23,P106,56,26.41,0
2024-08-24,P106,38,26.42,0
2024-08-25,P106,13,26.42,0
2024-08-26,P106,60,26.43,0
2024-08-27,P106,129,26.43,1
2024-08-28,P106,67,26.44,0
2024-08-29,P106,55,26.44,0
2024-08-30,P106,62,26.45,0
2024-08-31,P106,34,26.45,0
2024-09-01,P106,11,26.46,0
2024-09-02,P106,76,26.46,0
2024-09-03,P106,76,26.47,0
2024-09-04,P106,59,26.47,0
2024-09-05,P106,55,26.48,0
2024-09-06,P106,62,26.48,0
2024-09-07,P106,28,26.49,0
2024-09-08,P106,15,26.49,0
2024-09-09,P106,61,26.5,0
2024-09-10,P106,78,26.5,0
2024-09-11,P106,60,26.51,0
2024-09-12,P106,63,26.51,0
2024-09-13,P106,69,26.52,0
2024-09-14,P106,32,26.52,0
2024-09-15,P106,14,26.53,0
2024-09-16,P106,73,26.53,0
2024-09-17,P106,63,26.54,0
2024-09-18,P106,57,26.54,0
2024-09-19,P106,54,26.55,0
2024-09-20,P106,66,26.55,0
2024-09-21,P106,35,26.56,0
2024-09-22,P106,15,26.56,0
2024-09-23,P106,64,26.56,0
2024-09-24,P106,58,26.57,0
2024-09-25,P106,50,26.57,0
2024-09-26,P106,86,26.58,0
2024-09-27,P106,66,26.58,0
2024-09-28,P106,35,26.59,0
2024-09-29,P106,14,26.59,0
2024-09-30,P106,56,26.59,0
2024-10-01,P106,63,26.6,0
2024-10-02,P106,81,26.6,0
2024-10-03,P106,71,26.61,0
2024-10-04,P106,58,26.61,0
2024-10-05,P106,30,26.61,0
2024-10-06,P106,13,26.62,0
2024-10-07,P106,65,26.62,0
2024-10-08,P106,86,26.62,0
2024-10-09,P106,68,26.63,0
2024-10-10,P106,59,26.63,0
2024-10-11,P106,64,26.63,0
2024-10-12,P106,36,26.64,0
2024-10-13,P106,12,26.64,0
2024-10-14,P106,72,26.65,0
2024-10-15,P106,81,26.65,0
2024-10-16,P106,71,26.65,0
2024-10-17,P106,62,26.65,0
2024-10-18,P106,61,26.66,0
2024-10-19,P106,29,26.66,0
2024-10-20,P106,14,26.66,0
2024-10-21,P106,72,26.67,0
2024-10-22,P106,65,26.67,0
2024-10-23,P106,86,26.67,0
2024-10-24,P106,75,26.68,0
2024-10-25,P106,53,26.68,0
2024-10-26,P106,29,26.68,0
2024-10-27,P106,13,26.68,0
2024-10-28,P106,83,26.69,0
2024-10-29,P106,80,26.69,0
2024-10-30,P106,85,26.69,0
2024-10-31,P106,70,26.69,0
2024-11-01,P106,103,26.7,1
2024-11-02,P106,32,26.7,0
2024-11-03,P106,15,26.7,0
2024-11-04,P106,70,26.7,0
2024-11-05,P106,72,26.7,0
2024-11-06,P106,86,26.71,0
2024-11-07,P106,70,26.71,0
2024-11-08,P106,78,26.71,0
2024-11-09,P106,31,26.71,0
2024-11-10,P106,19,26.71,0
2024-11-11,P106,69,26.72,0
2024-11-12,P106,81,26.72,0
2024-11-13,P106,151,26.72,1
2024-11-14,P106,68,26.72,0
2024-11-15,P106,75,26.72,0
2024-11-16,P106,41,26.72,0
2024-11-17,P106,14,26.73,0
2024-11-18,P106,67,26.73,0
2024-11-19,P106,76,26.73,0
2024-11-20,P106,74,26.73,0
2024-11-21,P106,84,26.73,0
2024-11-22,P106,75,26.73,0
2024-11-23,P106,38,26.73,0
2024-11-24,P106,16,26.73,0
2024-11-25,P106,57,26.73,0
2024-11-26,P106,72,26.73,0
2024-11-27,P106,78,26.74,0
2024-11-28,P106,82,26.74,0
2024-11-29,P106,72,26.74,0
2024-11-30,P106,45,26.74,0
2024-12-01,P106,17,26.74,0
2024-12-02,P106,71,26.74,0
2024-12-03,P106,76,26.74,0
2024-12-04,P106,80,26.74,0
2024-12-05,P106,70,26.74,0
2024-12-06,P106,83,26.74,0
2024-12-07,P106,34,26.74,0
2024-12-08,P106,16,26.74,0
2024-12-09,P106,81,26.74,0
2024-12-10,P106,75,26.74,0
2024-12-11,P106,72,26.74,0
2024-12-12,P106,74,26.74,0
2024-12-13,P106,77,26.74,0
2024-12-14,P106,37,26.74,0
2024-12-15,P106,14,26.74,0
2024-12-16,P106,85,26.74,0
2024-12-17,P106,82,26.74,0
2024-12-18,P106,86,26.74,0
2024-12-19,P106,81,26.74,0
2024-12-20,P106,89,26.73,0
2024-12-21,P106,44,26.73,0
2024-12-22,P106,14,26.73,0
2024-12-23,P106,80,26.73,0
2024-12-24,P106,74,26.73,0
2024-12-25,P106,74,26.73,0
2024-12-26,P106,64,26.73,0
2024-12-27,P106,70,26.73,0
2024-12-28,P106,42,26.73,0
2024-12-29,P106,16,26.73,0
2024-12-30,P106,67,26.72,0
2024-12-31,P106,66,26.72,0
2025-01-01,P106,96,26.72,0
2025-01-02,P106,78,26.72,0
2025-01-03,P106,65,26.72,0
2025-01-04,P106,42,26.72,0
2025-01-05,P106,20,26.71,0
2025-01-06,P106,82,26.71,0
2025-01-07,P106,55,26.71,0
2025-01-08,P106,100,26.71,0
2025-01-09,P106,60,26.71,0
2025-01-10,P106,70,26.7,0
2025-01-11,P106,35,26.7,0
2025-01-12,P106,15,26.7,0
2025-01-13,P106,79,26.7,0
2025-01-14,P106,61,26.7,0
2025-01-15,P106,77,26.69,0
2025-01-16,P106,85,26.69,0
2025-01-17,P106,65,26.69,0
2025-01-18,P106,34,26.69,0
2025-01-19,P106,16,26.68,0
2025-01-20,P106,73,26.68,0
2025-01-21,P106,74,26.68,0
2025-01-22,P106,67,26.67,0
2025-01-23,P106,80,26.67,0
2025-01-24,P106,77,26.67,0
2025-01-25,P106,63,26.67,1
2025-01-26,P106,14,26.66,0
2025-01-27,P106,77,26.66,0
2025-01-28,P106,71,26.66,0
2025-01-29,P106,79,26.65,0
2025-01-30,P106,87,26.65,0
2025-01-31,P106,71,26.65,0
2025-02-01,P106,34,26.64,0
2025-02-02,P106,16,26.64,0
2025-02-03,P106,74,26.64,0
2025-02-04,P106,77,26.63,0
2025-02-05,P106,81,26.63,0
2025-02-06,P106,81,26.63,0
2025-02-07,P106,72,26.62,0
2025-02-08,P106,39,26.62,0
2025-02-09,P106,19,26.62,0
2025-02-10,P106,85,26.61,0
2025-02-11,P106,165,26.61,1
2025-02-12,P106,78,26.6,0
2025-02-13,P106,66,26.6,0
2025-02-14,P106,80,26.6,0
2025-02-15,P106,40,26.59,0
2025-02-16,P106,15,26.59,0
2025-02-17,P106,73,26.58,0
2025-02-18,P106,69,26.58,0
2025-02-19,P106,85,26.58,0
2025-02-20,P106,79,26.57,0
2025-02-21,P106,72,26.57,0
2025-02-22,P106,38,26.56,0
2025-02-23,P106,14,26.56,0
2025-02-24,P106,90,26.55,1
2025-02-25,P106,65,26.55,0
2025-02-26,P106,69,26.55,0
2025-02-27,P106,66,26.54,0
2025-02-28,P106,72,26.54,0
2025-03-01,P106,42,26.53,0
2025-03-02,P106,15,26.53,0
2025-03-03,P106,85,26.52,0
2025-03-04,P106,70,26.52,0
2025-03-05,P106,142,26.51,1
2025-03-06,P106,72,26.51,0
2025-03-07,P106,77,26.5,0
2025-03-08,P106,38,26.5,0
2025-03-09,P106,15,26.49,0
2025-03-10,P106,59,26.49,0
2025-03-11,P106,68,26.48,0
2025-03-12,P106,83,26.48,0
2025-03-13,P106,55,26.47,0
2025-03-14,P106,135,26.47,1
2025-03-15,P106,39,26.46,0
2025-03-16,P106,14,26.46,0
2025-03-17,P106,65,26.45,0
2025-03-18,P106,90,26.45,0
2025-03-19,P106,84,26.44,0
2025-03-20,P106,70,26.44,0
2025-03-21,P106,68,26.43,0
2025-03-22,P106,34,26.43,0
2025-03-23,P106,15,26.42,0
2025-03-24,P106,66,26.42,0
2025-03-25,P106,73,26.41,0
2025-03-26,P106,86,26.4,0
2025-03-27,P106,69,26.4,0
2025-03-28,P106,59,26.39,0
2025-03-29,P106,31,26.39,0
2025-03-30,P106,15,26.38,0
2025-03-31,P106,64,26.38,0
2025-04-01,P106,74,26.37,0
2025-04-02,P106,58,26.37,0
2025-04-03,P106,74,26.36,0
2025-04-04,P106,58,26.35,0
2025-04-05,P106,36,26.35,0
2025-04-06,P106,14,26.34,0
2025-04-07,P106,82,26.34,0
2025-04-08,P106,73,26.33,0
2025-04-09,P106,85,26.33,0
2025-04-10,P106,72,26.32,0
2025-04-11,P106,75,26.31,0
2025-04-12,P106,35,26.31,0
2025-04-13,P106,15,26.3,0
2025-04-14,P106,77,26.3,0
2025-04-15,P106,77,26.29,0
2025-04-16,P106,73,26.29,0
2025-04-17,P106,64,26.28,0
2025-04-18,P106,62,26.27,0
2025-04-19,P106,39,26.27,0
2025-04-20,P106,16,26.26,0
2025-04-21,P106,63,26.26,0
2025-04-22,P106,64,26.25,0
2025-04-23,P106,61,26.25,0
2025-04-24,P106,72,26.24,0
2025-04-25,P106,56,26.23,0
2025-04-26,P106,37,26.23,0
2025-04-27,P106,15,26.22,0
2025-04-28,P106,62,26.22,0
2025-04-29,P106,80,26.21,0
2025-04-30,P106,56,26.2,0
2025-05-01,P106,77,26.2,0
2025-05-02,P106,64,26.19,0
2025-05-03,P106,26,26.19,0
2025-05-04,P106,16,26.18,0
2025-05-05,P106,72,26.18,0
2025-05-06,P106,64,26.17,0
2025-05-07,P106,59,26.16,0
2025-05-08,P106,53,26.16,0
2025-05-09,P106,77,26.15,0
2025-05-10,P106,30,26.15,0
2025-05-11,P106,24,26.14,1
2025-05-12,P106,66,26.14,0
2025-05-13,P106,54,26.13,0
2025-05-14,P106,58,26.12,0
2025-05-15,P106,70,26.12,0
2025-05-16,P106,63,26.11,0
2025-05-17,P106,31,26.11,0
2025-05-18,P106,13,26.1,0
2025-05-19,P106,60,26.1,0
2025-05-20,P106,65,26.09,0
2025-05-21,P106,59,26.08,0
2025-05-22,P106,58,26.08,0
2025-05-23,P106,55,26.07,0
2025-05-24,P106,30,26.07,0
2025-05-25,P106,14,26.06,0
2025-05-26,P106,68,26.06,0
2025-05-27,P106,58,26.05,0
2025-05-28,P106,55,26.04,0
2025-05-29,P106,60,26.04,0
2025-05-30,P106,72,26.03,0
2025-05-31,P106,28,26.03,0
2025-06-01,P106,13,26.02,0
2025-06-02,P106,62,26.02,0
2025-06-03,P106,63,26.01,0
2025-06-04,P106,59,26.01,0
2025-06-05,P106,68,26.0,0
2025-06-06,P106,61,26.0,0
2025-06-07,P106,35,25.99,0
2025-06-08,P106,13,25.99,0
2025-06-09,P106,67,25.98,0
2025-06-10,P106,74,25.98,0
2025-06-11,P106,71,25.97,0
2025-06-12,P106,76,25.96,0
2025-06-13,P106,65,25.96,0
2025-06-14,P106,29,25.95,0
2025-06-15,P106,14,25.95,0
2025-06-16,P106,65,25.94,0
2025-06-17,P106,76,25.94,0
2025-06-18,P106,55,25.93,0
2025-06-19,P106,63,25.93,0
2025-06-20,P106,53,25.93,0
2025-06-21,P106,33,25.92,0
2025-06-22,P106,12,25.92,0
2025-06-23,P106,63,25.91,0
2025-06-24,P106,53,25.91,0
2025-06-25,P106,66,25.9,0
2025-06-26,P106,61,25.9,0
2025-06-27,P106,57,25.89,0
2025-06-28,P106,38,25.89,0
2025-06-29,P106,12,25.88,0
2025-06-30,P106,62,25.88,0
2025-07-01,P106,63,25.87,0
2025-07-02,P106,62,25.87,0
2025-07-03,P106,73,25.87,0
2025-07-04,P106,57,25.86,0
2025-07-05,P106,29,25.86,0
2025-07-06,P106,15,25.85,0
2025-07-07,P106,57,25.85,0
2025-07-08,P106,51,25.84,0
2025-07-09,P106,56,25.84,0
2025-07-10,P106,51,25.84,0
2025-07-11,P106,45,25.83,0
2025-07-12,P106,30,25.83,0
2025-07-13,P106,12,25.82,0
2025-07-14,P106,67,25.82,0
2025-07-15,P106,66,25.82,0
2025-07-16,P106,64,25.81,0
2025-07-17,P106,53,25.81,0
2025-07-18,P106,61,25.81,0
2025-07-19,P106,36,25.8,0
2025-07-20,P106,13,25.8,0
2025-07-21,P106,62,25.79,0
2025-07-22,P106,53,25.79,0
2025-07-23,P106,68,25.79,0
2025-07-24,P106,70,25.78,0
2025-07-25,P106,58,25.78,0
2025-07-26,P106,29,25.78,0
2025-07-27,P106,12,25.77,0
2025-07-28,P106,57,25.77,0
2025-07-29,P106,59,25.77,0
2025-07-30,P106,65,25.77,0
2025-07-31,P106,61,25.76,0
2025-08-01,P106,63,25.76,0
2025-08-02,P106,32,25.76,0
2025-08-03,P106,11,25.75,0
2025-08-04,P106,56,25.75,0
2025-08-05,P106,58,25.75,0
2025-08-06,P106,60,25.75,0
2025-08-07,P106,71,25.74,0
2025-08-08,P106,69,25.74,0
2025-08-09,P106,34,25.74,0
2025-08-10,P106,13,25.74,0
2025-08-11,P106,51,25.73,0
2025-08-12,P106,64,25.73,0
2025-08-13,P106,56,25.73,0
2025-08-14,P106,70,25.73,0
2025-08-15,P106,47,25.72,0
2025-08-16,P106,33,25.72,0
2025-08-17,P106,11,25.72,0
2025-08-18,P106,61,25.72,0
2025-08-19,P106,68,25.72,0
2025-08-20,P106,69,25.72,0
2025-08-21,P106,60,25.71,0
2025-08-22,P106,62,25.71,0
2025-08-23,P106,29,25.71,0
2025-08-24,P106,13,25.71,0
2025-08-25,P106,68,25.71,0
2025-08-26,P106,66,25.71,0
2025-08-27,P106,59,25.7,0
2025-08-28,P106,59,25.7,0
2025-08-29,P106,65,25.7,0
2025-08-30,P106,28,25.7,0
2025-08-31,P106,11,25.7,0
2025-09-01,P106,66,25.7,0
2025-09-02,P106,61,25.7,0
2025-09-03,P106,53,25.7,0
2025-09-04,P106,71,25.7,0
2025-09-05,P106,52,25.7,0
2025-09-06,P106,32,25.69,0
2025-09-07,P106,12,25.69,0
2025-09-08,P106,61,25.69,0
2025-09-09,P106,59,25.69,0
2025-09-10,P106,69,25.69,0
2025-09-11,P106,63,25.69,0
2025-09-12,P106,66,25.69,0
2025-09-13,P106,31,25.69,0
2025-09-14,P106,16,25.69,0
2025-09-15,P106,50,25.69,0
2025-09-16,P106,54,25.69,0
2025-09-17,P106,77,25.69,0
2025-09-18,P106,66,25.69,0
2025-09-19,P106,62,25.69,0
2025-09-20,P106,35,25.69,0
2025-09-21,P106,14,25.69,0
2025-09-22,P106,142,25.69,1
2025-09-23,P106,60,25.69,0
2025-09-24,P106,72,25.69,0
2025-09-25,P106,69,25.69,0
2025-09-26,P106,150,25.69,1
2025-09-27,P106,40,25.69,0
2025-09-28,P106,14,25.7,0
2025-09-29,P106,56,25.7,0
2025-09-30,P106,81,25.7,0
2025-10-01,P106,59,25.7,0
2025-10-02,P106,67,25.7,0
2025-10-03,P106,60,25.7,0
2025-10-04,P106,33,25.7,0
2025-10-05,P106,15,25.7,0
2025-10-06,P106,68,25.7,0
2025-10-07,P106,73,25.7,0
2025-10-08,P106,61,25.71,0
2025-10-09,P106,65,25.71,0
2025-10-10,P106,57,25.71,0
2025-10-11,P106,34,25.71,0
2025-10-12,P106,14,25.71,0
2025-10-13,P106,81,25.71,0
2025-10-14,P106,68,25.71,0
2025-10-15,P106,52,25.72,0
2025-10-16,P106,77,25.72,0
2025-10-17,P106,67,25.72,0
2025-10-18,P106,70,25.72,1
2025-10-19,P106,13,25.72,0
2025-10-20,P106,61,25.73,0
2025-10-21,P106,86,25.73,0
2025-10-22,P106,70,25.73,0
2025-10-23,P106,55,25.73,0
2025-10-24,P106,67,25.74,0
2025-10-25,P106,40,25.74,0
2025-10-26,P106,15,25.74,0
2025-10-27,P106,62,25.74,0
2025-10-28,P106,64,25.75,0
2025-10-29,P106,63,25.75,0
2025-10-30,P106,80,25.75,0
2025-10-31,P106,65,25.75,0
2025-11-01,P106,29,25.76,0
2025-11-02,P106,15,25.76,0
2025-11-03,P106,71,25.76,0
2025-11-04,P106,69,25.76,0
2025-11-05,P106,63,25.77,0
2025-11-06,P106,61,25.77,0
2025-11-07,P106,74,25.77,0
2025-11-08,P106,38,25.78,0
2025-11-09,P106,15,25.78,0
2025-11-10,P106,73,25.78,0
2025-11-11,P106,76,25.79,0
2025-11-12,P106,68,25.79,0
2025-11-13,P106,69,25.79,0
2025-11-14,P106,76,25.8,0
2025-11-15,P106,43,25.8,0
2025-11-16,P106,13,25.8,0
2025-11-17,P106,70,25.81,0
2025-11-18,P106,81,25.81,0
2025-11-19,P106,88,25.82,0
2025-11-20,P106,85,25.82,0
2025-11-21,P106,62,25.82,0
2025-11-22,P106,43,25.83,0
2025-11-23,P106,28,25.83,1
2025-11-24,P106,153,25.84,1
2025-11-25,P106,81,25.84,0
2025-11-26,P106,63,25.84,0
2025-11-27,P106,136,25.85,1
2025-11-28,P106,76,25.85,0
2025-11-29,P106,38,25.86,0
2025-11-30,P106,15,25.86,0
2025-12-01,P106,60,25.86,0
2025-12-02,P106,81,25.87,0
2025-12-03,P106,76,25.87,0
2025-12-04,P106,65,25.88,0
2025-12-05,P106,67,25.88,0
2025-12-06,P106,39,25.89,0
2025-12-07,P106,14,25.89,0
2025-12-08,P106,73,25.9,0
2025-12-09,P106,62,25.9,0
2025-12-10,P106,86,25.91,0
2025-12-11,P106,73,25.91,0
2025-12-12,P106,61,25.91,0
2025-12-13,P106,57,25.92,1
2025-12-14,P106,17,25.92,0
2025-12-15,P106,163,25.93,1
2025-12-16,P106,79,25.93,0
2025-12-17,P106,160,25.94,1
2025-12-18,P106,80,25.94,0
2025-12-19,P106,71,25.95,0
2025-12-20,P106,37,25.95,0
2025-12-21,P106,15,25.96,0
2025-12-22,P106,78,25.96,0
2025-12-23,P106,89,25.97,0
2025-12-24,P106,75,25.97,0
2025-12-25,P106,86,25.98,0
2025-12-26,P106,73,25.98,0
2025-12-27,P106,40,25.99,0
2025-12-28,P106,20,26.0,0
2025-12-29,P106,88,26.0,0
2025-12-30,P106,92,26.01,0
2025-12-31,P106,69,26.01,0
2023-01-01,P107,6,133.94,0
2023-01-02,P107,31,133.97,0
2023-01-03,P107,30,134.0,0
2023-01-04,P107,32,134.03,0
2023-01-05,P107,29,134.06,0
2023-01-06,P107,24,134.09,0
2023-01-07,P107,15,134.12,0
2023-01-08,P107,7,134.15,0
2023-01-09,P107,30,134.18,0
2023-01-10,P107,29,134.21,0
2023-01-11,P107,36,134.23,0
2023-01-12,P107,32,134.26,0
2023-01-13,P107,29,134.29,0
2023-01-14,P107,15,134.32,0
2023-01-15,P107,6,134.35,0
2023-01-16,P107,31,134.38,0
2023-01-17,P107,23,134.41,0
2023-01-18,P107,30,134.44,0
2023-01-19,P107,28,134.47,0
2023-01-20,P107,25,134.5,0
2023-01-21,P107,14,134.53,0
2023-01-22,P107,5,134.56,0
2023-01-23,P107,34,134.59,1
2023-01-24,P107,34,134.61,0
2023-01-25,P107,31,134.64,0
2023-01-26,P107,21,134.67,0
2023-01-27,P107,25,134.7,0
2023-01-28,P107,16,134.73,0
2023-01-29,P107,6,134.76,0
2023-01-30,P107,32,134.79,0
2023-01-31,P107,33,134.81,0
2023-02-01,P107,25,134.84,0
2023-02-02,P107,28,134.87,0
2023-02-03,P107,25,134.9,0
2023-02-04,P107,12,134.93,0
2023-02-05,P107,5,134.95,0
2023-02-06,P107,26,134.98,0
2023-02-07,P107,27,135.01,0
2023-02-08,P107,30,135.04,0
2023-02-09,P107,55,135.06,1
2023-02-10,P107,28,135.09,0
2023-02-11,P107,16,135.12,0
2023-02-12,P107,6,135.14,0
2023-02-13,P107,30,135.17,0
2023-02-14,P107,29,135.2,0
2023-02-15,P107,27,135.22,0
2023-02-16,P107,34,135.25,0
2023-02-17,P107,20,135.27,0
2023-02-18,P107,12,135.3,0
2023-02-19,P107,6,135.33,0
2023-02-20,P107,27,135.35,0
2023-02-21,P107,24,135.38,0
2023-02-22,P107,25,135.4,0
2023-02-23,P107,25,135.43,0
2023-02-24,P107,29,135.45,0
2023-02-25,P107,16,135.47,0
2023-02-26,P107,7,135.5,0
2023-02-27,P107,23,135.52,0
2023-02-28,P107,53,135.55,1
2023-03-01,P107,24,135.57,0
2023-03-02,P107,31,135.59,0
2023-03-03,P107,27,135.62,0
2023-03-04,P107,14,135.64,0
2023-03-05,P107,6,135.66,0
2023-03-06,P107,27,135.69,0
2023-03-07,P107,25,135.71,0
2023-03-08,P107,30,135.73,0
2023-03-09,P107,27,135.75,0
2023-03-10,P107,22,135.77,0
2023-03-11,P107,15,135.8,0
2023-03-12,P107,8,135.82,1
2023-03-13,P107,28,135.84,0
2023-03-14,P107,28,135.86,0
2023-03-15,P107,30,135.88,0
2023-03-16,P107,28,135.9,0
2023-03-17,P107,23,135.92,0
2023-03-18,P107,15,135.94,0
2023-03-19,P107,6,135.96,0
2023-03-20,P107,29,135.98,0
2023-03-21,P107,31,136.0,0
2023-03-22,P107,26,136.02,0
2023-03-23,P107,29,136.04,0
2023-03-24,P107,21,136.05,0
2023-03-25,P107,14,136.07,0
2023-03-26,P107,5,136.09,0
2023-03-27,P107,31,136.11,0
2023-03-28,P107,27,136.13,0
2023-03-29,P107,29,136.14,0
2023-03-30,P107,21,136.16,0
2023-03-31,P107,24,136.18,0
2023-04-01,P107,12,136.19,0
2023-04-02,P107,7,136.21,0
2023-04-03,P107,24,136.22,0
2023-04-04,P107,28,136.24,0
2023-04-05,P107,27,136.25,0
2023-04-06,P107,21,136.27,0
2023-04-07,P107,23,136.28,0
2023-04-08,P107,14,136.3,0
2023-04-09,P107,5,136.31,0
2023-04-10,P107,19,136.33,0
2023-04-11,P107,25,136.34,0
2023-04-12,P107,29,136.35,0
2023-04-13,P107,27,136.36,0
2023-04-14,P107,28,136.38,0
2023-04-15,P107,12,136.39,0
2023-04-16,P107,6,136.4,0
2023-04-17,P107,26,136.41,0
2023-04-18,P107,31,136.42,0
2023-04-19,P107,26,136.43,0
2023-04-20,P107,20,136.45,0
2023-04-21,P107,26,136.46,0
2023-04-22,P107,13,136.47,0
2023-04-23,P107,5,136.48,0
2023-04-24,P107,21,136.48,0
2023-04-25,P107,31,136.49,0
2023-04-26,P107,24,136.5,0
2023-04-27,P107,29,136.51,0
2023-04-28,P107,23,136.52,0
2023-04-29,P107,12,136.53,0
2023-04-30,P107,6,136.53,0
2023-05-01,P107,25,136.54,0
2023-05-02,P107,26,136.55,0
2023-05-03,P107,44,136.55,1
2023-05-04,P107,23,136.56,0
2023-05-05,P107,24,136.57,0
2023-05-06,P107,11,136.57,0
2023-05-07,P107,5,136.58,0
2023-05-08,P107,24,136.58,0
2023-05-09,P107,26,136.59,0
2023-05-10,P107,29,136.59,0
2023-05-11,P107,23,136.6,0
2023-05-12,P107,21,136.6,0
2023-05-13,P107,17,136.6,0
2023-05-14,P107,5,136.6,0
2023-05-15,P107,24,136.61,0
2023-05-16,P107,24,136.61,0
2023-05-17,P107,24,136.61,0
2023-05-18,P107,24,136.61,0
2023-05-19,P107,25,136.61,0
2023-05-20,P107,13,136.62,0
2023-05-21,P107,6,136.62,0
2023-05-22,P107,27,136.62,0
2023-05-23,P107,25,136.62,0
2023-05-24,P107,25,136.62,0
2023-05-25,P107,27,136.62,0
2023-05-26,P107,20,136.61,0
2023-05-27,P107,16,136.61,0
2023-05-28,P107,5,136.61,0
2023-05-29,P107,23,136.61,0
2023-05-30,P107,21,136.61,0
2023-05-31,P107,21,136.6,0
2023-06-01,P107,26,136.6,0
2023-06-02,P107,28,136.6,0
2023-06-03,P107,11,136.59,0
2023-06-04,P107,5,136.59,0
2023-06-05,P107,24,136.59,0
2023-06-06,P107,27,136.58,0
2023-06-07,P107,30,136.58,0
2023-06-08,P107,27,136.57,0
2023-06-09,P107,22,136.57,0
2023-06-10,P107,13,136.56,0
2023-06-11,P107,5,136.55,0
2023-06-12,P107,23,136.55,0
2023-06-13,P107,21,136.54,0
2023-06-14,P107,22,136.53,0
2023-06-15,P107,26,136.52,0
2023-06-16,P107,25,136.52,0
2023-06-17,P107,12,136.51,0
2023-06-18,P107,5,136.5,0
2023-06-19,P107,26,136.49,0
2023-06-20,P107,20,136.48,0
2023-06-21,P107,22,136.47,0
2023-06-22,P107,28,136.46,0
2023-06-23,P107,23,136.45,0
2023-06-24,P107,11,136.44,0
2023-06-25,P107,5,136.43,0
2023-06-26,P107,26,136.42,0
2023-06-27,P107,17,136.41,0
2023-06-28,P107,24,136.4,0
2023-06-29,P107,22,136.39,0
2023-06-30,P107,18,136.37,0
2023-07-01,P107,12,136.36,0
2023-07-02,P107,5,136.35,0
2023-07-03,P107,23,136.33,0
2023-07-04,P107,23,136.32,0
2023-07-05,P107,21,136.31,0
2023-07-06,P107,19,136.29,0
2023-07-07,P107,20,136.28,0
2023-07-08,P107,13,136.26,0
2023-07-09,P107,5,136.25,0
2023-07-10,P107,23,136.23,0
2023-07-11,P107,21,136.22,0
2023-07-12,P107,22,136.2,0
2023-07-13,P107,25,136.19,0
2023-07-14,P107,23,136.17,0
2023-07-15,P107,11,136.15,0
2023-07-16,P107,3,136.14,0
2023-07-17,P107,21,136.12,0
2023-07-18,P107,23,136.1,0
2023-07-19,P107,21,136.09,0
2023-07-20,P107,22,136.07,0
2023-07-21,P107,24,136.05,0
2023-07-22,P107,12,136.03,0
2023-07-23,P107,5,136.01,0
2023-07-24,P107,19,135.99,0
2023-07-25,P107,23,135.97,0
2023-07-26,P107,18,135.95,0
2023-07-27,P107,22,135.94,0
2023-07-28,P107,19,135.92,0
2023-07-29,P107,14,135.9,0
2023-07-30,P107,5,135.87,0
2023-07-31,P107,26,135.85,0
2023-08-01,P107,23,135.83,0
2023-08-02,P107,21,135.81,0
2023-08-03,P107,20,135.79,0
2023-08-04,P107,23,135.77,0
2023-08-05,P107,14,135.75,0
2023-08-06,P107,5,135.73,0
2023-08-07,P107,22,135.7,0
2023-08-08,P107,24,135.68,0
2023-08-09,P107,24,135.66,0
2023-08-10,P107,28,135.63,0
2023-08-11,P107,25,135.61,0
2023-08-12,P107,13,135.59,0
2023-08-13,P107,5,135.56,0
2023-08-14,P107,24,135.54,0
2023-08-15,P107,26,135.52,0
2023-08-16,P107,23,135.49,0
2023-08-17,P107,21,135.47,0
2023-08-18,P107,25,135.44,0
2023-08-19,P107,12,135.42,0
2023-08-20,P107,5,135.39,0
2023-08-21,P107,28,135.37,0
2023-08-22,P107,26,135.34,0
2023-08-23,P107,25,135.32,0
2023-08-24,P107,32,135.29,0
2023-08-25,P107,23,135.27,0
2023-08-26,P107,11,135.24,0
2023-08-27,P107,5,135.22,0
2023-08-28,P107,28,135.19,0
2023-08-29,P107,21,135.16,0
2023-08-30,P107,22,135.14,0
2023-08-31,P107,27,135.11,0
2023-09-01,P107,22,135.08,0
2023-09-02,P107,12,135.06,0
2023-09-03,P107,6,135.03,0
2023-09-04,P107,22,135.0,0
2023-09-05,P107,21,134.97,0
2023-09-06,P107,21,134.95,0
2023-09-07,P107,26,134.92,0
2023-09-08,P107,24,134.89,0
2023-09-09,P107,12,134.86,0
2023-09-10,P107,4,134.84,0
2023-09-11,P107,24,134.81,0
2023-09-12,P107,29,134.78,0
2023-09-13,P107,23,134.75,0
2023-09-14,P107,23,134.72,0
2023-09-15,P107,20,134.69,0
2023-09-16,P107,12,134.66,0
2023-09-17,P107,5,134.64,0
2023-09-18,P107,31,134.61,0
2023-09-19,P107,27,134.58,0
2023-09-20,P107,25,134.55,0
2023-09-21,P107,27,134.52,0
2023-09-22,P107,26,134.49,0
2023-09-23,P107,12,134.46,0
2023-09-24,P107,7,134.43,0
2023-09-25,P107,41,134.4,1
2023-09-26,P107,27,134.37,0
2023-09-27,P107,27,134.35,0
2023-09-28,P107,26,134.32,0
2023-09-29,P107,28,134.29,0
2023-09-30,P107,12,134.26,0
2023-10-01,P107,6,134.23,0
2023-10-02,P107,26,134.2,0
2023-10-03,P107,30,134.17,0
2023-10-04,P107,26,134.14,0
2023-10-05,P107,25,134.11,0
2023-10-06,P107,26,134.08,0
2023-10-07,P107,14,134.05,0
2023-10-08,P107,5,134.02,0
2023-10-09,P107,30,133.99,0
2023-10-10,P107,29,133.96,0
2023-10-11,P107,27,133.93,0
2023-10-12,P107,25,133.9,0
2023-10-13,P107,26,133.87,0
2023-10-14,P107,15,133.84,0
2023-10-15,P107,5,133.81,0
2023-10-16,P107,28,133.78,0
2023-10-17,P107,30,133.75,0
2023-10-18,P107,20,133.72,0
2023-10-19,P107,27,133.69,0
2023-10-20,P107,27,133.66,0
2023-10-21,P107,15,133.63,0
2023-10-22,P107,6,133.6,0
2023-10-23,P107,26,133.57,0
2023-10-24,P107,25,133.54,0
2023-10-25,P107,22,133.52,0
2023-10-26,P107,30,133.49,0
2023-10-27,P107,28,133.46,0
2023-10-28,P107,16,133.43,0
2023-10-29,P107,5,133.4,0
2023-10-30,P107,30,133.37,0
2023-10-31,P107,24,133.34,0
2023-11-01,P107,25,133.31,0
2023-11-02,P107,28,133.28,0
2023-11-03,P107,28,133.25,0
2023-11-04,P107,33,133.22,1
2023-11-05,P107,6,133.2,0
2023-11-06,P107,25,133.17,0
2023-11-07,P107,57,133.14,1
2023-11-08,P107,26,133.11,0
2023-11-09,P107,34,133.08,0
2023-11-10,P107,29,133.05,0
2023-11-11,P107,16,133.03,0
2023-11-12,P107,6,133.0,0
2023-11-13,P107,28,132.97,0
2023-11-14,P107,31,132.94,0
2023-11-15,P107,27,132.91,0
2023-11-16,P107,27,132.89,0
2023-11-17,P107,51,132.86,1
2023-11-18,P107,26,132.83,1
2023-11-19,P107,6,132.81,0
2023-11-20,P107,26,132.78,0
2023-11-21,P107,30,132.75,0
2023-11-22,P107,30,132.73,0
2023-11-23,P107,28,132.7,0
2023-11-24,P107,25,132.67,0
2023-11-25,P107,15,132.65,0
2023-11-26,P107,6,132.62,0
2023-11-27,P107,29,132.59,0
2023-11-28,P107,34,132.57,0
2023-11-29,P107,25,132.54,0
2023-11-30,P107,35,132.52,0
2023-12-01,P107,27,132.49,0
2023-12-02,P107,16,132.47,0
2023-12-03,P107,6,132.44,0
2023-12-04,P107,33,132.42,0
2023-12-05,P107,30,132.39,0
2023-12-06,P107,28,132.37,0
2023-12-07,P107,27,132.35,0
2023-12-08,P107,27,132.32,0
2023-12-09,P107,16,132.3,0
2023-12-10,P107,6,132.28,0
2023-12-11,P107,29,132.25,0
2023-12-12,P107,28,132.23,0
2023-12-13,P107,27,132.21,0
2023-12-14,P107,28,132.18,0
2023-12-15,P107,29,132.16,0
2023-12-16,P107,16,132.14,0
2023-12-17,P107,7,132.12,0
2023-12-18,P107,30,132.1,0
2023-12-19,P107,32,132.07,0
2023-12-20,P107,30,132.05,0
2023-12-21,P107,24,132.03,0
2023-12-22,P107,50,132.01,1
2023-12-23,P107,15,131.99,0
2023-12-24,P107,5,131.97,0
2023-12-25,P107,28,131.95,0
2023-12-26,P107,31,131.93,0
2023-12-27,P107,41,131.91,1
2023-12-28,P107,27,131.89,0
2023-12-29,P107,33,131.87,0
2023-12-30,P107,13,131.85,0
2023-12-31,P107,6,131.83,0
2024-01-01,P107,26,131.82,0
2024-01-02,P107,28,131.8,0
2024-01-03,P107,30,131.78,0
2024-01-04,P107,26,131.76,0
2024-01-05,P107,30,131.75,0
2024-01-06,P107,18,131.73,0
2024-01-07,P107,7,131.71,0
2024-01-08,P107,33,131.7,0
2024-01-09,P107,26,131.68,0
2024-01-10,P107,30,131.66,0
2024-01-11,P107,31,131.65,0
2024-01-12,P107,31,131.63,0
2024-01-13,P107,19,131.62,0
2024-01-14,P107,7,131.6,0
2024-01-15,P107,33,131.59,0
2024-01-16,P107,40,131.57,0
2024-01-17,P107,31,131.56,0
2024-01-18,P107,29,131.55,0
2024-01-19,P107,29,131.53,0
2024-01-20,P107,14,131.52,0
2024-01-21,P107,6,131.51,0
2024-01-22,P107,24,131.5,0
2024-01-23,P107,29,131.48,0
2024-01-24,P107,30,131.47,0
2024-01-25,P107,33,131.46,0
2024-01-26,P107,32,131.45,0
2024-01-27,P107,14,131.44,0
2024-01-28,P107,8,131.43,0
2024-01-29,P107,30,131.42,0
2024-01-30,P107,32,131.41,0
2024-01-31,P107,25,131.4,0
2024-02-01,P107,28,131.39,0
2024-02-02,P107,31,131.38,0
2024-02-03,P107,16,131.37,0
2024-02-04,P107,6,131.36,0
2024-02-05,P107,31,131.35,0
2024-02-06,P107,26,131.35,0
2024-02-07,P107,30,131.34,0
2024-02-08,P107,34,131.33,0
2024-02-09,P107,31,131.33,0
2024-02-10,P107,15,131.32,0
2024-02-11,P107,7,131.31,0
2024-02-12,P107,26,131.31,0
2024-02-13,P107,27,131.3,0
2024-02-14,P107,36,131.3,0
2024-02-15,P107,31,131.29,0
2024-02-16,P107,27,131.29,0
2024-02-17,P107,15,131.28,0
2024-02-18,P107,6,131.28,0
2024-02-19,P107,30,131.28,0
2024-02-20,P107,31,131.27,0
2024-02-21,P107,30,131.27,0
2024-02-22,P107,25,131.27,0
2024-02-23,P107,29,131.27,0
2024-02-24,P107,14,131.26,0
2024-02-25,P107,5,131.26,0
2024-02-26,P107,33,131.26,0
2024-02-27,P107,38,131.26,0
2024-02-28,P107,36,131.26,0
2024-02-29,P107,31,131.26,0
2024-03-01,P107,27,131.26,0
2024-03-02,P107,15,131.26,0
2024-03-03,P107,6,131.26,0
2024-03-04,P107,28,131.26,0
2024-03-05,P107,34,131.26,0
2024-03-06,P107,23,131.26,0
2024-03-07,P107,28,131.27,0
2024-03-08,P107,30,131.27,0
2024-03-09,P107,14,131.27,0
2024-03-10,P107,6,131.28,0
2024-03-11,P107,31,131.28,0
2024-03-12,P107,35,131.28,0
2024-03-13,P107,25,131.29,0
2024-03-14,P107,24,131.29,0
2024-03-15,P107,24,131.3,0
2024-03-16,P107,12,131.3,0
2024-03-17,P107,5,131.31,0
2024-03-18,P107,25,131.31,0
2024-03-19,P107,33,131.32,0
2024-03-20,P107,28,131.32,0
2024-03-21,P107,28,131.33,0
2024-03-22,P107,24,131.34,0
2024-03-23,P107,16,131.35,0
2024-03-24,P107,7,131.35,0
2024-03-25,P107,25,131.36,0
2024-03-26,P107,35,131.37,0
2024-03-27,P107,30,131.38,0
2024-03-28,P107,28,131.39,0
2024-03-29,P107,27,131.4,0
2024-03-30,P107,15,131.41,0
2024-03-31,P107,7,131.42,0
2024-04-01,P107,29,131.43,0
2024-04-02,P107,30,131.44,0
2024-04-03,P107,27,131.45,0
2024-04-04,P107,30,131.46,0
2024-04-05,P107,23,131.47,0
2024-04-06,P107,14,131.48,0
2024-04-07,P107,7,131.49,0
2024-04-08,P107,20,131.51,0
2024-04-09,P107,29,131.52,0
2024-04-10,P107,29,131.53,0
2024-04-11,P107,26,131.54,0
2024-04-12,P107,25,131.56,0
2024-04-13,P107,14,131.57,0
2024-04-14,P107,5,131.59,0
2024-04-15,P107,28,131.6,0
2024-04-16,P107,26,131.61,0
2024-04-17,P107,34,131.63,0
2024-04-18,P107,26,131.64,0
2024-04-19,P107,27,131.66,0
2024-04-20,P107,13,131.68,0
2024-04-21,P107,6,131.69,0
2024-04-22,P107,29,131.71,0
2024-04-23,P107,29,131.72,0
2024-04-24,P107,24,131.74,0
2024-04-25,P107,24,131.76,0
2024-04-26,P107,30,131.78,0
2024-04-27,P107,13,131.79,0
2024-04-28,P107,6,131.81,0
2024-04-29,P107,24,131.83,0
2024-04-30,P107,30,131.85,0
2024-05-01,P107,25,131.87,0
2024-05-02,P107,23,131.89,0
2024-05-03,P107,23,131.91,0
2024-05-04,P107,13,131.93,0
2024-05-05,P107,6,131.95,0
2024-05-06,P107,26,131.97,0
2024-05-07,P107,24,131.99,0
2024-05-08,P107,26,132.01,0
2024-05-09,P107,22,132.03,0
2024-05-10,P107,26,132.05,0
2024-05-11,P107,15,132.07,0
2024-05-12,P107,5,132.09,0
2024-05-13,P107,26,132.11,0
2024-05-14,P107,32,132.13,0
2024-05-15,P107,26,132.16,0
2024-05-16,P107,23,132.18,0
2024-05-17,P107,26,132.2,0
2024-05-18,P107,12,132.22,0
2024-05-19,P107,5,132.25,0
2024-05-20,P107,24,132.27,0
2024-05-21,P107,24,132.29,0
2024-05-22,P107,52,132.32,1
2024-05-23,P107,27,132.34,0
2024-05-24,P107,27,132.36,0
2024-05-25,P107,14,132.39,0
2024-05-26,P107,5,132.41,0
2024-05-27,P107,24,132.44,0
2024-05-28,P107,19,132.46,0
2024-05-29,P107,26,132.49,0
2024-05-30,P107,18,132.51,0
2024-05-31,P107,19,132.54,0
2024-06-01,P107,13,132.56,0
2024-06-02,P107,5,132.59,0
2024-06-03,P107,24,132.61,0
2024-06-04,P107,30,132.64,0
2024-06-05,P107,26,132.67,0
2024-06-06,P107,24,132.69,0
2024-06-07,P107,27,132.72,0
2024-06-08,P107,15,132.75,0
2024-06-09,P107,5,132.77,0
2024-06-10,P107,22,132.8,0
2024-06-11,P107,24,132.83,0
2024-06-12,P107,21,132.85,0
2024-06-13,P107,24,132.88,0
2024-06-14,P107,20,132.91,0
2024-06-15,P107,12,132.94,0
2024-06-16,P107,5,132.96,0
2024-06-17,P107,19,132.99,0
2024-06-18,P107,22,133.02,0
2024-06-19,P107,23,133.05,0
2024-06-20,P107,24,133.08,0
2024-06-21,P107,22,133.1,0
2024-06-22,P107,18,133.13,1
2024-06-23,P107,5,133.16,0
2024-06-24,P107,20,133.19,0
2024-06-25,P107,24,133.22,0
2024-06-26,P107,24,133.25,0
2024-06-27,P107,23,133.28,0
2024-06-28,P107,23,133.3,0
2024-06-29,P107,13,133.33,0
2024-06-30,P107,5,133.36,0
2024-07-01,P107,22,133.39,0
2024-07-02,P107,21,133.42,0
2024-07-03,P107,28,133.45,0
2024-07-04,P107,25,133.48,0
2024-07-05,P107,20,133.51,0
2024-07-06,P107,13,133.54,0
2024-07-07,P107,6,133.57,0
2024-07-08,P107,29,133.6,0
2024-07-09,P107,26,133.63,0
2024-07-10,P107,27,133.66,0
2024-07-11,P107,21,133.69,0
2024-07-12,P107,23,133.72,0
2024-07-13,P107,12,133.74,0
2024-07-14,P107,5,133.77,0
2024-07-15,P107,28,133.8,0
2024-07-16,P107,26,133.83,0
2024-07-17,P107,22,133.86,0
2024-07-18,P107,21,133.89,0
2024-07-19,P107,27,133.92,0
2024-07-20,P107,13,133.95,0
2024-07-21,P107,5,133.98,0
2024-07-22,P107,23,134.01,0
2024-07-23,P107,26,134.04,0
2024-07-24,P107,37,134.07,1
2024-07-25,P107,25,134.1,0
2024-07-26,P107,20,134.13,0
2024-07-27,P107,12,134.16,0
2024-07-28,P107,5,134.19,0
2024-07-29,P107,16,134.22,0
2024-07-30,P107,24,134.25,0
2024-07-31,P107,22,134.28,0
2024-08-01,P107,24,134.31,0
2024-08-02,P107,23,134.34,0
2024-08-03,P107,15,134.37,0
2024-08-04,P107,5,134.4,0
2024-08-05,P107,25,134.43,0
2024-08-06,P107,27,134.46,0
2024-08-07,P107,27,134.48,0
2024-08-08,P107,25,134.51,0
2024-08-09,P107,24,134.54,0
2024-08-10,P107,14,134.57,0
2024-08-11,P107,4,134.6,0
2024-08-12,P107,30,134.63,0
2024-08-13,P107,30,134.66,0
2024-08-14,P107,26,134.69,0
2024-08-15,P107,21,134.72,0
2024-08-16,P107,26,134.74,0
2024-08-17,P107,12,134.77,0
2024-08-18,P107,5,134.8,0
2024-08-19,P107,21,134.83,0
2024-08-20,P107,32,134.86,0
2024-08-21,P107,21,134.88,0
2024-08-22,P107,25,134.91,0
2024-08-23,P107,18,134.94,0
2024-08-24,P107,13,134.97,0
2024-08-25,P107,5,134.99,0
2024-08-26,P107,28,135.02,0
2024-08-27,P107,25,135.05,0
2024-08-28,P107,29,135.08,0
2024-08-29,P107,22,135.1,0
2024-08-30,P107,23,135.13,0
2024-08-31,P107,13,135.16,0
2024-09-01,P107,6,135.18,0
2024-09-02,P107,44,135.21,1
2024-09-03,P107,29,135.24,0
2024-09-04,P107,27,135.26,0
2024-09-05,P107,27,135.29,0
2024-09-06,P107,22,135.31,0
2024-09-07,P107,14,135.34,0
2024-09-08,P107,6,135.36,0
2024-09-09,P107,21,135.39,0
2024-09-10,P107,28,135.41,0
2024-09-11,P107,28,135.44,0
2024-09-12,P107,30,135.46,0
2024-09-13,P107,26,135.49,0
2024-09-14,P107,14,135.51,0
2024-09-15,P107,6,135.54,0
2024-09-16,P107,24,135.56,0
2024-09-17,P107,26,135.58,0
2024-09-18,P107,23,135.61,0
2024-09-19,P107,30,135.63,0
2024-09-20,P107,26,135.65,0
2024-09-21,P107,12,135.68,0
2024-09-22,P107,6,135.7,0
2024-09-23,P107,30,135.72,0
2024-09-24,P107,31,135.74,0
2024-09-25,P107,24,135.76,0
2024-09-26,P107,17,135.79,0
2024-09-27,P107,26,135.81,0
2024-09-28,P107,13,135.83,0
2024-09-29,P107,6,135.85,0
2024-09-30,P107,30,135.87,0
2024-10-01,P107,31,135.89,0
2024-10-02,P107,33,135.91,0
2024-10-03,P107,31,135.93,0
2024-10-04,P107,31,135.95,0
2024-10-05,P107,16,135.97,0
2024-10-06,P107,7,135.99,0
2024-10-07,P107,27,136.01,0
2024-10-08,P107,24,136.03,0
2024-10-09,P107,36,136.05,0
2024-10-10,P107,27,136.06,0
2024-10-11,P107,30,136.08,0
2024-10-12,P107,13,136.1,0
2024-10-13,P107,6,136.12,0
2024-10-14,P107,20,136.13,0
2024-10-15,P107,28,136.15,0
2024-10-16,P107,28,136.17,0
2024-10-17,P107,29,136.18,0
2024-10-18,P107,30,136.2,0
2024-10-19,P107,13,136.22,0
2024-10-20,P107,6,136.23,0
2024-10-21,P107,32,136.25,0
2024-10-22,P107,37,136.26,0
2024-10-23,P107,31,136.28,0
2024-10-24,P107,27,136.29,0
2024-10-25,P107,23,136.3,0
2024-10-26,P107,18,136.32,0
2024-10-27,P107,6,136.33,0
2024-10-28,P107,29,136.35,0
2024-10-29,P107,24,136.36,0
2024-10-30,P107,26,136.37,0
2024-10-31,P107,31,136.38,0
2024-11-01,P107,28,136.39,0
2024-11-02,P107,12,136.41,0
2024-11-03,P107,6,136.42,0
2024-11-04,P107,24,136.43,0
2024-11-05,P107,35,136.44,0
2024-11-06,P107,30,136.45,0
2024-11-07,P107,27,136.46,0
2024-11-08,P107,31,136.47,0
2024-11-09,P107,16,136.48,0
2024-11-10,P107,7,136.49,0
2024-11-11,P107,30,136.5,0
2024-11-12,P107,31,136.51,0
2024-11-13,P107,29,136.51,0
2024-11-14,P107,30,136.52,0
2024-11-15,P107,33,136.53,0
2024-11-16,P107,15,136.54,0
2024-11-17,P107,7,136.54,0
2024-11-18,P107,27,136.55,0
2024-11-19,P107,24,136.56,0
2024-11-20,P107,31,136.56,0
2024-11-21,P107,31,136.57,0
2024-11-22,P107,28,136.57,0
2024-11-23,P107,13,136.58,0
2024-11-24,P107,6,136.58,0
2024-11-25,P107,31,136.59,0
2024-11-26,P107,28,136.59,0
2024-11-27,P107,26,136.6,0
2024-11-28,P107,29,136.6,0
2024-11-29,P107,31,136.6,0
2024-11-30,P107,16,136.61,0
2024-12-01,P107,6,136.61,0
2024-12-02,P107,31,136.61,0
2024-12-03,P107,35,136.61,0
2024-12-04,P107,27,136.61,0
2024-12-05,P107,31,136.62,0
2024-12-06,P107,33,136.62,0
2024-12-07,P107,14,136.62,0
2024-12-08,P107,7,136.62,0
2024-12-09,P107,36,136.62,0
2024-12-10,P107,31,136.62,0
2024-12-11,P107,30,136.61,0
2024-12-12,P107,34,136.61,0
2024-12-13,P107,29,136.61,0
2024-12-14,P107,25,136.61,1
2024-12-15,P107,6,136.61,0
2024-12-16,P107,33,136.61,0
2024-12-17,P107,35,136.6,0
2024-12-18,P107,29,136.6,0
2024-12-19,P107,30,136.6,0
2024-12-20,P107,53,136.59,1
2024-12-21,P107,16,136.59,0
2024-12-22,P107,5,136.58,0
2024-12-23,P107,35,136.58,0
2024-12-24,P107,32,136.57,0
2024-12-25,P107,36,136.57,0
2024-12-26,P107,26,136.56,0
2024-12-27,P107,29,136.56,0
2024-12-28,P107,17,136.55,0
2024-12-29,P107,6,136.54,0
2024-12-30,P107,27,136.54,0
2024-12-31,P107,41,136.53,1
2025-01-01,P107,37,136.52,0
2025-01-02,P107,32,136.51,0
2025-01-03,P107,33,136.5,0
2025-01-04,P107,18,136.5,0
2025-01-05,P107,7,136.49,0
2025-01-06,P107,30,136.48,0
2025-01-07,P107,34,136.47,0
2025-01-08,P107,37,136.46,0
2025-01-09,P107,31,136.45,0
2025-01-10,P107,59,136.44,1
2025-01-11,P107,14,136.43,0
2025-01-12,P107,5,136.41,0
2025-01-13,P107,35,136.4,0
2025-01-14,P107,30,136.39,0
2025-01-15,P107,39,136.38,0
2025-01-16,P107,36,136.37,0
2025-01-17,P107,35,136.35,0
2025-01-18,P107,18,136.34,0
2025-01-19,P107,6,136.33,0
2025-01-20,P107,26,136.31,0
2025-01-21,P107,38,136.3,0
2025-01-22,P107,42,136.29,1
2025-01-23,P107,37,136.27,0
2025-01-24,P107,32,136.26,0
2025-01-25,P107,16,136.24,0
2025-01-26,P107,7,136.23,0
2025-01-27,P107,33,136.21,0
2025-01-28,P107,32,136.2,0
2025-01-29,P107,37,136.18,0
2025-01-30,P107,36,136.16,0
2025-01-31,P107,30,136.15,0
2025-02-01,P107,15,136.13,0
2025-02-02,P107,7,136.11,0
2025-02-03,P107,24,136.09,0
2025-02-04,P107,34,136.08,0
2025-02-05,P107,34,136.06,0
2025-02-06,P107,28,136.04,0
2025-02-07,P107,33,136.02,0
2025-02-08,P107,16,136.0,0
2025-02-09,P107,6,135.98,0
2025-02-10,P107,35,135.96,0
2025-02-11,P107,28,135.94,0
2025-02-12,P107,35,135.93,0
2025-02-13,P107,24,135.9,0
2025-02-14,P107,30,135.88,0
2025-02-15,P107,16,135.86,0
2025-02-16,P107,6,135.84,0
2025-02-17,P107,32,135.82,0
2025-02-18,P107,32,135.8,0
2025-02-19,P107,35,135.78,0
2025-02-20,P107,33,135.76,0
2025-02-21,P107,31,135.74,0
2025-02-22,P107,35,135.71,1
2025-02-23,P107,6,135.69,0
2025-02-24,P107,30,135.67,0
2025-02-25,P107,33,135.65,0
2025-02-26,P107,31,135.62,0
2025-02-27,P107,34,135.6,0
2025-02-28,P107,29,135.58,0
2025-03-01,P107,17,135.55,0
2025-03-02,P107,5,135.53,0
2025-03-03,P107,34,135.5,0
2025-03-04,P107,30,135.48,0
2025-03-05,P107,27,135.46,0
2025-03-06,P107,36,135.43,0
2025-03-07,P107,31,135.41,0
2025-03-09,P107,7,135.36,0
2025-03-10,P107,30,135.33,0
2025-03-11,P107,30,135.31,0
2025-03-12,P107,33,135.28,0
2025-03-13,P107,34,135.25,0
2025-03-14,P107,28,135.23,0
2025-03-15,P107,19,135.2,0
2025-03-16,P107,10,135.18,1
2025-03-17,P107,25,135.15,0
2025-03-18,P107,25,135.12,0
2025-03-19,P107,25,135.1,0
2025-03-20,P107,28,135.07,0
2025-03-21,P107,27,135.04,0
2025-03-22,P107,17,135.01,0
2025-03-23,P107,6,134.99,0
2025-03-24,P107,32,134.96,0
2025-03-25,P107,31,134.93,0
2025-03-26,P107,30,134.9,0
2025-03-27,P107,27,134.88,0
2025-03-28,P107,64,134.85,1
2025-03-29,P107,13,134.82,0
2025-03-30,P107,6,134.79,0
2025-03-31,P107,29,134.76,0
2025-04-01,P107,33,134.74,0
2025-04-02,P107,30,134.71,0
2025-04-03,P107,29,134.68,0
2025-04-04,P107,27,134.65,0
2025-04-05,P107,17,134.62,0
2025-04-06,P107,6,134.59,0
2025-04-07,P107,35,134.56,0
2025-04-08,P107,31,134.53,0
2025-04-09,P107,29,134.51,0
2025-04-10,P107,28,134.48,0
2025-04-11,P107,29,134.45,0
2025-04-12,P107,14,134.42,0
2025-04-13,P107,10,134.39,1
2025-04-14,P107,28,134.36,0
2025-04-15,P107,31,134.33,0
2025-04-16,P107,30,134.3,0
2025-04-17,P107,29,134.27,0
2025-04-19,P107,17,134.21,0
2025-04-20,P107,6,134.18,0
2025-04-21,P107,36,134.15,0
2025-04-22,P107,29,134.12,0
2025-04-23,P107,32,134.09,0
2025-04-24,P107,25,134.06,0
2025-04-25,P107,30,134.03,0
2025-04-26,P107,13,134.0,0
2025-04-27,P107,6,133.97,0
2025-04-28,P107,27,133.94,0
2025-04-29,P107,30,133.91,0
2025-04-30,P107,27,133.89,0
2025-05-01,P107,25,133.86,0
2025-05-02,P107,25,133.83,0
2025-05-03,P107,17,133.8,0
2025-05-04,P107,6,133.77,0
2025-05-05,P107,23,133.74,0
2025-05-06,P107,32,133.71,0
2025-05-07,P107,25,133.68,0
2025-05-08,P107,29,133.65,0
2025-05-09,P107,27,133.62,0
2025-05-10,P107,15,133.59,0
2025-05-11,P107,7,133.56,0
2025-05-12,P107,25,133.53,0
2025-05-13,P107,30,133.5,0
2025-05-14,P107,31,133.47,0
2025-05-15,P107,25,133.44,0
2025-05-16,P107,23,133.41,0
2025-05-17,P107,29,133.38,1
2025-05-18,P107,6,133.35,0
2025-05-19,P107,23,133.32,0
2025-05-20,P107,29,133.3,0
2025-05-21,P107,23,133.27,0
2025-05-22,P107,30,133.24,0
2025-05-23,P107,26,133.21,0
2025-05-24,P107,17,133.18,0
2025-05-25,P107,6,133.15,0
2025-05-26,P107,25,133.12,0
2025-05-27,P107,25,133.1,0
2025-05-28,P107,27,133.07,0
2025-05-29,P107,26,133.04,0
2025-05-30,P107,28,133.01,0
2025-05-31,P107,12,132.98,0
2025-06-01,P107,7,132.96,0
2025-06-02,P107,30,132.93,0
2025-06-03,P107,26,132.9,0
2025-06-04,P107,32,132.87,0
2025-06-05,P107,24,132.85,0
2025-06-06,P107,25,132.82,0
2025-06-07,P107,12,132.79,0
2025-06-08,P107,6,132.77,0
2025-06-09,P107,21,132.74,0
2025-06-10,P107,23,132.71,0
2025-06-11,P107,45,132.69,1
2025-06-12,P107,29,132.66,0
2025-06-13,P107,27,132.63,0
2025-06-14,P107,23,132.61,1
2025-06-15,P107,6,132.58,0
2025-06-16,P107,25,132.56,0
2025-06-17,P107,28,132.53,0
2025-06-18,P107,31,132.51,0
2025-06-19,P107,25,132.48,0
2025-06-20,P107,22,132.46,0
2025-06-21,P107,14,132.43,0
2025-06-22,P107,6,132.41,0
2025-06-23,P107,26,132.38,0
2025-06-24,P107,29,132.36,0
2025-06-25,P107,25,132.33,0
2025-06-26,P107,26,132.31,0
2025-06-27,P107,25,132.29,0
2025-06-28,P107,14,132.26,0
2025-06-29,P107,6,132.24,0
2025-06-30,P107,26,132.22,0
2025-07-01,P107,25,132.19,0
2025-07-02,P107,27,132.17,0
2025-07-03,P107,28,132.15,0
2025-07-04,P107,26,132.13,0
2025-07-05,P107,14,132.11,0
2025-07-06,P107,4,132.08,0
2025-07-07,P107,18,132.06,0
2025-07-08,P107,30,132.04,0
2025-07-09,P107,27,132.02,0
2025-07-10,P107,25,132.0,0
2025-07-11,P107,26,131.98,0
2025-07-12,P107,16,131.96,0
2025-07-13,P107,6,131.94,0
2025-07-14,P107,28,131.92,0
2025-07-15,P107,24,131.9,0
2025-07-16,P107,24,131.88,0
2025-07-17,P107,19,131.86,0
2025-07-18,P107,26,131.84,0
2025-07-19,P107,29,131.83,1
2025-07-20,P107,6,131.81,0
2025-07-21,P107,27,131.79,0
2025-07-23,P107,24,131.75,0
2025-07-24,P107,49,131.74,1
2025-07-25,P107,24,131.72,0
2025-07-26,P107,12,131.7,0
2025-07-27,P107,6,131.69,0
2025-07-28,P107,22,131.67,0
2025-07-29,P107,26,131.66,0
2025-07-30,P107,20,131.64,0
2025-07-31,P107,26,131.62,0
2025-08-01,P107,45,131.61,1
2025-08-02,P107,13,131.6,0
2025-08-03,P107,5,131.58,0
2025-08-04,P107,26,131.57,0
2025-08-05,P107,48,131.55,1
2025-08-06,P107,26,131.54,0
2025-08-07,P107,56,131.53,1
2025-08-08,P107,25,131.51,0
2025-08-09,P107,14,131.5,0
2025-08-10,P107,5,131.49,0
2025-08-11,P107,24,131.48,0
2025-08-12,P107,27,131.47,0
2025-08-13,P107,34,131.45,0
2025-08-14,P107,25,131.44,0
2025-08-15,P107,25,131.43,0
2025-08-16,P107,12,131.42,0
2025-08-17,P107,4,131.41,0
2025-08-18,P107,24,131.4,0
2025-08-19,P107,64,131.39,1
2025-08-20,P107,28,131.38,0
2025-08-21,P107,31,131.38,0
2025-08-22,P107,24,131.37,0
2025-08-23,P107,10,131.36,0
2025-08-25,P107,27,131.34,0
2025-08-26,P107,28,131.34,0
2025-08-27,P107,27,131.33,0
2025-08-28,P107,25,131.32,0
2025-08-29,P107,28,131.32,0
2025-08-30,P107,13,131.31,0
2025-08-31,P107,6,131.3,0
2025-09-01,P107,27,131.3,0
2025-09-02,P107,27,131.29,0
2025-09-03,P107,25,131.29,0
2025-09-04,P107,25,131.29,0
2025-09-05,P107,31,131.28,0
2025-09-06,P107,16,131.28,0
2025-09-07,P107,6,131.27,0
2025-09-08,P107,38,131.27,1
2025-09-09,P107,24,131.27,0
2025-09-10,P107,31,131.27,0
2025-09-11,P107,30,131.26,0
2025-09-12,P107,26,131.26,0
2025-09-13,P107,14,131.26,0
2025-09-14,P107,5,131.26,0
2025-09-15,P107,30,131.26,0
2025-09-16,P107,32,131.26,0
2025-09-17,P107,26,131.26,0
2025-09-18,P107,25,131.26,0
2025-09-19,P107,30,131.26,0
2025-09-20,P107,13,131.26,0
2025-09-21,P107,7,131.26,0
2025-09-22,P107,27,131.26,0
2025-09-23,P107,28,131.27,0
2025-09-24,P107,29,131.27,0
2025-09-25,P107,26,131.27,0
2025-09-26,P107,30,131.27,0
2025-09-27,P107,16,131.28,0
2025-09-28,P107,7,131.28,0
2025-09-29,P107,29,131.28,0
2025-09-30,P107,28,131.29,0
2025-10-01,P107,29,131.29,0
2025-10-02,P107,27,131.3,0
2025-10-03,P107,31,131.3,0
2025-10-04,P107,16,131.31,0
2025-10-05,P107,6,131.31,0
2025-10-06,P107,26,131.32,0
2025-10-07,P107,35,131.33,0
2025-10-08,P107,30,131.33,0
2025-10-09,P107,28,131.34,0
2025-10-10,P107,32,131.35,0
2025-10-11,P107,14,131.36,0
2025-10-12,P107,6,131.36,0
2025-10-13,P107,28,131.37,0
2025-10-14,P107,26,131.38,0
2025-10-15,P107,31,131.39,0
2025-10-16,P107,27,131.4,0
2025-10-17,P107,26,131.41,0
2025-10-18,P107,14,131.42,0
2025-10-19,P107,9,131.43,1
2025-10-20,P107,27,131.44,0
2025-10-21,P107,32,131.45,0
2025-10-22,P107,30,131.46,0
2025-10-23,P107,30,131.48,0
2025-10-24,P107,35,131.49,0
2025-10-25,P107,15,131.5,0
2025-10-26,P107,7,131.51,0
2025-10-27,P107,32,131.52,0
2025-10-28,P107,31,131.54,0
2025-10-29,P107,32,131.55,0
2025-10-30,P107,30,131.56,0
2025-10-31,P107,29,131.58,0
2025-11-01,P107,15,131.59,0
2025-11-02,P107,6,131.61,0
2025-11-03,P107,30,131.62,0
2025-11-04,P107,25,131.64,0
2025-11-05,P107,36,131.65,0
2025-11-06,P107,37,131.67,0
2025-11-07,P107,29,131.68,0
2025-11-08,P107,30,131.7,1
2025-11-09,P107,7,131.72,0
2025-11-10,P107,26,131.73,0
2025-11-11,P107,35,131.75,0
2025-11-12,P107,30,131.77,0
2025-11-13,P107,38,131.79,0
2025-11-14,P107,29,131.8,0
2025-11-15,P107,18,131.82,0
2025-11-16,P107,6,131.84,0
2025-11-17,P107,39,131.86,0
2025-11-18,P107,31,131.88,0
2025-11-19,P107,36,131.9,0
2025-11-20,P107,33,131.92,0
2025-11-21,P107,31,131.94,0
2025-11-22,P107,17,131.96,0
2025-11-23,P107,6,131.98,0
2025-11-24,P107,23,132.0,0
2025-11-25,P107,37,132.02,0
2025-11-26,P107,31,132.04,0
2025-11-27,P107,35,132.06,0
2025-11-28,P107,31,132.08,0
2025-11-29,P107,19,132.1,0
2025-11-30,P107,7,132.12,0
2025-12-01,P107,23,132.15,0
2025-12-02,P107,35,132.17,0
2025-12-03,P107,31,132.19,0
2025-12-04,P107,36,132.21,0
2025-12-05,P107,32,132.24,0
2025-12-06,P107,18,132.26,0
2025-12-07,P107,6,132.28,0
2025-12-08,P107,29,132.31,0
2025-12-09,P107,32,132.33,0
2025-12-10,P107,26,132.35,0
2025-12-11,P107,30,132.38,0
2025-12-12,P107,26,132.4,0
2025-12-13,P107,14,132.43,0
2025-12-14,P107,7,132.45,0
2025-12-15,P107,71,132.48,1
2025-12-16,P107,34,132.5,0
2025-12-17,P107,31,132.53,0
2025-12-18,P107,29,132.55,0
2025-12-19,P107,30,132.58,0
2025-12-20,P107,15,132.6,0
2025-12-21,P107,7,132.63,0
2025-12-22,P107,27,132.65,0
2025-12-23,P107,37,132.68,0
2025-12-24,P107,31,132.71,0
2025-12-25,P107,34,132.73,0
2025-12-26,P107,34,132.76,0
2025-12-27,P107,18,132.79,0
2025-12-28,P107,7,132.81,0
2025-12-29,P107,25,132.84,0
2025-12-30,P107,32,132.87,0
2025-12-31,P107,38,132.9,0
2023-01-01,P108,3,574.11,0
2023-01-02,P108,17,574.24,0
2023-01-03,P108,14,574.36,0
2023-01-04,P108,18,574.49,0
2023-01-05,P108,16,574.62,0
2023-01-06,P108,14,574.75,0
2023-01-07,P108,17,574.87,1
2023-01-08,P108,3,575.0,0
2023-01-09,P108,17,575.13,0
2023-01-10,P108,16,575.25,0
2023-01-11,P108,17,575.38,0
2023-01-12,P108,29,575.51,1
2023-01-13,P108,13,575.63,0
2023-01-14,P108,8,575.76,0
2023-01-15,P108,3,575.89,0
2023-01-16,P108,17,576.01,0
2023-01-17,P108,17,576.14,0
2023-01-18,P108,15,576.26,0
2023-01-19,P108,16,576.39,0
2023-01-20,P108,14,576.51,0
2023-01-21,P108,7,576.64,0
2023-01-22,P108,3,576.76,0
2023-01-23,P108,16,576.89,0
2023-01-24,P108,17,577.01,0
2023-01-25,P108,16,577.13,0
2023-01-26,P108,17,577.26,0
2023-01-27,P108,13,577.38,0
2023-01-28,P108,8,577.5,0
2023-01-29,P108,4,577.62,0
2023-01-30,P108,12,577.74,0
2023-01-31,P108,15,577.87,0
2023-02-01,P108,14,577.99,0
2023-02-02,P108,15,578.11,0
2023-02-03,P108,14,578.22,0
2023-02-04,P108,9,578.34,0
2023-02-05,P108,3,578.46,0
2023-02-06,P108,13,578.58,0
2023-02-07,P108,15,578.7,0
2023-02-08,P108,16,578.81,0
2023-02-09,P108,16,578.93,0
2023-02-10,P108,18,579.05,0
2023-02-11,P108,9,579.16,0
2023-02-12,P108,3,579.27,0
2023-02-13,P108,15,579.39,0
2023-02-14,P108,16,579.5,0
2023-02-15,P108,15,579.61,0
2023-02-16,P108,16,579.73,0
2023-02-17,P108,11,579.84,0
2023-02-18,P108,8,579.95,0
2023-02-19,P108,3,580.06,0
2023-02-20,P108,15,580.16,0
2023-02-21,P108,18,580.27,0
2023-02-22,P108,13,580.38,0
2023-02-23,P108,15,580.49,0
2023-02-24,P108,15,580.59,0
2023-02-25,P108,8,580.7,0
2023-02-26,P108,3,580.8,0
2023-02-27,P108,17,580.9,0
2023-02-28,P108,15,581.01,0
2023-03-01,P108,14,581.11,0
2023-03-02,P108,14,581.21,0
2023-03-03,P108,13,581.31,0
2023-03-04,P108,7,581.41,0
2023-03-05,P108,3,581.51,0
2023-03-06,P108,14,581.6,0
2023-03-07,P108,16,581.7,0
2023-03-08,P108,16,581.79,0
2023-03-09,P108,17,581.89,0
2023-03-10,P108,13,581.98,0
2023-03-11,P108,7,582.07,0
2023-03-12,P108,2,582.17,0
2023-03-13,P108,18,582.26,0
2023-03-14,P108,16,582.35,0
2023-03-15,P108,13,582.43,0
2023-03-16,P108,17,582.52,0
2023-03-17,P108,15,582.61,0
2023-03-18,P108,6,582.69,0
2023-03-19,P108,3,582.78,0
2023-03-20,P108,14,582.86,0
2023-03-21,P108,13,582.94,0
2023-03-22,P108,14,583.02,0
2023-03-23,P108,15,583.1,0
2023-03-24,P108,11,583.18,0
2023-03-25,P108,7,583.26,0
2023-03-26,P108,3,583.34,0
2023-03-27,P108,14,583.41,0
2023-03-28,P108,14,583.49,0
2023-03-29,P108,13,583.56,0
2023-03-30,P108,15,583.63,0
2023-03-31,P108,11,583.7,0
2023-04-01,P108,7,583.77,0
2023-04-02,P108,3,583.84,0
2023-04-03,P108,15,583.91,0
2023-04-04,P108,13,583.97,0
2023-04-05,P108,13,584.04,0
2023-04-06,P108,12,584.1,0
2023-04-07,P108,13,584.16,0
2023-04-08,P108,7,584.22,0
2023-04-09,P108,3,584.28,0
2023-04-10,P108,23,584.34,1
2023-04-11,P108,15,584.4,0
2023-04-12,P108,12,584.45,0
2023-04-13,P108,12,584.51,0
2023-04-14,P108,14,584.56,0
2023-04-15,P108,7,584.61,0
2023-04-16,P108,3,584.67,0
2023-04-17,P108,13,584.72,0
2023-04-18,P108,14,584.76,0
2023-04-19,P108,14,584.81,0
2023-04-20,P108,15,584.86,0
2023-04-21,P108,14,584.9,0
2023-04-22,P108,8,584.94,0
2023-04-23,P108,2,584.98,0
2023-04-24,P108,11,585.02,0
2023-04-25,P108,14,585.06,0
2023-04-26,P108,15,585.1,0
2023-04-27,P108,14,585.14,0
2023-04-28,P108,12,585.17,0
2023-04-29,P108,7,585.21,0
2023-04-30,P108,3,585.24,0
2023-05-01,P108,13,585.27,0
2023-05-02,P108,13,585.3,0
2023-05-03,P108,13,585.33,0
2023-05-04,P108,11,585.35,0
2023-05-05,P108,11,585.38,0
2023-05-06,P108,6,585.4,0
2023-05-07,P108,2,585.42,0
2023-05-08,P108,13,585.44,0
2023-05-09,P108,13,585.46,0
2023-05-10,P108,14,585.48,0
2023-05-11,P108,14,585.5,0
2023-05-12,P108,13,585.51,0
2023-05-13,P108,7,585.53,0
2023-05-14,P108,2,585.54,0
2023-05-15,P108,10,585.55,0
2023-05-16,P108,14,585.56,0
2023-05-17,P108,14,585.57,0
2023-05-18,P108,14,585.58,0
2023-05-19,P108,12,585.58,0
2023-05-20,P108,5,585.59,0
2023-05-21,P108,3,585.59,0
2023-05-22,P108,13,585.59,0
2023-05-23,P108,14,585.59,0
2023-05-24,P108,14,585.59,0
2023-05-25,P108,13,585.59,0
2023-05-26,P108,11,585.58,0
2023-05-27,P108,6,585.58,0
2023-05-28,P108,4,585.57,1
2023-05-29,P108,11,585.56,0
2023-05-30,P108,15,585.55,0
2023-05-31,P108,10,585.54,0
2023-06-01,P108,13,585.53,0
2023-06-02,P108,12,585.51,0
2023-06-03,P108,6,585.5,0
2023-06-04,P108,2,585.48,0
2023-06-05,P108,9,585.46,0
2023-06-06,P108,12,585.44,0
2023-06-07,P108,12,585.42,0
2023-06-08,P108,13,585.4,0
2023-06-09,P108,10,585.37,0
2023-06-10,P108,7,585.35,0
2023-06-11,P108,2,585.32,0
2023-06-12,P108,13,585.29,0
2023-06-13,P108,9,585.26,0
2023-06-14,P108,15,585.23,0
2023-06-15,P108,12,585.2,0
2023-06-16,P108,8,585.16,0
2023-06-17,P108,6,585.13,0
2023-06-18,P108,2,585.09,0
2023-06-19,P108,11,585.05,0
2023-06-20,P108,12,585.01,0
2023-06-21,P108,11,584.97,0
2023-06-22,P108,11,584.93,0
2023-06-23,P108,10,584.89,0
2023-06-24,P108,7,584.84,0
2023-06-25,P108,3,584.8,0
2023-06-26,P108,12,584.75,0
2023-06-27,P108,12,584.7,0
2023-06-28,P108,11,584.65,0
2023-06-29,P108,12,584.6,0
2023-06-30,P108,12,584.55,0
2023-07-01,P108,6,584.5,0
2023-07-02,P108,3,584.44,0
2023-07-03,P108,12,584.38,0
2023-07-04,P108,11,584.33,0
2023-07-05,P108,14,584.27,0
2023-07-06,P108,12,584.21,0
2023-07-07,P108,13,584.15,0
2023-07-08,P108,7,584.08,0
2023-07-09,P108,3,584.02,0
2023-07-10,P108,14,583.96,0
2023-07-11,P108,13,583.89,0
2023-07-12,P108,11,583.82,0
2023-07-13,P108,11,583.75,0
2023-07-14,P108,12,583.68,0
2023-07-15,P108,6,583.61,0
2023-07-16,P108,2,583.54,0
2023-07-17,P108,13,583.47,0
2023-07-18,P108,13,583.39,0
2023-07-19,P108,14,583.32,0
2023-07-20,P108,11,583.24,0
2023-07-21,P108,13,583.16,0
2023-07-22,P108,7,583.08,0
2023-07-23,P108,3,583.0,0
2023-07-24,P108,14,582.92,0
2023-07-25,P108,13,582.84,0
2023-07-26,P108,12,582.76,0
2023-07-27,P108,15,582.67,0
2023-07-28,P108,11,582.59,0
2023-07-29,P108,7,582.5,0
2023-07-30,P108,2,582.41,0
2023-07-31,P108,10,582.32,0
2023-08-01,P108,23,582.23,1
2023-08-02,P108,13,582.14,0
2023-08-03,P108,13,582.05,0
2023-08-04,P108,12,581.96,0
2023-08-05,P108,7,581.86,0
2023-08-06,P108,3,581.77,0
2023-08-07,P108,12,581.67,0
2023-08-08,P108,14,581.58,0
2023-08-09,P108,13,581.48,0
2023-08-10,P108,12,581.38,0
2023-08-11,P108,13,581.28,0
2023-08-12,P108,7,581.18,0
2023-08-13,P108,3,581.08,0
2023-08-14,P108,13,580.98,0
2023-08-15,P108,16,580.88,0
2023-08-16,P108,15,580.77,0
2023-08-17,P108,13,580.67,0
2023-08-18,P108,12,580.56,0
2023-08-19,P108,6,580.46,0
2023-08-20,P108,3,580.35,0
2023-08-21,P108,15,580.24,0
2023-08-22,P108,15,580.14,0
2023-08-23,P108,10,580.03,0
2023-08-24,P108,26,579.92,1
2023-08-25,P108,12,579.81,0
2023-08-26,P108,7,579.7,0
2023-08-27,P108,3,579.58,0
2023-08-28,P108,13,579.47,0
2023-08-29,P108,15,579.36,0
2023-08-30,P108,13,579.25,0
2023-08-31,P108,13,579.13,0
2023-09-01,P108,13,579.02,0
2023-09-02,P108,8,578.9,0
2023-09-03,P108,6,578.78,1
2023-09-04,P108,15,578.67,0
2023-09-05,P108,14,578.55,0
2023-09-06,P108,16,578.43,0
2023-09-07,P108,11,578.31,0
2023-09-08,P108,16,578.19,0
2023-09-09,P108,9,578.07,0
2023-09-10,P108,3,577.95,0
2023-09-11,P108,30,577.83,1
2023-09-12,P108,15,577.71,0
2023-09-13,P108,14,577.59,0
2023-09-14,P108,13,577.47,0
2023-09-15,P108,13,577.35,0
2023-09-16,P108,8,577.23,0
2023-09-17,P108,3,577.1,0
2023-09-18,P108,17,576.98,0
2023-09-19,P108,15,576.86,0
2023-09-20,P108,12,576.73,0
2023-09-21,P108,17,576.61,0
2023-09-22,P108,12,576.48,0
2023-09-23,P108,7,576.36,0
2023-09-24,P108,3,576.23,0
2023-09-25,P108,15,576.11,0
2023-09-26,P108,13,575.98,0
2023-09-27,P108,14,575.86,0
2023-09-28,P108,22,575.73,1
2023-09-29,P108,15,575.6,0
2023-09-30,P108,9,575.48,0
2023-10-01,P108,3,575.35,0
2023-10-02,P108,17,575.22,0
2023-10-03,P108,17,575.1,0
2023-10-04,P108,14,574.97,0
2023-10-05,P108,12,574.84,0
2023-10-06,P108,13,574.71,0
2023-10-07,P108,7,574.59,0
2023-10-08,P108,4,574.46,0
2023-10-09,P108,15,574.33,0
2023-10-10,P108,14,574.2,0
2023-10-11,P108,16,574.08,0
2023-10-12,P108,13,573.95,0
2023-10-13,P108,15,573.82,0
2023-10-14,P108,7,573.69,0
2023-10-15,P108,3,573.57,0
2023-10-16,P108,16,573.44,0
2023-10-17,P108,19,573.31,0
2023-10-18,P108,20,573.18,0
2023-10-19,P108,14,573.06,0
2023-10-20,P108,14,572.93,0
2023-10-21,P108,9,572.8,0
2023-10-22,P108,4,572.68,0
2023-10-23,P108,12,572.55,0
2023-10-24,P108,17,572.42,0
2023-10-25,P108,15,572.3,0
2023-10-26,P108,12,572.17,0
2023-10-27,P108,13,572.05,0
2023-10-28,P108,8,571.92,0
2023-10-29,P108,3,571.8,0
2023-10-30,P108,18,571.67,0
2023-10-31,P108,17,571.55,0
2023-11-01,P108,18,571.42,0
2023-11-02,P108,16,571.3,0
2023-11-03,P108,14,571.17,0
2023-11-04,P108,8,571.05,0
2023-11-05,P108,4,570.93,0
2023-11-06,P108,18,570.81,0
2023-11-07,P108,17,570.68,0
2023-11-08,P108,15,570.56,0
2023-11-09,P108,17,570.44,0
2023-11-10,P108,16,570.32,0
2023-11-11,P108,10,570.2,0
2023-11-12,P108,3,570.08,0
2023-11-13,P108,15,569.96,0
2023-11-14,P108,19,569.84,0
2023-11-15,P108,16,569.72,0
2023-11-16,P108,16,569.61,0
2023-11-17,P108,18,569.49,0
2023-11-18,P108,7,569.37,0
2023-11-19,P108,4,569.26,0
2023-11-20,P108,16,569.14,0
2023-11-21,P108,19,569.03,0
2023-11-22,P108,17,568.91,0
2023-11-23,P108,17,568.8,0
2023-11-24,P108,15,568.69,0
2023-11-25,P108,10,568.58,0
2023-11-26,P108,3,568.46,0
2023-11-27,P108,16,568.35,0
2023-11-28,P108,21,568.24,0
2023-11-29,P108,17,568.13,0
2023-11-30,P108,15,568.02,0
2023-12-01,P108,13,567.92,0
2023-12-02,P108,11,567.81,0
2023-12-03,P108,3,567.7,0
2023-12-04,P108,21,567.6,0
2023-12-05,P108,18,567.49,0
2023-12-06,P108,18,567.39,0
2023-12-07,P108,17,567.29,0
2023-12-08,P108,20,567.18,0
2023-12-09,P108,7,567.08,0
2023-12-10,P108,4,566.98,0
2023-12-11,P108,17,566.88,0
2023-12-12,P108,17,566.78,0
2023-12-13,P108,18,566.69,0
2023-12-14,P108,16,566.59,0
2023-12-15,P108,16,566.49,0
2023-12-16,P108,9,566.4,0
2023-12-17,P108,3,566.3,0
2023-12-18,P108,18,566.21,0
2023-12-19,P108,19,566.12,0
2023-12-20,P108,16,566.03,0
2023-12-21,P108,20,565.94,0
2023-12-22,P108,18,565.85,0
2023-12-23,P108,10,565.76,0
2023-12-24,P108,4,565.67,0
2023-12-25,P108,17,565.59,0
2023-12-26,P108,20,565.5,0
2023-12-27,P108,20,565.42,0
2023-12-28,P108,18,565.34,0
2023-12-29,P108,15,565.25,0
2023-12-30,P108,9,565.17,0
2023-12-31,P108,4,565.09,0
2024-01-01,P108,19,565.02,0
2024-01-02,P108,18,564.94,0
2024-01-03,P108,16,564.86,0
2024-01-04,P108,20,564.79,0
2024-01-05,P108,14,564.71,0
2024-01-06,P108,8,564.64,0
2024-01-07,P108,3,564.57,0
2024-01-08,P108,15,564.5,0
2024-01-09,P108,20,564.43,0
2024-01-10,P108,20,564.36,0
2024-01-11,P108,17,564.29,0
2024-01-12,P108,17,564.23,0
2024-01-13,P108,9,564.16,0
2024-01-14,P108,3,564.1,0
2024-01-15,P108,21,564.04,0
2024-01-16,P108,20,563.98,0
2024-01-17,P108,18,563.92,0
2024-01-18,P108,15,563.86,0
2024-01-19,P108,16,563.8,0
2024-01-20,P108,8,563.75,0
2024-01-21,P108,4,563.69,0
2024-01-22,P108,17,563.64,0
2024-01-23,P108,17,563.59,0
2024-01-24,P108,14,563.54,0
2024-01-25,P108,20,563.49,0
2024-01-26,P108,16,563.44,0
2024-01-27,P108,9,563.39,0
2024-01-28,P108,3,563.35,0
2024-01-29,P108,14,563.31,0
2024-01-30,P108,17,563.26,0
2024-01-31,P108,16,563.22,0
2024-02-01,P108,18,563.18,0
2024-02-02,P108,35,563.14,1
2024-02-03,P108,9,563.11,0
2024-02-04,P108,4,563.07,0
2024-02-05,P108,20,563.04,0
2024-02-06,P108,18,563.0,0
2024-02-07,P108,19,562.97,0
2024-02-08,P108,17,562.94,0
2024-02-09,P108,12,562.91,0
2024-02-10,P108,8,562.88,0
2024-02-11,P108,3,562.86,0
2024-02-12,P108,17,562.83,0
2024-02-13,P108,15,562.81,0
2024-02-14,P108,18,562.79,0
2024-02-15,P108,18,562.77,0
2024-02-16,P108,17,562.75,0
2024-02-17,P108,10,562.73,0
2024-02-18,P108,3,562.71,0
2024-02-19,P108,14,562.7,0
2024-02-20,P108,22,562.69,0
2024-02-21,P108,18,562.67,0
2024-02-22,P108,16,562.66,0
2024-02-23,P108,15,562.65,0
2024-02-24,P108,8,562.64,0
2024-02-25,P108,3,562.64,0
2024-02-26,P108,29,562.63,1
2024-02-27,P108,16,562.63,0
2024-02-28,P108,15,562.63,0
2024-02-29,P108,15,562.63,0
2024-03-01,P108,19,562.63,0
2024-03-02,P108,8,562.63,0
2024-03-03,P108,3,562.63,0
2024-03-04,P108,16,562.64,0
2024-03-05,P108,17,562.64,0
2024-03-06,P108,15,562.65,0
2024-03-07,P108,17,562.66,0
2024-03-08,P108,15,562.67,0
2024-03-09,P108,7,562.68,0
2024-03-10,P108,3,562.7,0
2024-03-11,P108,15,562.71,0
2024-03-12,P108,16,562.73,0
2024-03-13,P108,16,562.74,0
2024-03-14,P108,16,562.76,0
2024-03-15,P108,31,562.78,1
2024-03-16,P108,8,562.8,0
2024-03-17,P108,3,562.83,0
2024-03-18,P108,12,562.85,0
2024-03-19,P108,17,562.88,0
2024-03-20,P108,16,562.91,0
2024-03-21,P108,13,562.93,0
2024-03-22,P108,15,562.96,0
2024-03-23,P108,8,563.0,0
2024-03-24,P108,3,563.03,0
2024-03-25,P108,16,563.06,0
2024-03-26,P108,16,563.1,0
2024-03-27,P108,17,563.13,0
2024-03-28,P108,14,563.17,0
2024-03-29,P108,14,563.21,0
2024-03-30,P108,7,563.25,0
2024-03-31,P108,3,563.3,0
2024-04-01,P108,24,563.34,1
2024-04-02,P108,16,563.38,0
2024-04-03,P108,15,563.43,0
2024-04-04,P108,16,563.48,0
2024-04-05,P108,12,563.53,0
2024-04-06,P108,8,563.58,0
2024-04-07,P108,3,563.63,0
2024-04-08,P108,15,563.68,0
2024-04-09,P108,13,563.74,0
2024-04-10,P108,16,563.79,0
2024-04-11,P108,11,563.85,0
2024-04-12,P108,12,563.91,0
2024-04-13,P108,6,563.96,0
2024-04-14,P108,3,564.02,0
2024-04-15,P108,15,564.09,0
2024-04-16,P108,15,564.15,0
2024-04-17,P108,17,564.21,0
2024-04-18,P108,13,564.28,0
2024-04-19,P108,14,564.35,0
2024-04-20,P108,7,564.41,0
2024-04-21,P108,3,564.48,0
2024-04-22,P108,16,564.55,0
2024-04-23,P108,18,564.62,0
2024-04-24,P108,25,564.7,1
2024-04-25,P108,25,564.77,1
2024-04-26,P108,13,564.84,0
2024-04-27,P108,7,564.92,0
2024-04-28,P108,3,565.0,0
2024-04-29,P108,13,565.08,0
2024-04-30,P108,9,565.16,0
2024-05-01,P108,16,565.24,0
2024-05-02,P108,12,565.32,0
2024-05-03,P108,12,565.4,0
2024-05-04,P108,7,565.48,0
2024-05-05,P108,3,565.57,0
2024-05-06,P108,14,565.65,0
2024-05-07,P108,14,565.74,0
2024-05-08,P108,13,565.83,0
2024-05-09,P108,13,565.92,0
2024-05-10,P108,12,566.01,0
2024-05-11,P108,8,566.1,0
2024-05-12,P108,2,566.19,0
2024-05-13,P108,12,566.28,0
2024-05-14,P108,15,566.38,0
2024-05-15,P108,12,566.47,0
2024-05-16,P108,12,566.57,0
2024-05-17,P108,21,566.66,1
2024-05-18,P108,7,566.76,0
2024-05-19,P108,3,566.86,0
2024-05-20,P108,23,566.96,1
2024-05-21,P108,12,567.06,0
2024-05-22,P108,14,567.16,0
2024-05-23,P108,15,567.26,0
2024-05-24,P108,10,567.37,0
2024-05-25,P108,6,567.47,0
2024-05-26,P108,3,567.57,0
2024-05-27,P108,15,567.68,0
2024-05-28,P108,10,567.79,0
2024-05-29,P108,14,567.89,0
2024-05-30,P108,15,568.0,0
2024-05-31,P108,11,568.11,0
2024-06-01,P108,8,568.22,0
2024-06-02,P108,3,568.33,0
2024-06-03,P108,13,568.44,0
2024-06-04,P108,12,568.55,0
2024-06-05,P108,15,568.66,0
2024-06-06,P108,14,568.77,0
2024-06-07,P108,14,568.89,0
2024-06-08,P108,8,569.0,0
2024-06-09,P108,3,569.12,0
2024-06-10,P108,17,569.23,0
2024-06-11,P108,15,569.35,0
2024-06-12,P108,14,569.46,0
2024-06-13,P108,11,569.58,0
2024-06-14,P108,10,569.7,0
2024-06-15,P108,6,569.82,0
2024-06-16,P108,2,569.93,0
2024-06-17,P108,15,570.05,0
2024-06-18,P108,14,570.17,0
2024-06-19,P108,12,570.29,0
2024-06-20,P108,12,570.41,0
2024-06-21,P108,20,570.53,1
2024-06-22,P108,7,570.66,0
2024-06-23,P108,2,570.78,0
2024-06-24,P108,13,570.9,0
2024-06-25,P108,14,571.02,0
2024-06-26,P108,12,571.15,0
2024-06-27,P108,15,571.27,0
2024-06-28,P108,12,571.39,0
2024-06-29,P108,6,571.52,0
2024-06-30,P108,3,571.64,0
2024-07-01,P108,27,571.77,1
2024-07-02,P108,14,571.89,0
2024-07-03,P108,11,572.02,0
2024-07-04,P108,14,572.14,0
2024-07-05,P108,15,572.27,0
2024-07-06,P108,6,572.39,0
2024-07-07,P108,3,572.52,0
2024-07-08,P108,12,572.65,0
2024-07-09,P108,17,572.77,0
2024-07-10,P108,15,572.9,0
2024-07-11,P108,13,573.03,0
2024-07-12,P108,11,573.15,0
2024-07-13,P108,6,573.28,0
2024-07-14,P108,3,573.41,0
2024-07-15,P108,11,573.54,0
2024-07-16,P108,12,573.66,0
2024-07-17,P108,13,573.79,0
2024-07-18,P108,13,573.92,0
2024-07-19,P108,13,574.05,0
2024-07-20,P108,6,574.17,0
2024-07-21,P108,3,574.3,0
2024-07-22,P108,12,574.43,0
2024-07-23,P108,15,574.56,0
2024-07-24,P108,14,574.68,0
2024-07-25,P108,14,574.81,0
2024-07-26,P108,14,574.94,0
2024-07-27,P108,7,575.07,0
2024-07-28,P108,3,575.19,0
2024-07-29,P108,11,575.32,0
2024-07-30,P108,11,575.45,0
2024-07-31,P108,13,575.57,0
2024-08-01,P108,13,575.7,0
2024-08-02,P108,11,575.83,0
2024-08-03,P108,6,575.95,0
2024-08-04,P108,3,576.08,0
2024-08-05,P108,15,576.2,0
2024-08-06,P108,12,576.33,0
2024-08-07,P108,13,576.45,0
2024-08-08,P108,14,576.58,0
2024-08-09,P108,12,576.7,0
2024-08-10,P108,7,576.83,0
2024-08-11,P108,3,576.95,0
2024-08-12,P108,16,577.07,0
2024-08-13,P108,16,577.2,0
2024-08-14,P108,13,577.32,0
2024-08-15,P108,15,577.44,0
2024-08-16,P108,22,577.56,1
2024-08-17,P108,6,577.69,0
2024-08-18,P108,3,577.81,0
2024-08-19,P108,12,577.93,0
2024-08-20,P108,17,578.05,0
2024-08-21,P108,17,578.17,0
2024-08-22,P108,13,578.29,0
2024-08-23,P108,12,578.4,0
2024-08-24,P108,8,578.52,0
2024-08-25,P108,3,578.64,0
2024-08-26,P108,13,578.76,0
2024-08-27,P108,15,578.87,0
2024-08-28,P108,15,578.99,0
2024-08-29,P108,13,579.1,0
2024-08-30,P108,31,579.22,1
2024-08-31,P108,7,579.33,0
2024-09-01,P108,3,579.45,0
2024-09-02,P108,15,579.56,0
2024-09-03,P108,13,579.67,0
2024-09-04,P108,12,579.78,0
2024-09-05,P108,16,579.89,0
2024-09-06,P108,13,580.0,0
2024-09-07,P108,10,580.11,0
2024-09-08,P108,4,580.22,0
2024-09-09,P108,14,580.33,0
2024-09-10,P108,20,580.43,0
2024-09-11,P108,26,580.54,1
2024-09-12,P108,14,580.65,0
2024-09-13,P108,10,580.75,0
2024-09-14,P108,8,580.85,0
2024-09-15,P108,3,580.96,0
2024-09-16,P108,16,581.06,0
2024-09-17,P108,16,581.16,0
2024-09-18,P108,14,581.26,0
2024-09-19,P108,15,581.36,0
2024-09-20,P108,16,581.46,0
2024-09-21,P108,8,581.56,0
2024-09-22,P108,3,581.65,0
2024-09-23,P108,13,581.75,0
2024-09-24,P108,32,581.84,1
2024-09-25,P108,14,581.94,0
2024-09-26,P108,17,582.03,0
2024-09-27,P108,14,582.12,0
2024-09-28,P108,8,582.21,0
2024-09-29,P108,4,582.3,0
2024-09-30,P108,15,582.39,0
2024-10-01,P108,16,582.48,0
2024-10-02,P108,17,582.57,0
2024-10-03,P108,13,582.65,0
2024-10-04,P108,17,582.74,0
2024-10-05,P108,9,582.82,0
2024-10-06,P108,4,582.9,0
2024-10-07,P108,10,582.98,0
2024-10-08,P108,28,583.06,1
2024-10-09,P108,14,583.14,0
2024-10-10,P108,18,583.22,0
2024-10-11,P108,17,583.3,0
2024-10-12,P108,9,583.37,0
2024-10-13,P108,3,583.45,0
2024-10-14,P108,19,583.52,0
2024-10-15,P108,17,583.6,0
2024-10-16,P108,41,583.67,1
2024-10-17,P108,17,583.74,0
2024-10-18,P108,17,583.81,0
2024-10-19,P108,8,583.87,0
2024-10-20,P108,4,583.94,0
2024-10-21,P108,18,584.01,0
2024-10-22,P108,20,584.07,0
2024-10-23,P108,18,584.13,0
2024-10-24,P108,17,584.19,0
2024-10-25,P108,17,584.25,0
2024-10-26,P108,10,584.31,0
2024-10-27,P108,7,584.37,1
2024-10-28,P108,17,584.43,0
2024-10-29,P108,14,584.48,0
2024-10-30,P108,19,584.54,0
2024-10-31,P108,14,584.59,0
2024-11-01,P108,16,584.64,0
2024-11-02,P108,9,584.69,0
2024-11-03,P108,3,584.74,0
2024-11-04,P108,18,584.79,0
2024-11-05,P108,22,584.83,0
2024-11-06,P108,17,584.88,0
2024-11-07,P108,19,584.92,0
2024-11-08,P108,37,584.96,1
2024-11-09,P108,10,585.01,0
2024-11-10,P108,3,585.05,0
2024-11-11,P108,18,585.08,0
2024-11-12,P108,19,585.12,0
2024-11-13,P108,21,585.16,0
2024-11-14,P108,20,585.19,0
2024-11-15,P108,12,585.22,0
2024-11-16,P108,8,585.25,0
2024-11-17,P108,4,585.28,0
2024-11-18,P108,16,585.31,0
2024-11-19,P108,11,585.34,0
2024-11-20,P108,17,585.37,0
2024-11-21,P108,18,585.39,0
2024-11-22,P108,16,585.41,0
2024-11-23,P108,8,585.43,0
2024-11-24,P108,4,585.45,0
2024-11-25,P108,19,585.47,0
2024-11-26,P108,18,585.49,0
2024-11-27,P108,21,585.51,0
2024-11-28,P108,18,585.52,0
2024-11-29,P108,15,585.54,0
2024-11-30,P108,8,585.55,0
2024-12-01,P108,4,585.56,0
2024-12-02,P108,20,585.57,0
2024-12-03,P108,17,585.57,0
2024-12-04,P108,20,585.58,0
2024-12-05,P108,18,585.58,0
2024-12-06,P108,21,585.59,0
2024-12-07,P108,10,585.59,0
2024-12-08,P108,3,585.59,0
2024-12-09,P108,20,585.59,0
2024-12-10,P108,20,585.59,0
2024-12-11,P108,18,585.58,0
2024-12-12,P108,16,585.58,0
2024-12-13,P108,18,585.57,0
2024-12-14,P108,10,585.56,0
2024-12-15,P108,3,585.55,0
2024-12-16,P108,19,585.54,0
2024-12-17,P108,18,585.53,0
2024-12-18,P108,30,585.52,1
2024-12-19,P108,17,585.5,0
2024-12-20,P108,20,585.49,0
2024-12-21,P108,11,585.47,0
2024-12-22,P108,4,585.45,0
2024-12-23,P108,19,585.43,0
2024-12-24,P108,20,585.41,0
2024-12-25,P108,19,585.38,0
2024-12-26,P108,16,585.36,0
2024-12-27,P108,16,585.33,0
2024-12-28,P108,9,585.3,0
2024-12-29,P108,4,585.28,0
2024-12-30,P108,20,585.25,0
2024-12-31,P108,17,585.21,0
2025-01-01,P108,19,585.18,0
2025-01-02,P108,17,585.15,0
2025-01-03,P108,17,585.11,0
2025-01-04,P108,9,585.07,0
2025-01-05,P108,4,585.03,0
2025-01-06,P108,18,584.99,0
2025-01-07,P108,19,584.95,0
2025-01-08,P108,19,584.91,0
2025-01-09,P108,16,584.87,0
2025-01-10,P108,17,584.82,0
2025-01-11,P108,11,584.77,0
2025-01-12,P108,4,584.73,0
2025-01-13,P108,16,584.68,0
2025-01-14,P108,16,584.63,0
2025-01-15,P108,19,584.57,0
2025-01-16,P108,20,584.52,0
2025-01-17,P108,18,584.47,0
2025-01-18,P108,10,584.41,0
2025-01-19,P108,3,584.35,0
2025-01-20,P108,17,584.3,0
2025-01-21,P108,14,584.24,0
2025-01-22,P108,18,584.18,0
2025-01-23,P108,14,584.11,0
2025-01-24,P108,19,584.05,0
2025-01-25,P108,11,583.99,0
2025-01-26,P108,4,583.92,0
2025-01-27,P108,15,583.85,0
2025-01-28,P108,19,583.79,0
2025-01-29,P108,22,583.72,0
2025-01-30,P108,19,583.65,0
2025-01-31,P108,19,583.57,0
2025-02-01,P108,9,583.5,0
2025-02-02,P108,3,583.43,0
2025-02-03,P108,18,583.35,0
2025-02-04,P108,14,583.28,0
2025-02-05,P108,22,583.2,0
2025-02-06,P108,18,583.12,0
2025-02-07,P108,18,583.04,0
2025-02-08,P108,9,582.96,0
2025-02-09,P108,3,582.88,0
2025-02-10,P108,20,582.8,0
2025-02-11,P108,16,582.71,0
2025-02-12,P108,18,582.63,0
2025-02-13,P108,18,582.54,0
2025-02-14,P108,17,582.45,0
2025-02-15,P108,8,582.37,0
2025-02-16,P108,4,582.28,0
2025-02-17,P108,15,582.19,0
2025-02-18,P108,20,582.1,0
2025-02-19,P108,19,582.0,0
2025-02-20,P108,17,581.91,0
2025-02-21,P108,15,581.82,0
2025-02-22,P108,11,581.72,0
2025-02-23,P108,3,581.62,0
2025-02-24,P108,14,581.53,0
2025-02-25,P108,18,581.43,0
2025-02-26,P108,17,581.33,0
2025-02-27,P108,19,581.23,0
2025-02-28,P108,17,581.13,0
2025-03-01,P108,9,581.03,0
2025-03-02,P108,4,580.93,0
2025-03-03,P108,18,580.82,0
2025-03-04,P108,21,580.72,0
2025-03-05,P108,18,580.62,0
2025-03-06,P108,15,580.51,0
2025-03-07,P108,16,580.4,0
2025-03-08,P108,6,580.3,0
2025-03-09,P108,3,580.19,0
2025-03-10,P108,19,580.08,0
2025-03-11,P108,18,579.97,0
2025-03-12,P108,17,579.86,0
2025-03-13,P108,17,579.75,0
2025-03-14,P108,17,579.64,0
2025-03-15,P108,10,579.53,0
2025-03-16,P108,4,579.41,0
2025-03-17,P108,16,579.3,0
2025-03-18,P108,13,579.19,0
2025-03-19,P108,18,579.07,0
2025-03-20,P108,17,578.96,0
2025-03-21,P108,15,578.84,0
2025-03-22,P108,8,578.72,0
2025-03-23,P108,4,578.61,0
2025-03-24,P108,15,578.49,0
2025-03-25,P108,16,578.37,0
2025-03-26,P108,16,578.25,0
2025-03-27,P108,16,578.13,0
2025-03-28,P108,13,578.01,0
2025-03-29,P108,9,577.89,0
2025-03-30,P108,3,577.77,0
2025-03-31,P108,14,577.65,0
2025-04-01,P108,18,577.53,0
2025-04-02,P108,14,577.41,0
2025-04-03,P108,17,577.29,0
2025-04-04,P108,15,577.16,0
2025-04-05,P108,7,577.04,0
2025-04-06,P108,4,576.92,0
2025-04-07,P108,16,576.79,0
2025-04-08,P108,17,576.67,0
2025-04-09,P108,17,576.54,0
2025-04-10,P108,18,576.42,0
2025-04-11,P108,15,576.29,0
2025-04-12,P108,8,576.17,0
2025-04-13,P108,3,576.04,0
2025-04-14,P108,15,575.92,0
2025-04-15,P108,13,575.79,0
2025-04-16,P108,16,575.66,0
2025-04-17,P108,17,575.54,0
2025-04-18,P108,15,575.41,0
2025-04-19,P108,7,575.28,0
2025-04-20,P108,3,575.16,0
2025-04-21,P108,14,575.03,0
2025-04-22,P108,12,574.9,0
2025-04-23,P108,17,574.78,0
2025-04-24,P108,13,574.65,0
2025-04-25,P108,17,574.52,0
2025-04-26,P108,9,574.39,0
2025-04-27,P108,3,574.27,0
2025-04-28,P108,15,574.14,0
2025-04-29,P108,19,574.01,0
2025-04-30,P108,29,573.88,1
2025-05-01,P108,15,573.76,0
2025-05-02,P108,18,573.63,0
2025-05-03,P108,8,573.5,0
2025-05-04,P108,3,573.37,0
2025-05-05,P108,13,573.25,0
2025-05-06,P108,12,573.12,0
2025-05-07,P108,14,572.99,0
2025-05-08,P108,14,572.86,0
2025-05-09,P108,14,572.74,0
2025-05-10,P108,6,572.61,0
2025-05-11,P108,3,572.48,0
2025-05-12,P108,13,572.36,0
2025-05-13,P108,16,572.23,0
2025-05-14,P108,16,572.11,0
2025-05-15,P108,13,571.98,0
2025-05-16,P108,12,571.86,0
2025-05-17,P108,9,571.73,0
2025-05-18,P108,3,571.61,0
2025-05-19,P108,14,571.48,0
2025-05-20,P108,17,571.36,0
2025-05-21,P108,23,571.23,1
2025-05-22,P108,13,571.11,0
2025-05-23,P108,12,570.99,0
2025-05-24,P108,7,570.87,0
2025-05-25,P108,3,570.74,0
2025-05-26,P108,16,570.62,0
2025-05-27,P108,14,570.5,0
2025-05-28,P108,16,570.38,0
2025-05-29,P108,13,570.26,0
2025-05-30,P108,12,570.14,0
2025-05-31,P108,6,570.02,0
2025-06-01,P108,3,569.9,0
2025-06-02,P108,12,569.78,0
2025-06-03,P108,17,569.66,0
2025-06-04,P108,15,569.55,0
2025-06-05,P108,13,569.43,0
2025-06-06,P108,15,569.31,0
2025-06-07,P108,6,569.2,0
2025-06-08,P108,6,569.08,1
2025-06-09,P108,17,568.97,0
2025-06-10,P108,14,568.86,0
2025-06-11,P108,18,568.74,0
2025-06-12,P108,15,568.63,0
2025-06-13,P108,15,568.52,0
2025-06-14,P108,8,568.41,0
2025-06-15,P108,3,568.3,0
2025-06-16,P108,13,568.19,0
2025-06-17,P108,14,568.08,0
2025-06-18,P108,12,567.97,0
2025-06-19,P108,13,567.86,0
2025-06-20,P108,13,567.76,0
2025-06-21,P108,8,567.65,0
2025-06-22,P108,3,567.54,0
2025-06-23,P108,17,567.44,0
2025-06-24,P108,11,567.34,0
2025-06-25,P108,12,567.23,0
2025-06-26,P108,13,567.13,0
2025-06-27,P108,15,567.03,0
2025-06-28,P108,7,566.93,0
2025-06-29,P108,2,566.83,0
2025-06-30,P108,13,566.73,0
2025-07-01,P108,12,566.64,0
2025-07-02,P108,12,566.54,0
2025-07-03,P108,17,566.44,0
2025-07-04,P108,12,566.35,0
2025-07-05,P108,7,566.26,0
2025-07-06,P108,3,566.16,0
2025-07-07,P108,13,566.07,0
2025-07-08,P108,13,565.98,0
2025-07-09,P108,27,565.89,1
2025-07-10,P108,14,565.8,0
2025-07-11,P108,15,565.72,0
2025-07-12,P108,8,565.63,0
2025-07-13,P108,2,565.54,0
2025-07-14,P108,15,565.46,0
2025-07-15,P108,15,565.38,0
2025-07-16,P108,13,565.29,0
2025-07-17,P108,14,565.21,0
2025-07-18,P108,14,565.13,0
2025-07-19,P108,11,565.05,1
2025-07-20,P108,3,564.98,0
2025-07-21,P108,13,564.9,0
2025-07-22,P108,18,564.82,0
2025-07-23,P108,11,564.75,0
2025-07-24,P108,15,564.68,0
2025-07-25,P108,14,564.6,0
2025-07-26,P108,8,564.53,0
2025-07-27,P108,3,564.46,0
2025-07-28,P108,16,564.39,0
2025-07-29,P108,15,564.33,0
2025-07-30,P108,13,564.26,0
2025-07-31,P108,13,564.2,0
2025-08-01,P108,14,564.13,0
2025-08-02,P108,6,564.07,0
2025-08-03,P108,4,564.01,0
2025-08-04,P108,27,563.95,1
2025-08-05,P108,18,563.89,0
2025-08-06,P108,18,563.83,0
2025-08-07,P108,14,563.78,0
2025-08-08,P108,12,563.72,0
2025-08-09,P108,5,563.67,0
2025-08-10,P108,3,563.61,0
2025-08-11,P108,18,563.56,0
2025-08-12,P108,14,563.51,0
2025-08-13,P108,15,563.46,0
2025-08-14,P108,14,563.42,0
2025-08-15,P108,15,563.37,0
2025-08-16,P108,9,563.33,0
2025-08-17,P108,3,563.28,0
2025-08-18,P108,13,563.24,0
2025-08-19,P108,18,563.2,0
2025-08-20,P108,17,563.16,0
2025-08-21,P108,15,563.12,0
2025-08-22,P108,36,563.09,1
2025-08-23,P108,7,563.05,0
2025-08-24,P108,3,563.02,0
2025-08-25,P108,15,562.99,0
2025-08-26,P108,17,562.96,0
2025-08-27,P108,12,562.93,0
2025-08-28,P108,15,562.9,0
2025-08-29,P108,16,562.87,0
2025-08-30,P108,8,562.85,0
2025-08-31,P108,4,562.82,0
2025-09-01,P108,18,562.8,0
2025-09-02,P108,27,562.78,1
2025-09-03,P108,17,562.76,0
2025-09-04,P108,14,562.74,0
2025-09-05,P108,15,562.72,0
2025-09-06,P108,9,562.71,0
2025-09-07,P108,3,562.69,0
2025-09-08,P108,17,562.68,0
2025-09-09,P108,16,562.67,0
2025-09-10,P108,15,562.66,0
2025-09-11,P108,17,562.65,0
2025-09-12,P108,14,562.64,0
2025-09-13,P108,8,562.64,0
2025-09-14,P108,4,562.63,0
2025-09-15,P108,16,562.63,0
2025-09-16,P108,14,562.63,0
2025-09-17,P108,18,562.63,0
2025-09-18,P108,16,562.63,0
2025-09-19,P108,13,562.63,0
2025-09-20,P108,6,562.63,0
2025-09-21,P108,4,562.64,0
2025-09-22,P108,15,562.65,0
2025-09-23,P108,15,562.66,0
2025-09-24,P108,18,562.67,0
2025-09-25,P108,18,562.68,0
2025-09-26,P108,14,562.69,0
2025-09-27,P108,10,562.7,0
2025-09-28,P108,4,562.72,0
2025-09-29,P108,19,562.74,0
2025-09-30,P108,20,562.75,0
2025-10-01,P108,18,562.77,0
2025-10-02,P108,16,562.79,0
2025-10-03,P108,16,562.82,0
2025-10-04,P108,9,562.84,0
2025-10-05,P108,3,562.87,0
2025-10-06,P108,16,562.89,0
2025-10-07,P108,15,562.92,0
2025-10-08,P108,18,562.95,0
2025-10-09,P108,17,562.98,0
2025-10-10,P108,15,563.01,0
2025-10-11,P108,10,563.05,0
2025-10-12,P108,3,563.08,0
2025-10-13,P108,16,563.12,0
2025-10-14,P108,20,563.15,0
2025-10-15,P108,20,563.19,0
2025-10-16,P108,16,563.23,0
2025-10-17,P108,17,563.28,0
2025-10-18,P108,8,563.32,0
2025-10-19,P108,4,563.36,0
2025-10-20,P108,27,563.41,1
2025-10-21,P108,20,563.45,0
2025-10-22,P108,19,563.5,0
2025-10-23,P108,18,563.55,0
2025-10-24,P108,15,563.6,0
2025-10-25,P108,10,563.66,0
2025-10-26,P108,4,563.71,0
2025-10-27,P108,20,563.76,0
2025-10-28,P108,17,563.82,0
2025-10-29,P108,21,563.88,0
2025-10-30,P108,16,563.94,0
2025-10-31,P108,17,564.0,0
2025-11-01,P108,9,564.06,0
2025-11-02,P108,3,564.12,0
2025-11-03,P108,18,564.18,0
2025-11-04,P108,20,564.25,0
2025-11-05,P108,15,564.31,0
2025-11-07,P108,14,564.45,0
2025-11-08,P108,12,564.52,0
2025-11-09,P108,4,564.59,0
2025-11-10,P108,19,564.66,0
2025-11-11,P108,20,564.73,0
2025-11-12,P108,20,564.81,0
2025-11-13,P108,21,564.88,0
2025-11-14,P108,15,564.96,0
2025-11-15,P108,11,565.04,0
2025-11-16,P108,4,565.12,0
2025-11-17,P108,19,565.2,0
2025-11-18,P108,19,565.28,0
2025-11-19,P108,13,565.36,0
2025-11-20,P108,16,565.44,0
2025-11-21,P108,19,565.53,0
2025-11-22,P108,11,565.61,0
2025-11-23,P108,4,565.7,0
2025-11-24,P108,19,565.79,0
2025-11-25,P108,24,565.87,0
2025-11-26,P108,22,565.96,0
2025-11-27,P108,18,566.05,0
2025-11-28,P108,23,566.15,0
2025-11-29,P108,9,566.24,0
2025-11-30,P108,3,566.33,0
2025-12-01,P108,18,566.43,0
2025-12-02,P108,18,566.52,0
2025-12-03,P108,19,566.62,0
2025-12-04,P108,21,566.71,0
2025-12-05,P108,18,566.81,0
2025-12-06,P108,10,566.91,0
2025-12-07,P108,4,567.01,0
2025-12-08,P108,14,567.11,0
2025-12-09,P108,17,567.21,0
2025-12-10,P108,19,567.32,0
2025-12-11,P108,17,567.42,0
2025-12-12,P108,18,567.52,0
2025-12-13,P108,12,567.63,0
2025-12-14,P108,4,567.73,0
2025-12-15,P108,17,567.84,0
2025-12-16,P108,18,567.95,0
2025-12-17,P108,24,568.06,0
2025-12-18,P108,23,568.16,0
2025-12-19,P108,20,568.27,0
2025-12-20,P108,8,568.38,0
2025-12-21,P108,4,568.5,0
2025-12-22,P108,20,568.61,0
2025-12-23,P108,20,568.72,0
2025-12-24,P108,19,568.83,0
2025-12-25,P108,19,568.95,0
2025-12-26,P108,29,569.06,1
2025-12-27,P108,9,569.17,0
2025-12-28,P108,5,569.29,0
2025-12-29,P108,21,569.41,0
2025-12-30,P108,20,569.52,0
2025-12-31,P108,21,569.64,0
2023-01-01,P109,17,43.93,0
2023-01-02,P109,87,43.94,0
2023-01-03,P109,80,43.95,0
2023-01-04,P109,77,43.96,0
2023-01-05,P109,73,43.97,0
2023-01-06,P109,63,43.98,0
2023-01-07,P109,36,43.99,0
2023-01-08,P109,16,44.0,0
2023-01-09,P109,62,44.01,0
2023-01-10,P109,63,44.02,0
2023-01-11,P109,67,44.03,0
2023-01-12,P109,73,44.04,0
2023-01-13,P109,58,44.05,0
2023-01-14,P109,35,44.06,0
2023-01-15,P109,14,44.07,0
2023-01-16,P109,60,44.08,0
2023-01-17,P109,51,44.09,0
2023-01-18,P109,61,44.1,0
2023-01-19,P109,69,44.11,0
2023-01-20,P109,67,44.12,0
2023-01-21,P109,37,44.13,0
2023-01-22,P109,15,44.14,0
2023-01-23,P109,62,44.15,0
2023-01-24,P109,63,44.16,0
2023-01-25,P109,70,44.17,0
2023-01-26,P109,64,44.17,0
2023-01-27,P109,68,44.18,0
2023-01-28,P109,36,44.19,0
2023-01-29,P109,16,44.2,0
2023-01-30,P109,62,44.21,0
2023-01-31,P109,76,44.22,0
2023-02-01,P109,81,44.23,0
2023-02-02,P109,65,44.24,0
2023-02-03,P109,64,44.25,0
2023-02-04,P109,30,44.26,0
2023-02-05,P109,15,44.27,0
2023-02-06,P109,72,44.28,0
2023-02-07,P109,63,44.28,0
2023-02-08,P109,69,44.29,0
2023-02-09,P109,65,44.3,0
2023-02-10,P109,62,44.31,0
2023-02-11,P109,36,44.32,0
2023-02-12,P109,24,44.33,1
2023-02-13,P109,62,44.34,0
2023-02-14,P109,71,44.35,0
2023-02-15,P109,71,44.35,0
2023-02-16,P109,58,44.36,0
2023-02-17,P109,58,44.37,0
2023-02-18,P109,26,44.38,0
2023-02-19,P109,14,44.39,0
2023-02-20,P109,70,44.4,0
2023-02-21,P109,62,44.41,0
2023-02-22,P109,63,44.41,0
2023-02-23,P109,59,44.42,0
2023-02-24,P109,55,44.43,0
2023-02-25,P109,32,44.44,0
2023-02-26,P109,11,44.45,0
2023-02-27,P109,58,44.45,0
2023-02-28,P109,56,44.46,0
2023-03-01,P109,65,44.47,0
2023-03-02,P109,60,44.48,0
2023-03-03,P109,53,44.48,0
2023-03-04,P109,31,44.49,0
2023-03-05,P109,12,44.5,0
2023-03-06,P109,66,44.51,0
2023-03-07,P109,58,44.51,0
2023-03-08,P109,63,44.52,0
2023-03-09,P109,53,44.53,0
2023-03-10,P109,59,44.54,0
2023-03-11,P109,33,44.54,0
2023-03-12,P109,13,44.55,0
2023-03-13,P109,67,44.56,0
2023-03-14,P109,61,44.56,0
2023-03-15,P109,66,44.57,0
2023-03-16,P109,66,44.58,0
2023-03-17,P109,47,44.58,0
2023-03-18,P109,27,44.59,0
2023-03-19,P109,10,44.6,0
2023-03-20,P109,63,44.6,0
2023-03-21,P109,48,44.61,0
2023-03-22,P109,46,44.62,0
2023-03-23,P109,48,44.62,0
2023-03-24,P109,42,44.63,0
2023-03-25,P109,30,44.63,0
2023-03-26,P109,10,44.64,0
2023-03-27,P109,45,44.65,0
2023-03-28,P109,57,44.65,0
2023-03-29,P109,56,44.66,0
2023-03-30,P109,43,44.66,0
2023-03-31,P109,47,44.67,0
2023-04-01,P109,28,44.67,0
2023-04-02,P109,11,44.68,0
2023-04-03,P109,52,44.68,0
2023-04-04,P109,63,44.69,0
2023-04-05,P109,68,44.69,0
2023-04-06,P109,51,44.7,0
2023-04-07,P109,43,44.7,0
2023-04-08,P109,27,44.71,0
2023-04-09,P109,11,44.71,0
2023-04-10,P109,53,44.72,0
2023-04-11,P109,59,44.72,0
2023-04-12,P109,67,44.73,0
2023-04-13,P109,42,44.73,0
2023-04-14,P109,47,44.73,0
2023-04-15,P109,32,44.74,0
2023-04-16,P109,10,44.74,0
2023-04-17,P109,57,44.75,0
2023-04-18,P109,58,44.75,0
2023-04-19,P109,60,44.75,0
2023-04-20,P109,62,44.76,0
2023-04-21,P109,51,44.76,0
2023-04-22,P109,22,44.76,0
2023-04-23,P109,10,44.77,0
2023-04-24,P109,64,44.77,0
2023-04-25,P109,45,44.77,0
2023-04-26,P109,55,44.77,0
2023-04-27,P109,37,44.78,0
2023-04-28,P109,41,44.78,0
2023-04-29,P109,29,44.78,0
2023-04-30,P109,11,44.79,0
2023-05-01,P109,49,44.79,0
2023-05-02,P109,48,44.79,0
2023-05-03,P109,41,44.79,0
2023-05-04,P109,55,44.79,0
2023-05-05,P109,47,44.8,0
2023-05-06,P109,40,44.8,1
2023-05-07,P109,11,44.8,0
2023-05-08,P109,54,44.8,0
2023-05-09,P109,52,44.8,0
2023-05-10,P109,53,44.8,0
2023-05-11,P109,51,44.81,0
2023-05-12,P109,44,44.81,0
2023-05-13,P109,27,44.81,0
2023-05-14,P109,11,44.81,0
2023-05-15,P109,57,44.81,0
2023-05-16,P109,57,44.81,0
2023-05-17,P109,48,44.81,0
2023-05-18,P109,54,44.81,0
2023-05-19,P109,51,44.81,0
2023-05-20,P109,24,44.81,0
2023-05-21,P109,10,44.81,0
2023-05-22,P109,55,44.81,0
2023-05-23,P109,61,44.81,0
2023-05-24,P109,42,44.81,0
2023-05-25,P109,60,44.81,0
2023-05-26,P109,54,44.81,0
2023-05-27,P109,27,44.81,0
2023-05-28,P109,10,44.81,0
2023-05-29,P109,54,44.81,0
2023-05-30,P109,50,44.81,0
2023-05-31,P109,51,44.81,0
2023-06-01,P109,92,44.81,1
2023-06-02,P109,39,44.81,0
2023-06-03,P109,34,44.8,0
2023-06-04,P109,11,44.8,0
2023-06-05,P109,53,44.8,0
2023-06-06,P109,54,44.8,0
2023-06-07,P109,48,44.8,0
2023-06-08,P109,91,44.8,1
2023-06-09,P109,50,44.8,0
2023-06-10,P109,27,44.79,0
2023-06-11,P109,10,44.79,0
2023-06-12,P109,55,44.79,0
2023-06-13,P109,56,44.79,0
2023-06-14,P109,56,44.78,0
2023-06-15,P109,56,44.78,0
2023-06-16,P109,49,44.78,0
2023-06-17,P109,27,44.78,0
2023-06-18,P109,13,44.77,0
2023-06-19,P109,48,44.77,0
2023-06-20,P109,44,44.77,0
2023-06-21,P109,58,44.77,0
2023-06-22,P109,50,44.76,0
2023-06-23,P109,45,44.76,0
2023-06-24,P109,31,44.76,0
2023-06-25,P109,11,44.75,0
2023-06-26,P109,47,44.75,0
2023-06-27,P109,69,44.74,0
2023-06-28,P109,46,44.74,0
2023-06-29,P109,54,44.74,0
2023-06-30,P109,41,44.73,0
2023-07-01,P109,29,44.73,0
2023-07-02,P109,11,44.72,0
2023-07-03,P109,123,44.72,1
2023-07-04,P109,58,44.72,0
2023-07-05,P109,65,44.71,0
2023-07-06,P109,53,44.71,0
2023-07-07,P109,44,44.7,0
2023-07-08,P109,30,44.7,0
2023-07-09,P109,11,44.69,0
2023-07-10,P109,45,44.69,0
2023-07-11,P109,52,44.68,0
2023-07-12,P109,53,44.68,0
2023-07-13,P109,66,44.67,0
2023-07-14,P109,58,44.67,0
2023-07-15,P109,29,44.66,0
2023-07-16,P109,13,44.66,0
2023-07-17,P109,45,44.65,0
2023-07-18,P109,57,44.64,0
2023-07-19,P109,62,44.64,0
2023-07-20,P109,59,44.63,0
2023-07-21,P109,52,44.63,0
2023-07-22,P109,31,44.62,0
2023-07-23,P109,13,44.61,0
2023-07-24,P109,60,44.61,0
2023-07-25,P109,68,44.6,0
2023-07-26,P109,63,44.6,0
2023-07-27,P109,63,44.59,0
2023-07-28,P109,68,44.58,0
2023-07-29,P109,34,44.58,0
2023-07-30,P109,15,44.57,0
2023-07-31,P109,57,44.56,0
2023-08-01,P109,53,44.56,0
2023-08-02,P109,62,44.55,0
2023-08-03,P109,60,44.54,0
2023-08-04,P109,68,44.53,0
2023-08-05,P109,28,44.53,0
2023-08-06,P109,13,44.52,0
2023-08-07,P109,66,44.51,0
2023-08-08,P109,66,44.51,0
2023-08-09,P109,63,44.5,0
2023-08-10,P109,65,44.49,0
2023-08-11,P109,67,44.48,0
2023-08-12,P109,39,44.47,0
2023-08-13,P109,13,44.47,0
2023-08-14,P109,59,44.46,0
2023-08-15,P109,79,44.45,0
2023-08-16,P109,58,44.44,0
2023-08-17,P109,77,44.44,0
2023-08-18,P109,71,44.43,0
2023-08-19,P109,40,44.42,0
2023-08-20,P109,15,44.41,0
2023-08-21,P109,111,44.4,1
2023-08-22,P109,61,44.39,0
2023-08-23,P109,70,44.39,0
2023-08-24,P109,61,44.38,0
2023-08-25,P109,61,44.37,0
2023-08-26,P109,37,44.36,0
2023-08-27,P109,14,44.35,0
2023-08-28,P109,59,44.34,0
2023-08-29,P109,78,44.34,0
2023-08-30,P109,74,44.33,0
2023-08-31,P109,66,44.32,0
2023-09-01,P109,70,44.31,0
2023-09-02,P109,36,44.3,0
2023-09-03,P109,16,44.29,0
2023-09-04,P109,71,44.28,0
2023-09-05,P109,129,44.27,1
2023-09-06,P109,57,44.26,0
2023-09-07,P109,73,44.26,0
2023-09-08,P109,64,44.25,0
2023-09-09,P109,33,44.24,0
2023-09-10,P109,17,44.23,0
2023-09-11,P109,78,44.22,0
2023-09-12,P109,58,44.21,0
2023-09-13,P109,79,44.2,0
2023-09-14,P109,76,44.19,0
2023-09-15,P109,63,44.18,0
2023-09-16,P109,34,44.17,0
2023-09-17,P109,12,44.16,0
2023-09-18,P109,70,44.15,0
2023-09-19,P109,74,44.14,0
2023-09-20,P109,81,44.13,0
2023-09-21,P109,75,44.12,0
2023-09-22,P109,61,44.12,0
2023-09-23,P109,39,44.11,0
2023-09-24,P109,15,44.1,0
2023-09-25,P109,66,44.09,0
2023-09-26,P109,64,44.08,0
2023-09-27,P109,133,44.07,1
2023-09-28,P109,78,44.06,0
2023-09-29,P109,75,44.05,0
2023-09-30,P109,36,44.04,0
2023-10-01,P109,16,44.03,0
2023-10-02,P109,64,44.02,0
2023-10-03,P109,154,44.01,1
2023-10-04,P109,77,44.0,0
2023-10-05,P109,77,43.99,0
2023-10-06,P109,59,43.98,0
2023-10-07,P109,35,43.97,0
2023-10-08,P109,15,43.96,0
2023-10-09,P109,85,43.95,0
2023-10-10,P109,73,43.94,0
2023-10-11,P109,80,43.93,0
2023-10-12,P109,78,43.92,0
2023-10-13,P109,71,43.91,0
2023-10-14,P109,41,43.9,0
2023-10-15,P109,14,43.89,0
2023-10-16,P109,72,43.88,0
2023-10-17,P109,93,43.87,0
2023-10-18,P109,93,43.86,0
2023-10-19,P109,84,43.85,0
2023-10-20,P109,83,43.84,0
2023-10-21,P109,32,43.83,0
2023-10-22,P109,15,43.82,0
2023-10-23,P109,76,43.81,0
2023-10-24,P109,103,43.8,0
2023-10-25,P109,77,43.79,0
2023-10-26,P109,85,43.79,0
2023-10-27,P109,78,43.78,0
2023-10-28,P109,43,43.77,0
2023-10-29,P109,16,43.76,0
2023-10-30,P109,69,43.75,0
2023-10-31,P109,58,43.74,0
2023-11-01,P109,92,43.73,0
2023-11-02,P109,73,43.72,0
2023-11-03,P109,60,43.71,0
2023-11-04,P109,43,43.7,0
2023-11-05,P109,17,43.69,0
2023-11-06,P109,86,43.68,0
2023-11-07,P109,93,43.67,0
2023-11-08,P109,73,43.66,0
2023-11-09,P109,72,43.65,0
2023-11-10,P109,73,43.64,0
2023-11-11,P109,45,43.63,0
2023-11-12,P109,13,43.63,0
2023-11-13,P109,81,43.62,0
2023-11-14,P109,92,43.61,0
2023-11-15,P109,90,43.6,0
2023-11-16,P109,86,43.59,0
2023-11-17,P109,85,43.58,0
2023-11-18,P109,44,43.57,1
2023-11-19,P109,20,43.56,0
2023-11-20,P109,83,43.55,0
2023-11-21,P109,95,43.54,0
2023-11-22,P109,71,43.54,0
2023-11-23,P109,64,43.53,0
2023-11-24,P109,91,43.52,0
2023-11-25,P109,37,43.51,0
2023-11-26,P109,16,43.5,0
2023-11-27,P109,85,43.49,0
2023-11-28,P109,90,43.48,0
2023-11-29,P109,91,43.48,0
2023-11-30,P109,81,43.47,0
2023-12-01,P109,67,43.46,0
2023-12-02,P109,45,43.45,0
2023-12-03,P109,18,43.44,0
2023-12-04,P109,64,43.44,0
2023-12-05,P109,96,43.43,0
2023-12-06,P109,59,43.42,0
2023-12-07,P109,88,43.41,0
2023-12-08,P109,70,43.4,0
2023-12-09,P109,45,43.4,0
2023-12-10,P109,17,43.39,0
2023-12-11,P109,79,43.38,0
2023-12-12,P109,87,43.37,0
2023-12-13,P109,80,43.37,0
2023-12-14,P109,85,43.36,0
2023-12-15,P109,93,43.35,0
2023-12-16,P109,35,43.34,0
2023-12-17,P109,11,43.34,0
2023-12-18,P109,75,43.33,0
2023-12-19,P109,77,43.32,0
2023-12-20,P109,77,43.32,0
2023-12-21,P109,70,43.31,0
2023-12-22,P109,81,43.3,0
2023-12-23,P109,34,43.29,0
2023-12-24,P109,17,43.29,0
2023-12-25,P109,84,43.28,0
2023-12-26,P109,84,43.27,0
2023-12-27,P109,84,43.27,0
2023-12-28,P109,85,43.26,0
2023-12-29,P109,74,43.26,0
2023-12-30,P109,39,43.25,0
2023-12-31,P109,17,43.24,0
2024-01-01,P109,82,43.24,0
2024-01-02,P109,88,43.23,0
2024-01-03,P109,64,43.23,0
2024-01-04,P109,74,43.22,0
2024-01-05,P109,64,43.21,0
2024-01-06,P109,42,43.21,0
2024-01-07,P109,17,43.2,0
2024-01-08,P109,74,43.2,0
2024-01-09,P109,72,43.19,0
2024-01-10,P109,82,43.19,0
2024-01-11,P109,74,43.18,0
2024-01-12,P109,82,43.18,0
2024-01-13,P109,47,43.17,0
2024-01-14,P109,17,43.17,0
2024-01-15,P109,77,43.16,0
2024-01-16,P109,93,43.16,0
2024-01-17,P109,78,43.15,0
2024-01-18,P109,70,43.15,0
2024-01-19,P109,65,43.14,0
2024-01-20,P109,35,43.14,0
2024-01-21,P109,15,43.14,0
2024-01-22,P109,77,43.13,0
2024-01-23,P109,64,43.13,0
2024-01-24,P109,71,43.12,0
2024-01-25,P109,74,43.12,0
2024-01-26,P109,74,43.12,0
2024-01-27,P109,38,43.11,0
2024-01-28,P109,15,43.11,0
2024-01-29,P109,62,43.11,0
2024-01-30,P109,67,43.1,0
2024-01-31,P109,73,43.1,0
2024-02-01,P109,75,43.1,0
2024-02-02,P109,69,43.09,0
2024-02-03,P109,33,43.09,0
2024-02-04,P109,14,43.09,0
2024-02-05,P109,82,43.09,0
2024-02-06,P109,78,43.08,0
2024-02-07,P109,70,43.08,0
2024-02-08,P109,62,43.08,0
2024-02-09,P109,61,43.08,0
2024-02-10,P109,36,43.07,0
2024-02-11,P109,15,43.07,0
2024-02-12,P109,73,43.07,0
2024-02-13,P109,75,43.07,0
2024-02-14,P109,67,43.07,0
2024-02-15,P109,64,43.07,0
2024-02-16,P109,79,43.06,0
2024-02-17,P109,33,43.06,0
2024-02-18,P109,12,43.06,0
2024-02-19,P109,95,43.06,1
2024-02-20,P109,67,43.06,0
2024-02-21,P109,76,43.06,0
2024-02-22,P109,62,43.06,0
2024-02-23,P109,73,43.06,0
2024-02-24,P109,35,43.06,0
2024-02-25,P109,15,43.06,0
2024-02-26,P109,61,43.06,0
2024-02-27,P109,63,43.06,0
2024-02-28,P109,68,43.05,0
2024-02-29,P109,68,43.05,0
2024-03-01,P109,60,43.05,0
2024-03-02,P109,35,43.06,0
2024-03-03,P109,14,43.06,0
2024-03-04,P109,55,43.06,0
2024-03-05,P109,64,43.06,0
2024-03-06,P109,62,43.06,0
2024-03-07,P109,60,43.06,0
2024-03-08,P109,63,43.06,0
2024-03-09,P109,31,43.06,0
2024-03-10,P109,20,43.06,1
2024-03-11,P109,62,43.06,0
2024-03-12,P109,58,43.06,0
2024-03-13,P109,68,43.06,0
2024-03-14,P109,68,43.07,0
2024-03-15,P109,45,43.07,0
2024-03-16,P109,30,43.07,0
2024-03-17,P109,25,43.07,1
2024-03-18,P109,52,43.07,0
2024-03-19,P109,70,43.07,0
2024-03-20,P109,70,43.08,0
2024-03-21,P109,60,43.08,0
2024-03-22,P109,53,43.08,0
2024-03-23,P109,24,43.08,0
2024-03-24,P109,14,43.09,0
2024-03-25,P109,74,43.09,0
2024-03-26,P109,75,43.09,0
2024-03-27,P109,60,43.09,0
2024-03-28,P109,52,43.1,0
2024-03-29,P109,62,43.1,0
2024-03-30,P109,31,43.1,0
2024-03-31,P109,13,43.11,0
2024-04-01,P109,61,43.11,0
2024-04-02,P109,62,43.11,0
2024-04-03,P109,67,43.12,0
2024-04-04,P109,65,43.12,0
2024-04-05,P109,52,43.12,0
2024-04-06,P109,27,43.13,0
2024-04-07,P109,9,43.13,0
2024-04-08,P109,56,43.14,0
2024-04-09,P109,53,43.14,0
2024-04-10,P109,62,43.14,0
2024-04-11,P109,55,43.15,0
2024-04-12,P109,53,43.15,0
2024-04-13,P109,33,43.16,0
2024-04-14,P109,13,43.16,0
2024-04-15,P109,57,43.17,0
2024-04-16,P109,71,43.17,0
2024-04-17,P109,63,43.18,0
2024-04-18,P109,54,43.18,0
2024-04-19,P109,52,43.19,0
2024-04-20,P109,32,43.19,0
2024-04-21,P109,12,43.2,0
2024-04-22,P109,50,43.2,0
2024-04-23,P109,65,43.21,0
2024-04-24,P109,66,43.21,0
2024-04-25,P109,63,43.22,0
2024-04-26,P109,63,43.22,0
2024-04-27,P109,36,43.23,0
2024-04-28,P109,14,43.24,0
2024-04-29,P109,59,43.24,0
2024-04-30,P109,57,43.25,0
2024-05-01,P109,46,43.25,0
2024-05-02,P109,56,43.26,0
2024-05-03,P109,56,43.27,0
2024-05-04,P109,29,43.27,0
2024-05-05,P109,9,43.28,0
2024-05-06,P109,54,43.29,0
2024-05-07,P109,62,43.29,0
2024-05-08,P109,51,43.3,0
2024-05-09,P109,57,43.31,0
2024-05-10,P109,55,43.31,0
2024-05-11,P109,33,43.32,0
2024-05-12,P109,14,43.33,0
2024-05-13,P109,54,43.33,0
2024-05-14,P109,59,43.34,0
2024-05-15,P109,58,43.35,0
2024-05-16,P109,59,43.36,0
2024-05-17,P109,56,43.36,0
2024-05-18,P109,34,43.37,0
2024-05-19,P109,9,43.38,0
2024-05-20,P109,59,43.39,0
2024-05-21,P109,61,43.39,0
2024-05-22,P109,56,43.4,0
2024-05-23,P109,42,43.41,0
2024-05-24,P109,53,43.42,0
2024-05-25,P109,27,43.43,0
2024-05-26,P109,14,43.43,0
2024-05-27,P109,59,43.44,0
2024-05-28,P109,53,43.45,0
2024-05-29,P109,45,43.46,0
2024-05-30,P109,60,43.47,0
2024-05-31,P109,58,43.47,0
2024-06-01,P109,29,43.48,0
2024-06-02,P109,13,43.49,0
2024-06-03,P109,55,43.5,0
2024-06-04,P109,66,43.51,0
2024-06-05,P109,65,43.52,0
2024-06-06,P109,46,43.53,0
2024-06-07,P109,46,43.53,0
2024-06-08,P109,36,43.54,0
2024-06-09,P109,13,43.55,0
2024-06-10,P109,50,43.56,0
2024-06-11,P109,94,43.57,1
2024-06-12,P109,60,43.58,0
2024-06-13,P109,50,43.59,0
2024-06-14,P109,53,43.6,0
2024-06-15,P109,30,43.61,0
2024-06-16,P109,12,43.61,0
2024-06-17,P109,66,43.62,0
2024-06-18,P109,73,43.63,0
2024-06-19,P109,57,43.64,0
2024-06-20,P109,51,43.65,0
2024-06-21,P109,58,43.66,0
2024-06-22,P109,36,43.67,0
2024-06-23,P109,12,43.68,0
2024-06-24,P109,65,43.69,0
2024-06-25,P109,56,43.7,0
2024-06-26,P109,61,43.71,0
2024-06-27,P109,52,43.72,0
2024-06-28,P109,57,43.73,0
2024-06-29,P109,31,43.74,0
2024-06-30,P109,21,43.74,1
2024-07-01,P109,73,43.75,0
2024-07-02,P109,61,43.76,0
2024-07-03,P109,49,43.77,0
2024-07-04,P109,59,43.78,0
2024-07-05,P109,60,43.79,0
2024-07-06,P109,33,43.8,0
2024-07-07,P109,13,43.81,0
2024-07-08,P109,72,43.82,0
2024-07-09,P109,66,43.83,0
2024-07-10,P109,63,43.84,0
2024-07-11,P109,57,43.85,0
2024-07-12,P109,48,43.86,0
2024-07-13,P109,34,43.87,0
2024-07-14,P109,14,43.88,0
2024-07-15,P109,56,43.89,0
2024-07-16,P109,66,43.9,0
2024-07-17,P109,64,43.91,0
2024-07-18,P109,59,43.92,0
2024-07-19,P109,56,43.93,0
2024-07-20,P109,35,43.94,0
2024-07-21,P109,13,43.95,0
2024-07-22,P109,61,43.96,0
2024-07-23,P109,62,43.97,0
2024-07-24,P109,66,43.98,0
2024-07-25,P109,72,43.99,0
2024-07-26,P109,64,44.0,0
2024-07-27,P109,34,44.01,0
2024-07-28,P109,14,44.02,0
2024-07-29,P109,77,44.03,0
2024-07-30,P109,74,44.04,0
2024-07-31,P109,71,44.05,0
2024-08-01,P109,72,44.06,0
2024-08-02,P109,63,44.06,0
2024-08-03,P109,36,44.07,0
2024-08-04,P109,13,44.08,0
2024-08-05,P109,57,44.09,0
2024-08-06,P109,74,44.1,0
2024-08-07,P109,73,44.11,0
2024-08-08,P109,67,44.12,0
2024-08-09,P109,73,44.13,0
2024-08-10,P109,34,44.14,0
2024-08-11,P109,12,44.15,0
2024-08-12,P109,65,44.16,0
2024-08-13,P109,61,44.17,0
2024-08-14,P109,75,44.18,0
2024-08-15,P109,65,44.19,0
2024-08-16,P109,75,44.2,0
2024-08-17,P109,41,44.21,0
2024-08-18,P109,13,44.22,0
2024-08-19,P109,66,44.23,0
2024-08-20,P109,80,44.23,0
2024-08-21,P109,82,44.24,0
2024-08-22,P109,57,44.25,0
2024-08-23,P109,72,44.26,0
2024-08-24,P109,29,44.27,0
2024-08-25,P109,14,44.28,0
2024-08-26,P109,83,44.29,0
2024-08-27,P109,103,44.3,0
2024-08-28,P109,74,44.31,0
2024-08-29,P109,64,44.32,0
2024-08-30,P109,67,44.32,0
2024-08-31,P109,40,44.33,0
2024-09-01,P109,15,44.34,0
2024-09-02,P109,68,44.35,0
2024-09-03,P109,76,44.36,0
2024-09-04,P109,82,44.37,0
2024-09-05,P109,75,44.38,0
2024-09-06,P109,66,44.38,0
2024-09-07,P109,37,44.39,0
2024-09-08,P109,15,44.4,0
2024-09-09,P109,69,44.41,0
2024-09-10,P109,75,44.42,0
2024-09-11,P109,86,44.43,0
2024-09-12,P109,76,44.43,0
2024-09-13,P109,60,44.44,0
2024-09-14,P109,46,44.45,0
2024-09-15,P109,17,44.46,0
2024-09-16,P109,68,44.47,0
2024-09-17,P109,80,44.47,0
2024-09-18,P109,75,44.48,0
2024-09-19,P109,86,44.49,0
2024-09-20,P109,73,44.5,0
2024-09-21,P109,42,44.5,0
2024-09-22,P109,16,44.51,0
2024-09-23,P109,68,44.52,0
2024-09-24,P109,98,44.53,0
2024-09-25,P109,89,44.53,0
2024-09-26,P109,74,44.54,0
2024-09-27,P109,79,44.55,0
2024-09-28,P109,47,44.55,0
2024-09-29,P109,17,44.56,0
2024-09-30,P109,97,44.57,0
2024-10-01,P109,114,44.57,0
2024-10-02,P109,84,44.58,0
2024-10-03,P109,77,44.59,0
2024-10-04,P109,70,44.59,0
2024-10-05,P109,64,44.6,1
2024-10-06,P109,20,44.61,0
2024-10-07,P109,81,44.61,0
2024-10-08,P109,96,44.62,0
2024-10-09,P109,96,44.62,0
2024-10-10,P109,74,44.63,0
2024-10-11,P109,72,44.64,0
2024-10-12,P109,53,44.64,0
2024-10-13,P109,18,44.65,0
2024-10-14,P109,79,44.65,0
2024-10-15,P109,78,44.66,0
2024-10-16,P109,86,44.66,0
2024-10-17,P109,99,44.67,0
2024-10-18,P109,87,44.68,0
2024-10-19,P109,46,44.68,0
2024-10-20,P109,21,44.69,0
2024-10-21,P109,99,44.69,0
2024-10-22,P109,93,44.7,0
2024-10-23,P109,115,44.7,0
2024-10-24,P109,83,44.71,0
2024-10-25,P109,92,44.71,0
2024-10-26,P109,43,44.71,0
2024-10-27,P109,20,44.72,0
2024-10-28,P109,85,44.72,0
2024-10-29,P109,95,44.73,0
2024-10-30,P109,112,44.73,0
2024-10-31,P109,96,44.74,0
2024-11-01,P109,168,44.74,1
2024-11-02,P109,42,44.74,0
2024-11-03,P109,19,44.75,0
2024-11-04,P109,78,44.75,0
2024-11-05,P109,100,44.75,0
2024-11-06,P109,98,44.76,0
2024-11-07,P109,85,44.76,0
2024-11-08,P109,98,44.76,0
2024-11-09,P109,53,44.77,0
2024-11-10,P109,19,44.77,0
2024-11-11,P109,94,44.77,0
2024-11-12,P109,86,44.78,0
2024-11-13,P109,87,44.78,0
2024-11-14,P109,77,44.78,0
2024-11-15,P109,79,44.78,0
2024-11-16,P109,45,44.79,0
2024-11-17,P109,15,44.79,0
2024-11-18,P109,94,44.79,0
2024-11-19,P109,102,44.79,0
2024-11-20,P109,90,44.79,0
2024-11-21,P109,61,44.8,0
2024-11-22,P109,81,44.8,0
2024-11-23,P109,39,44.8,0
2024-11-24,P109,17,44.8,0
2024-11-25,P109,102,44.8,0
2024-11-26,P109,67,44.8,0
2024-11-27,P109,82,44.81,0
2024-11-28,P109,95,44.81,0
2024-11-29,P109,77,44.81,0
2024-11-30,P109,42,44.81,0
2024-12-01,P109,22,44.81,0
2024-12-02,P109,195,44.81,1
2024-12-03,P109,101,44.81,0
2024-12-04,P109,94,44.81,0
2024-12-05,P109,89,44.81,0
2024-12-06,P109,200,44.81,1
2024-12-07,P109,55,44.81,0
2024-12-08,P109,15,44.81,0
2024-12-09,P109,87,44.81,0
2024-12-10,P109,90,44.81,0
2024-12-11,P109,85,44.81,0
2024-12-12,P109,96,44.81,0
2024-12-13,P109,85,44.81,0
2024-12-14,P109,55,44.81,0
2024-12-15,P109,20,44.81,0
2024-12-16,P109,100,44.81,0
2024-12-17,P109,78,44.81,0
2024-12-18,P109,80,44.81,0
2024-12-19,P109,79,44.81,0
2024-12-20,P109,93,44.8,0
2024-12-21,P109,40,44.8,0
2024-12-22,P109,16,44.8,0
2024-12-23,P109,118,44.8,1
2024-12-24,P109,116,44.8,0
2024-12-25,P109,86,44.8,0
2024-12-26,P109,90,44.79,0
2024-12-27,P109,71,44.79,0
2024-12-28,P109,49,44.79,0
2024-12-29,P109,14,44.79,0
2024-12-30,P109,76,44.79,0
2024-12-31,P109,81,44.78,0
2025-01-01,P109,89,44.78,0
2025-01-02,P109,155,44.78,1
2025-01-03,P109,93,44.78,0
2025-01-04,P109,46,44.77,0
2025-01-05,P109,16,44.77,0
2025-01-06,P109,93,44.77,0
2025-01-07,P109,83,44.76,0
2025-01-08,P109,80,44.76,0
2025-01-09,P109,91,44.76,0
2025-01-10,P109,57,44.75,0
2025-01-11,P109,47,44.75,0
2025-01-12,P109,16,44.75,0
2025-01-13,P109,76,44.74,0
2025-01-14,P109,104,44.74,0
2025-01-15,P109,79,44.73,0
2025-01-16,P109,90,44.73,0
2025-01-17,P109,80,44.73,0
2025-01-18,P109,44,44.72,0
2025-01-19,P109,16,44.72,0
2025-01-20,P109,79,44.71,0
2025-01-21,P109,98,44.71,0
2025-01-22,P109,91,44.7,0
2025-01-23,P109,76,44.7,0
2025-01-24,P109,67,44.69,0
2025-01-25,P109,39,44.69,0
2025-01-26,P109,18,44.68,0
2025-01-27,P109,90,44.68,0
2025-01-28,P109,88,44.67,0
2025-01-29,P109,66,44.67,0
2025-01-30,P109,85,44.66,0
2025-01-31,P109,85,44.66,0
2025-02-01,P109,42,44.65,0
2025-02-02,P109,20,44.65,0
2025-02-03,P109,67,44.64,0
2025-02-04,P109,87,44.64,0
2025-02-05,P109,138,44.63,1
2025-02-06,P109,86,44.62,0
2025-02-07,P109,78,44.62,0
2025-02-08,P109,48,44.61,0
2025-02-09,P109,17,44.6,0
2025-02-10,P109,73,44.6,0
2025-02-11,P109,152,44.59,1
2025-02-12,P109,75,44.59,0
2025-02-13,P109,71,44.58,0
2025-02-14,P109,82,44.57,0
2025-02-15,P109,45,44.57,0
2025-02-16,P109,13,44.56,0
2025-02-17,P109,75,44.55,0
2025-02-18,P109,78,44.54,0
2025-02-19,P109,69,44.54,0
2025-02-20,P109,77,44.53,0
2025-02-21,P109,81,44.52,0
2025-02-22,P109,42,44.52,0
2025-02-23,P109,18,44.51,0
2025-02-24,P109,67,44.5,0
2025-02-25,P109,76,44.49,0
2025-02-26,P109,68,44.49,0
2025-02-27,P109,74,44.48,0
2025-02-28,P109,71,44.47,0
2025-03-01,P109,41,44.46,0
2025-03-02,P109,17,44.46,0
2025-03-03,P109,77,44.45,0
2025-03-04,P109,67,44.44,0
2025-03-05,P109,62,44.43,0
2025-03-06,P109,122,44.42,1
2025-03-07,P109,78,44.42,0
2025-03-08,P109,36,44.41,0
2025-03-09,P109,12,44.4,0
2025-03-10,P109,86,44.39,0
2025-03-11,P109,76,44.38,0
2025-03-12,P109,72,44.37,0
2025-03-13,P109,60,44.37,0
2025-03-14,P109,65,44.36,0
2025-03-15,P109,38,44.35,0
2025-03-16,P109,15,44.34,0
2025-03-17,P109,63,44.33,0
2025-03-18,P109,70,44.32,0
2025-03-19,P109,65,44.31,0
2025-03-20,P109,80,44.3,0
2025-03-21,P109,70,44.3,0
2025-03-22,P109,33,44.29,0
2025-03-23,P109,12,44.28,0
2025-03-24,P109,69,44.27,0
2025-03-25,P109,66,44.26,0
2025-03-26,P109,65,44.25,0
2025-03-27,P109,58,44.24,0
2025-03-28,P109,56,44.23,0
2025-03-29,P109,35,44.22,0
2025-03-30,P109,13,44.21,0
2025-03-31,P109,84,44.2,0
2025-04-01,P109,73,44.2,0
2025-04-02,P109,58,44.19,0
2025-04-03,P109,54,44.18,0
2025-04-04,P109,64,44.17,0
2025-04-05,P109,32,44.16,0
2025-04-06,P109,15,44.15,0
2025-04-07,P109,67,44.14,0
2025-04-08,P109,89,44.13,1
2025-04-09,P109,58,44.12,0
2025-04-10,P109,59,44.11,0
2025-04-11,P109,63,44.1,0
2025-04-12,P109,29,44.09,0
2025-04-13,P109,13,44.08,0
2025-04-14,P109,54,44.07,0
2025-04-15,P109,66,44.06,0
2025-04-16,P109,67,44.05,0
2025-04-17,P109,73,44.04,0
2025-04-18,P109,61,44.03,0
2025-04-19,P109,30,44.02,0
2025-04-20,P109,15,44.01,0
2025-04-21,P109,96,44.0,1
2025-04-22,P109,71,43.99,0
2025-04-23,P109,108,43.98,1
2025-04-24,P109,63,43.97,0
2025-04-25,P109,54,43.97,0
2025-04-26,P109,34,43.96,0
2025-04-27,P109,14,43.95,0
2025-04-28,P109,59,43.94,0
2025-04-29,P109,61,43.93,0
2025-04-30,P109,66,43.92,0
2025-05-01,P109,56,43.91,0
2025-05-02,P109,49,43.9,0
2025-05-03,P109,33,43.89,0
2025-05-04,P109,13,43.88,0
2025-05-05,P109,61,43.87,0
2025-05-06,P109,68,43.86,0
2025-05-07,P109,68,43.85,0
2025-05-08,P109,60,43.84,0
2025-05-09,P109,99,43.83,1
2025-05-10,P109,30,43.82,0
2025-05-11,P109,14,43.81,0
2025-05-12,P109,63,43.8,0
2025-05-13,P109,60,43.79,0
2025-05-14,P109,57,43.78,0
2025-05-15,P109,65,43.77,0
2025-05-16,P109,57,43.76,0
2025-05-17,P109,58,43.75,1
2025-05-18,P109,14,43.74,0
2025-05-19,P109,60,43.73,0
2025-05-20,P109,71,43.72,0
2025-05-21,P109,64,43.71,0
2025-05-22,P109,63,43.7,0
2025-05-23,P109,44,43.69,0
2025-05-24,P109,29,43.69,0
2025-05-25,P109,12,43.68,0
2025-05-26,P109,60,43.67,0
2025-05-27,P109,65,43.66,0
2025-05-28,P109,111,43.65,1
2025-05-29,P109,63,43.64,0
2025-05-31,P109,35,43.62,0
2025-06-01,P109,16,43.61,0
2025-06-02,P109,60,43.6,0
2025-06-03,P109,95,43.59,1
2025-06-04,P109,129,43.58,1
2025-06-05,P109,63,43.58,0
2025-06-06,P109,56,43.57,0
2025-06-07,P109,26,43.56,0
2025-06-08,P109,11,43.55,0
2025-06-09,P109,70,43.54,0
2025-06-10,P109,75,43.53,0
2025-06-11,P109,76,43.52,0
2025-06-12,P109,113,43.51,1
2025-06-13,P109,54,43.51,0
2025-06-14,P109,32,43.5,0
2025-06-15,P109,11,43.49,0
2025-06-16,P109,53,43.48,0
2025-06-17,P109,69,43.47,0
2025-06-18,P109,69,43.46,0
2025-06-20,P109,60,43.45,0
2025-06-21,P109,29,43.44,0
2025-06-22,P109,13,43.43,0
2025-06-23,P109,63,43.42,0
2025-06-24,P109,107,43.42,1
2025-06-25,P109,69,43.41,0
2025-06-26,P109,56,43.4,0
2025-06-27,P109,63,43.39,0
2025-06-28,P109,37,43.38,0
2025-06-29,P109,16,43.38,0
2025-06-30,P109,69,43.37,0
2025-07-01,P109,77,43.36,0
2025-07-02,P109,65,43.35,0
2025-07-03,P109,64,43.35,0
2025-07-04,P109,73,43.34,0
2025-07-05,P109,30,43.33,0
2025-07-06,P109,13,43.33,0
2025-07-07,P109,76,43.32,0
2025-07-08,P109,69,43.31,0
2025-07-09,P109,68,43.3,0
2025-07-10,P109,66,43.3,0
2025-07-11,P109,66,43.29,0
2025-07-12,P109,40,43.28,0
2025-07-13,P109,16,43.28,0
2025-07-14,P109,70,43.27,0
2025-07-15,P109,81,43.27,0
2025-07-16,P109,74,43.26,0
2025-07-17,P109,76,43.25,0
2025-07-18,P109,59,43.25,0
2025-07-19,P109,44,43.24,0
2025-07-20,P109,15,43.23,0
2025-07-21,P109,50,43.23,0
2025-07-22,P109,184,43.22,1
2025-07-23,P109,73,43.22,0
2025-07-24,P109,68,43.21,0
2025-07-25,P109,64,43.21,0
2025-07-26,P109,40,43.2,0
2025-07-27,P109,14,43.2,0
2025-07-28,P109,69,43.19,0
2025-07-29,P109,72,43.18,0
2025-07-30,P109,73,43.18,0
2025-07-31,P109,69,43.17,0
2025-08-01,P109,77,43.17,0
2025-08-02,P109,40,43.17,0
2025-08-03,P109,32,43.16,1
2025-08-04,P109,80,43.16,0
2025-08-05,P109,78,43.15,0
2025-08-06,P109,69,43.15,0
2025-08-07,P109,90,43.14,0
2025-08-08,P109,79,43.14,0
2025-08-09,P109,47,43.13,0
2025-08-10,P109,18,43.13,0
2025-08-11,P109,73,43.13,0
2025-08-12,P109,60,43.12,0
2025-08-13,P109,69,43.12,0
2025-08-14,P109,83,43.12,0
2025-08-15,P109,73,43.11,0
2025-08-16,P109,39,43.11,0
2025-08-17,P109,12,43.11,0
2025-08-18,P109,79,43.1,0
2025-08-19,P109,73,43.1,0
2025-08-20,P109,75,43.1,0
2025-08-21,P109,87,43.09,0
2025-08-22,P109,67,43.09,0
2025-08-23,P109,38,43.09,0
2025-08-24,P109,17,43.08,0
2025-08-25,P109,89,43.08,0
2025-08-26,P109,81,43.08,0
2025-08-27,P109,97,43.08,0
2025-08-28,P109,70,43.08,0
2025-08-29,P109,65,43.07,0
2025-08-30,P109,36,43.07,0
2025-08-31,P109,14,43.07,0
2025-09-01,P109,86,43.07,0
2025-09-02,P109,77,43.07,0
2025-09-03,P109,72,43.06,0
2025-09-04,P109,87,43.06,0
2025-09-05,P109,87,43.06,0
2025-09-06,P109,49,43.06,0
2025-09-07,P109,19,43.06,0
2025-09-08,P109,77,43.06,0
2025-09-09,P109,91,43.06,0
2025-09-10,P109,92,43.06,0
2025-09-11,P109,81,43.06,0
2025-09-12,P109,83,43.06,0
2025-09-13,P109,39,43.06,0
2025-09-14,P109,17,43.06,0
2025-09-15,P109,91,43.06,0
2025-09-16,P109,106,43.05,0
2025-09-17,P109,101,43.05,0
2025-09-18,P109,93,43.05,0
2025-09-19,P109,84,43.06,0
2025-09-20,P109,46,43.06,0
2025-09-21,P109,15,43.06,0
2025-09-22,P109,81,43.06,0
2025-09-23,P109,84,43.06,0
2025-09-24,P109,97,43.06,0
2025-09-25,P109,98,43.06,0
2025-09-26,P109,92,43.06,0
2025-09-27,P109,53,43.06,0
2025-09-28,P109,19,43.06,0
2025-09-29,P109,81,43.06,0
2025-09-30,P109,94,43.06,0
2025-10-01,P109,85,43.07,0
2025-10-02,P109,168,43.07,1
2025-10-03,P109,83,43.07,0
2025-10-04,P109,47,43.07,0
2025-10-05,P109,21,43.07,0
2025-10-06,P109,85,43.08,0
2025-10-07,P109,106,43.08,0
2025-10-08,P109,80,43.08,0
2025-10-09,P109,95,43.08,0
2025-10-10,P109,87,43.08,0
2025-10-11,P109,53,43.09,0
2025-10-12,P109,16,43.09,0
2025-10-13,P109,78,43.09,0
2025-10-14,P109,105,43.1,0
2025-10-15,P109,91,43.1,0
2025-10-16,P109,92,43.1,0
2025-10-17,P109,82,43.1,0
2025-10-18,P109,54,43.11,0
2025-10-19,P109,20,43.11,0
2025-10-20,P109,97,43.11,0
2025-10-21,P109,86,43.12,0
2025-10-22,P109,102,43.12,0
2025-10-23,P109,84,43.13,0
2025-10-24,P109,83,43.13,0
2025-10-25,P109,42,43.13,0
2025-10-26,P109,19,43.14,0
2025-10-27,P109,107,43.14,0
2025-10-28,P109,102,43.15,0
2025-10-29,P109,93,43.15,0
2025-10-30,P109,96,43.16,0
2025-10-31,P109,92,43.16,0
2025-11-01,P109,50,43.16,0
2025-11-02,P109,20,43.17,0
2025-11-03,P109,85,43.17,0
2025-11-04,P109,101,43.18,0
2025-11-05,P109,79,43.18,0
2025-11-06,P109,102,43.19,0
2025-11-07,P109,80,43.19,0
2025-11-08,P109,57,43.2,0
2025-11-09,P109,15,43.21,0
2025-11-10,P109,115,43.21,0
2025-11-11,P109,82,43.22,0
2025-11-12,P109,133,43.22,1
2025-11-13,P109,99,43.23,0
2025-11-14,P109,98,43.23,0
2025-11-15,P109,49,43.24,0
2025-11-16,P109,22,43.25,0
2025-11-17,P109,89,43.25,0
2025-11-18,P109,96,43.26,0
2025-11-19,P109,96,43.26,0
2025-11-20,P109,90,43.27,0
2025-11-21,P109,72,43.28,0
2025-11-22,P109,50,43.28,0
2025-11-23,P109,20,43.29,0
2025-11-24,P109,109,43.3,0
2025-11-25,P109,86,43.3,0
2025-11-27,P109,109,43.32,0
2025-11-28,P109,94,43.32,0
2025-11-29,P109,53,43.33,0
2025-11-30,P109,21,43.34,0
2025-12-01,P109,102,43.35,0
2025-12-02,P109,121,43.35,0
2025-12-03,P109,100,43.36,0
2025-12-04,P109,85,43.37,0
2025-12-05,P109,98,43.38,0
2025-12-06,P109,47,43.38,0
2025-12-07,P109,20,43.39,0
2025-12-08,P109,100,43.4,0
2025-12-09,P109,91,43.41,0
2025-12-10,P109,93,43.41,0
2025-12-11,P109,100,43.42,0
2025-12-12,P109,85,43.43,0
2025-12-13,P109,55,43.44,0
2025-12-14,P109,18,43.45,0
2025-12-15,P109,85,43.45,0
2025-12-16,P109,120,43.46,0
2025-12-17,P109,81,43.47,0
2025-12-18,P109,94,43.48,0
2025-12-19,P109,108,43.49,0
2025-12-20,P109,49,43.5,0
2025-12-21,P109,23,43.5,0
2025-12-22,P109,102,43.51,0
2025-12-23,P109,98,43.52,0
2025-12-24,P109,95,43.53,0
2025-12-25,P109,72,43.54,0
2025-12-26,P109,86,43.55,0
2025-12-27,P109,50,43.56,0
2025-12-28,P109,20,43.56,0
2025-12-29,P109,119,43.57,0
2025-12-30,P109,100,43.58,0
2025-12-31,P109,102,43.59,0
2023-01-01,P110,5,236.6,0
2023-01-02,P110,26,236.65,0
2023-01-03,P110,23,236.71,0
2023-01-04,P110,23,236.76,0
2023-01-05,P110,23,236.81,0
2023-01-06,P110,19,236.86,0
2023-01-07,P110,12,236.92,0
2023-01-08,P110,5,236.97,0
2023-01-09,P110,23,237.02,0
2023-01-10,P110,26,237.07,0
2023-01-11,P110,26,237.13,0
2023-01-12,P110,24,237.18,0
2023-01-13,P110,19,237.23,0
2023-01-14,P110,11,237.28,0
2023-01-15,P110,6,237.33,0
2023-01-16,P110,23,237.39,0
2023-01-17,P110,24,237.44,0
2023-01-18,P110,41,237.49,1
2023-01-19,P110,22,237.54,0
2023-01-20,P110,22,237.59,0
2023-01-21,P110,11,237.64,0
2023-01-22,P110,4,237.7,0
2023-01-23,P110,21,237.75,0
2023-01-24,P110,26,237.8,0
2023-01-25,P110,24,237.85,0
2023-01-26,P110,23,237.9,0
2023-01-27,P110,21,237.95,0
2023-01-28,P110,10,238.0,0
2023-01-29,P110,5,238.05,0
2023-01-30,P110,24,238.1,0
2023-01-31,P110,22,238.15,0
2023-02-01,P110,24,238.2,0
2023-02-02,P110,22,238.25,0
2023-02-03,P110,22,238.3,0
2023-02-04,P110,11,238.35,0
2023-02-05,P110,5,238.4,0
2023-02-06,P110,18,238.44,0
2023-02-07,P110,22,238.49,0
2023-02-08,P110,23,238.54,0
2023-02-09,P110,21,238.59,0
2023-02-10,P110,22,238.64,0
2023-02-11,P110,11,238.68,0
2023-02-12,P110,4,238.73,0
2023-02-13,P110,17,238.78,0
2023-02-14,P110,21,238.82,0
2023-02-15,P110,22,238.87,0
2023-02-16,P110,22,238.92,0
2023-02-17,P110,16,238.96,0
2023-02-18,P110,12,239.01,0
2023-02-19,P110,4,239.05,0
2023-02-20,P110,20,239.1,0
2023-02-21,P110,20,239.14,0
2023-02-22,P110,21,239.19,0
2023-02-23,P110,20,239.23,0
2023-02-24,P110,20,239.27,0
2023-02-25,P110,12,239.32,0
2023-02-26,P110,4,239.36,0
2023-02-27,P110,18,239.4,0
2023-02-28,P110,21,239.44,0
2023-03-01,P110,24,239.49,0
2023-03-02,P110,21,239.53,0
2023-03-03,P110,20,239.57,0
2023-03-04,P110,8,239.61,0
2023-03-05,P110,4,239.65,0
2023-03-06,P110,19,239.69,0
2023-03-07,P110,18,239.73,0
2023-03-08,P110,19,239.77,0
2023-03-09,P110,19,239.81,0
2023-03-10,P110,17,239.85,0
2023-03-11,P110,18,239.88,1
2023-03-12,P110,4,239.92,0
2023-03-13,P110,20,239.96,0
2023-03-14,P110,20,240.0,0
2023-03-15,P110,20,240.03,0
2023-03-16,P110,20,240.07,0
2023-03-17,P110,19,240.1,0
2023-03-18,P110,10,240.14,0
2023-03-19,P110,3,240.17,0
2023-03-20,P110,19,240.21,0
2023-03-21,P110,17,240.24,0
2023-03-22,P110,19,240.28,0
2023-03-23,P110,19,240.31,0
2023-03-24,P110,20,240.34,0
2023-03-25,P110,11,240.37,0
2023-03-26,P110,3,240.4,0
2023-03-27,P110,15,240.44,0
2023-03-28,P110,19,240.47,0
2023-03-29,P110,19,240.5,0
2023-03-30,P110,15,240.53,0
2023-03-31,P110,17,240.55,0
2023-04-01,P110,10,240.58,0
2023-04-02,P110,3,240.61,0
2023-04-03,P110,16,240.64,0
2023-04-04,P110,17,240.67,0
2023-04-05,P110,18,240.69,0
2023-04-06,P110,19,240.72,0
2023-04-07,P110,16,240.74,0
2023-04-08,P110,9,240.77,0
2023-04-09,P110,5,240.79,0
2023-04-10,P110,16,240.82,0
2023-04-11,P110,17,240.84,0
2023-04-12,P110,19,240.87,0
2023-04-13,P110,19,240.89,0
2023-04-14,P110,17,240.91,0
2023-04-15,P110,11,240.93,0
2023-04-16,P110,4,240.95,0
2023-04-17,P110,13,240.97,0
2023-04-18,P110,18,240.99,0
2023-04-19,P110,16,241.01,0
2023-04-20,P110,20,241.03,0
2023-04-21,P110,18,241.05,0
2023-04-22,P110,7,241.07,0
2023-04-23,P110,4,241.08,0
2023-04-24,P110,19,241.1,0
2023-04-25,P110,17,241.12,0
2023-04-26,P110,17,241.13,0
2023-04-27,P110,19,241.15,0
2023-04-28,P110,13,241.16,0
2023-04-29,P110,9,241.17,0
2023-04-30,P110,4,241.19,0
2023-05-01,P110,17,241.2,0
2023-05-02,P110,19,241.21,0
2023-05-03,P110,17,241.22,0
2023-05-04,P110,15,241.24,0
2023-05-05,P110,14,241.25,0
2023-05-06,P110,9,241.26,0
2023-05-07,P110,3,241.26,0
2023-05-08,P110,14,241.27,0
2023-05-09,P110,18,241.28,0
2023-05-10,P110,16,241.29,0
2023-05-11,P110,14,241.3,0
2023-05-12,P110,16,241.3,0
2023-05-13,P110,9,241.31,0
2023-05-14,P110,3,241.31,0
2023-05-15,P110,15,241.32,0
2023-05-16,P110,18,241.32,0
2023-05-17,P110,19,241.33,0
2023-05-18,P110,21,241.33,0
2023-05-19,P110,18,241.33,0
2023-05-20,P110,8,241.33,0
2023-05-21,P110,4,241.33,0
2023-05-22,P110,17,241.33,0
2023-05-23,P110,15,241.33,0
2023-05-24,P110,18,241.33,0
2023-05-25,P110,20,241.33,0
2023-05-26,P110,18,241.33,0
2023-05-27,P110,8,241.33,0
2023-05-28,P110,4,241.32,0
2023-05-29,P110,18,241.32,0
2023-05-30,P110,14,241.32,0
2023-05-31,P110,14,241.31,0
2023-06-01,P110,17,241.31,0
2023-06-02,P110,16,241.3,0
2023-06-03,P110,7,241.29,0
2023-06-04,P110,4,241.29,0
2023-06-05,P110,19,241.28,0
2023-06-06,P110,17,241.27,0
2023-06-07,P110,18,241.26,0
2023-06-08,P110,18,241.25,0
2023-06-09,P110,17,241.24,0
2023-06-10,P110,7,241.23,0
2023-06-11,P110,3,241.22,0
2023-06-12,P110,17,241.21,0
2023-06-13,P110,16,241.2,0
2023-06-14,P110,21,241.18,0
2023-06-15,P110,18,241.17,0
2023-06-16,P110,14,241.16,0
2023-06-17,P110,9,241.14,0
2023-06-18,P110,4,241.13,0
2023-06-19,P110,16,241.11,0
2023-06-20,P110,20,241.1,0
2023-06-21,P110,43,241.08,1
2023-06-22,P110,20,241.06,0
2023-06-23,P110,17,241.04,0
2023-06-24,P110,11,241.03,0
2023-06-25,P110,4,241.01,0
2023-06-26,P110,40,240.99,1
2023-06-27,P110,19,240.97,0
2023-06-28,P110,37,240.95,1
2023-06-29,P110,17,240.93,0
2023-06-30,P110,18,240.9,0
2023-07-01,P110,10,240.88,0
2023-07-02,P110,3,240.86,0
2023-07-03,P110,16,240.84,0
2023-07-04,P110,19,240.81,0
2023-07-05,P110,21,240.79,0
2023-07-06,P110,15,240.76,0
2023-07-07,P110,17,240.74,0
2023-07-08,P110,11,240.71,0
2023-07-09,P110,3,240.69,0
2023-07-10,P110,21,240.66,0
2023-07-11,P110,17,240.63,0
2023-07-12,P110,17,240.6,0
2023-07-13,P110,18,240.58,0
2023-07-14,P110,22,240.55,0
2023-07-15,P110,9,240.52,0
2023-07-16,P110,3,240.49,0
2023-07-17,P110,16,240.46,0
2023-07-18,P110,22,240.43,0
2023-07-19,P110,17,240.4,0
2023-07-20,P110,22,240.36,0
2023-07-21,P110,19,240.33,0
2023-07-22,P110,10,240.3,0
2023-07-23,P110,4,240.27,0
2023-07-24,P110,18,240.23,0
2023-07-25,P110,21,240.2,0
2023-07-26,P110,18,240.17,0
2023-07-27,P110,23,240.13,0
2023-07-28,P110,17,240.1,0
2023-07-29,P110,11,240.06,0
2023-07-30,P110,4,240.02,0
2023-07-31,P110,19,239.99,0
2023-08-01,P110,20,239.95,0
2023-08-02,P110,28,239.91,0
2023-08-03,P110,20,239.87,0
2023-08-04,P110,18,239.84,0
2023-08-05,P110,10,239.8,0
2023-08-06,P110,4,239.76,0
2023-08-07,P110,20,239.72,0
2023-08-08,P110,26,239.68,0
2023-08-09,P110,22,239.64,0
2023-08-10,P110,23,239.6,0
2023-08-11,P110,18,239.56,0
2023-08-12,P110,11,239.52,0
2023-08-13,P110,5,239.48,0
2023-08-14,P110,20,239.43,0
2023-08-15,P110,23,239.39,0
2023-08-16,P110,23,239.35,0
2023-08-17,P110,23,239.31,0
2023-08-18,P110,20,239.26,0
2023-08-19,P110,13,239.22,0
2023-08-20,P110,4,239.17,0
2023-08-21,P110,21,239.13,0
2023-08-22,P110,26,239.09,0
2023-08-23,P110,20,239.04,0
2023-08-24,P110,18,239.0,0
2023-08-25,P110,19,238.95,0
2023-08-26,P110,12,238.9,0
2023-08-27,P110,5,238.86,0
2023-08-28,P110,21,238.81,0
2023-08-29,P110,28,238.77,0
2023-08-30,P110,36,238.72,1
2023-08-31,P110,22,238.67,0
2023-09-01,P110,20,238.62,0
2023-09-02,P110,14,238.58,0
2023-09-03,P110,5,238.53,0
2023-09-04,P110,38,238.48,1
2023-09-05,P110,30,238.43,0
2023-09-06,P110,25,238.38,0
2023-09-07,P110,25,238.33,0
2023-09-08,P110,26,238.29,0
2023-09-09,P110,13,238.24,0
2023-09-10,P110,5,238.19,0
2023-09-11,P110,24,238.14,0
2023-09-12,P110,27,238.09,0
2023-09-13,P110,24,238.04,0
2023-09-14,P110,24,237.99,0
2023-09-15,P110,23,237.94,0
2023-09-16,P110,12,237.89,0
2023-09-17,P110,5,237.84,0
2023-09-18,P110,25,237.78,0
2023-09-19,P110,27,237.73,0
2023-09-20,P110,26,237.68,0
2023-09-21,P110,29,237.63,0
2023-09-22,P110,26,237.58,0
2023-09-23,P110,12,237.53,0
2023-09-24,P110,5,237.48,0
2023-09-25,P110,28,237.43,0
2023-09-26,P110,23,237.37,0
2023-09-27,P110,31,237.32,0
2023-09-28,P110,22,237.27,0
2023-09-29,P110,26,237.22,0
2023-09-30,P110,13,237.17,0
2023-10-01,P110,5,237.11,0
2023-10-02,P110,21,237.06,0
2023-10-03,P110,29,237.01,0
2023-10-04,P110,22,236.96,0
2023-10-05,P110,21,236.9,0
2023-10-06,P110,27,236.85,0
2023-10-07,P110,16,236.8,0
2023-10-08,P110,5,236.75,0
2023-10-09,P110,28,236.69,0
2023-10-10,P110,29,236.64,0
2023-10-11,P110,26,236.59,0
2023-10-12,P110,45,236.54,1
2023-10-13,P110,42,236.48,1
2023-10-14,P110,14,236.43,0
2023-10-15,P110,5,236.38,0
2023-10-16,P110,42,236.33,1
2023-10-17,P110,30,236.27,0
2023-10-18,P110,28,236.22,0
2023-10-19,P110,25,236.17,0
2023-10-20,P110,30,236.12,0
2023-10-21,P110,25,236.06,1
2023-10-22,P110,6,236.01,0
2023-10-23,P110,22,235.96,0
2023-10-24,P110,27,235.91,0
2023-10-25,P110,24,235.86,0
2023-10-26,P110,26,235.8,0
2023-10-27,P110,22,235.75,0
2023-10-28,P110,12,235.7,0
2023-10-29,P110,4,235.65,0
2023-10-30,P110,27,235.6,0
2023-10-31,P110,20,235.55,0
2023-11-01,P110,26,235.49,0
2023-11-02,P110,28,235.44,0
2023-11-03,P110,44,235.39,1
2023-11-04,P110,12,235.34,0
2023-11-05,P110,5,235.29,0
2023-11-06,P110,24,235.24,0
2023-11-07,P110,28,235.19,0
2023-11-08,P110,24,235.14,0
2023-11-09,P110,26,235.09,0
2023-11-10,P110,24,235.04,0
2023-11-11,P110,14,234.99,0
2023-11-12,P110,7,234.94,0
2023-11-13,P110,27,234.89,0
2023-11-14,P110,29,234.84,0
2023-11-15,P110,25,234.79,0
2023-11-16,P110,27,234.75,0
2023-11-17,P110,24,234.7,0
2023-11-18,P110,14,234.65,0
2023-11-19,P110,6,234.6,0
2023-11-20,P110,25,234.55,0
2023-11-21,P110,27,234.51,0
2023-11-22,P110,26,234.46,0
2023-11-23,P110,25,234.41,0
2023-11-24,P110,26,234.37,0
2023-11-25,P110,13,234.32,0
2023-11-26,P110,6,234.28,0
2023-11-27,P110,35,234.23,0
2023-11-28,P110,26,234.18,0
2023-11-29,P110,60,234.14,1
2023-11-30,P110,29,234.09,0
2023-12-01,P110,24,234.05,0
2023-12-02,P110,12,234.01,0
2023-12-03,P110,7,233.96,0
2023-12-04,P110,29,233.92,0
2023-12-05,P110,29,233.88,0
2023-12-06,P110,31,233.83,0
2023-12-07,P110,29,233.79,0
2023-12-08,P110,25,233.75,0
2023-12-09,P110,12,233.71,0
2023-12-10,P110,5,233.66,0
2023-12-11,P110,30,233.62,0
2023-12-12,P110,30,233.58,0
2023-12-13,P110,26,233.54,0
2023-12-14,P110,31,233.5,0
2023-12-15,P110,24,233.46,0
2023-12-16,P110,15,233.42,0
2023-12-17,P110,6,233.39,0
2023-12-18,P110,32,233.35,0
2023-12-19,P110,30,233.31,0
2023-12-20,P110,27,233.27,0
2023-12-21,P110,25,233.23,0
2023-12-22,P110,25,233.2,0
2023-12-23,P110,12,233.16,0
2023-12-24,P110,5,233.13,0
2023-12-25,P110,27,233.09,0
2023-12-26,P110,25,233.05,0
2023-12-27,P110,25,233.02,0
2023-12-28,P110,25,232.99,0
2023-12-29,P110,25,232.95,0
2023-12-30,P110,13,232.92,0
2023-12-31,P110,6,232.89,0
2024-01-01,P110,28,232.85,0
2024-01-02,P110,33,232.82,0
2024-01-03,P110,50,232.79,1
2024-01-04,P110,28,232.76,0
2024-01-05,P110,23,232.73,0
2024-01-06,P110,22,232.7,1
2024-01-07,P110,7,232.67,0
2024-01-08,P110,23,232.64,0
2024-01-09,P110,20,232.61,0
2024-01-10,P110,24,232.58,0
2024-01-11,P110,19,232.56,0
2024-01-12,P110,21,232.53,0
2024-01-13,P110,12,232.5,0
2024-01-14,P110,5,232.48,0
2024-01-15,P110,19,232.45,0
2024-01-16,P110,29,232.43,0
2024-01-17,P110,20,232.4,0
2024-01-18,P110,24,232.38,0
2024-01-19,P110,23,232.35,0
2024-01-20,P110,14,232.33,0
2024-01-21,P110,5,232.31,0
2024-01-22,P110,28,232.29,0
2024-01-23,P110,24,232.27,0
2024-01-24,P110,24,232.25,0
2024-01-25,P110,25,232.23,0
2024-01-26,P110,26,232.21,0
2024-01-27,P110,14,232.19,0
2024-01-28,P110,5,232.17,0
2024-01-29,P110,25,232.15,0
2024-01-30,P110,25,232.13,0
2024-01-31,P110,26,232.12,0
2024-02-01,P110,29,232.1,0
2024-02-02,P110,22,232.08,0
2024-02-03,P110,12,232.07,0
2024-02-04,P110,5,232.05,0
2024-02-05,P110,25,232.04,0
2024-02-06,P110,19,232.02,0
2024-02-07,P110,24,232.01,0
2024-02-08,P110,25,232.0,0
2024-02-09,P110,21,231.99,0
2024-02-10,P110,12,231.98,0
2024-02-11,P110,6,231.97,0
2024-02-12,P110,24,231.95,0
2024-02-13,P110,18,231.95,0
2024-02-14,P110,20,231.94,0
2024-02-15,P110,22,231.93,0
2024-02-16,P110,20,231.92,0
2024-02-17,P110,12,231.91,0
2024-02-18,P110,5,231.91,0
2024-02-19,P110,26,231.9,0
2024-02-20,P110,21,231.89,0
2024-02-21,P110,22,231.89,0
2024-02-22,P110,23,231.88,0
2024-02-23,P110,22,231.88,0
2024-02-24,P110,12,231.88,0
2024-02-25,P110,3,231.87,0
2024-02-26,P110,22,231.87,0
2024-02-27,P110,23,231.87,0
2024-02-28,P110,25,231.87,0
2024-02-29,P110,23,231.87,0
2024-03-01,P110,21,231.87,0
2024-03-02,P110,12,231.87,0
2024-03-03,P110,5,231.87,0
2024-03-04,P110,45,231.87,1
2024-03-05,P110,23,231.88,0
2024-03-06,P110,27,231.88,0
2024-03-07,P110,20,231.88,0
2024-03-08,P110,18,231.89,0
2024-03-09,P110,11,231.89,0
2024-03-10,P110,4,231.9,0
2024-03-11,P110,15,231.9,0
2024-03-12,P110,20,231.91,0
2024-03-13,P110,22,231.92,0
2024-03-14,P110,21,231.93,0
2024-03-15,P110,18,231.93,0
2024-03-16,P110,11,231.94,0
2024-03-17,P110,4,231.95,0
2024-03-18,P110,22,231.96,0
2024-03-19,P110,20,231.97,0
2024-03-20,P110,23,231.98,0
2024-03-21,P110,18,232.0,0
2024-03-22,P110,18,232.01,0
2024-03-23,P110,13,232.02,0
2024-03-24,P110,4,232.04,0
2024-03-25,P110,19,232.05,0
2024-03-26,P110,18,232.06,0
2024-03-27,P110,19,232.08,0
2024-03-28,P110,20,232.09,0
2024-03-29,P110,20,232.11,0
2024-03-30,P110,10,232.13,0
2024-03-31,P110,4,232.15,0
2024-04-01,P110,17,232.16,0
2024-04-02,P110,19,232.18,0
2024-04-03,P110,17,232.2,0
2024-04-04,P110,21,232.22,0
2024-04-05,P110,20,232.24,0
2024-04-06,P110,10,232.26,0
2024-04-07,P110,4,232.28,0
2024-04-08,P110,21,232.3,0
2024-04-09,P110,21,232.33,0
2024-04-10,P110,23,232.35,0
2024-04-11,P110,17,232.37,0
2024-04-12,P110,18,232.4,0
2024-04-13,P110,10,232.42,0
2024-04-14,P110,4,232.45,0
2024-04-15,P110,16,232.47,0
2024-04-16,P110,23,232.5,0
2024-04-17,P110,21,232.52,0
2024-04-18,P110,23,232.55,0
2024-04-19,P110,18,232.58,0
2024-04-20,P110,9,232.61,0
2024-04-21,P110,9,232.63,1
2024-04-22,P110,21,232.66,0
2024-04-23,P110,18,232.69,0
2024-04-24,P110,15,232.72,0
2024-04-25,P110,15,232.75,0
2024-04-26,P110,18,232.78,0
2024-04-27,P110,12,232.82,0
2024-04-28,P110,3,232.85,0
2024-04-29,P110,18,232.88,0
2024-04-30,P110,19,232.91,0
2024-05-01,P110,23,232.94,0
2024-05-02,P110,23,232.98,0
2024-05-03,P110,19,233.01,0
2024-05-04,P110,11,233.05,0
2024-05-05,P110,4,233.08,0
2024-05-06,P110,16,233.12,0
2024-05-07,P110,21,233.15,0
2024-05-08,P110,17,233.19,0
2024-05-09,P110,18,233.23,0
2024-05-10,P110,20,233.26,0
2024-05-11,P110,10,233.3,0
2024-05-12,P110,4,233.34,0
2024-05-13,P110,22,233.38,0
2024-05-14,P110,16,233.42,0
2024-05-15,P110,15,233.45,0
2024-05-16,P110,45,233.49,1
2024-05-17,P110,20,233.53,0
2024-05-18,P110,10,233.57,0
2024-05-19,P110,4,233.61,0
2024-05-20,P110,21,233.66,0
2024-05-21,P110,21,233.7,0
2024-05-22,P110,19,233.74,0
2024-05-23,P110,21,233.78,0
2024-05-24,P110,17,233.82,0
2024-05-25,P110,10,233.87,0
2024-05-26,P110,4,233.91,0
2024-05-27,P110,17,233.95,0
2024-05-28,P110,18,234.0,0
2024-05-29,P110,24,234.04,0
2024-05-30,P110,17,234.08,0
2024-05-31,P110,19,234.13,0
2024-06-01,P110,11,234.17,0
2024-06-02,P110,4,234.22,0
2024-06-03,P110,21,234.26,0
2024-06-04,P110,21,234.31,0
2024-06-05,P110,18,234.36,0
2024-06-06,P110,20,234.4,0
2024-06-07,P110,17,234.45,0
2024-06-08,P110,12,234.5,0
2024-06-09,P110,4,234.54,0
2024-06-10,P110,18,234.59,0
2024-06-11,P110,21,234.64,0
2024-06-12,P110,18,234.69,0
2024-06-13,P110,20,234.74,0
2024-06-14,P110,18,234.78,0
2024-06-15,P110,9,234.83,0
2024-06-16,P110,4,234.88,0
2024-06-17,P110,25,234.93,0
2024-06-18,P110,21,234.98,0
2024-06-19,P110,19,235.03,0
2024-06-20,P110,18,235.08,0
2024-06-21,P110,36,235.13,1
2024-06-22,P110,10,235.18,0
2024-06-23,P110,4,235.23,0
2024-06-24,P110,20,235.28,0
2024-06-25,P110,21,235.33,0
2024-06-26,P110,20,235.38,0
2024-06-27,P110,18,235.43,0
2024-06-28,P110,18,235.48,0
2024-06-29,P110,10,235.53,0
2024-06-30,P110,4,235.59,0
2024-07-01,P110,21,235.64,0
2024-07-02,P110,44,235.69,1
2024-07-03,P110,24,235.74,0
2024-07-04,P110,25,235.79,0
2024-07-05,P110,18,235.84,0
2024-07-06,P110,13,235.9,0
2024-07-07,P110,4,235.95,0
2024-07-08,P110,23,236.0,0
2024-07-09,P110,23,236.05,0
2024-07-10,P110,21,236.1,0
2024-07-11,P110,23,236.16,0
2024-07-12,P110,21,236.21,0
2024-07-13,P110,9,236.26,0
2024-07-14,P110,4,236.31,0
2024-07-15,P110,24,236.37,0
2024-07-16,P110,23,236.42,0
2024-07-17,P110,23,236.47,0
2024-07-18,P110,20,236.52,0
2024-07-19,P110,21,236.58,0
2024-07-20,P110,11,236.63,0
2024-07-21,P110,4,236.68,0
2024-07-22,P110,20,236.73,0
2024-07-23,P110,25,236.79,0
2024-07-24,P110,23,236.84,0
2024-07-25,P110,40,236.89,1
2024-07-26,P110,26,236.94,0
2024-07-27,P110,12,237.0,0
2024-07-28,P110,5,237.05,0
2024-07-29,P110,23,237.1,0
2024-07-30,P110,23,237.15,0
2024-07-31,P110,20,237.21,0
2024-08-01,P110,23,237.26,0
2024-08-02,P110,15,237.31,0
2024-08-03,P110,12,237.36,0
2024-08-04,P110,5,237.41,0
2024-08-05,P110,23,237.46,0
2024-08-06,P110,24,237.52,0
2024-08-07,P110,21,237.57,0
2024-08-08,P110,27,237.62,0
2024-08-09,P110,21,237.67,0
2024-08-10,P110,18,237.72,1
2024-08-11,P110,5,237.77,0
2024-08-12,P110,24,237.82,0
2024-08-13,P110,24,237.87,0
2024-08-14,P110,23,237.93,0
2024-08-15,P110,24,237.98,0
2024-08-16,P110,26,238.03,0
2024-08-17,P110,13,238.08,0
2024-08-18,P110,5,238.13,0
2024-08-19,P110,27,238.18,0
2024-08-20,P110,26,238.22,0
2024-08-21,P110,26,238.27,0
2024-08-22,P110,25,238.32,0
2024-08-23,P110,25,238.37,0
2024-08-24,P110,12,238.42,0
2024-08-25,P110,5,238.47,0
2024-08-26,P110,28,238.52,0
2024-08-27,P110,30,238.57,0
2024-08-28,P110,23,238.61,0
2024-08-29,P110,26,238.66,0
2024-08-30,P110,23,238.71,0
2024-08-31,P110,15,238.75,0
2024-09-01,P110,5,238.8,0
2024-09-02,P110,35,238.85,0
2024-09-03,P110,26,238.89,0
2024-09-04,P110,31,238.94,0
2024-09-05,P110,30,238.99,0
2024-09-06,P110,26,239.03,0
2024-09-07,P110,14,239.08,0
2024-09-08,P110,6,239.12,0
2024-09-09,P110,26,239.16,0
2024-09-10,P110,63,239.21,1
2024-09-11,P110,24,239.25,0
2024-09-12,P110,26,239.3,0
2024-09-13,P110,24,239.34,0
2024-09-14,P110,11,239.38,0
2024-09-15,P110,6,239.42,0
2024-09-16,P110,30,239.47,0
2024-09-17,P110,26,239.51,0
2024-09-18,P110,31,239.55,0
2024-09-19,P110,22,239.59,0
2024-09-20,P110,26,239.63,0
2024-09-21,P110,14,239.67,0
2024-09-22,P110,6,239.71,0
2024-09-23,P110,28,239.75,0
2024-09-24,P110,28,239.79,0
2024-09-25,P110,27,239.83,0
2024-09-26,P110,27,239.87,0
2024-09-27,P110,30,239.9,0
2024-09-28,P110,14,239.94,0
2024-09-29,P110,7,239.98,0
2024-09-30,P110,26,240.01,0
2024-10-01,P110,30,240.05,0
2024-10-02,P110,30,240.09,0
2024-10-03,P110,27,240.12,0
2024-10-04,P110,31,240.16,0
2024-10-05,P110,16,240.19,0
2024-10-06,P110,6,240.23,0
2024-10-07,P110,33,240.26,0
2024-10-08,P110,26,240.29,0
2024-10-09,P110,27,240.33,0
2024-10-10,P110,30,240.36,0
2024-10-11,P110,29,240.39,0
2024-10-12,P110,15,240.42,0
2024-10-13,P110,6,240.45,0
2024-10-14,P110,28,240.48,0
2024-10-15,P110,34,240.51,0
2024-10-16,P110,30,240.54,0
2024-10-17,P110,26,240.57,0
2024-10-18,P110,25,240.6,0
2024-10-19,P110,18,240.63,0
2024-10-20,P110,6,240.65,0
2024-10-21,P110,30,240.68,0
2024-10-22,P110,35,240.71,0
2024-10-23,P110,32,240.73,0
2024-10-24,P110,27,240.76,0
2024-10-25,P110,25,240.78,0
2024-10-26,P110,18,240.81,0
2024-10-27,P110,5,240.83,0
2024-10-28,P110,28,240.85,0
2024-10-29,P110,32,240.88,0
2024-10-30,P110,29,240.9,0
2024-10-31,P110,31,240.92,0
2024-11-01,P110,23,240.94,0
2024-11-02,P110,15,240.96,0
2024-11-03,P110,7,240.98,0
2024-11-04,P110,32,241.0,0
2024-11-05,P110,29,241.02,0
2024-11-06,P110,27,241.04,0
2024-11-07,P110,30,241.06,0
2024-11-08,P110,24,241.08,0
2024-11-09,P110,18,241.09,0
2024-11-10,P110,6,241.11,0
2024-11-11,P110,28,241.12,0
2024-11-12,P110,27,241.14,0
2024-11-13,P110,28,241.15,0
2024-11-14,P110,25,241.17,0
2024-11-15,P110,30,241.18,0
2024-11-16,P110,14,241.19,0
2024-11-17,P110,6,241.21,0
2024-11-18,P110,32,241.22,0
2024-11-19,P110,34,241.23,0
2024-11-20,P110,31,241.24,0
2024-11-21,P110,33,241.25,0
2024-11-22,P110,33,241.26,0
2024-11-23,P110,16,241.27,0
2024-11-24,P110,6,241.28,0
2024-11-25,P110,28,241.29,0
2024-11-26,P110,28,241.29,0
2024-11-27,P110,35,241.3,0
2024-11-28,P110,32,241.31,0
2024-11-29,P110,30,241.31,0
2024-11-30,P110,14,241.32,0
2024-12-01,P110,7,241.32,0
2024-12-02,P110,29,241.32,0
2024-12-03,P110,28,241.33,0
2024-12-04,P110,28,241.33,0
2024-12-05,P110,35,241.33,0
2024-12-06,P110,25,241.33,0
2024-12-07,P110,14,241.33,0
2024-12-08,P110,8,241.33,0
2024-12-09,P110,33,241.33,0
2024-12-10,P110,28,241.33,0
2024-12-11,P110,27,241.33,0
2024-12-12,P110,24,241.33,0
2024-12-13,P110,28,241.33,0
2024-12-14,P110,17,241.32,0
2024-12-15,P110,7,241.32,0
2024-12-16,P110,23,241.31,0
2024-12-17,P110,26,241.31,0
2024-12-18,P110,30,241.3,0
2024-12-19,P110,38,241.3,0
2024-12-20,P110,30,241.29,0
2024-12-21,P110,16,241.28,0
2024-12-22,P110,5,241.28,0
2024-12-23,P110,22,241.27,0
2024-12-24,P110,30,241.26,0
2024-12-25,P110,29,241.25,0
2024-12-26,P110,28,241.24,0
2024-12-27,P110,26,241.23,0
2024-12-28,P110,14,241.22,0
2024-12-29,P110,9,241.2,1
2024-12-30,P110,33,241.19,0
2024-12-31,P110,27,241.18,0
2025-01-01,P110,28,241.16,0
2025-01-02,P110,28,241.15,0
2025-01-03,P110,61,241.14,1
2025-01-04,P110,13,241.12,0
2025-01-05,P110,7,241.1,0
2025-01-06,P110,27,241.09,0
2025-01-07,P110,29,241.07,0
2025-01-08,P110,34,241.05,0
2025-01-09,P110,25,241.04,0
2025-01-10,P110,29,241.02,0
2025-01-11,P110,16,241.0,0
2025-01-12,P110,6,240.98,0
2025-01-13,P110,28,240.96,0
2025-01-14,P110,36,240.94,0
2025-01-15,P110,28,240.92,0
2025-01-16,P110,28,240.89,0
2025-01-17,P110,25,240.87,0
2025-01-18,P110,15,240.85,0
2025-01-19,P110,6,240.82,0
2025-01-20,P110,27,240.8,0
2025-01-21,P110,22,240.78,0
2025-01-22,P110,30,240.75,0
2025-01-23,P110,24,240.73,0
2025-01-24,P110,28,240.7,0
2025-01-25,P110,14,240.67,0
2025-01-26,P110,6,240.65,0
2025-01-27,P110,24,240.62,0
2025-01-28,P110,26,240.59,0
2025-01-29,P110,26,240.56,0
2025-01-30,P110,22,240.53,0
2025-01-31,P110,28,240.5,0
2025-02-01,P110,11,240.47,0
2025-02-02,P110,6,240.44,0
2025-02-03,P110,28,240.41,0
2025-02-04,P110,27,240.38,0
2025-02-05,P110,28,240.35,0
2025-02-06,P110,27,240.32,0
2025-02-07,P110,24,240.28,0
2025-02-08,P110,14,240.25,0
2025-02-09,P110,6,240.22,0
2025-02-10,P110,23,240.18,0
2025-02-11,P110,28,240.15,0
2025-02-12,P110,19,240.11,0
2025-02-13,P110,20,240.08,0
2025-02-14,P110,26,240.04,0
2025-02-15,P110,13,240.0,0
2025-02-16,P110,8,239.97,1
2025-02-17,P110,25,239.93,0
2025-02-18,P110,25,239.89,0
2025-02-19,P110,23,239.86,0
2025-02-20,P110,21,239.82,0
2025-02-21,P110,19,239.78,0
2025-02-22,P110,14,239.74,0
2025-02-23,P110,5,239.7,0
2025-02-24,P110,28,239.66,0
2025-02-25,P110,25,239.62,0
2025-02-26,P110,26,239.58,0
2025-02-27,P110,24,239.54,0
2025-02-28,P110,23,239.5,0
2025-03-01,P110,13,239.45,0
2025-03-02,P110,5,239.41,0
2025-03-03,P110,21,239.37,0
2025-03-04,P110,27,239.33,0
2025-03-05,P110,29,239.28,0
2025-03-06,P110,28,239.24,0
2025-03-07,P110,21,239.2,0
2025-03-08,P110,11,239.15,0
2025-03-09,P110,5,239.11,0
2025-03-10,P110,23,239.06,0
2025-03-11,P110,25,239.02,0
2025-03-12,P110,22,238.97,0
2025-03-13,P110,20,238.93,0
2025-03-14,P110,22,238.88,0
2025-03-15,P110,7,238.83,0
2025-03-16,P110,5,238.79,0
2025-03-17,P110,21,238.74,0
2025-03-18,P110,26,238.69,0
2025-03-19,P110,26,238.65,0
2025-03-20,P110,26,238.6,0
2025-03-21,P110,21,238.55,0
2025-03-22,P110,10,238.5,0
2025-03-23,P110,4,238.46,0
2025-03-24,P110,24,238.41,0
2025-03-25,P110,19,238.36,0
2025-03-26,P110,27,238.31,0
2025-03-27,P110,22,238.26,0
2025-03-28,P110,23,238.21,0
2025-03-29,P110,15,238.16,1
2025-03-30,P110,7,238.11,1
2025-03-31,P110,18,238.06,0
2025-04-01,P110,47,238.01,1
2025-04-02,P110,44,237.96,1
2025-04-03,P110,23,237.91,0
2025-04-04,P110,21,237.86,0
2025-04-05,P110,12,237.81,0
2025-04-06,P110,4,237.76,0
2025-04-07,P110,22,237.71,0
2025-04-08,P110,23,237.66,0
2025-04-09,P110,23,237.61,0
2025-04-10,P110,23,237.55,0
2025-04-11,P110,27,237.5,0
2025-04-12,P110,13,237.45,0
2025-04-13,P110,4,237.4,0
2025-04-14,P110,21,237.35,0
2025-04-15,P110,21,237.29,0
2025-04-16,P110,25,237.24,0
2025-04-17,P110,21,237.19,0
2025-04-18,P110,21,237.14,0
2025-04-19,P110,8,237.09,0
2025-04-20,P110,4,237.03,0
2025-04-21,P110,26,236.98,0
2025-04-22,P110,22,236.93,0
2025-04-23,P110,19,236.88,0
2025-04-24,P110,22,236.82,0
2025-04-25,P110,18,236.77,0
2025-04-26,P110,11,236.72,0
2025-04-27,P110,4,236.67,0
2025-04-28,P110,19,236.61,0
2025-04-29,P110,21,236.56,0
2025-04-30,P110,24,236.51,0
2025-05-01,P110,22,236.46,0
2025-05-02,P110,21,236.4,0
2025-05-03,P110,11,236.35,0
2025-05-04,P110,5,236.3,0
2025-05-05,P110,19,236.25,0
2025-05-06,P110,20,236.19,0
2025-05-07,P110,22,236.14,0
2025-05-08,P110,20,236.09,0
2025-05-09,P110,20,236.04,0
2025-05-10,P110,11,235.98,0
2025-05-11,P110,5,235.93,0
2025-05-12,P110,24,235.88,0
2025-05-13,P110,20,235.83,0
2025-05-14,P110,17,235.78,0
2025-05-15,P110,19,235.72,0
2025-05-16,P110,18,235.67,0
2025-05-17,P110,12,235.62,0
2025-05-18,P110,5,235.57,0
2025-05-19,P110,19,235.52,0
2025-05-20,P110,20,235.47,0
2025-05-21,P110,35,235.42,1
2025-05-22,P110,21,235.37,0
2025-05-23,P110,20,235.32,0
2025-05-24,P110,12,235.27,0
2025-05-25,P110,5,235.21,0
2025-05-26,P110,23,235.16,0
2025-05-27,P110,18,235.11,0
2025-05-28,P110,20,235.06,0
2025-05-29,P110,23,235.02,0
2025-05-30,P110,19,234.97,0
2025-05-31,P110,9,234.92,0
2025-06-01,P110,5,234.87,0
2025-06-02,P110,20,234.82,0
2025-06-03,P110,25,234.77,0
2025-06-04,P110,22,234.72,0
2025-06-05,P110,21,234.67,0
2025-06-06,P110,23,234.63,0
2025-06-07,P110,10,234.58,0
2025-06-08,P110,5,234.53,0
2025-06-09,P110,20,234.48,0
2025-06-10,P110,23,234.44,0
2025-06-11,P110,23,234.39,0
2025-06-12,P110,21,234.34,0
2025-06-13,P110,19,234.3,0
2025-06-14,P110,11,234.25,0
2025-06-15,P110,4,234.21,0
2025-06-16,P110,27,234.16,0
2025-06-17,P110,22,234.12,0
2025-06-18,P110,46,234.07,1
2025-06-19,P110,38,234.03,1
2025-06-20,P110,22,233.98,0
2025-06-21,P110,11,233.94,0
2025-06-22,P110,5,233.9,0
2025-06-23,P110,24,233.85,0
2025-06-24,P110,23,233.81,0
2025-06-25,P110,19,233.77,0
2025-06-26,P110,18,233.73,0
2025-06-27,P110,25,233.68,0
2025-06-28,P110,8,233.64,0
2025-06-29,P110,5,233.6,0
2025-06-30,P110,22,233.56,0
2025-07-01,P110,24,233.52,0
2025-07-02,P110,20,233.48,0
2025-07-03,P110,24,233.44,0
2025-07-04,P110,22,233.4,0
2025-07-05,P110,16,233.37,0
2025-07-06,P110,5,233.33,0
2025-07-07,P110,27,233.29,0
2025-07-08,P110,20,233.25,0
2025-07-09,P110,27,233.22,0
2025-07-10,P110,50,233.18,1
2025-07-11,P110,23,233.14,0
2025-07-12,P110,13,233.11,0
2025-07-13,P110,6,233.07,0
2025-07-14,P110,25,233.04,0
2025-07-15,P110,23,233.0,0
2025-07-16,P110,23,232.97,0
2025-07-17,P110,26,232.94,0
2025-07-18,P110,24,232.9,0
2025-07-19,P110,10,232.87,0
2025-07-20,P110,5,232.84,0
2025-07-21,P110,22,232.81,0
2025-07-22,P110,27,232.77,0
2025-07-23,P110,23,232.74,0
2025-07-24,P110,24,232.71,0
2025-07-25,P110,22,232.68,0
2025-07-26,P110,15,232.66,0
2025-07-27,P110,5,232.63,0
2025-07-28,P110,29,232.6,0
2025-07-29,P110,35,232.57,0
2025-07-30,P110,26,232.54,0
2025-07-31,P110,29,232.52,0
2025-08-01,P110,22,232.49,0
2025-08-02,P110,15,232.46,0
2025-08-03,P110,5,232.44,0
2025-08-04,P110,26,232.41,0
2025-08-05,P110,28,232.39,0
2025-08-06,P110,29,232.37,0
2025-08-07,P110,22,232.34,0
2025-08-08,P110,22,232.32,0
2025-08-09,P110,15,232.3,0
2025-08-10,P110,5,232.28,0
2025-08-11,P110,22,232.26,0
2025-08-12,P110,27,232.24,0
2025-08-13,P110,27,232.22,0
2025-08-14,P110,27,232.2,0
2025-08-15,P110,27,232.18,0
2025-08-16,P110,15,232.16,0
2025-08-17,P110,5,232.14,0
2025-08-18,P110,26,232.12,0
2025-08-19,P110,31,232.11,0
2025-08-20,P110,26,232.09,0
2025-08-21,P110,26,232.07,0
2025-08-22,P110,22,232.06,0
2025-08-23,P110,14,232.05,0
2025-08-24,P110,6,232.03,0
2025-08-25,P110,22,232.02,0
2025-08-26,P110,26,232.01,0
2025-08-27,P110,24,231.99,0
2025-08-28,P110,30,231.98,0
2025-08-29,P110,21,231.97,0
2025-08-30,P110,15,231.96,0
2025-08-31,P110,6,231.95,0
2025-09-01,P110,29,231.94,0
2025-09-02,P110,28,231.93,0
2025-09-03,P110,30,231.92,0
2025-09-04,P110,32,231.92,0
2025-09-05,P110,27,231.91,0
2025-09-06,P110,11,231.9,0
2025-09-07,P110,7,231.9,0
2025-09-08,P110,31,231.89,0
2025-09-09,P110,30,231.89,0
2025-09-10,P110,24,231.88,0
2025-09-11,P110,28,231.88,0
2025-09-12,P110,25,231.88,0
2025-09-13,P110,13,231.87,0
2025-09-14,P110,6,231.87,0
2025-09-15,P110,28,231.87,0
2025-09-16,P110,30,231.87,0
2025-09-17,P110,33,231.87,0
2025-09-18,P110,31,231.87,0
2025-09-19,P110,27,231.87,0
2025-09-20,P110,15,231.87,0
2025-09-21,P110,6,231.88,0
2025-09-22,P110,30,231.88,0
2025-09-23,P110,34,231.88,0
2025-09-24,P110,28,231.89,0
2025-09-25,P110,35,231.89,0
2025-09-26,P110,31,231.9,0
2025-09-27,P110,11,231.9,0
2025-09-28,P110,7,231.91,0
2025-09-29,P110,35,231.91,0
2025-09-30,P110,34,231.92,0
2025-10-01,P110,30,231.93,0
2025-10-02,P110,31,231.94,0
2025-10-03,P110,30,231.95,0
2025-10-04,P110,18,231.96,0
2025-10-05,P110,6,231.97,0
2025-10-06,P110,30,231.98,0
2025-10-07,P110,39,231.99,0
2025-10-08,P110,33,232.0,0
2025-10-09,P110,37,232.02,0
2025-10-10,P110,40,232.03,0
2025-10-11,P110,16,232.04,0
2025-10-12,P110,6,232.06,0
2025-10-13,P110,31,232.07,0
2025-10-14,P110,38,232.09,0
2025-10-15,P110,37,232.1,0
2025-10-16,P110,40,232.12,0
2025-10-17,P110,30,232.14,0
2025-10-18,P110,35,232.15,1
2025-10-19,P110,6,232.17,0
2025-10-20,P110,24,232.19,0
2025-10-21,P110,34,232.21,0
2025-10-22,P110,29,232.23,0
2025-10-23,P110,35,232.25,0
2025-10-24,P110,25,232.27,0
2025-10-25,P110,16,232.29,0
2025-10-26,P110,7,232.32,0
2025-10-27,P110,34,232.34,0
2025-10-28,P110,34,232.36,0
2025-10-29,P110,41,232.39,0
2025-10-30,P110,38,232.41,0
2025-10-31,P110,29,232.43,0
2025-11-01,P110,20,232.46,0
2025-11-02,P110,8,232.48,0
2025-11-03,P110,33,232.51,0
2025-11-04,P110,35,232.54,0
2025-11-05,P110,34,232.56,0
2025-11-06,P110,31,232.59,0
2025-11-07,P110,30,232.62,0
2025-11-08,P110,20,232.65,0
2025-11-09,P110,14,232.68,1
2025-11-10,P110,31,232.71,0
2025-11-11,P110,31,232.74,0
2025-11-12,P110,31,232.77,0
2025-11-13,P110,33,232.8,0
2025-11-14,P110,35,232.83,0
2025-11-15,P110,16,232.86,0
2025-11-16,P110,8,232.9,0
2025-11-17,P110,34,232.93,0
2025-11-18,P110,35,232.96,0
2025-11-19,P110,38,233.0,0
2025-11-20,P110,36,233.03,0
2025-11-21,P110,27,233.06,0
2025-11-22,P110,15,233.1,0
2025-11-23,P110,7,233.14,0
2025-11-24,P110,35,233.17,0
2025-11-25,P110,40,233.21,0
2025-11-26,P110,34,233.24,0
2025-11-27,P110,39,233.28,0
2025-11-28,P110,46,233.32,1
2025-11-29,P110,34,233.36,1
2025-11-30,P110,7,233.4,0
2025-12-01,P110,30,233.44,0
2025-12-02,P110,39,233.47,0
2025-12-03,P110,24,233.51,0
2025-12-04,P110,31,233.55,0
2025-12-05,P110,35,233.59,0
2025-12-06,P110,17,233.64,0
2025-12-07,P110,8,233.68,0
2025-12-08,P110,41,233.72,0
2025-12-09,P110,35,233.76,0
2025-12-10,P110,38,233.8,0
2025-12-11,P110,42,233.84,0
2025-12-12,P110,33,233.89,0
2025-12-13,P110,17,233.93,0
2025-12-14,P110,8,233.97,0
2025-12-15,P110,37,234.02,0
2025-12-16,P110,34,234.06,0
2025-12-17,P110,32,234.11,0
2025-12-18,P110,39,234.15,0
2025-12-19,P110,30,234.2,0
2025-12-20,P110,19,234.24,0
2025-12-21,P110,7,234.29,0
2025-12-22,P110,39,234.33,0
2025-12-23,P110,31,234.38,0
2025-12-24,P110,30,234.43,0
2025-12-25,P110,35,234.47,0
2025-12-26,P110,27,234.52,0
2025-12-27,P110,17,234.57,0
2025-12-28,P110,8,234.62,0
2025-12-29,P110,26,234.66,0
2025-12-30,P110,35,234.71,0
2025-12-31,P110,37,234.76,0
2023-01-01,P111,20,99.48,0
2023-01-02,P111,142,99.51,0
2023-01-03,P111,272,99.53,1
2023-01-04,P111,134,99.55,0
2023-01-05,P111,147,99.57,0
2023-01-06,P111,150,99.59,0
2023-01-07,P111,102,99.62,1
2023-01-08,P111,28,99.64,0
2023-01-09,P111,311,99.66,1
2023-01-10,P111,119,99.68,0
2023-01-11,P111,133,99.7,0
2023-01-12,P111,125,99.73,0
2023-01-13,P111,139,99.75,0
2023-01-14,P111,77,99.77,0
2023-01-15,P111,28,99.79,0
2023-01-16,P111,131,99.81,0
2023-01-17,P111,110,99.84,0
2023-01-18,P111,154,99.86,0
2023-01-19,P111,124,99.88,0
2023-01-20,P111,120,99.9,0
2023-01-21,P111,74,99.92,0
2023-01-22,P111,27,99.94,0
2023-01-23,P111,143,99.96,0
2023-01-24,P111,142,99.99,0
2023-01-25,P111,133,100.01,0
2023-01-26,P111,131,100.03,0
2023-01-27,P111,105,100.05,0
2023-01-28,P111,65,100.07,0
2023-01-29,P111,29,100.09,0
2023-01-30,P111,114,100.11,0
2023-01-31,P111,120,100.13,0
2023-02-01,P111,115,100.16,0
2023-02-02,P111,126,100.18,0
2023-02-03,P111,136,100.2,0
2023-02-04,P111,68,100.22,0
2023-02-05,P111,20,100.24,0
2023-02-06,P111,132,100.26,0
2023-02-07,P111,122,100.28,0
2023-02-08,P111,132,100.3,0
2023-02-09,P111,119,100.32,0
2023-02-10,P111,104,100.34,0
2023-02-11,P111,63,100.36,0
2023-02-12,P111,24,100.38,0
2023-02-13,P111,125,100.4,0
2023-02-14,P111,113,100.42,0
2023-02-15,P111,107,100.44,0
2023-02-16,P111,128,100.46,0
2023-02-17,P111,126,100.48,0
2023-02-18,P111,66,100.49,0
2023-02-19,P111,23,100.51,0
2023-02-20,P111,108,100.53,0
2023-02-21,P111,113,100.55,0
2023-02-22,P111,131,100.57,0
2023-02-23,P111,105,100.59,0
2023-02-24,P111,121,100.61,0
2023-02-25,P111,65,100.62,0
2023-02-26,P111,27,100.64,0
2023-02-27,P111,129,100.66,0
2023-02-28,P111,127,100.68,0
2023-03-01,P111,98,100.7,0
2023-03-02,P111,121,100.71,0
2023-03-03,P111,109,100.73,0
2023-03-04,P111,56,100.75,0
2023-03-05,P111,27,100.76,0
2023-03-06,P111,111,100.78,0
2023-03-07,P111,110,100.8,0
2023-03-08,P111,128,100.81,0
2023-03-09,P111,106,100.83,0
2023-03-10,P111,98,100.85,0
2023-03-11,P111,50,100.86,0
2023-03-12,P111,21,100.88,0
2023-03-13,P111,101,100.89,0
2023-03-14,P111,122,100.91,0
2023-03-15,P111,99,100.93,0
2023-03-16,P111,86,100.94,0
2023-03-17,P111,106,100.96,0
2023-03-18,P111,52,100.97,0
2023-03-19,P111,22,100.99,0
2023-03-20,P111,123,101.0,0
2023-03-21,P111,112,101.01,0
2023-03-22,P111,127,101.03,0
2023-03-23,P111,105,101.04,0
2023-03-24,P111,112,101.06,0
2023-03-25,P111,52,101.07,0
2023-03-26,P111,22,101.08,0
2023-03-27,P111,95,101.1,0
2023-03-28,P111,100,101.11,0
2023-03-29,P111,104,101.12,0
2023-03-30,P111,89,101.13,0
2023-03-31,P111,100,101.15,0
2023-04-01,P111,52,101.16,0
2023-04-02,P111,22,101.17,0
2023-04-03,P111,89,101.18,0
2023-04-04,P111,116,101.19,0
2023-04-05,P111,125,101.2,0
2023-04-06,P111,119,101.21,0
2023-04-07,P111,117,101.23,0
2023-04-08,P111,53,101.24,0
2023-04-09,P111,20,101.25,0
2023-04-10,P111,107,101.26,0
2023-04-11,P111,103,101.27,0
2023-04-12,P111,84,101.28,0
2023-04-13,P111,109,101.29,0
2023-04-14,P111,93,101.29,0
2023-04-15,P111,44,101.3,0
2023-04-16,P111,20,101.31,0
2023-04-17,P111,98,101.32,0
2023-04-18,P111,104,101.33,0
2023-04-19,P111,102,101.34,0
2023-04-20,P111,114,101.35,0
2023-04-21,P111,81,101.35,0
2023-04-22,P111,51,101.36,0
2023-04-23,P111,19,101.37,0
2023-04-24,P111,113,101.37,0
2023-04-25,P111,97,101.38,0
2023-04-26,P111,97,101.39,0
2023-04-27,P111,174,101.39,1
2023-04-28,P111,107,101.4,0
2023-04-29,P111,59,101.41,0
2023-04-30,P111,17,101.41,0
2023-05-01,P111,104,101.42,0
2023-05-02,P111,105,101.42,0
2023-05-03,P111,100,101.43,0
2023-05-04,P111,98,101.43,0
2023-05-05,P111,106,101.44,0
2023-05-06,P111,57,101.44,0
2023-05-07,P111,22,101.44,0
2023-05-08,P111,210,101.45,1
2023-05-09,P111,127,101.45,0
2023-05-10,P111,95,101.45,0
2023-05-11,P111,80,101.46,0
2023-05-12,P111,90,101.46,0
2023-05-13,P111,51,101.46,0
2023-05-14,P111,23,101.46,0
2023-05-15,P111,92,101.47,0
2023-05-16,P111,107,101.47,0
2023-05-17,P111,83,101.47,0
2023-05-18,P111,108,101.47,0
2023-05-19,P111,93,101.47,0
2023-05-20,P111,85,101.47,1
2023-05-21,P111,25,101.47,0
2023-05-22,P111,109,101.47,0
2023-05-23,P111,90,101.47,0
2023-05-24,P111,99,101.47,0
2023-05-25,P111,126,101.47,0
2023-05-26,P111,113,101.47,0
2023-05-27,P111,56,101.47,0
2023-05-28,P111,16,101.47,0
2023-05-29,P111,113,101.47,0
2023-05-30,P111,95,101.47,0
2023-05-31,P111,115,101.46,0
2023-06-01,P111,90,101.46,0
2023-06-02,P111,98,101.46,0
2023-06-03,P111,48,101.46,0
2023-06-04,P111,20,101.45,0
2023-06-05,P111,106,101.45,0
2023-06-06,P111,88,101.45,0
2023-06-07,P111,128,101.44,0
2023-06-08,P111,88,101.44,0
2023-06-09,P111,83,101.43,0
2023-06-10,P111,56,101.43,0
2023-06-11,P111,24,101.43,0
2023-06-12,P111,97,101.42,0
2023-06-13,P111,92,101.42,0
2023-06-14,P111,92,101.41,0
2023-06-15,P111,89,101.4,0
2023-06-16,P111,99,101.4,0
2023-06-17,P111,52,101.39,0
2023-06-18,P111,22,101.39,0
2023-06-19,P111,106,101.38,0
2023-06-20,P111,116,101.37,0
2023-06-21,P111,100,101.37,0
2023-06-22,P111,94,101.36,0
2023-06-23,P111,99,101.35,0
2023-06-24,P111,53,101.34,0
2023-06-25,P111,22,101.34,0
2023-06-26,P111,96,101.33,0
2023-06-27,P111,116,101.32,0
2023-06-28,P111,93,101.31,0
2023-06-29,P111,99,101.3,0
2023-06-30,P111,192,101.29,1
2023-07-01,P111,48,101.28,0
2023-07-02,P111,24,101.27,0
2023-07-03,P111,90,101.26,0
2023-07-04,P111,91,101.25,0
2023-07-05,P111,91,101.24,0
2023-07-06,P111,107,101.23,0
2023-07-07,P111,109,101.22,0
2023-07-08,P111,64,101.21,0
2023-07-09,P111,25,101.2,0
2023-07-10,P111,119,101.19,0
2023-07-11,P111,103,101.18,0
2023-07-12,P111,101,101.17,0
2023-07-13,P111,118,101.15,0
2023-07-14,P111,120,101.14,0
2023-07-15,P111,51,101.13,0
2023-07-16,P111,26,101.12,0
2023-07-17,P111,88,101.1,0
2023-07-18,P111,121,101.09,0
2023-07-19,P111,113,101.08,0
2023-07-20,P111,109,101.07,0
2023-07-21,P111,107,101.05,0
2023-07-22,P111,53,101.04,0
2023-07-23,P111,25,101.02,0
2023-07-24,P111,115,101.01,0
2023-07-25,P111,131,101.0,0
2023-07-26,P111,137,100.98,0
2023-07-27,P111,116,100.97,0
2023-07-28,P111,99,100.95,0
2023-07-29,P111,53,100.94,0
2023-07-30,P111,29,100.92,0
2023-07-31,P111,137,100.91,0
2023-08-01,P111,134,100.89,0
2023-08-02,P111,121,100.88,0
2023-08-03,P111,128,100.86,0
2023-08-04,P111,128,100.84,0
2023-08-05,P111,58,100.83,0
2023-08-06,P111,25,100.81,0
2023-08-07,P111,105,100.79,0
2023-08-08,P111,123,100.78,0
2023-08-09,P111,144,100.76,0
2023-08-10,P111,250,100.74,1
2023-08-11,P111,117,100.73,0
2023-08-12,P111,69,100.71,1
2023-08-13,P111,24,100.69,0
2023-08-14,P111,125,100.67,0
2023-08-15,P111,125,100.66,0
2023-08-16,P111,127,100.64,0
2023-08-17,P111,127,100.62,0
2023-08-18,P111,111,100.6,0
2023-08-19,P111,65,100.58,0
2023-08-20,P111,26,100.57,0
2023-08-21,P111,117,100.55,0
2023-08-22,P111,158,100.53,0
2023-08-23,P111,123,100.51,0
2023-08-24,P111,95,100.49,0
2023-08-25,P111,145,100.47,0
2023-08-26,P111,61,100.45,0
2023-08-27,P111,29,100.43,0
2023-08-28,P111,120,100.41,0
2023-08-29,P111,143,100.39,0
2023-08-30,P111,132,100.37,0
2023-08-31,P111,144,100.35,0
2023-09-01,P111,121,100.33,0
2023-09-02,P111,63,100.31,0
2023-09-03,P111,28,100.29,0
2023-09-04,P111,127,100.27,0
2023-09-05,P111,109,100.25,0
2023-09-06,P111,127,100.23,0
2023-09-07,P111,175,100.21,0
2023-09-08,P111,101,100.19,0
2023-09-09,P111,72,100.17,0
2023-09-10,P111,27,100.15,0
2023-09-11,P111,163,100.13,0
2023-09-12,P111,124,100.11,0
2023-09-13,P111,141,100.09,0
2023-09-14,P111,146,100.07,0
2023-09-15,P111,127,100.04,0
2023-09-16,P111,65,100.02,0
2023-09-17,P111,29,100.0,0
2023-09-18,P111,134,99.98,0
2023-09-19,P111,139,99.96,0
2023-09-20,P111,156,99.94,0
2023-09-21,P111,144,99.92,0
2023-09-22,P111,140,99.89,0
2023-09-23,P111,76,99.87,0
2023-09-24,P111,32,99.85,0
2023-09-25,P111,161,99.83,0
2023-09-26,P111,142,99.81,0
2023-09-27,P111,158,99.79,0
2023-09-28,P111,121,99.76,0
2023-09-29,P111,101,99.74,0
2023-09-30,P111,89,99.72,0
2023-10-01,P111,29,99.7,0
2023-10-02,P111,148,99.68,0
2023-10-03,P111,129,99.65,0
2023-10-04,P111,126,99.63,0
2023-10-05,P111,132,99.61,0
2023-10-06,P111,146,99.59,0
2023-10-07,P111,71,99.57,0
2023-10-08,P111,29,99.54,0
2023-10-09,P111,134,99.52,0
2023-10-10,P111,171,99.5,0
2023-10-11,P111,163,99.48,0
2023-10-12,P111,138,99.46,0
2023-10-13,P111,149,99.43,0
2023-10-14,P111,74,99.41,0
2023-10-15,P111,29,99.39,0
2023-10-16,P111,238,99.37,1
2023-10-17,P111,164,99.34,0
2023-10-18,P111,136,99.32,0
2023-10-19,P111,155,99.3,0
2023-10-20,P111,179,99.28,0
2023-10-21,P111,79,99.26,0
2023-10-22,P111,55,99.23,1
2023-10-23,P111,148,99.21,0
2023-10-24,P111,163,99.19,0
2023-10-25,P111,126,99.17,0
2023-10-26,P111,176,99.15,0
2023-10-27,P111,157,99.13,0
2023-10-28,P111,72,99.1,0
2023-10-29,P111,31,99.08,0
2023-10-30,P111,141,99.06,0
2023-10-31,P111,162,99.04,0
2023-11-01,P111,155,99.02,0
2023-11-02,P111,153,99.0,0
2023-11-03,P111,127,98.97,0
2023-11-04,P111,74,98.95,0
2023-11-05,P111,35,98.93,0
2023-11-06,P111,143,98.91,0
2023-11-07,P111,112,98.89,0
2023-11-08,P111,152,98.87,0
2023-11-09,P111,190,98.85,0
2023-11-10,P111,157,98.83,0
2023-11-11,P111,74,98.81,0
2023-11-12,P111,31,98.79,0
2023-11-13,P111,164,98.76,0
2023-11-14,P111,251,98.74,1
2023-11-15,P111,141,98.72,0
2023-11-16,P111,158,98.7,0
2023-11-17,P111,169,98.68,0
2023-11-18,P111,75,98.66,0
2023-11-19,P111,37,98.64,0
2023-11-20,P111,140,98.62,0
2023-11-21,P111,99,98.6,0
2023-11-22,P111,168,98.58,0
2023-11-23,P111,160,98.56,0
2023-11-24,P111,155,98.54,0
2023-11-25,P111,85,98.52,0
2023-11-26,P111,32,98.5,0
2023-11-27,P111,148,98.49,0
2023-11-28,P111,154,98.47,0
2023-11-29,P111,147,98.45,0
2023-11-30,P111,144,98.43,0
2023-12-01,P111,115,98.41,0
2023-12-02,P111,68,98.39,0
2023-12-03,P111,31,98.37,0
2023-12-04,P111,114,98.36,0
2023-12-05,P111,123,98.34,0
2023-12-06,P111,149,98.32,0
2023-12-07,P111,148,98.3,0
2023-12-08,P111,138,98.28,0
2023-12-09,P111,58,98.27,0
2023-12-10,P111,37,98.25,0
2023-12-11,P111,127,98.23,0
2023-12-12,P111,142,98.21,0
2023-12-13,P111,132,98.2,0
2023-12-14,P111,344,98.18,1
2023-12-15,P111,148,98.16,0
2023-12-16,P111,74,98.15,0
2023-12-17,P111,29,98.13,0
2023-12-18,P111,153,98.11,0
2023-12-19,P111,134,98.1,0
2023-12-20,P111,159,98.08,0
2023-12-21,P111,139,98.07,0
2023-12-22,P111,148,98.05,0
2023-12-23,P111,81,98.04,0
2023-12-24,P111,29,98.02,0
2023-12-25,P111,115,98.01,0
2023-12-26,P111,149,97.99,0
2023-12-27,P111,126,97.98,0
2023-12-28,P111,147,97.96,0
2023-12-29,P111,135,97.95,0
2023-12-30,P111,71,97.93,0
2023-12-31,P111,26,97.92,0
2024-01-01,P111,165,97.91,0
2024-01-02,P111,144,97.89,0
2024-01-03,P111,187,97.88,0
2024-01-04,P111,276,97.87,1
2024-01-05,P111,142,97.86,0
2024-01-06,P111,75,97.84,0
2024-01-07,P111,31,97.83,0
2024-01-08,P111,162,97.82,0
2024-01-09,P111,167,97.81,0
2024-01-10,P111,118,97.79,0
2024-01-11,P111,155,97.78,0
2024-01-12,P111,142,97.77,0
2024-01-13,P111,74,97.76,0
2024-01-14,P111,35,97.75,0
2024-01-15,P111,280,97.74,1
2024-01-16,P111,161,97.73,0
2024-01-17,P111,135,97.72,0
2024-01-18,P111,121,97.71,0
2024-01-19,P111,143,97.7,0
2024-01-20,P111,158,97.69,1
2024-01-21,P111,23,97.68,0
2024-01-22,P111,156,97.67,0
2024-01-23,P111,140,97.66,0
2024-01-24,P111,113,97.65,0
2024-01-25,P111,310,97.64,1
2024-01-26,P111,143,97.63,0
2024-01-27,P111,69,97.63,0
2024-01-28,P111,25,97.62,0
2024-01-29,P111,162,97.61,0
2024-01-30,P111,131,97.6,0
2024-01-31,P111,156,97.6,0
2024-02-01,P111,112,97.59,0
2024-02-02,P111,133,97.58,0
2024-02-03,P111,73,97.58,0
2024-02-04,P111,31,97.57,0
2024-02-05,P111,156,97.56,0
2024-02-06,P111,126,97.56,0
2024-02-07,P111,143,97.55,0
2024-02-08,P111,112,97.55,0
2024-02-09,P111,106,97.54,0
2024-02-10,P111,64,97.54,0
2024-02-11,P111,28,97.53,0
2024-02-12,P111,155,97.53,0
2024-02-13,P111,163,97.53,0
2024-02-14,P111,127,97.52,0
2024-02-15,P111,133,97.52,0
2024-02-16,P111,135,97.51,0
2024-02-17,P111,72,97.51,0
2024-02-18,P111,26,97.51,0
2024-02-19,P111,129,97.51,0
2024-02-20,P111,131,97.5,0
2024-02-21,P111,127,97.5,0
2024-02-22,P111,121,97.5,0
2024-02-23,P111,118,97.5,0
2024-02-24,P111,62,97.5,0
2024-02-25,P111,23,97.5,0
2024-02-26,P111,137,97.49,0
2024-02-27,P111,137,97.49,0
2024-02-28,P111,153,97.49,0
2024-02-29,P111,128,97.49,0
2024-03-01,P111,111,97.49,0
2024-03-02,P111,59,97.49,0
2024-03-03,P111,26,97.49,0
2024-03-04,P111,130,97.5,0
2024-03-05,P111,123,97.5,0
2024-03-06,P111,104,97.5,0
2024-03-07,P111,110,97.5,0
2024-03-08,P111,114,97.5,0
2024-03-09,P111,67,97.5,0
2024-03-10,P111,21,97.51,0
2024-03-11,P111,123,97.51,0
2024-03-12,P111,127,97.51,0
2024-03-13,P111,115,97.51,0
2024-03-14,P111,110,97.52,0
2024-03-15,P111,102,97.52,0
2024-03-16,P111,62,97.52,0
2024-03-17,P111,27,97.53,0
2024-03-18,P111,132,97.53,0
2024-03-19,P111,106,97.54,0
2024-03-20,P111,116,97.54,0
2024-03-21,P111,87,97.55,0
2024-03-22,P111,110,97.55,0
2024-03-23,P111,64,97.56,0
2024-03-24,P111,28,97.56,0
2024-03-25,P111,92,97.57,0
2024-03-26,P111,160,97.58,1
2024-03-27,P111,118,97.58,0
2024-03-28,P111,92,97.59,0
2024-03-29,P111,109,97.6,0
2024-03-30,P111,63,97.6,0
2024-03-31,P111,20,97.61,0
2024-04-01,P111,114,97.62,0
2024-04-02,P111,101,97.62,0
2024-04-03,P111,131,97.63,0
2024-04-04,P111,226,97.64,1
2024-04-05,P111,97,97.65,0
2024-04-06,P111,50,97.66,0
2024-04-07,P111,24,97.67,0
2024-04-08,P111,127,97.68,0
2024-04-09,P111,105,97.69,0
2024-04-10,P111,106,97.7,0
2024-04-11,P111,100,97.71,0
2024-04-12,P111,121,97.72,0
2024-04-13,P111,45,97.73,0
2024-04-14,P111,26,97.74,0
2024-04-15,P111,104,97.75,0
2024-04-16,P111,112,97.76,0
2024-04-17,P111,106,97.77,0
2024-04-18,P111,110,97.78,0
2024-04-19,P111,94,97.79,0
2024-04-20,P111,62,97.8,0
2024-04-21,P111,25,97.82,0
2024-04-22,P111,96,97.83,0
2024-04-23,P111,119,97.84,0
2024-04-24,P111,105,97.85,0
2024-04-25,P111,107,97.86,0
2024-04-26,P111,118,97.88,0
2024-04-27,P111,51,97.89,0
2024-04-28,P111,24,97.9,0
2024-04-29,P111,112,97.92,0
2024-04-30,P111,108,97.93,0
2024-05-01,P111,113,97.95,0
2024-05-02,P111,108,97.96,0
2024-05-03,P111,87,97.97,0
2024-05-04,P111,51,97.99,0
2024-05-05,P111,19,98.0,0
2024-05-06,P111,103,98.02,0
2024-05-07,P111,126,98.03,0
2024-05-08,P111,115,98.05,0
2024-05-09,P111,88,98.06,0
2024-05-10,P111,97,98.08,0
2024-05-11,P111,56,98.1,0
2024-05-12,P111,24,98.11,0
2024-05-13,P111,98,98.13,0
2024-05-14,P111,95,98.14,0
2024-05-15,P111,107,98.16,0
2024-05-16,P111,111,98.18,0
2024-05-17,P111,102,98.19,0
2024-05-18,P111,49,98.21,0
2024-05-19,P111,26,98.23,0
2024-05-20,P111,105,98.24,0
2024-05-21,P111,112,98.26,0
2024-05-22,P111,100,98.28,0
2024-05-23,P111,118,98.3,0
2024-05-24,P111,106,98.31,0
2024-05-25,P111,107,98.33,1
2024-05-26,P111,41,98.35,1
2024-05-27,P111,119,98.37,0
2024-05-28,P111,120,98.39,0
2024-05-29,P111,121,98.41,0
2024-05-30,P111,106,98.42,0
2024-05-31,P111,100,98.44,0
2024-06-01,P111,54,98.46,0
2024-06-02,P111,28,98.48,0
2024-06-03,P111,101,98.5,0
2024-06-04,P111,97,98.52,0
2024-06-05,P111,105,98.54,0
2024-06-06,P111,100,98.56,0
2024-06-07,P111,116,98.58,0
2024-06-08,P111,48,98.6,0
2024-06-09,P111,21,98.62,0
2024-06-10,P111,111,98.64,0
2024-06-11,P111,128,98.66,0
2024-06-12,P111,120,98.68,0
2024-06-13,P111,127,98.7,0
2024-06-14,P111,107,98.72,0
2024-06-15,P111,56,98.74,0
2024-06-16,P111,25,98.76,0
2024-06-17,P111,93,98.78,0
2024-06-18,P111,93,98.8,0
2024-06-19,P111,125,98.82,0
2024-06-20,P111,231,98.84,1
2024-06-21,P111,116,98.86,0
2024-06-22,P111,52,98.88,0
2024-06-23,P111,26,98.91,0
2024-06-24,P111,120,98.93,0
2024-06-25,P111,116,98.95,0
2024-06-26,P111,117,98.97,0
2024-06-27,P111,116,98.99,0
2024-06-28,P111,97,99.01,0
2024-06-29,P111,56,99.03,0
2024-06-30,P111,24,99.06,0
2024-07-01,P111,215,99.08,1
2024-07-02,P111,100,99.1,0
2024-07-03,P111,121,99.12,0
2024-07-04,P111,125,99.14,0
2024-07-05,P111,122,99.16,0
2024-07-06,P111,64,99.19,0
2024-07-07,P111,26,99.21,0
2024-07-08,P111,129,99.23,0
2024-07-09,P111,123,99.25,0
2024-07-10,P111,92,99.27,0
2024-07-11,P111,132,99.3,0
2024-07-12,P111,101,99.32,0
2024-07-13,P111,54,99.34,0
2024-07-14,P111,22,99.36,0
2024-07-15,P111,152,99.38,0
2024-07-16,P111,131,99.41,0
2024-07-17,P111,109,99.43,0
2024-07-18,P111,111,99.45,0
2024-07-19,P111,114,99.47,0
2024-07-20,P111,67,99.49,0
2024-07-21,P111,26,99.52,0
2024-07-22,P111,110,99.54,0
2024-07-23,P111,132,99.56,0
2024-07-24,P111,117,99.58,0
2024-07-25,P111,137,99.6,0
2024-07-26,P111,118,99.63,0
2024-07-27,P111,59,99.65,0
2024-07-28,P111,28,99.67,0
2024-07-29,P111,131,99.69,0
2024-07-30,P111,124,99.72,0
2024-07-31,P111,139,99.74,0
2024-08-01,P111,135,99.76,0
2024-08-02,P111,136,99.78,0
2024-08-03,P111,72,99.8,0
2024-08-04,P111,26,99.82,0
2024-08-05,P111,105,99.85,0
2024-08-06,P111,247,99.87,1
2024-08-07,P111,138,99.89,0
2024-08-08,P111,130,99.91,0
2024-08-09,P111,83,99.93,0
2024-08-10,P111,73,99.95,0
2024-08-11,P111,25,99.98,0
2024-08-12,P111,143,100.0,0
2024-08-13,P111,164,100.02,0
2024-08-14,P111,132,100.04,0
2024-08-15,P111,139,100.06,0
2024-08-16,P111,127,100.08,0
2024-08-17,P111,74,100.1,0
2024-08-18,P111,28,100.12,0
2024-08-19,P111,128,100.14,0
2024-08-20,P111,127,100.17,0
2024-08-21,P111,164,100.19,0
2024-08-22,P111,143,100.21,0
2024-08-23,P111,142,100.23,0
2024-08-24,P111,75,100.25,0
2024-08-25,P111,32,100.27,0
2024-08-26,P111,126,100.29,0
2024-08-27,P111,146,100.31,0
2024-08-28,P111,151,100.33,0
2024-08-29,P111,159,100.35,0
2024-08-30,P111,173,100.37,0
2024-08-31,P111,77,100.39,0
2024-09-01,P111,27,100.41,0
2024-09-02,P111,124,100.43,0
2024-09-03,P111,134,100.45,0
2024-09-04,P111,134,100.47,0
2024-09-05,P111,97,100.49,0
2024-09-06,P111,126,100.5,0
2024-09-07,P111,81,100.52,0
2024-09-08,P111,30,100.54,0
2024-09-09,P111,142,100.56,0
2024-09-10,P111,125,100.58,0
2024-09-11,P111,167,100.6,0
2024-09-12,P111,154,100.62,0
2024-09-13,P111,139,100.63,0
2024-09-14,P111,58,100.65,0
2024-09-15,P111,29,100.67,0
2024-09-16,P111,156,100.69,0
2024-09-17,P111,155,100.71,0
2024-09-18,P111,156,100.72,0
2024-09-19,P111,160,100.74,0
2024-09-20,P111,145,100.76,0
2024-09-21,P111,84,100.77,0
2024-09-22,P111,29,100.79,0
2024-09-23,P111,132,100.81,0
2024-09-24,P111,167,100.82,0
2024-09-25,P111,167,100.84,0
2024-09-26,P111,160,100.86,0
2024-09-27,P111,147,100.87,0
2024-09-28,P111,77,100.89,0
2024-09-29,P111,33,100.9,0
2024-09-30,P111,161,100.92,0
2024-10-01,P111,169,100.93,0
2024-10-02,P111,204,100.95,0
2024-10-03,P111,139,100.96,0
2024-10-04,P111,200,100.98,0
2024-10-05,P111,70,100.99,0
2024-10-06,P111,34,101.01,0
2024-10-07,P111,137,101.02,0
2024-10-08,P111,169,101.03,0
2024-10-09,P111,178,101.05,0
2024-10-10,P111,157,101.06,0
2024-10-11,P111,165,101.08,0
2024-10-12,P111,79,101.09,0
2024-10-13,P111,26,101.1,0
2024-10-14,P111,170,101.11,0
2024-10-15,P111,166,101.13,0
2024-10-16,P111,154,101.14,0
2024-10-17,P111,151,101.15,0
2024-10-18,P111,158,101.16,0
2024-10-19,P111,76,101.18,0
2024-10-20,P111,35,101.19,0
2024-10-21,P111,182,101.2,0
2024-10-22,P111,205,101.21,0
2024-10-23,P111,190,101.22,0
2024-10-24,P111,163,101.23,0
2024-10-25,P111,157,101.24,0
2024-10-26,P111,80,101.25,0
2024-10-27,P111,32,101.26,0
2024-10-28,P111,178,101.27,0
2024-10-29,P111,163,101.28,0
2024-10-30,P111,173,101.29,0
2024-10-31,P111,144,101.3,0
2024-11-01,P111,177,101.31,0
2024-11-02,P111,82,101.32,0
2024-11-03,P111,38,101.33,0
2024-11-04,P111,151,101.33,0
2024-11-05,P111,156,101.34,0
2024-11-06,P111,191,101.35,0
2024-11-07,P111,151,101.36,0
2024-11-08,P111,128,101.36,0
2024-11-09,P111,75,101.37,0
2024-11-10,P111,37,101.38,0
2024-11-11,P111,178,101.38,0
2024-11-12,P111,156,101.39,0
2024-11-13,P111,156,101.4,0
2024-11-14,P111,175,101.4,0
2024-11-15,P111,272,101.41,1
2024-11-16,P111,85,101.41,0
2024-11-17,P111,36,101.42,0
2024-11-18,P111,276,101.42,1
2024-11-19,P111,211,101.43,0
2024-11-20,P111,146,101.43,0
2024-11-21,P111,151,101.44,0
2024-11-22,P111,147,101.44,0
2024-11-23,P111,93,101.45,0
2024-11-24,P111,33,101.45,0
2024-11-25,P111,170,101.45,0
2024-11-26,P111,173,101.46,0
2024-11-27,P111,168,101.46,0
2024-11-28,P111,165,101.46,0
2024-11-29,P111,173,101.46,0
2024-11-30,P111,118,101.47,1
2024-12-01,P111,34,101.47,0
2024-12-02,P111,142,101.47,0
2024-12-03,P111,174,101.47,0
2024-12-04,P111,163,101.47,0
2024-12-05,P111,181,101.47,0
2024-12-06,P111,154,101.47,0
2024-12-07,P111,81,101.47,0
2024-12-08,P111,33,101.47,0
2024-12-09,P111,303,101.47,1
2024-12-10,P111,140,101.47,0
2024-12-11,P111,154,101.47,0
2024-12-12,P111,162,101.47,0
2024-12-13,P111,143,101.47,0
2024-12-14,P111,89,101.47,0
2024-12-15,P111,33,101.47,0
2024-12-16,P111,166,101.46,0
2024-12-17,P111,170,101.46,0
2024-12-18,P111,163,101.46,0
2024-12-19,P111,137,101.46,0
2024-12-20,P111,155,101.45,0
2024-12-21,P111,67,101.45,0
2024-12-22,P111,31,101.45,0
2024-12-23,P111,169,101.44,0
2024-12-24,P111,188,101.44,0
2024-12-25,P111,205,101.44,0
2024-12-26,P111,151,101.43,0
2024-12-27,P111,136,101.43,0
2024-12-28,P111,87,101.42,0
2024-12-29,P111,40,101.42,0
2024-12-30,P111,185,101.41,0
2024-12-31,P111,145,101.41,0
2025-01-01,P111,159,101.4,0
2025-01-02,P111,171,101.4,0
2025-01-03,P111,164,101.39,0
2025-01-04,P111,87,101.38,0
2025-01-05,P111,31,101.38,0
2025-01-06,P111,166,101.37,0
2025-01-07,P111,179,101.36,0
2025-01-08,P111,142,101.35,0
2025-01-09,P111,176,101.35,0
2025-01-10,P111,162,101.34,0
2025-01-11,P111,74,101.33,0
2025-01-12,P111,35,101.32,0
2025-01-13,P111,168,101.31,0
2025-01-14,P111,174,101.31,0
2025-01-15,P111,183,101.3,0
2025-01-16,P111,151,101.29,0
2025-01-17,P111,149,101.28,0
2025-01-18,P111,56,101.27,0
2025-01-19,P111,35,101.26,0
2025-01-20,P111,168,101.25,0
2025-01-21,P111,287,101.24,1
2025-01-22,P111,138,101.23,0
2025-01-23,P111,164,101.22,0
2025-01-24,P111,157,101.21,0
2025-01-25,P111,72,101.19,0
2025-01-26,P111,34,101.18,0
2025-01-27,P111,156,101.17,0
2025-01-28,P111,125,101.16,0
2025-01-29,P111,160,101.15,0
2025-01-30,P111,133,101.14,0
2025-01-31,P111,113,101.12,0
2025-02-01,P111,79,101.11,0
2025-02-02,P111,30,101.1,0
2025-02-03,P111,168,101.09,0
2025-02-04,P111,153,101.07,0
2025-02-05,P111,160,101.06,0
2025-02-06,P111,151,101.04,0
2025-02-07,P111,151,101.03,0
2025-02-08,P111,115,101.02,1
2025-02-09,P111,30,101.0,0
2025-02-10,P111,140,100.99,0
2025-02-11,P111,158,100.97,0
2025-02-12,P111,148,100.96,0
2025-02-13,P111,130,100.94,0
2025-02-14,P111,128,100.93,0
2025-02-15,P111,86,100.91,0
2025-02-16,P111,24,100.9,0
2025-02-17,P111,150,100.88,0
2025-02-18,P111,164,100.87,0
2025-02-19,P111,150,100.85,0
2025-02-20,P111,166,100.84,0
2025-02-21,P111,143,100.82,0
2025-02-22,P111,74,100.8,0
2025-02-23,P111,27,100.79,0
2025-02-24,P111,142,100.77,0
2025-02-26,P111,138,100.73,0
2025-02-27,P111,122,100.72,0
2025-02-28,P111,110,100.7,0
2025-03-01,P111,71,100.68,0
2025-03-02,P111,23,100.66,0
2025-03-03,P111,126,100.65,0
2025-03-04,P111,101,100.63,0
2025-03-05,P111,147,100.61,0
2025-03-06,P111,147,100.59,0
2025-03-07,P111,125,100.57,0
2025-03-08,P111,81,100.56,0
2025-03-09,P111,31,100.54,0
2025-03-10,P111,137,100.52,0
2025-03-11,P111,133,100.5,0
2025-03-12,P111,126,100.48,0
2025-03-13,P111,135,100.46,0
2025-03-14,P111,119,100.44,0
2025-03-15,P111,70,100.42,0
2025-03-16,P111,28,100.4,0
2025-03-17,P111,124,100.38,0
2025-03-18,P111,147,100.36,0
2025-03-19,P111,125,100.34,0
2025-03-20,P111,125,100.32,0
2025-03-21,P111,106,100.3,0
2025-03-22,P111,63,100.28,0
2025-03-23,P111,32,100.26,0
2025-03-24,P111,112,100.24,0
2025-03-25,P111,135,100.22,0
2025-03-26,P111,120,100.2,0
2025-03-27,P111,92,100.18,0
2025-03-28,P111,123,100.16,0
2025-03-29,P111,60,100.14,0
2025-03-30,P111,26,100.12,0
2025-03-31,P111,135,100.1,0
2025-04-01,P111,129,100.08,0
2025-04-02,P111,128,100.05,0
2025-04-03,P111,108,100.03,0
2025-04-04,P111,123,100.01,0
2025-04-05,P111,61,99.99,0
2025-04-06,P111,19,99.97,0
2025-04-07,P111,131,99.95,0
2025-04-08,P111,139,99.93,0
2025-04-09,P111,141,99.91,0
2025-04-10,P111,146,99.88,0
2025-04-11,P111,121,99.86,0
2025-04-12,P111,65,99.84,0
2025-04-13,P111,27,99.82,0
2025-04-14,P111,106,99.8,0
2025-04-15,P111,100,99.77,0
2025-04-16,P111,113,99.75,0
2025-04-17,P111,132,99.73,0
2025-04-18,P111,102,99.71,0
2025-04-19,P111,64,99.69,0
2025-04-20,P111,26,99.66,0
2025-04-21,P111,119,99.64,0
2025-04-22,P111,104,99.62,0
2025-04-23,P111,123,99.6,0
2025-04-24,P111,109,99.58,0
2025-04-25,P111,130,99.55,0
2025-04-26,P111,67,99.53,0
2025-04-27,P111,23,99.51,0
2025-04-28,P111,138,99.49,0
2025-04-29,P111,124,99.47,0
2025-04-30,P111,96,99.44,0
2025-05-01,P111,113,99.42,0
2025-05-02,P111,128,99.4,0
2025-05-03,P111,54,99.38,0
2025-05-04,P111,24,99.36,0
2025-05-05,P111,97,99.33,0
2025-05-06,P111,103,99.31,0
2025-05-07,P111,106,99.29,0
2025-05-08,P111,98,99.27,0
2025-05-09,P111,100,99.25,0
2025-05-10,P111,71,99.22,0
2025-05-11,P111,24,99.2,0
2025-05-12,P111,124,99.18,0
2025-05-13,P111,133,99.16,0
2025-05-14,P111,102,99.14,0
2025-05-15,P111,103,99.11,0
2025-05-16,P111,117,99.09,0
2025-05-17,P111,55,99.07,0
2025-05-18,P111,25,99.05,0
2025-05-19,P111,135,99.03,0
2025-05-20,P111,99,99.01,0
2025-05-21,P111,112,98.99,0
2025-05-22,P111,111,98.96,0
2025-05-23,P111,102,98.94,0
2025-05-24,P111,55,98.92,0
2025-05-25,P111,22,98.9,0
2025-05-26,P111,114,98.88,0
2025-05-27,P111,121,98.86,0
2025-05-28,P111,129,98.84,0
2025-05-29,P111,195,98.82,1
2025-05-30,P111,122,98.8,0
2025-05-31,P111,56,98.77,0
2025-06-01,P111,21,98.75,0
2025-06-02,P111,112,98.73,0
2025-06-03,P111,126,98.71,0
2025-06-04,P111,129,98.69,0
2025-06-05,P111,133,98.67,0
2025-06-06,P111,113,98.65,0
2025-06-07,P111,65,98.63,0
2025-06-08,P111,28,98.61,0
2025-06-09,P111,107,98.59,0
2025-06-10,P111,118,98.57,0
2025-06-11,P111,156,98.55,0
2025-06-12,P111,127,98.53,0
2025-06-13,P111,117,98.51,0
2025-06-15,P111,21,98.48,0
2025-06-16,P111,110,98.46,0
2025-06-17,P111,109,98.44,0
2025-06-18,P111,237,98.42,1
2025-06-19,P111,113,98.4,0
2025-06-20,P111,114,98.38,0
2025-06-21,P111,60,98.36,0
2025-06-22,P111,20,98.35,0
2025-06-23,P111,132,98.33,0
2025-06-24,P111,101,98.31,0
2025-06-25,P111,113,98.29,0
2025-06-26,P111,103,98.27,0
2025-06-27,P111,104,98.26,0
2025-06-28,P111,65,98.24,0
2025-06-29,P111,29,98.22,0
2025-06-30,P111,102,98.21,0
2025-07-01,P111,120,98.19,0
2025-07-02,P111,217,98.17,1
2025-07-03,P111,114,98.16,0
2025-07-04,P111,118,98.14,0
2025-07-05,P111,70,98.12,0
2025-07-06,P111,20,98.11,0
2025-07-07,P111,133,98.09,0
2025-07-08,P111,117,98.07,0
2025-07-09,P111,111,98.06,0
2025-07-10,P111,126,98.04,0
2025-07-11,P111,128,98.03,0
2025-07-12,P111,65,98.01,0
2025-07-13,P111,23,98.0,0
2025-07-14,P111,127,97.98,0
2025-07-15,P111,123,97.97,0
2025-07-16,P111,140,97.96,0
2025-07-17,P111,144,97.94,0
2025-07-18,P111,136,97.93,0
2025-07-19,P111,68,97.91,0
2025-07-20,P111,31,97.9,0
2025-07-21,P111,117,97.89,0
2025-07-22,P111,164,97.87,0
2025-07-23,P111,120,97.86,0
2025-07-24,P111,102,97.85,0
2025-07-25,P111,145,97.84,0
2025-07-26,P111,64,97.82,0
2025-07-27,P111,59,97.81,1
2025-07-28,P111,120,97.8,0
2025-07-29,P111,177,97.79,0
2025-07-30,P111,166,97.78,0
2025-07-31,P111,158,97.77,0
2025-08-01,P111,130,97.75,0
2025-08-02,P111,79,97.74,0
2025-08-03,P111,28,97.73,0
2025-08-04,P111,156,97.72,0
2025-08-05,P111,138,97.71,0
2025-08-06,P111,167,97.7,0
2025-08-07,P111,132,97.69,0
2025-08-08,P111,198,97.68,1
2025-08-09,P111,69,97.67,0
2025-08-10,P111,30,97.66,0
2025-08-11,P111,136,97.66,0
2025-08-12,P111,156,97.65,0
2025-08-13,P111,138,97.64,0
2025-08-14,P111,155,97.63,0
2025-08-15,P111,159,97.62,0
2025-08-16,P111,76,97.61,0
2025-08-17,P111,38,97.61,0
2025-08-18,P111,164,97.6,0
2025-08-19,P111,188,97.59,0
2025-08-20,P111,149,97.59,0
2025-08-21,P111,119,97.58,0
2025-08-22,P111,129,97.57,0
2025-08-23,P111,72,97.57,0
2025-08-24,P111,28,97.56,0
2025-08-25,P111,113,97.56,0
2025-08-26,P111,173,97.55,0
2025-08-27,P111,122,97.55,0
2025-08-28,P111,165,97.54,0
2025-08-29,P111,177,97.54,0
2025-08-30,P111,72,97.53,0
2025-08-31,P111,33,97.53,0
2025-09-01,P111,146,97.52,0
2025-09-02,P111,174,97.52,0
2025-09-03,P111,136,97.52,0
2025-09-04,P111,151,97.51,0
2025-09-05,P111,164,97.51,0
2025-09-06,P111,80,97.51,0
2025-09-07,P111,27,97.5,0
2025-09-08,P111,178,97.5,0
2025-09-09,P111,140,97.5,0
2025-09-10,P111,162,97.5,0
2025-09-11,P111,167,97.5,0
2025-09-12,P111,152,97.5,0
2025-09-13,P111,106,97.5,0
2025-09-14,P111,36,97.49,0
2025-09-15,P111,157,97.49,0
2025-09-16,P111,178,97.49,0
2025-09-17,P111,168,97.49,0
2025-09-18,P111,161,97.49,0
2025-09-19,P111,157,97.49,0
2025-09-20,P111,80,97.49,0
2025-09-21,P111,35,97.5,0
2025-09-22,P111,154,97.5,0
2025-09-23,P111,135,97.5,0
2025-09-24,P111,188,97.5,0
2025-09-25,P111,153,97.5,0
2025-09-26,P111,158,97.5,0
2025-09-27,P111,79,97.51,0
2025-09-28,P111,32,97.51,0
2025-09-29,P111,147,97.51,0
2025-09-30,P111,191,97.52,0
2025-10-01,P111,193,97.52,0
2025-10-02,P111,166,97.52,0
2025-10-03,P111,149,97.53,0
2025-10-04,P111,139,97.53,1
2025-10-05,P111,38,97.53,0
2025-10-06,P111,156,97.54,0
2025-10-07,P111,154,97.54,0
2025-10-08,P111,174,97.55,0
2025-10-09,P111,162,97.55,0
2025-10-10,P111,134,97.56,0
2025-10-11,P111,75,97.57,0
2025-10-12,P111,37,97.57,0
2025-10-13,P111,159,97.58,0
2025-10-14,P111,188,97.58,0
2025-10-15,P111,178,97.59,0
2025-10-16,P111,190,97.6,0
2025-10-17,P111,148,97.61,0
2025-10-18,P111,92,97.61,0
2025-10-19,P111,38,97.62,0
2025-10-20,P111,162,97.63,0
2025-10-21,P111,203,97.64,0
2025-10-22,P111,145,97.65,0
2025-10-23,P111,157,97.65,0
2025-10-24,P111,134,97.66,0
2025-10-25,P111,83,97.67,0
2025-10-26,P111,36,97.68,0
2025-10-27,P111,191,97.69,0
2025-10-28,P111,179,97.7,0
2025-10-29,P111,167,97.71,0
2025-10-30,P111,144,97.72,0
2025-10-31,P111,144,97.73,0
2025-11-01,P111,95,97.74,0
2025-11-02,P111,40,97.75,0
2025-11-03,P111,168,97.76,0
2025-11-04,P111,208,97.77,0
2025-11-05,P111,161,97.79,0
2025-11-06,P111,168,97.8,0
2025-11-07,P111,161,97.81,0
2025-11-08,P111,107,97.82,0
2025-11-09,P111,37,97.83,0
2025-11-10,P111,142,97.85,0
2025-11-11,P111,203,97.86,0
2025-11-12,P111,218,97.87,0
2025-11-13,P111,171,97.88,0
2025-11-14,P111,151,97.9,0
2025-11-15,P111,101,97.91,0
2025-11-16,P111,45,97.92,0
2025-11-17,P111,194,97.94,0
2025-11-18,P111,152,97.95,0
2025-11-19,P111,196,97.97,0
2025-11-20,P111,184,97.98,0
2025-11-21,P111,150,98.0,0
2025-11-22,P111,105,98.01,0
2025-11-23,P111,84,98.03,1
2025-11-24,P111,420,98.04,1
2025-11-25,P111,163,98.06,0
2025-11-26,P111,189,98.07,0
2025-11-27,P111,159,98.09,0
2025-11-28,P111,172,98.1,0
2025-11-29,P111,107,98.12,0
2025-11-30,P111,31,98.14,0
2025-12-01,P111,151,98.15,0
2025-12-02,P111,203,98.17,0
2025-12-03,P111,180,98.18,0
2025-12-04,P111,198,98.2,0
2025-12-05,P111,152,98.22,0
2025-12-06,P111,92,98.24,0
2025-12-07,P111,39,98.25,0
2025-12-08,P111,181,98.27,0
2025-12-09,P111,147,98.29,0
2025-12-10,P111,235,98.31,0
2025-12-11,P111,178,98.32,0
2025-12-12,P111,141,98.34,0
2025-12-13,P111,94,98.36,0
2025-12-14,P111,38,98.38,0
2025-12-15,P111,194,98.4,0
2025-12-16,P111,200,98.42,0
2025-12-17,P111,174,98.43,0
2025-12-18,P111,140,98.45,0
2025-12-19,P111,173,98.47,0
2025-12-20,P111,74,98.49,0
2025-12-21,P111,41,98.51,0
2025-12-22,P111,160,98.53,0
2025-12-23,P111,193,98.55,0
2025-12-24,P111,164,98.57,0
2025-12-25,P111,162,98.59,0
2025-12-26,P111,148,98.61,0
2025-12-27,P111,96,98.63,0
2025-12-28,P111,33,98.65,0
2025-12-29,P111,186,98.67,0
2025-12-30,P111,166,98.69,0
2025-12-31,P111,170,98.71,0
2023-01-01,P112,6,174.92,0
2023-01-02,P112,26,174.96,0
2023-01-03,P112,37,175.0,0
2023-01-04,P112,31,175.04,0
2023-01-05,P112,39,175.08,0
2023-01-06,P112,35,175.12,0
2023-01-07,P112,15,175.15,0
2023-01-08,P112,8,175.19,0
2023-01-09,P112,38,175.23,0
2023-01-10,P112,31,175.27,0
2023-01-11,P112,29,175.31,0
2023-01-12,P112,24,175.35,0
2023-01-13,P112,31,175.39,0
2023-01-14,P112,15,175.43,0
2023-01-15,P112,7,175.46,0
2023-01-16,P112,30,175.5,0
2023-01-17,P112,30,175.54,0
2023-01-18,P112,30,175.58,0
2023-01-19,P112,27,175.62,0
2023-01-20,P112,28,175.65,0
2023-01-21,P112,15,175.69,0
2023-01-22,P112,6,175.73,0
2023-01-23,P112,31,175.77,0
2023-01-24,P112,28,175.81,0
2023-01-25,P112,60,175.84,1
2023-01-26,P112,30,175.88,0
2023-01-27,P112,34,175.92,0
2023-01-28,P112,16,175.96,0
2023-01-29,P112,6,175.99,0
2023-01-30,P112,29,176.03,0
2023-01-31,P112,34,176.07,0
2023-02-01,P112,31,176.1,0
2023-02-02,P112,33,176.14,0
2023-02-03,P112,33,176.18,0
2023-02-04,P112,32,176.21,1
2023-02-05,P112,7,176.25,0
2023-02-06,P112,32,176.28,0
2023-02-07,P112,32,176.32,0
2023-02-08,P112,29,176.36,0
2023-02-09,P112,28,176.39,0
2023-02-10,P112,45,176.43,1
2023-02-11,P112,14,176.46,0
2023-02-12,P112,6,176.5,0
2023-02-13,P112,29,176.53,0
2023-02-14,P112,28,176.56,0
2023-02-15,P112,31,176.6,0
2023-02-16,P112,29,176.63,0
2023-02-17,P112,28,176.67,0
2023-02-18,P112,14,176.7,0
2023-02-19,P112,6,176.73,0
2023-02-20,P112,28,176.77,0
2023-02-21,P112,32,176.8,0
2023-02-22,P112,28,176.83,0
2023-02-23,P112,29,176.86,0
2023-02-24,P112,23,176.9,0
2023-02-25,P112,31,176.93,1
2023-02-26,P112,5,176.96,0
2023-02-27,P112,25,176.99,0
2023-02-28,P112,25,177.02,0
2023-03-01,P112,24,177.05,0
2023-03-02,P112,26,177.08,0
2023-03-03,P112,30,177.12,0
2023-03-04,P112,13,177.15,0
2023-03-05,P112,4,177.18,0
2023-03-06,P112,28,177.21,0
2023-03-07,P112,25,177.23,0
2023-03-08,P112,30,177.26,0
2023-03-09,P112,26,177.29,0
2023-03-10,P112,25,177.32,0
2023-03-11,P112,16,177.35,0
2023-03-12,P112,6,177.38,0
2023-03-13,P112,23,177.4,0
2023-03-14,P112,24,177.43,0
2023-03-15,P112,22,177.46,0
2023-03-16,P112,34,177.48,0
2023-03-17,P112,23,177.51,0
2023-03-18,P112,15,177.54,0
2023-03-19,P112,5,177.56,0
2023-03-20,P112,23,177.59,0
2023-03-21,P112,27,177.61,0
2023-03-22,P112,26,177.64,0
2023-03-23,P112,28,177.66,0
2023-03-24,P112,27,177.69,0
2023-03-25,P112,13,177.71,0
2023-03-26,P112,8,177.73,1
2023-03-27,P112,22,177.76,0
2023-03-28,P112,20,177.78,0
2023-03-29,P112,25,177.8,0
2023-03-30,P112,25,177.82,0
2023-03-31,P112,21,177.84,0
2023-04-01,P112,11,177.87,0
2023-04-02,P112,5,177.89,0
2023-04-03,P112,23,177.91,0
2023-04-04,P112,25,177.93,0
2023-04-05,P112,24,177.95,0
2023-04-06,P112,25,177.97,0
2023-04-07,P112,22,177.98,0
2023-04-08,P112,12,178.0,0
2023-04-09,P112,4,178.02,0
2023-04-10,P112,25,178.04,0
2023-04-11,P112,26,178.06,0
2023-04-12,P112,25,178.07,0
2023-04-13,P112,29,178.09,0
2023-04-14,P112,24,178.11,0
2023-04-15,P112,12,178.12,0
2023-04-16,P112,5,178.14,0
2023-04-17,P112,30,178.15,0
2023-04-18,P112,26,178.17,0
2023-04-19,P112,19,178.18,0
2023-04-20,P112,25,178.2,0
2023-04-21,P112,21,178.21,0
2023-04-22,P112,10,178.22,0
2023-04-23,P112,6,178.24,0
2023-04-24,P112,28,178.25,0
2023-04-25,P112,23,178.26,0
2023-04-26,P112,22,178.27,0
2023-04-27,P112,24,178.28,0
2023-04-28,P112,20,178.29,0
2023-04-29,P112,12,178.3,0
2023-04-30,P112,8,178.31,1
2023-05-01,P112,23,178.32,0
2023-05-02,P112,40,178.33,1
2023-05-03,P112,27,178.34,0
2023-05-04,P112,27,178.35,0
2023-05-05,P112,22,178.36,0
2023-05-06,P112,12,178.36,0
2023-05-07,P112,5,178.37,0
2023-05-08,P112,24,178.38,0
2023-05-09,P112,29,178.38,0
2023-05-10,P112,21,178.39,0
2023-05-11,P112,26,178.39,0
2023-05-12,P112,22,178.4,0
2023-05-13,P112,11,178.4,0
2023-05-14,P112,13,178.4,1
2023-05-15,P112,30,178.41,0
2023-05-16,P112,24,178.41,0
2023-05-17,P112,25,178.41,0
2023-05-18,P112,22,178.42,0
2023-05-19,P112,22,178.42,0
2023-05-20,P112,11,178.42,0
2023-05-21,P112,4,178.42,0
2023-05-22,P112,29,178.42,0
2023-05-23,P112,25,178.42,0
2023-05-24,P112,24,178.42,0
2023-05-25,P112,22,178.42,0
2023-05-26,P112,41,178.42,1
2023-05-27,P112,10,178.42,0
2023-05-28,P112,5,178.41,0
2023-05-29,P112,21,178.41,0
2023-05-30,P112,28,178.41,0
2023-05-31,P112,20,178.4,0
2023-06-01,P112,21,178.4,0
2023-06-02,P112,18,178.4,0
2023-06-03,P112,11,178.39,0
2023-06-04,P112,5,178.39,0
2023-06-05,P112,27,178.38,0
2023-06-06,P112,25,178.37,0
2023-06-07,P112,24,178.37,0
2023-06-08,P112,25,178.36,0
2023-06-09,P112,22,178.35,0
2023-06-10,P112,16,178.35,0
2023-06-11,P112,5,178.34,0
2023-06-12,P112,26,178.33,0
2023-06-13,P112,28,178.32,0
2023-06-14,P112,23,178.31,0
2023-06-15,P112,25,178.3,0
2023-06-16,P112,48,178.29,1
2023-06-17,P112,13,178.28,0
2023-06-18,P112,5,178.27,0
2023-06-19,P112,25,178.26,0
2023-06-20,P112,23,178.24,0
2023-06-21,P112,31,178.23,0
2023-06-22,P112,26,178.22,0
2023-06-23,P112,20,178.21,0
2023-06-24,P112,12,178.19,0
2023-06-25,P112,4,178.18,0
2023-06-26,P112,28,178.16,0
2023-06-27,P112,26,178.15,0
2023-06-28,P112,26,178.13,0
2023-06-29,P112,23,178.12,0
2023-06-30,P112,23,178.1,0
2023-07-01,P112,15,178.09,0
2023-07-02,P112,6,178.07,0
2023-07-03,P112,28,178.05,0
2023-07-04,P112,22,178.03,0
2023-07-05,P112,26,178.02,0
2023-07-06,P112,27,178.0,0
2023-07-07,P112,23,177.98,0
2023-07-08,P112,11,177.96,0
2023-07-09,P112,5,177.94,0
2023-07-10,P112,31,177.92,0
2023-07-11,P112,24,177.9,0
2023-07-12,P112,27,177.88,0
2023-07-13,P112,26,177.86,0
2023-07-14,P112,25,177.84,0
2023-07-15,P112,14,177.82,0
2023-07-16,P112,6,177.8,0
2023-07-17,P112,45,177.77,1
2023-07-18,P112,26,177.75,0
2023-07-19,P112,28,177.73,0
2023-07-20,P112,23,177.7,0
2023-07-21,P112,27,177.68,0
2023-07-22,P112,13,177.66,0
2023-07-23,P112,5,177.63,0
2023-07-24,P112,29,177.61,0
2023-07-25,P112,28,177.58,0
2023-07-26,P112,28,177.56,0
2023-07-27,P112,32,177.53,0
2023-07-28,P112,24,177.5,0
2023-07-29,P112,16,177.48,0
2023-07-30,P112,7,177.45,0
2023-07-31,P112,32,177.42,0
2023-08-01,P112,37,177.4,0
2023-08-02,P112,27,177.37,0
2023-08-03,P112,26,177.34,0
2023-08-04,P112,30,177.31,0
2023-08-05,P112,17,177.28,0
2023-08-06,P112,6,177.26,0
2023-08-07,P112,31,177.23,0
2023-08-08,P112,40,177.2,0
2023-08-09,P112,31,177.17,0
2023-08-10,P112,32,177.14,0
2023-08-11,P112,57,177.11,1
2023-08-12,P112,20,177.08,0
2023-08-13,P112,6,177.05,0
2023-08-14,P112,34,177.02,0
2023-08-15,P112,29,176.98,0
2023-08-16,P112,31,176.95,0
2023-08-17,P112,29,176.92,0
2023-08-18,P112,23,176.89,0
2023-08-19,P112,13,176.86,0
2023-08-20,P112,7,176.82,0
2023-08-21,P112,33,176.79,0
2023-08-22,P112,29,176.76,0
2023-08-23,P112,37,176.73,0
2023-08-24,P112,27,176.69,0
2023-08-25,P112,31,176.66,0
2023-08-26,P112,16,176.62,0
2023-08-27,P112,7,176.59,0
2023-08-28,P112,35,176.56,0
2023-08-29,P112,36,176.52,0
2023-08-30,P112,35,176.49,0
2023-08-31,P112,34,176.45,0
2023-09-01,P112,26,176.42,0
2023-09-02,P112,19,176.38,0
2023-09-03,P112,6,176.35,0
2023-09-04,P112,32,176.31,0
2023-09-05,P112,33,176.27,0
2023-09-06,P112,35,176.24,0
2023-09-07,P112,31,176.2,0
2023-09-08,P112,31,176.17,0
2023-09-09,P112,20,176.13,0
2023-09-10,P112,6,176.09,0
2023-09-11,P112,33,176.06,0
2023-09-12,P112,30,176.02,0
2023-09-13,P112,37,175.98,0
2023-09-14,P112,31,175.95,0
2023-09-15,P112,49,175.91,1
2023-09-16,P112,15,175.87,0
2023-09-17,P112,8,175.83,0
2023-09-18,P112,34,175.8,0
2023-09-19,P112,36,175.76,0
2023-09-20,P112,61,175.72,1
2023-09-21,P112,29,175.68,0
2023-09-22,P112,30,175.64,0
2023-09-23,P112,18,175.61,0
2023-09-24,P112,6,175.57,0
2023-09-25,P112,28,175.53,0
2023-09-26,P112,33,175.49,0
2023-09-27,P112,31,175.45,0
2023-09-28,P112,33,175.42,0
2023-09-29,P112,35,175.38,0
2023-09-30,P112,20,175.34,0
2023-10-01,P112,9,175.3,0
2023-10-02,P112,35,175.26,0
2023-10-03,P112,37,175.22,0
2023-10-04,P112,36,175.18,0
2023-10-05,P112,37,175.14,0
2023-10-06,P112,35,175.11,0
2023-10-07,P112,20,175.07,0
2023-10-08,P112,8,175.03,0
2023-10-09,P112,38,174.99,0
2023-10-10,P112,44,174.95,0
2023-10-11,P112,37,174.91,0
2023-10-12,P112,33,174.87,0
2023-10-13,P112,32,174.83,0
2023-10-14,P112,19,174.8,0
2023-10-15,P112,7,174.76,0
2023-10-16,P112,34,174.72,0
2023-10-17,P112,33,174.68,0
2023-10-18,P112,75,174.64,1
2023-10-19,P112,38,174.6,0
2023-10-20,P112,28,174.56,0
2023-10-21,P112,18,174.52,0
2023-10-22,P112,9,174.49,0
2023-10-23,P112,39,174.45,0
2023-10-24,P112,40,174.41,0
2023-10-25,P112,35,174.37,0
2023-10-26,P112,38,174.33,0
2023-10-27,P112,35,174.29,0
2023-10-28,P112,18,174.25,0
2023-10-29,P112,7,174.22,0
2023-10-30,P112,35,174.18,0
2023-10-31,P112,32,174.14,0
2023-11-01,P112,32,174.1,0
2023-11-02,P112,36,174.07,0
2023-11-03,P112,32,174.03,0
2023-11-04,P112,19,173.99,0
2023-11-05,P112,6,173.95,0
2023-11-06,P112,41,173.92,0
2023-11-07,P112,48,173.88,0
2023-11-08,P112,42,173.84,0
2023-11-09,P112,42,173.8,0
2023-11-10,P112,38,173.77,0
2023-11-11,P112,20,173.73,0
2023-11-12,P112,8,173.69,0
2023-11-13,P112,34,173.66,0
2023-11-14,P112,65,173.62,1
2023-11-15,P112,41,173.59,0
2023-11-16,P112,35,173.55,0
2023-11-17,P112,38,173.51,0
2023-11-18,P112,18,173.48,0
2023-11-19,P112,7,173.44,0
2023-11-20,P112,41,173.41,0
2023-11-21,P112,41,173.37,0
2023-11-22,P112,37,173.34,0
2023-11-23,P112,36,173.3,0
2023-11-24,P112,36,173.27,0
2023-11-25,P112,16,173.24,0
2023-11-26,P112,7,173.2,0
2023-11-27,P112,32,173.17,0
2023-11-28,P112,39,173.13,0
2023-11-29,P112,43,173.1,0
2023-11-30,P112,39,173.07,0
2023-12-01,P112,33,173.04,0
2023-12-02,P112,35,173.0,1
2023-12-03,P112,7,172.97,0
2023-12-04,P112,46,172.94,0
2023-12-05,P112,39,172.91,0
2023-12-06,P112,39,172.87,0
2023-12-07,P112,28,172.84,0
2023-12-08,P112,31,172.81,0
2023-12-09,P112,19,172.78,0
2023-12-10,P112,7,172.75,0
2023-12-11,P112,38,172.72,0
2023-12-12,P112,39,172.69,0
2023-12-13,P112,40,172.66,0
2023-12-14,P112,29,172.63,0
2023-12-15,P112,31,172.6,0
2023-12-16,P112,19,172.57,0
2023-12-17,P112,7,172.54,0
2023-12-18,P112,36,172.52,0
2023-12-19,P112,39,172.49,0
2023-12-20,P112,35,172.46,0
2023-12-21,P112,37,172.43,0
2023-12-22,P112,37,172.41,0
2023-12-23,P112,19,172.38,0
2023-12-24,P112,8,172.35,0
2023-12-25,P112,49,172.33,1
2023-12-26,P112,36,172.3,0
2023-12-27,P112,41,172.27,0
2023-12-28,P112,33,172.25,0
2023-12-29,P112,31,172.22,0
2023-12-30,P112,19,172.2,0
2023-12-31,P112,8,172.18,0
2024-01-01,P112,34,172.15,0
2024-01-02,P112,45,172.13,0
2024-01-03,P112,38,172.1,0
2024-01-04,P112,32,172.08,0
2024-01-05,P112,29,172.06,0
2024-01-06,P112,19,172.04,0
2024-01-07,P112,7,172.02,0
2024-01-08,P112,71,171.99,1
2024-01-09,P112,39,171.97,0
2024-01-10,P112,38,171.95,0
2024-01-11,P112,36,171.93,0
2024-01-12,P112,38,171.91,0
2024-01-13,P112,14,171.89,0
2024-01-14,P112,6,171.87,0
2024-01-15,P112,39,171.85,0
2024-01-16,P112,42,171.84,0
2024-01-17,P112,31,171.82,0
2024-01-18,P112,28,171.8,0
2024-01-19,P112,33,171.78,0
2024-01-20,P112,19,171.77,0
2024-01-21,P112,7,171.75,0
2024-01-22,P112,34,171.73,0
2024-01-23,P112,28,171.72,0
2024-01-24,P112,34,171.7,0
2024-01-25,P112,33,171.69,0
2024-01-26,P112,30,171.67,0
2024-01-27,P112,14,171.66,0
2024-01-28,P112,8,171.64,0
2024-01-29,P112,37,171.63,0
2024-01-30,P112,32,171.62,0
2024-01-31,P112,34,171.6,0
2024-02-01,P112,31,171.59,0
2024-02-02,P112,30,171.58,0
2024-02-03,P112,18,171.57,0
2024-02-04,P112,7,171.56,0
2024-02-05,P112,37,171.55,0
2024-02-06,P112,38,171.54,0
2024-02-07,P112,33,171.53,0
2024-02-08,P112,43,171.52,0
2024-02-09,P112,36,171.51,0
2024-02-10,P112,16,171.5,0
2024-02-11,P112,7,171.49,0
2024-02-12,P112,25,171.49,0
2024-02-13,P112,34,171.48,0
2024-02-14,P112,39,171.47,0
2024-02-15,P112,42,171.47,0
2024-02-16,P112,30,171.46,0
2024-02-17,P112,17,171.45,0
2024-02-18,P112,7,171.45,0
2024-02-19,P112,39,171.45,0
2024-02-20,P112,29,171.44,0
2024-02-21,P112,42,171.44,0
2024-02-22,P112,30,171.43,0
2024-02-23,P112,26,171.43,0
2024-02-24,P112,16,171.43,0
2024-02-25,P112,6,171.43,0
2024-02-26,P112,33,171.43,0
2024-02-27,P112,26,171.42,0
2024-02-28,P112,32,171.42,0
2024-02-29,P112,33,171.42,0
2024-03-01,P112,34,171.42,0
2024-03-02,P112,17,171.42,0
2024-03-03,P112,7,171.43,0
2024-03-04,P112,28,171.43,0
2024-03-05,P112,33,171.43,0
2024-03-06,P112,23,171.43,0
2024-03-07,P112,29,171.43,0
2024-03-08,P112,30,171.44,0
2024-03-09,P112,16,171.44,0
2024-03-10,P112,5,171.44,0
2024-03-11,P112,28,171.45,0
2024-03-12,P112,30,171.45,0
2024-03-13,P112,29,171.46,0
2024-03-14,P112,32,171.46,0
2024-03-15,P112,27,171.47,0
2024-03-16,P112,15,171.48,0
2024-03-17,P112,6,171.48,0
2024-03-18,P112,33,171.49,0
2024-03-19,P112,34,171.5,0
2024-03-20,P112,28,171.51,0
2024-03-21,P112,38,171.52,0
2024-03-22,P112,25,171.53,0
2024-03-23,P112,17,171.54,0
2024-03-24,P112,5,171.55,0
2024-03-25,P112,31,171.56,0
2024-03-26,P112,32,171.57,0
2024-03-27,P112,26,171.58,0
2024-03-28,P112,28,171.59,0
2024-03-29,P112,32,171.6,0
2024-03-30,P112,13,171.61,0
2024-03-31,P112,6,171.63,0
2024-04-01,P112,29,171.64,0
2024-04-02,P112,29,171.65,0
2024-04-03,P112,23,171.67,0
2024-04-04,P112,30,171.68,0
2024-04-05,P112,26,171.7,0
2024-04-06,P112,16,171.71,0
2024-04-07,P112,6,171.73,0
2024-04-08,P112,28,171.74,0
2024-04-09,P112,58,171.76,1
2024-04-10,P112,25,171.78,0
2024-04-11,P112,32,171.8,0
2024-04-12,P112,25,171.81,0
2024-04-13,P112,14,171.83,0
2024-04-14,P112,10,171.85,1
2024-04-15,P112,28,171.87,0
2024-04-16,P112,27,171.89,0
2024-04-17,P112,62,171.91,1
2024-04-18,P112,29,171.93,0
2024-04-19,P112,25,171.95,0
2024-04-20,P112,15,171.97,0
2024-04-21,P112,5,171.99,0
2024-04-22,P112,28,172.01,0
2024-04-23,P112,30,172.03,0
2024-04-24,P112,29,172.05,0
2024-04-25,P112,20,172.08,0
2024-04-26,P112,25,172.1,0
2024-04-27,P112,12,172.12,0
2024-04-28,P112,6,172.15,0
2024-04-29,P112,25,172.17,0
2024-04-30,P112,31,172.19,0
2024-05-01,P112,23,172.22,0
2024-05-02,P112,27,172.24,0
2024-05-03,P112,25,172.27,0
2024-05-04,P112,18,172.29,0
2024-05-05,P112,6,172.32,0
2024-05-06,P112,30,172.35,0
2024-05-07,P112,34,172.37,0
2024-05-08,P112,28,172.4,0
2024-05-09,P112,26,172.43,0
2024-05-10,P112,24,172.45,0
2024-05-11,P112,14,172.48,0
2024-05-12,P112,4,172.51,0
2024-05-13,P112,26,172.54,0
2024-05-14,P112,28,172.57,0
2024-05-15,P112,26,172.59,0
2024-05-16,P112,22,172.62,0
2024-05-17,P112,25,172.65,0
2024-05-18,P112,11,172.68,0
2024-05-19,P112,7,172.71,0
2024-05-20,P112,26,172.74,0
2024-05-21,P112,21,172.77,0
2024-05-22,P112,26,172.8,0
2024-05-23,P112,29,172.84,0
2024-05-24,P112,26,172.87,0
2024-05-25,P112,12,172.9,0
2024-05-26,P112,5,172.93,0
2024-05-27,P112,26,172.96,0
2024-05-28,P112,26,173.0,0
2024-05-29,P112,45,173.03,1
2024-05-30,P112,26,173.06,0
2024-05-31,P112,22,173.09,0
2024-06-01,P112,15,173.13,0
2024-06-02,P112,6,173.16,0
2024-06-03,P112,24,173.19,0
2024-06-04,P112,26,173.23,0
2024-06-05,P112,26,173.26,0
2024-06-06,P112,27,173.3,0
2024-06-07,P112,26,173.33,0
2024-06-08,P112,15,173.37,0
2024-06-09,P112,6,173.4,0
2024-06-10,P112,32,173.44,0
2024-06-11,P112,28,173.47,0
2024-06-12,P112,24,173.51,0
2024-06-13,P112,22,173.54,0
2024-06-14,P112,31,173.58,0
2024-06-15,P112,15,173.61,0
2024-06-16,P112,6,173.65,0
2024-06-17,P112,29,173.69,0
2024-06-18,P112,29,173.72,0
2024-06-19,P112,30,173.76,0
2024-06-20,P112,26,173.8,0
2024-06-21,P112,29,173.83,0
2024-06-22,P112,14,173.87,0
2024-06-23,P112,5,173.91,0
2024-06-24,P112,23,173.94,0
2024-06-25,P112,28,173.98,0
2024-06-26,P112,33,174.02,0
2024-06-27,P112,27,174.06,0
2024-06-28,P112,23,174.09,0
2024-06-29,P112,15,174.13,0
2024-06-30,P112,6,174.17,0
2024-07-01,P112,34,174.21,0
2024-07-02,P112,33,174.25,0
2024-07-03,P112,25,174.28,0
2024-07-04,P112,28,174.32,0
2024-07-05,P112,25,174.36,0
2024-07-06,P112,13,174.4,0
2024-07-07,P112,6,174.44,0
2024-07-08,P112,32,174.48,0
2024-07-09,P112,30,174.51,0
2024-07-10,P112,28,174.55,0
2024-07-11,P112,22,174.59,0
2024-07-12,P112,26,174.63,0
2024-07-13,P112,16,174.67,0
2024-07-14,P112,5,174.71,0
2024-07-15,P112,34,174.75,0
2024-07-16,P112,29,174.79,0
2024-07-17,P112,32,174.83,0
2024-07-18,P112,29,174.86,0
2024-07-19,P112,25,174.9,0
2024-07-20,P112,17,174.94,0
2024-07-21,P112,12,174.98,1
2024-07-22,P112,28,175.02,0
2024-07-23,P112,24,175.06,0
2024-07-24,P112,36,175.1,0
2024-07-25,P112,31,175.14,0
2024-07-26,P112,33,175.17,0
2024-07-27,P112,17,175.21,0
2024-07-28,P112,7,175.25,0
2024-07-29,P112,30,175.29,0
2024-07-30,P112,28,175.33,0
2024-07-31,P112,35,175.37,0
2024-08-01,P112,32,175.41,0
2024-08-02,P112,29,175.44,0
2024-08-03,P112,18,175.48,0
2024-08-04,P112,7,175.52,0
2024-08-05,P112,35,175.56,0
2024-08-06,P112,30,175.6,0
2024-08-07,P112,37,175.64,0
2024-08-08,P112,33,175.67,0
2024-08-09,P112,35,175.71,0
2024-08-10,P112,19,175.75,0
2024-08-11,P112,7,175.79,0
2024-08-12,P112,33,175.83,0
2024-08-13,P112,37,175.86,0
2024-08-14,P112,38,175.9,0
2024-08-15,P112,36,175.94,0
2024-08-16,P112,33,175.97,0
2024-08-17,P112,19,176.01,0
2024-08-18,P112,7,176.05,0
2024-08-19,P112,40,176.09,0
2024-08-20,P112,29,176.12,0
2024-08-21,P112,35,176.16,0
2024-08-22,P112,33,176.19,0
2024-08-23,P112,30,176.23,0
2024-08-24,P112,19,176.27,0
2024-08-25,P112,6,176.3,0
2024-08-26,P112,43,176.34,0
2024-08-27,P112,31,176.37,0
2024-08-28,P112,32,176.41,0
2024-08-29,P112,31,176.44,0
2024-08-30,P112,34,176.48,0
2024-08-31,P112,21,176.51,0
2024-09-01,P112,8,176.55,0
2024-09-02,P112,42,176.58,0
2024-09-03,P112,34,176.62,0
2024-09-04,P112,40,176.65,0
2024-09-05,P112,35,176.68,0
2024-09-06,P112,35,176.72,0
2024-09-07,P112,21,176.75,0
2024-09-08,P112,6,176.78,0
2024-09-09,P112,45,176.82,0
2024-09-10,P112,38,176.85,0
2024-09-11,P112,31,176.88,0
2024-09-12,P112,34,176.91,0
2024-09-13,P112,36,176.95,0
2024-09-14,P112,18,176.98,0
2024-09-15,P112,6,177.01,0
2024-09-16,P112,38,177.04,0
2024-09-17,P112,36,177.07,0
2024-09-18,P112,41,177.1,0
2024-09-19,P112,33,177.13,0
2024-09-20,P112,45,177.16,0
2024-09-21,P112,21,177.19,0
2024-09-22,P112,8,177.22,0
2024-09-23,P112,41,177.25,0
2024-09-24,P112,32,177.28,0
2024-09-25,P112,37,177.31,0
2024-09-26,P112,46,177.34,0
2024-09-27,P112,35,177.36,0
2024-09-28,P112,20,177.39,0
2024-09-29,P112,8,177.42,0
2024-09-30,P112,45,177.45,0
2024-10-01,P112,40,177.47,0
2024-10-02,P112,35,177.5,0
2024-10-03,P112,50,177.52,0
2024-10-04,P112,32,177.55,0
2024-10-05,P112,20,177.58,0
2024-10-06,P112,7,177.6,0
2024-10-07,P112,37,177.63,0
2024-10-08,P112,37,177.65,0
2024-10-09,P112,38,177.67,0
2024-10-10,P112,44,177.7,0
2024-10-11,P112,30,177.72,0
2024-10-12,P112,24,177.74,0
2024-10-13,P112,9,177.77,0
2024-10-14,P112,43,177.79,0
2024-10-15,P112,43,177.81,0
2024-10-16,P112,42,177.83,0
2024-10-17,P112,46,177.86,0
2024-10-18,P112,31,177.88,0
2024-10-19,P112,23,177.9,0
2024-10-20,P112,8,177.92,0
2024-10-21,P112,45,177.94,0
2024-10-22,P112,40,177.96,0
2024-10-23,P112,45,177.98,0
2024-10-24,P112,34,177.99,0
2024-10-25,P112,32,178.01,0
2024-10-26,P112,21,178.03,0
2024-10-27,P112,10,178.05,0
2024-10-28,P112,44,178.07,0
2024-10-29,P112,45,178.08,0
2024-10-30,P112,46,178.1,0
2024-10-31,P112,39,178.12,0
2024-11-01,P112,67,178.13,1
2024-11-02,P112,34,178.15,1
2024-11-03,P112,8,178.16,0
2024-11-04,P112,41,178.18,0
2024-11-05,P112,41,178.19,0
2024-11-06,P112,42,178.2,0
2024-11-07,P112,40,178.22,0
2024-11-08,P112,36,178.23,0
2024-11-09,P112,21,178.24,0
2024-11-10,P112,9,178.25,0
2024-11-11,P112,37,178.27,0
2024-11-12,P112,45,178.28,0
2024-11-13,P112,40,178.29,0
2024-11-14,P112,42,178.3,0
2024-11-15,P112,37,178.31,0
2024-11-16,P112,24,178.32,0
2024-11-17,P112,10,178.33,0
2024-11-18,P112,37,178.34,0
2024-11-19,P112,46,178.34,0
2024-11-20,P112,49,178.35,0
2024-11-21,P112,37,178.36,0
2024-11-22,P112,36,178.37,0
2024-11-23,P112,23,178.37,0
2024-11-24,P112,7,178.38,0
2024-11-25,P112,38,178.38,0
2024-11-26,P112,39,178.39,0
2024-11-27,P112,46,178.39,0
2024-11-28,P112,38,178.4,0
2024-11-29,P112,38,178.4,0
2024-11-30,P112,20,178.41,0
2024-12-01,P112,10,178.41,0
2024-12-02,P112,38,178.41,0
2024-12-03,P112,37,178.42,0
2024-12-04,P112,36,178.42,0
2024-12-05,P112,44,178.42,0
2024-12-06,P112,43,178.42,0
2024-12-07,P112,25,178.42,0
2024-12-08,P112,7,178.42,0
2024-12-09,P112,40,178.42,0
2024-12-10,P112,54,178.42,0
2024-12-11,P112,41,178.42,0
2024-12-12,P112,38,178.42,0
2024-12-13,P112,39,178.41,0
2024-12-14,P112,23,178.41,0
2024-12-15,P112,9,178.41,0
2024-12-16,P112,38,178.41,0
2024-12-17,P112,40,178.4,0
2024-12-18,P112,40,178.4,0
2024-12-19,P112,37,178.39,0
2024-12-20,P112,33,178.39,0
2024-12-21,P112,25,178.38,0
2024-12-22,P112,8,178.38,0
2024-12-23,P112,39,178.37,0
2024-12-24,P112,41,178.36,0
2024-12-25,P112,41,178.36,0
2024-12-26,P112,42,178.35,0
2024-12-27,P112,36,178.34,0
2024-12-28,P112,24,178.33,0
2024-12-29,P112,9,178.32,0
2024-12-30,P112,39,178.31,0
2024-12-31,P112,39,178.31,0
2025-01-01,P112,46,178.29,0
2025-01-02,P112,39,178.28,0
2025-01-03,P112,33,178.27,0
2025-01-04,P112,23,178.26,0
2025-01-05,P112,8,178.25,0
2025-01-06,P112,44,178.24,0
2025-01-07,P112,64,178.23,1
2025-01-08,P112,39,178.21,0
2025-01-09,P112,44,178.2,0
2025-01-10,P112,37,178.19,0
2025-01-11,P112,22,178.17,0
2025-01-12,P112,7,178.16,0
2025-01-13,P112,41,178.14,0
2025-01-14,P112,41,178.13,0
2025-01-15,P112,41,178.11,0
2025-01-16,P112,47,178.09,0
2025-01-17,P112,42,178.08,0
2025-01-18,P112,22,178.06,0
2025-01-19,P112,9,178.04,0
2025-01-20,P112,35,178.03,0
2025-01-21,P112,38,178.01,0
2025-01-22,P112,33,177.99,0
2025-01-23,P112,33,177.97,0
2025-01-24,P112,33,177.95,0
2025-01-25,P112,20,177.93,0
2025-01-26,P112,11,177.91,1
2025-01-27,P112,38,177.89,0
2025-01-28,P112,39,177.87,0
2025-01-29,P112,34,177.85,0
2025-01-30,P112,43,177.83,0
2025-01-31,P112,30,177.81,0
2025-02-01,P112,22,177.78,0
2025-02-02,P112,6,177.76,0
2025-02-03,P112,37,177.74,0
2025-02-04,P112,33,177.72,0
2025-02-05,P112,35,177.69,0
2025-02-06,P112,44,177.67,0
2025-02-07,P112,33,177.64,0
2025-02-08,P112,17,177.62,0
2025-02-09,P112,8,177.59,0
2025-02-10,P112,35,177.57,0
2025-02-11,P112,38,177.54,0
2025-02-12,P112,33,177.52,0
2025-02-13,P112,32,177.49,0
2025-02-14,P112,31,177.46,0
2025-02-15,P112,20,177.44,0
2025-02-16,P112,7,177.41,0
2025-02-17,P112,31,177.38,0
2025-02-18,P112,37,177.36,0
2025-02-19,P112,55,177.33,1
2025-02-20,P112,37,177.3,0
2025-02-21,P112,31,177.27,0
2025-02-22,P112,18,177.24,0
2025-02-23,P112,8,177.21,0
2025-02-24,P112,31,177.18,0
2025-02-25,P112,39,177.15,0
2025-02-26,P112,35,177.12,0
2025-02-27,P112,30,177.09,0
2025-02-28,P112,28,177.06,0
2025-03-01,P112,18,177.03,0
2025-03-02,P112,7,177.0,0
2025-03-03,P112,37,176.97,0
2025-03-04,P112,34,176.94,0
2025-03-05,P112,36,176.9,0
2025-03-06,P112,30,176.87,0
2025-03-07,P112,32,176.84,0
2025-03-08,P112,20,176.81,0
2025-03-09,P112,7,176.77,0
2025-03-10,P112,31,176.74,0
2025-03-11,P112,31,176.71,0
2025-03-12,P112,34,176.67,0
2025-03-13,P112,77,176.64,1
2025-03-14,P112,26,176.61,0
2025-03-15,P112,17,176.57,0
2025-03-16,P112,5,176.54,0
2025-03-17,P112,31,176.5,0
2025-03-18,P112,35,176.47,0
2025-03-19,P112,27,176.43,0
2025-03-20,P112,30,176.4,0
2025-03-21,P112,53,176.36,1
2025-03-22,P112,17,176.33,0
2025-03-23,P112,7,176.29,0
2025-03-24,P112,28,176.26,0
2025-03-25,P112,34,176.22,0
2025-03-26,P112,30,176.18,0
2025-03-27,P112,34,176.15,0
2025-03-28,P112,22,176.11,0
2025-03-29,P112,16,176.07,0
2025-03-30,P112,7,176.04,0
2025-03-31,P112,36,176.0,0
2025-04-01,P112,33,175.96,0
2025-04-02,P112,32,175.93,0
2025-04-03,P112,32,175.89,0
2025-04-04,P112,33,175.85,0
2025-04-05,P112,15,175.81,0
2025-04-06,P112,5,175.78,0
2025-04-07,P112,25,175.74,0
2025-04-08,P112,34,175.7,0
2025-04-09,P112,32,175.66,0
2025-04-10,P112,29,175.63,0
2025-04-11,P112,27,175.59,0
2025-04-12,P112,16,175.55,0
2025-04-13,P112,6,175.51,0
2025-04-14,P112,32,175.47,0
2025-04-15,P112,28,175.43,0
2025-04-16,P112,25,175.4,0
2025-04-17,P112,27,175.36,0
2025-04-18,P112,24,175.32,0
2025-04-19,P112,13,175.28,0
2025-04-20,P112,7,175.24,0
2025-04-21,P112,22,175.2,0
2025-04-22,P112,33,175.16,0
2025-04-23,P112,33,175.12,0
2025-04-24,P112,33,175.09,0
2025-04-25,P112,29,175.05,0
2025-04-26,P112,18,175.01,0
2025-04-27,P112,7,174.97,0
2025-04-28,P112,29,174.93,0
2025-04-29,P112,32,174.89,0
2025-04-30,P112,34,174.85,0
2025-05-01,P112,26,174.81,0
2025-05-02,P112,27,174.78,0
2025-05-03,P112,14,174.74,0
2025-05-04,P112,6,174.7,0
2025-05-05,P112,23,174.66,0
2025-05-06,P112,35,174.62,0
2025-05-07,P112,32,174.58,0
2025-05-08,P112,31,174.54,0
2025-05-09,P112,20,174.5,0
2025-05-10,P112,13,174.47,0
2025-05-11,P112,7,174.43,0
2025-05-12,P112,29,174.39,0
2025-05-13,P112,25,174.35,0
2025-05-14,P112,31,174.31,0
2025-05-15,P112,31,174.27,0
2025-05-16,P112,29,174.24,0
2025-05-17,P112,15,174.2,0
2025-05-18,P112,7,174.16,0
2025-05-19,P112,27,174.12,0
2025-05-20,P112,32,174.08,0
2025-05-21,P112,30,174.05,0
2025-05-22,P112,29,174.01,0
2025-05-23,P112,27,173.97,0
2025-05-24,P112,15,173.93,0
2025-05-25,P112,6,173.9,0
2025-05-26,P112,29,173.86,0
2025-05-27,P112,33,173.82,0
2025-05-28,P112,28,173.79,0
2025-05-29,P112,34,173.75,0
2025-05-30,P112,26,173.71,0
2025-05-31,P112,17,173.68,0
2025-06-01,P112,7,173.64,0
2025-06-02,P112,61,173.6,1
2025-06-03,P112,31,173.57,0
2025-06-04,P112,28,173.53,0
2025-06-05,P112,28,173.5,0
2025-06-06,P112,29,173.46,0
2025-06-07,P112,15,173.43,0
2025-06-08,P112,7,173.39,0
2025-06-09,P112,29,173.36,0
2025-06-10,P112,30,173.32,0
2025-06-11,P112,25,173.29,0
2025-06-12,P112,32,173.25,0
2025-06-13,P112,30,173.22,0
2025-06-14,P112,17,173.18,0
2025-06-15,P112,15,173.15,1
2025-06-16,P112,33,173.12,0
2025-06-17,P112,35,173.08,0
2025-06-18,P112,33,173.05,0
2025-06-19,P112,33,173.02,0
2025-06-20,P112,23,172.99,0
2025-06-21,P112,14,172.95,0
2025-06-22,P112,6,172.92,0
2025-06-23,P112,35,172.89,0
2025-06-24,P112,30,172.86,0
2025-06-25,P112,30,172.83,0
2025-06-26,P112,31,172.8,0
2025-06-27,P112,26,172.77,0
2025-06-28,P112,17,172.73,0
2025-06-29,P112,5,172.7,0
2025-06-30,P112,28,172.67,0
2025-07-01,P112,34,172.65,0
2025-07-02,P112,28,172.62,0
2025-07-03,P112,36,172.59,0
2025-07-04,P112,30,172.56,0
2025-07-05,P112,19,172.53,0
2025-07-06,P112,7,172.5,0
2025-07-07,P112,32,172.47,0
2025-07-08,P112,30,172.45,0
2025-07-09,P112,37,172.42,0
2025-07-10,P112,34,172.39,0
2025-07-11,P112,38,172.36,0
2025-07-12,P112,19,172.34,0
2025-07-13,P112,7,172.31,0
2025-07-14,P112,34,172.29,0
2025-07-15,P112,36,172.26,0
2025-07-16,P112,38,172.24,0
2025-07-17,P112,38,172.21,0
2025-07-18,P112,31,172.19,0
2025-07-19,P112,15,172.16,0
2025-07-20,P112,6,172.14,0
2025-07-21,P112,30,172.12,0
2025-07-22,P112,33,172.09,0
2025-07-23,P112,41,172.07,0
2025-07-24,P112,40,172.05,0
2025-07-25,P112,36,172.03,0
2025-07-26,P112,20,172.0,0
2025-07-27,P112,7,171.98,0
2025-07-28,P112,29,171.96,0
2025-07-29,P112,32,171.94,0
2025-07-30,P112,28,171.92,0
2025-07-31,P112,31,171.9,0
2025-08-01,P112,32,171.88,0
2025-08-02,P112,19,171.86,0
2025-08-03,P112,8,171.84,0
2025-08-04,P112,33,171.83,0
2025-08-05,P112,40,171.81,0
2025-08-06,P112,34,171.79,0
2025-08-07,P112,36,171.77,0
2025-08-08,P112,30,171.76,0
2025-08-09,P112,21,171.74,0
2025-08-10,P112,8,171.72,0
2025-08-11,P112,40,171.71,0
2025-08-12,P112,33,171.69,0
2025-08-13,P112,38,171.68,0
2025-08-14,P112,39,171.66,0
2025-08-15,P112,27,171.65,0
2025-08-16,P112,22,171.64,0
2025-08-17,P112,7,171.62,0
2025-08-18,P112,39,171.61,0
2025-08-19,P112,47,171.6,0
2025-08-20,P112,43,171.59,0
2025-08-21,P112,32,171.57,0
2025-08-22,P112,35,171.56,0
2025-08-23,P112,23,171.55,0
2025-08-24,P112,7,171.54,0
2025-08-25,P112,37,171.53,0
2025-08-26,P112,39,171.52,0
2025-08-27,P112,72,171.51,1
2025-08-28,P112,32,171.51,0
2025-08-29,P112,40,171.5,0
2025-08-30,P112,19,171.49,0
2025-08-31,P112,8,171.48,0
2025-09-01,P112,39,171.48,0
2025-09-02,P112,44,171.47,0
2025-09-03,P112,41,171.46,0
2025-09-04,P112,46,171.46,0
2025-09-05,P112,42,171.45,0
2025-09-06,P112,36,171.45,1
2025-09-07,P112,10,171.44,0
2025-09-08,P112,42,171.44,0
2025-09-09,P112,43,171.44,0
2025-09-10,P112,46,171.43,0
2025-09-11,P112,36,171.43,0
2025-09-12,P112,33,171.43,0
2025-09-13,P112,21,171.43,0
2025-09-14,P112,8,171.42,0
2025-09-15,P112,51,171.42,0
2025-09-16,P112,40,171.42,0
2025-09-17,P112,43,171.42,0
2025-09-18,P112,42,171.42,0
2025-09-19,P112,45,171.42,0
2025-09-20,P112,19,171.43,0
2025-09-22,P112,49,171.43,0
2025-09-23,P112,45,171.43,0
2025-09-24,P112,47,171.44,0
2025-09-25,P112,46,171.44,0
2025-09-26,P112,45,171.44,0
2025-09-27,P112,21,171.45,0
2025-09-28,P112,8,171.45,0
2025-09-29,P112,34,171.46,0
2025-09-30,P112,40,171.46,0
2025-10-01,P112,45,171.47,0
2025-10-02,P112,40,171.47,0
2025-10-03,P112,36,171.48,0
2025-10-04,P112,23,171.49,0
2025-10-05,P112,10,171.5,0
2025-10-06,P112,44,171.5,0
2025-10-07,P112,40,171.51,0
2025-10-08,P112,51,171.52,0
2025-10-09,P112,40,171.53,0
2025-10-10,P112,81,171.54,1
2025-10-11,P112,22,171.55,0
2025-10-12,P112,9,171.56,0
2025-10-13,P112,52,171.57,0
2025-10-14,P112,39,171.58,0
2025-10-15,P112,40,171.6,0
2025-10-16,P112,43,171.61,0
2025-10-17,P112,42,171.62,0
2025-10-18,P112,30,171.63,0
2025-10-19,P112,8,171.65,0
2025-10-20,P112,39,171.66,0
2025-10-21,P112,42,171.68,0
2025-10-22,P112,47,171.69,0
2025-10-23,P112,47,171.71,0
2025-10-24,P112,40,171.72,0
2025-10-25,P112,39,171.74,1
2025-10-26,P112,11,171.75,0
2025-10-27,P112,46,171.77,0
2025-10-28,P112,49,171.79,0
2025-10-29,P112,56,171.8,0
2025-10-30,P112,42,171.82,0
2025-10-31,P112,40,171.84,0
2025-11-01,P112,23,171.86,0
2025-11-02,P112,9,171.88,0
2025-11-03,P112,37,171.9,0
2025-11-04,P112,48,171.92,0
2025-11-05,P112,48,171.94,0
2025-11-06,P112,45,171.96,0
2025-11-07,P112,45,171.98,0
2025-11-08,P112,25,172.0,0
2025-11-09,P112,8,172.02,0
2025-11-10,P112,48,172.04,0
2025-11-11,P112,51,172.07,0
2025-11-12,P112,39,172.09,0
2025-11-13,P112,53,172.11,0
2025-11-14,P112,38,172.13,0
2025-11-15,P112,21,172.16,0
2025-11-16,P112,10,172.18,0
2025-11-17,P112,49,172.21,0
2025-11-18,P112,52,172.23,0
2025-11-19,P112,50,172.26,0
2025-11-20,P112,43,172.28,0
2025-11-21,P112,44,172.31,0
2025-11-22,P112,23,172.33,0
2025-11-23,P112,10,172.36,0
2025-11-24,P112,47,172.39,0
2025-11-25,P112,45,172.41,0
2025-11-26,P112,45,172.44,0
2025-11-27,P112,37,172.47,0
2025-11-28,P112,48,172.5,0
2025-11-29,P112,25,172.52,0
2025-11-30,P112,7,172.55,0
2025-12-01,P112,50,172.58,0
2025-12-02,P112,48,172.61,0
2025-12-03,P112,42,172.64,0
2025-12-04,P112,41,172.67,0
2025-12-05,P112,40,172.7,0
2025-12-06,P112,22,172.73,0
2025-12-07,P112,9,172.76,0
2025-12-08,P112,55,172.79,0
2025-12-09,P112,50,172.82,0
2025-12-10,P112,57,172.85,0
2025-12-11,P112,47,172.88,0
2025-12-12,P112,46,172.92,0
2025-12-13,P112,22,172.95,0
2025-12-14,P112,9,172.98,0
2025-12-15,P112,45,173.01,0
2025-12-16,P112,51,173.04,0
2025-12-17,P112,46,173.08,0
2025-12-18,P112,47,173.11,0
2025-12-19,P112,45,173.14,0
2025-12-20,P112,23,173.18,0
2025-12-21,P112,9,173.21,0
2025-12-22,P112,42,173.25,0
2025-12-23,P112,53,173.28,0
2025-12-24,P112,45,173.31,0
2025-12-25,P112,46,173.35,0
2025-12-26,P112,42,173.38,0
2025-12-27,P112,26,173.42,0
2025-12-28,P112,7,173.45,0
2025-12-29,P112,78,173.49,1
2025-12-30,P112,40,173.52,0
2025-12-31,P112,48,173.56,0
