date,sku,units_sold,unit_price,promo_flag
2023-01-01,P101,34.0,5.65,0
2023-01-02,P101,167.0,5.65,0
2023-01-03,P101,171.0,5.65,0
2023-01-04,P101,160.0,5.66,0
2023-01-05,P101,155.0,5.66,0
2023-01-06,P101,147.0,5.66,0
2023-01-07,P101,67.0,5.66,0
2023-01-08,P101,33.0,5.66,0
2023-01-09,P101,126.0,5.66,0
2023-01-10,P101,140.0,5.66,0
2023-01-11,P101,173.0,5.66,0
2023-01-12,P101,160.0,5.67,0
2023-01-13,P101,163.0,5.67,0
2023-01-14,P101,75.0,5.67,0
2023-01-15,P101,27.0,5.67,0
2023-01-16,P101,145.0,5.67,0
2023-01-17,P101,156.0,5.67,0
2023-01-18,P101,153.0,5.67,0
2023-01-19,P101,166.0,5.67,0
2023-01-20,P101,135.0,5.68,0
2023-01-21,P101,81.0,5.68,0
2023-01-22,P101,28.0,5.68,0
2023-01-23,P101,157.0,5.68,0
2023-01-24,P101,156.0,5.68,0
2023-01-25,P101,140.0,5.68,0
2023-01-26,P101,145.0,5.68,0
2023-01-27,P101,139.0,5.68,0
2023-01-28,P101,76.0,5.68,0
2023-01-29,P101,37.0,5.69,0
2023-01-30,P101,149.0,5.69,0
2023-01-31,P101,153.0,5.69,0
2023-02-01,P101,119.0,5.69,0
2023-02-02,P101,135.0,5.69,0
2023-02-03,P101,139.0,5.69,0
2023-02-04,P101,73.0,5.69,0
2023-02-05,P101,36.0,5.69,0
2023-02-06,P101,149.0,5.7,0
2023-02-07,P101,180.0,5.7,0
2023-02-08,P101,156.0,5.7,0
2023-02-09,P101,152.0,5.7,0
2023-02-10,P101,143.0,5.7,0
2023-02-11,P101,79.0,5.7,0
2023-02-12,P101,38.0,5.7,0
2023-02-13,P101,114.0,5.7,0
2023-02-14,P101,124.0,5.7,0
2023-02-15,P101,147.0,5.71,0
2023-02-16,P101,152.0,5.71,0
2023-02-17,P101,156.0,5.71,0
2023-02-18,P101,84.0,5.71,0
2023-02-19,P101,31.0,5.71,0
2023-02-20,P101,171.0,5.71,0
2023-02-21,P101,178.0,5.71,0
2023-02-22,P101,160.0,5.71,0
2023-02-23,P101,169.0,5.71,0
2023-02-24,P101,150.0,5.72,0
2023-02-25,P101,75.0,5.72,0
2023-02-26,P101,35.0,5.72,0
2023-02-27,P101,157.0,5.72,0
2023-02-28,P101,161.0,5.72,0
2023-03-01,P101,184.0,5.72,0
2023-03-02,P101,112.0,5.72,0
2023-03-03,P101,124.0,5.72,0
2023-03-04,P101,70.0,5.72,0
2023-03-05,P101,31.0,5.72,0
2023-03-06,P101,151.0,5.73,0
2023-03-07,P101,135.0,5.73,0
2023-03-08,P101,142.0,5.73,0
2023-03-09,P101,140.0,5.73,0
2023-03-10,P101,187.0,5.73,0
2023-03-11,P101,164.0,5.73,1
2023-03-12,P101,31.0,5.73,0
2023-03-13,P101,150.0,5.73,0
2023-03-14,P101,142.0,5.73,0
2023-03-15,P101,126.0,5.73,0
2023-03-16,P101,153.0,5.73,0
2023-03-17,P101,132.0,5.74,0
2023-03-18,P101,81.0,5.74,0
2023-03-19,P101,27.0,5.74,0
2023-03-20,P101,144.0,5.74,0
2023-03-21,P101,166.0,5.74,0
2023-03-22,P101,167.0,5.74,0
2023-03-23,P101,163.0,5.74,0
2023-03-24,P101,127.0,5.74,0
2023-03-25,P101,89.0,5.74,0
2023-03-26,P101,30.0,5.74,0
2023-03-27,P101,168.0,5.74,0
2023-03-28,P101,163.0,5.74,0
2023-03-29,P101,136.0,5.74,0
2023-03-30,P101,151.0,5.75,0
2023-03-31,P101,155.0,5.75,0
2023-04-01,P101,87.0,5.75,0
2023-04-02,P101,62.0,5.75,1
2023-04-03,P101,185.0,5.75,0
2023-04-04,P101,182.0,5.75,0
2023-04-05,P101,298.0,5.75,1
2023-04-06,P101,170.0,5.75,0
2023-04-07,P101,181.0,5.75,0
2023-04-08,P101,100.0,5.75,0
2023-04-09,P101,28.0,5.75,0
2023-04-10,P101,142.0,5.75,0
2023-04-11,P101,391.0,5.75,1
2023-04-12,P101,143.0,5.75,0
2023-04-13,P101,134.0,5.75,0
2023-04-14,P101,141.0,5.75,0
2023-04-15,P101,86.0,5.75,0
2023-04-16,P101,33.0,5.76,0
2023-04-17,P101,147.0,5.76,0
2023-04-18,P101,152.0,5.76,0
2023-04-19,P101,,5.76,0
2023-04-20,P101,142.0,5.76,0
2023-04-21,P101,187.0,5.76,0
2023-04-22,P101,85.0,5.76,0
2023-04-23,P101,36.0,5.76,0
2023-04-24,P101,150.0,5.76,0
2023-04-25,P101,161.0,5.76,0
2023-04-26,P101,149.0,5.76,0
2023-04-27,P101,111.0,5.76,0
2023-04-28,P101,127.0,5.76,0
2023-04-29,P101,66.0,5.76,0
2023-04-30,P101,25.0,5.76,0
2023-05-01,P101,138.0,5.76,0
2023-05-02,P101,189.0,5.76,0
2023-05-03,P101,161.0,5.76,0
2023-05-04,P101,179.0,5.76,0
2023-05-05,P101,156.0,5.76,0
2023-05-06,P101,89.0,5.76,0
2023-05-07,P101,30.0,5.76,0
2023-05-08,P101,168.0,5.76,0
2023-05-09,P101,178.0,5.76,0
2023-05-10,P101,151.0,5.76,0
2023-05-11,P101,167.0,5.76,0
2023-05-12,P101,159.0,5.76,0
2023-05-13,P101,77.0,5.76,0
2023-05-14,P101,29.0,5.76,0
2023-05-15,P101,138.0,5.76,0
2023-05-16,P101,166.0,5.76,0
2023-05-17,P101,167.0,5.76,0
2023-05-18,P101,219.0,5.76,1
2023-05-19,P101,150.0,5.76,0
2023-05-20,P101,87.0,5.76,0
2023-05-21,P101,35.0,5.76,0
2023-05-22,P101,185.0,5.76,0
2023-05-23,P101,187.0,5.76,0
2023-05-24,P101,143.0,5.76,0
2023-05-25,P101,185.0,5.76,0
2023-05-26,P101,140.0,5.76,0
2023-05-27,P101,91.0,5.76,0
2023-05-28,P101,33.0,5.76,0
2023-05-29,P101,150.0,5.76,0
2023-05-30,P101,131.0,5.76,0
2023-05-31,P101,157.0,5.76,0
2023-06-01,P101,129.0,5.76,0
2023-06-02,P101,164.0,5.76,0
2023-06-03,P101,95.0,5.76,0
2023-06-04,P101,30.0,5.76,0
2023-06-05,P101,162.0,5.76,0
2023-06-06,P101,150.0,5.76,0
2023-06-07,P101,149.0,5.76,0
2023-06-08,P101,169.0,5.76,0
2023-06-09,P101,147.0,5.76,0
2023-06-10,P101,97.0,5.76,0
2023-06-11,P101,31.0,5.76,0
2023-06-12,P101,174.0,5.76,0
2023-06-13,P101,164.0,5.76,0
2023-06-14,P101,173.0,5.76,0
2023-06-15,P101,147.0,5.76,0
2023-06-16,P101,147.0,5.76,0
2023-06-17,P101,80.0,5.76,0
2023-06-18,P101,29.0,5.76,0
2023-06-19,P101,167.0,5.76,0
2023-06-20,P101,173.0,5.76,0
2023-06-21,P101,169.0,5.76,0
2023-06-22,P101,180.0,5.76,0
2023-06-23,P101,170.0,5.76,0
2023-06-24,P101,77.0,5.76,0
2023-06-25,P101,34.0,5.76,0
2023-06-26,P101,145.0,5.76,0
2023-06-27,P101,161.0,5.76,0
2023-06-28,P101,148.0,5.76,0
2023-06-29,P101,181.0,5.75,0
2023-06-30,P101,152.0,5.75,0
2023-07-01,P101,78.0,5.75,0
2023-07-02,P101,36.0,5.75,0
2023-07-03,P101,118.0,5.75,0
2023-07-04,P101,125.0,5.75,0
2023-07-05,P101,171.0,5.75,0
2023-07-06,P101,154.0,5.75,0
2023-07-07,P101,149.0,5.75,0
2023-07-08,P101,68.0,5.75,0
2023-07-09,P101,32.0,5.75,0
2023-07-10,P101,188.0,5.75,0
2023-07-11,P101,174.0,5.75,0
2023-07-12,P101,159.0,5.75,0
2023-07-13,P101,145.0,5.75,0
2023-07-14,P101,138.0,5.75,0
2023-07-15,P101,61.0,5.75,0
2023-07-16,P101,33.0,5.74,0
2023-07-17,P101,345.0,5.74,1
2023-07-18,P101,131.0,5.74,0
2023-07-19,P101,144.0,5.74,0
2023-07-20,P101,132.0,5.74,0
2023-07-21,P101,129.0,5.74,0
2023-07-22,P101,80.0,5.74,0
2023-07-23,P101,24.0,5.74,0
2023-07-24,P101,163.0,5.74,0
2023-07-25,P101,171.0,5.74,0
2023-07-26,P101,151.0,5.74,0
2023-07-27,P101,109.0,5.74,0
2023-07-28,P101,128.0,5.73,0
2023-07-29,P101,89.0,5.73,0
2023-07-30,P101,22.0,5.73,0
2023-07-31,P101,146.0,5.73,0
2023-08-01,P101,137.0,5.73,0
2023-08-02,P101,168.0,5.73,0
2023-08-03,P101,252.0,5.73,1
2023-08-04,P101,149.0,5.73,0
2023-08-05,P101,83.0,5.73,0
2023-08-06,P101,38.0,5.73,0
2023-08-07,P101,148.0,5.73,0
2023-08-08,P101,163.0,5.73,0
2023-08-09,P101,128.0,5.72,0
2023-08-10,P101,169.0,5.72,0
2023-08-11,P101,130.0,5.72,0
2023-08-12,P101,73.0,5.72,0
2023-08-13,P101,31.0,5.72,0
2023-08-14,P101,124.0,5.72,0
2023-08-15,P101,160.0,5.72,0
2023-08-16,P101,169.0,5.72,0
2023-08-17,P101,153.0,5.72,0
2023-08-18,P101,117.0,5.72,0
2023-08-19,P101,77.0,5.71,0
2023-08-20,P101,34.0,5.71,0
2023-08-21,P101,119.0,5.71,0
2023-08-22,P101,137.0,5.71,0
2023-08-23,P101,167.0,5.71,0
2023-08-24,P101,152.0,5.71,0
2023-08-25,P101,147.0,5.71,0
2023-08-26,P101,93.0,5.71,0
2023-08-27,P101,33.0,5.71,0
2023-08-28,P101,160.0,5.7,0
2023-08-29,P101,201.0,5.7,0
2023-08-30,P101,148.0,5.7,0
2023-08-31,P101,134.0,5.7,0
2023-09-01,P101,147.0,5.7,0
2023-09-02,P101,81.0,5.7,0
2023-09-03,P101,29.0,5.7,0
2023-09-04,P101,132.0,5.7,0
2023-09-05,P101,346.0,5.7,1
2023-09-06,P101,157.0,5.69,0
2023-09-07,P101,135.0,5.69,0
2023-09-08,P101,154.0,5.69,0
2023-09-09,P101,76.0,5.69,0
2023-09-10,P101,30.0,5.69,0
2023-09-11,P101,157.0,5.69,0
2023-09-12,P101,132.0,5.69,0
2023-09-13,P101,157.0,5.69,0
2023-09-14,P101,177.0,5.68,0
2023-09-15,P101,147.0,5.68,0
2023-09-16,P101,74.0,5.68,0
2023-09-17,P101,29.0,5.68,0
2023-09-18,P101,141.0,5.68,0
2023-09-19,P101,149.0,5.68,0
2023-09-20,P101,144.0,5.68,0
2023-09-21,P101,161.0,5.68,0
2023-09-22,P101,113.0,5.67,0
2023-09-23,P101,84.0,5.67,0
2023-09-24,P101,29.0,5.67,0
2023-09-25,P101,154.0,5.67,0
2023-09-26,P101,134.0,5.67,0
2023-09-27,P101,172.0,5.67,0
2023-09-28,P101,166.0,5.67,0
2023-09-29,P101,154.0,5.67,0
2023-09-30,P101,64.0,5.67,0
2023-10-01,P101,33.0,5.66,0
2023-10-02,P101,154.0,5.66,0
2023-10-03,P101,126.0,5.66,0
2023-10-04,P101,150.0,5.66,0
2023-10-05,P101,152.0,5.66,0
2023-10-06,P101,148.0,5.66,0
2023-10-07,P101,78.0,5.66,0
2023-10-08,P101,32.0,5.65,0
2023-10-09,P101,171.0,5.65,0
2023-10-10,P101,174.0,5.65,0
2023-10-11,P101,103.0,5.65,0
2023-10-12,P101,141.0,5.65,0
2023-10-13,P101,137.0,5.65,0
2023-10-14,P101,62.0,5.65,0
2023-10-15,P101,31.0,5.65,0
2023-10-16,P101,168.0,5.64,0
2023-10-17,P101,135.0,5.64,0
2023-10-18,P101,156.0,5.64,0
2023-10-19,P101,132.0,5.64,0
2023-10-20,P101,129.0,5.64,0
2023-10-21,P101,89.0,5.64,0
2023-10-22,P101,29.0,5.64,0
2023-10-23,P101,155.0,5.64,0
2023-10-24,P101,122.0,5.63,0
2023-10-25,P101,182.0,5.63,0
2023-10-26,P101,156.0,5.63,0
2023-10-27,P101,137.0,5.63,0
2023-10-28,P101,82.0,5.63,0
2023-10-29,P101,26.0,5.63,0
2023-10-30,P101,167.0,5.63,0
2023-10-31,P101,148.0,5.63,0
2023-11-01,P101,148.0,5.63,0
2023-11-02,P101,139.0,5.62,0
2023-11-03,P101,131.0,5.62,0
2023-11-04,P101,83.0,5.62,0
2023-11-05,P101,32.0,5.62,0
2023-11-06,P101,159.0,5.62,0
2023-11-07,P101,154.0,5.62,0
2023-11-08,P101,160.0,5.62,0
2023-11-09,P101,141.0,5.62,0
2023-11-10,P101,175.0,5.61,0
2023-11-11,P101,64.0,5.61,0
2023-11-12,P101,35.0,5.61,0
2023-11-13,P101,172.0,5.61,0
2023-11-14,P101,140.0,5.61,0
2023-11-15,P101,189.0,5.61,0
2023-11-16,P101,164.0,5.61,0
2023-11-17,P101,156.0,5.61,0
2023-11-18,P101,78.0,5.6,0
2023-11-19,P101,30.0,5.6,0
2023-11-20,P101,146.0,5.6,0
2023-11-21,P101,162.0,5.6,0
2023-11-22,P101,176.0,5.6,0
2023-11-23,P101,152.0,5.6,0
2023-11-24,P101,128.0,5.6,0
2023-11-25,P101,85.0,5.6,0
2023-11-26,P101,34.0,5.6,0
2023-11-27,P101,161.0,5.59,0
2023-11-28,P101,169.0,5.59,0
2023-11-29,P101,149.0,5.59,0
2023-11-30,P101,134.0,5.59,0
2023-12-01,P101,129.0,5.59,0
2023-12-02,P101,64.0,5.59,0
2023-12-03,P101,32.0,5.59,0
2023-12-04,P101,150.0,5.59,0
2023-12-05,P101,150.0,5.59,0
2023-12-06,P101,104.0,5.59,0
2023-12-07,P101,130.0,5.58,0
2023-12-08,P101,161.0,5.58,0
2023-12-09,P101,73.0,5.58,0
2023-12-10,P101,33.0,5.58,0
2023-12-11,P101,129.0,5.58,0
2023-12-12,P101,183.0,5.58,0
2023-12-13,P101,153.0,5.58,0
2023-12-14,P101,156.0,5.58,0
2023-12-15,P101,181.0,5.58,0
2023-12-16,P101,93.0,5.58,0
2023-12-17,P101,31.0,5.57,0
2023-12-18,P101,143.0,5.57,0
2023-12-19,P101,154.0,5.57,0
2023-12-20,P101,165.0,5.57,0
2023-12-21,P101,151.0,5.57,0
2023-12-22,P101,139.0,5.57,0
2023-12-23,P101,93.0,5.57,0
2023-12-24,P101,32.0,5.57,0
2023-12-25,P101,193.0,5.57,0
2023-12-26,P101,162.0,5.57,0
2023-12-27,P101,188.0,5.57,0
2023-12-28,P101,159.0,5.57,0
2023-12-29,P101,162.0,5.56,0
2023-12-30,P101,74.0,5.56,0
2023-12-31,P101,29.0,5.56,0
2024-01-01,P101,163.0,5.56,0
2024-01-02,P101,179.0,5.56,0
2024-01-03,P101,159.0,5.56,0
2024-01-04,P101,133.0,5.56,0
2024-01-05,P101,125.0,5.56,0
2024-01-06,P101,68.0,5.56,0
2024-01-07,P101,26.0,5.56,0
2024-01-08,P101,158.0,5.56,0
2024-01-09,P101,183.0,5.56,0
2024-01-10,P101,160.0,5.56,0
2024-01-11,P101,117.0,5.55,0
2024-01-12,P101,145.0,5.55,0
2024-01-13,P101,80.0,5.55,0
2024-01-14,P101,40.0,5.55,0
2024-01-15,P101,132.0,5.55,0
2024-01-16,P101,157.0,5.55,0
2024-01-17,P101,191.0,5.55,0
2024-01-18,P101,164.0,5.55,0
2024-01-19,P101,159.0,5.55,0
2024-01-20,P101,83.0,5.55,0
2024-01-21,P101,34.0,5.55,0
2024-01-22,P101,172.0,5.55,0
2024-01-23,P101,150.0,5.55,0
2024-01-24,P101,178.0,5.55,0
2024-01-25,P101,134.0,5.55,0
2024-01-26,P101,156.0,5.55,0
2024-01-27,P101,84.0,5.55,0
2024-01-28,P101,31.0,5.55,0
2024-01-29,P101,159.0,5.55,0
2024-01-30,P101,155.0,5.54,0
2024-01-31,P101,144.0,5.54,0
2024-02-01,P101,153.0,5.54,0
2024-02-02,P101,133.0,5.54,0
2024-02-03,P101,86.0,5.54,0
2024-02-04,P101,29.0,5.54,0
2024-02-05,P101,351.0,5.54,1
2024-02-06,P101,145.0,5.54,0
2024-02-07,P101,154.0,5.54,0
2024-02-08,P101,149.0,5.54,0
2024-02-09,P101,175.0,5.54,0
2024-02-10,P101,87.0,5.54,0
2024-02-11,P101,33.0,5.54,0
2024-02-12,P101,171.0,5.54,0
2024-02-13,P101,129.0,5.54,0
2024-02-14,P101,165.0,5.54,0
2024-02-15,P101,196.0,5.54,0
2024-02-16,P101,156.0,5.54,0
2024-02-17,P101,85.0,5.54,0
2024-02-18,P101,36.0,5.54,0
2024-02-19,P101,179.0,5.54,0
2024-02-20,P101,132.0,5.54,0
2024-02-21,P101,136.0,5.54,0
2024-02-22,P101,166.0,5.54,0
2024-02-23,P101,142.0,5.54,0
2024-02-24,P101,97.0,5.54,0
2024-02-25,P101,33.0,5.54,0
2024-02-26,P101,129.0,5.54,0
2024-02-27,P101,147.0,5.54,0
2024-02-28,P101,117.0,5.54,0
2024-02-29,P101,159.0,5.54,0
2024-03-01,P101,152.0,5.54,0
2024-03-02,P101,81.0,5.54,0
2024-03-03,P101,38.0,5.54,0
2024-03-04,P101,187.0,5.54,0
2024-03-05,P101,168.0,5.54,0
2024-03-06,P101,129.0,5.54,0
2024-03-07,P101,175.0,5.54,0
2024-03-08,P101,165.0,5.54,0
2024-03-09,P101,89.0,5.54,0
2024-03-10,P101,38.0,5.54,0
2024-03-11,P101,144.0,5.54,0
2024-03-12,P101,356.0,5.54,1
2024-03-13,P101,151.0,5.54,0
2024-03-14,P101,178.0,5.54,0
2024-03-15,P101,128.0,5.54,0
2024-03-16,P101,77.0,5.54,0
2024-03-17,P101,40.0,5.54,0
2024-03-18,P101,162.0,5.54,0
2024-03-19,P101,189.0,5.54,0
2024-03-20,P101,174.0,5.54,0
2024-03-21,P101,163.0,5.54,0
2024-03-22,P101,181.0,5.54,0
2024-03-23,P101,84.0,5.54,0
2024-03-24,P101,28.0,5.54,0
2024-03-25,P101,152.0,5.54,0
2024-03-26,P101,184.0,5.54,0
2024-03-27,P101,178.0,5.54,0
2024-03-28,P101,137.0,5.54,0
2024-03-29,P101,145.0,5.54,0
2024-03-30,P101,81.0,5.54,0
2024-03-31,P101,33.0,5.55,0
2024-04-01,P101,142.0,5.55,0
2024-04-02,P101,162.0,5.55,0
2024-04-03,P101,157.0,5.55,0
2024-04-04,P101,180.0,5.55,0
2024-04-05,P101,302.0,5.55,1
2024-04-06,P101,86.0,5.55,0
2024-04-07,P101,33.0,5.55,0
2024-04-08,P101,170.0,5.55,0
2024-04-09,P101,158.0,5.55,0
2024-04-10,P101,149.0,5.55,0
2024-04-11,P101,278.0,5.55,1
2024-04-12,P101,147.0,5.55,0
2024-04-13,P101,76.0,5.55,0
2024-04-14,P101,35.0,5.55,0
2024-04-15,P101,181.0,5.55,0
2024-04-16,P101,144.0,5.55,0
2024-04-17,P101,172.0,5.55,0
2024-04-18,P101,162.0,5.55,0
2024-04-19,P101,164.0,5.56,0
2024-04-20,P101,87.0,5.56,0
2024-04-21,P101,29.0,5.56,0
2024-04-22,P101,145.0,5.56,0
2024-04-23,P101,175.0,5.56,0
2024-04-24,P101,191.0,5.56,0
2024-04-25,P101,126.0,5.56,0
2024-04-26,P101,165.0,5.56,0
2024-04-27,P101,207.0,5.56,1
2024-04-28,P101,34.0,5.56,0
2024-04-29,P101,178.0,5.56,0
2024-04-30,P101,309.0,5.56,1
2024-05-01,P101,169.0,5.56,0
2024-05-02,P101,137.0,5.57,0
2024-05-03,P101,118.0,5.57,0
2024-05-04,P101,96.0,5.57,0
2024-05-05,P101,63.0,5.57,1
2024-05-06,P101,160.0,5.57,0
2024-05-07,P101,148.0,5.57,0
2024-05-08,P101,145.0,5.57,0
2024-05-09,P101,163.0,5.57,0
2024-05-10,P101,146.0,5.57,0
2024-05-11,P101,91.0,5.57,0
2024-05-12,P101,37.0,5.57,0
2024-05-13,P101,174.0,5.57,0
2024-05-14,P101,179.0,5.58,0
2024-05-15,P101,201.0,5.58,0
2024-05-16,P101,147.0,5.58,0
2024-05-17,P101,157.0,5.58,0
2024-05-18,P101,98.0,5.58,0
2024-05-19,P101,40.0,5.58,0
2024-05-20,P101,141.0,5.58,0
2024-05-21,P101,168.0,5.58,0
2024-05-22,P101,196.0,5.58,0
2024-05-23,P101,175.0,5.58,0
2024-05-24,P101,161.0,5.59,0
2024-05-25,P101,85.0,5.59,0
2024-05-26,P101,33.0,5.59,0
2024-05-27,P101,172.0,5.59,0
2024-05-28,P101,169.0,5.59,0
2024-05-29,P101,169.0,5.59,0
2024-05-30,P101,167.0,5.59,0
2024-05-31,P101,146.0,5.59,0
2024-06-01,P101,92.0,5.59,0
2024-06-02,P101,46.0,5.59,0
2024-06-03,P101,134.0,5.6,0
2024-06-04,P101,179.0,5.6,0
2024-06-05,P101,155.0,5.6,0
2024-06-06,P101,175.0,5.6,0
2024-06-07,P101,158.0,5.6,0
2024-06-08,P101,93.0,5.6,0
2024-06-09,P101,39.0,5.6,0
2024-06-10,P101,170.0,5.6,0
2024-06-11,P101,194.0,5.6,0
2024-06-12,P101,125.0,5.61,0
2024-06-13,P101,193.0,5.61,0
2024-06-14,P101,163.0,5.61,0
2024-06-15,P101,96.0,5.61,0
2024-06-16,P101,30.0,5.61,0
2024-06-17,P101,150.0,5.61,0
2024-06-18,P101,174.0,5.61,0
2024-06-19,P101,168.0,5.61,0
2024-06-20,P101,169.0,5.62,0
2024-06-21,P101,174.0,5.62,0
2024-06-22,P101,69.0,5.62,0
2024-06-23,P101,72.0,5.62,1
2024-06-24,P101,165.0,5.62,0
2024-06-25,P101,167.0,5.62,0
2024-06-26,P101,140.0,5.62,0
2024-06-27,P101,172.0,5.62,0
2024-06-28,P101,114.0,5.62,0
2024-06-29,P101,91.0,5.63,0
2024-06-30,P101,28.0,5.63,0
2024-07-01,P101,165.0,5.63,0
2024-07-02,P101,168.0,5.63,0
2024-07-03,P101,188.0,5.63,0
2024-07-04,P101,159.0,5.63,0
2024-07-05,P101,216.0,5.63,1
2024-07-06,P101,80.0,5.63,0
2024-07-07,P101,39.0,5.64,0
2024-07-08,P101,173.0,5.64,0
2024-07-09,P101,162.0,5.64,0
2024-07-10,P101,162.0,5.64,0
2024-07-11,P101,133.0,5.64,0
2024-07-12,P101,160.0,5.64,0
2024-07-13,P101,68.0,5.64,0
2024-07-14,P101,37.0,5.64,0
2024-07-15,P101,165.0,5.65,0
2024-07-16,P101,390.0,5.65,1
2024-07-17,P101,145.0,5.65,0
2024-07-18,P101,159.0,5.65,0
2024-07-19,P101,183.0,5.65,0
2024-07-20,P101,-95.0,5.65,0
2024-07-21,P101,31.0,5.65,0
2024-07-22,P101,166.0,5.65,0
2024-07-23,P101,168.0,5.66,0
2024-07-24,P101,170.0,5.66,0
2024-07-25,P101,147.0,5.66,0
2024-07-26,P101,151.0,5.66,0
2024-07-27,P101,69.0,5.66,0
2024-07-28,P101,34.0,5.66,0
2024-07-29,P101,169.0,5.66,0
2024-07-30,P101,163.0,5.66,0
2024-07-31,P101,135.0,5.67,0
2024-08-01,P101,176.0,5.67,0
2024-08-02,P101,157.0,5.67,0
2024-08-03,P101,77.0,5.67,0
2024-08-04,P101,32.0,5.67,0
2024-08-05,P101,134.0,5.67,0
2024-08-06,P101,147.0,5.67,0
2024-08-07,P101,153.0,5.67,0
2024-08-08,P101,180.0,5.68,0
2024-08-09,P101,140.0,5.68,0
2024-08-10,P101,89.0,5.68,0
2024-08-11,P101,31.0,5.68,0
2024-08-12,P101,164.0,5.68,0
2024-08-13,P101,163.0,5.68,0
2024-08-14,P101,178.0,5.68,0
2024-08-15,P101,318.0,5.68,1
2024-08-16,P101,124.0,5.69,0
2024-08-17,P101,70.0,5.69,0
2024-08-18,P101,31.0,5.69,0
2024-08-19,P101,137.0,5.69,0
2024-08-20,P101,172.0,5.69,0
2024-08-21,P101,153.0,5.69,0
2024-08-22,P101,198.0,5.69,0
2024-08-23,P101,121.0,5.69,0
2024-08-24,P101,84.0,5.7,0
2024-08-25,P101,29.0,5.7,0
2024-08-26,P101,149.0,5.7,0
2024-08-27,P101,166.0,5.7,0
2024-08-28,P101,199.0,5.7,1
2024-08-29,P101,160.0,5.7,0
2024-08-30,P101,180.0,5.7,0
2024-08-31,P101,78.0,5.7,0
2024-09-01,P101,34.0,5.7,0
2024-09-02,P101,175.0,5.71,0
2024-09-03,P101,160.0,5.71,0
2024-09-04,P101,150.0,5.71,0
2024-09-05,P101,117.0,5.71,0
2024-09-06,P101,159.0,5.71,0
2024-09-07,P101,81.0,5.71,0
2024-09-08,P101,29.0,5.71,0
2024-09-09,P101,159.0,5.71,0
2024-09-10,P101,152.0,5.71,0
2024-09-11,P101,151.0,5.71,0
2024-09-12,P101,166.0,5.72,0
2024-09-13,P101,126.0,5.72,0
2024-09-14,P101,91.0,5.72,0
2024-09-15,P101,28.0,5.72,0
2024-09-16,P101,145.0,5.72,0
2024-09-17,P101,197.0,5.72,0
2024-09-18,P101,179.0,5.72,0
2024-09-19,P101,157.0,5.72,0
2024-09-20,P101,132.0,5.72,0
2024-09-21,P101,76.0,5.72,0
2024-09-22,P101,33.0,5.73,0
2024-09-23,P101,157.0,5.73,0
2024-09-24,P101,161.0,5.73,0
2024-09-25,P101,159.0,5.73,0
2024-09-26,P101,151.0,5.73,0
2024-09-27,P101,124.0,5.73,0
2024-09-28,P101,77.0,5.73,0
2024-09-29,P101,36.0,5.73,0
2024-09-30,P101,133.0,5.73,0
2024-10-01,P101,159.0,5.73,0
2024-10-02,P101,145.0,5.73,0
2024-10-03,P101,157.0,5.74,0
2024-10-04,P101,141.0,5.74,0
2024-10-05,P101,94.0,5.74,0
2024-10-06,P101,34.0,5.74,0
2024-10-07,P101,134.0,5.74,0
2024-10-08,P101,174.0,5.74,0
2024-10-09,P101,146.0,5.74,0
2024-10-10,P101,145.0,5.74,0
2024-10-11,P101,153.0,5.74,0
2024-10-12,P101,77.0,5.74,0
2024-10-13,P101,36.0,5.74,0
2024-10-14,P101,143.0,5.74,0
2024-10-15,P101,151.0,5.74,0
2024-10-16,P101,148.0,5.75,0
2024-10-17,P101,145.0,5.75,0
2024-10-18,P101,166.0,5.75,0
2024-10-19,P101,87.0,5.75,0
2024-10-20,P101,39.0,5.75,0
2024-10-21,P101,196.0,5.75,0
2024-10-22,P101,144.0,5.75,0
2024-10-23,P101,161.0,5.75,0
2024-10-24,P101,135.0,5.75,0
2024-10-25,P101,135.0,5.75,0
2024-10-26,P101,76.0,5.75,0
2024-10-27,P101,29.0,5.75,0
2024-10-28,P101,139.0,5.75,0
2024-10-29,P101,160.0,5.75,0
2024-10-30,P101,139.0,5.75,0
2024-10-31,P101,170.0,5.75,0
2024-11-01,P101,133.0,5.76,0
2024-11-02,P101,107.0,5.76,0
2024-11-03,P101,31.0,5.76,0
2024-11-04,P101,,5.76,0
2024-11-05,P101,140.0,5.76,0
2024-11-06,P101,191.0,5.76,0
2024-11-07,P101,175.0,5.76,0
2024-11-08,P101,154.0,5.76,0
2024-11-09,P101,70.0,5.76,0
2024-11-10,P101,34.0,5.76,0
2024-11-11,P101,139.0,5.76,0
2024-11-12,P101,190.0,5.76,0
2024-11-13,P101,176.0,5.76,0
2024-11-14,P101,158.0,5.76,0
2024-11-15,P101,109.0,5.76,0
2024-11-16,P101,73.0,5.76,0
2024-11-17,P101,35.0,5.76,0
2024-11-18,P101,180.0,5.76,0
2024-11-19,P101,185.0,5.76,0
2024-11-20,P101,134.0,5.76,0
2024-11-21,P101,163.0,5.76,0
2024-11-22,P101,167.0,5.76,0
2024-11-23,P101,68.0,5.76,0
2024-11-24,P101,33.0,5.76,0
2024-11-25,P101,259.0,5.76,1
2024-11-26,P101,160.0,5.76,0
2024-11-27,P101,130.0,5.76,0
2024-11-28,P101,304.0,5.76,1
2024-11-29,P101,145.0,5.76,0
2024-11-30,P101,82.0,5.76,0
2024-12-01,P101,31.0,5.76,0
2024-12-02,P101,153.0,5.76,0
2024-12-03,P101,166.0,5.76,0
2024-12-04,P101,172.0,5.76,0
2024-12-05,P101,154.0,5.76,0
2024-12-06,P101,145.0,5.76,0
2024-12-07,P101,84.0,5.76,0
2024-12-08,P101,26.0,5.76,0
2024-12-09,P101,170.0,5.76,0
2024-12-10,P101,168.0,5.76,0
2024-12-11,P101,165.0,5.76,0
2024-12-12,P101,177.0,5.76,0
2024-12-13,P101,120.0,5.76,0
2024-12-14,P101,66.0,5.76,0
2024-12-15,P101,35.0,5.76,0
2024-12-16,P101,162.0,5.76,0
2024-12-17,P101,172.0,5.76,0
2024-12-18,P101,157.0,5.76,0
2024-12-19,P101,173.0,5.76,0
2024-12-20,P101,169.0,5.76,0
2024-12-21,P101,89.0,5.76,0
2024-12-22,P101,33.0,5.76,0
2024-12-23,P101,126.0,5.76,0
2024-12-24,P101,184.0,5.76,0
2024-12-25,P101,189.0,5.76,0
2024-12-26,P101,174.0,5.76,0
2024-12-27,P101,140.0,5.76,0
2024-12-28,P101,92.0,5.76,0
2024-12-29,P101,37.0,5.76,0
2024-12-30,P101,193.0,5.76,0
2024-12-31,P101,154.0,5.76,0
2025-01-01,P101,164.0,5.76,0
2025-01-02,P101,177.0,5.76,0
2025-01-03,P101,157.0,5.76,0
2025-01-04,P101,75.0,5.76,0
2025-01-05,P101,36.0,5.76,0
2025-01-06,P101,176.0,5.76,0
2025-01-07,P101,174.0,5.76,0
2025-01-08,P101,173.0,5.76,0
2025-01-09,P101,160.0,5.76,0
2025-01-10,P101,182.0,5.76,0
2025-01-11,P101,78.0,5.76,0
2025-01-12,P101,32.0,5.76,0
2025-01-13,P101,358.0,5.76,1
2025-01-14,P101,190.0,5.76,0
2025-01-15,P101,142.0,5.75,0
2025-01-16,P101,142.0,5.75,0
2025-01-17,P101,123.0,5.75,0
2025-01-18,P101,87.0,5.75,0
2025-01-19,P101,31.0,5.75,0
2025-01-20,P101,161.0,5.75,0
2025-01-21,P101,187.0,5.75,0
2025-01-22,P101,159.0,5.75,0
2025-01-23,P101,171.0,5.75,0
2025-01-24,P101,154.0,5.75,0
2025-01-25,P101,94.0,5.75,0
2025-01-26,P101,37.0,5.75,0
2025-01-27,P101,156.0,5.75,0
2025-01-28,P101,172.0,5.75,0
2025-01-29,P101,193.0,5.75,0
2025-01-30,P101,175.0,5.75,0
2025-01-31,P101,136.0,5.74,0
2025-02-01,P101,95.0,5.74,0
2025-02-02,P101,31.0,5.74,0
2025-02-03,P101,197.0,5.74,0
2025-02-04,P101,197.0,5.74,0
2025-02-05,P101,179.0,5.74,0
2025-02-06,P101,172.0,5.74,0
2025-02-07,P101,158.0,5.74,0
2025-02-08,P101,155.0,5.74,1
2025-02-09,P101,34.0,5.74,0
2025-02-10,P101,176.0,5.74,0
2025-02-11,P101,195.0,5.74,0
2025-02-12,P101,164.0,5.74,0
2025-02-13,P101,159.0,5.73,0
2025-02-14,P101,141.0,5.73,0
2025-02-15,P101,79.0,5.73,0
2025-02-16,P101,29.0,5.73,0
2025-02-17,P101,186.0,5.73,0
2025-02-18,P101,215.0,5.73,0
2025-02-19,P101,204.0,5.73,0
2025-02-20,P101,141.0,5.73,0
2025-02-21,P101,176.0,5.73,0
2025-02-22,P101,104.0,5.73,0
2025-02-23,P101,34.0,5.73,0
2025-02-24,P101,175.0,5.72,0
2025-02-25,P101,140.0,5.72,0
2025-02-26,P101,276.0,5.72,1
2025-02-27,P101,152.0,5.72,0
2025-02-28,P101,168.0,5.72,0
2025-03-01,P101,75.0,5.72,0
2025-03-02,P101,38.0,5.72,0
2025-03-03,P101,194.0,5.72,0
2025-03-04,P101,166.0,5.72,0
2025-03-05,P101,156.0,5.72,0
2025-03-06,P101,132.0,5.71,0
2025-03-07,P101,160.0,5.71,0
2025-03-08,P101,85.0,5.71,0
2025-03-09,P101,30.0,5.71,0
2025-03-10,P101,184.0,5.71,0
2025-03-11,P101,173.0,5.71,0
2025-03-12,P101,158.0,5.71,0
2025-03-13,P101,163.0,5.71,0
2025-03-14,P101,185.0,5.71,0
2025-03-15,P101,97.0,5.7,0
2025-03-16,P101,36.0,5.7,0
2025-03-17,P101,188.0,5.7,0
2025-03-18,P101,159.0,5.7,0
2025-03-19,P101,180.0,5.7,0
2025-03-20,P101,178.0,5.7,0
2025-03-21,P101,158.0,5.7,0
2025-03-22,P101,96.0,5.7,0
2025-03-23,P101,34.0,5.7,0
2025-03-24,P101,187.0,5.69,0
2025-03-25,P101,195.0,5.69,0
2025-03-26,P101,262.0,5.69,1
2025-03-27,P101,198.0,5.69,0
2025-03-28,P101,111.0,5.69,0
2025-03-29,P101,86.0,5.69,0
2025-03-30,P101,41.0,5.69,0
2025-03-31,P101,302.0,5.69,1
2025-04-01,P101,154.0,5.69,0
2025-04-02,P101,159.0,5.68,0
2025-04-03,P101,196.0,5.68,0
2025-04-04,P101,132.0,5.68,0
2025-04-05,P101,104.0,5.68,0
2025-04-06,P101,37.0,5.68,0
2025-04-07,P101,154.0,5.68,0
2025-04-08,P101,173.0,5.68,0
2025-04-09,P101,161.0,5.68,0
2025-04-10,P101,193.0,5.67,0
2025-04-11,P101,181.0,5.67,0
2025-04-12,P101,75.0,5.67,0
2025-04-13,P101,35.0,5.67,0
2025-04-14,P101,161.0,5.67,0
2025-04-15,P101,211.0,5.67,0
2025-04-16,P101,154.0,5.67,0
2025-04-17,P101,208.0,5.67,0
2025-04-18,P101,167.0,5.66,0
2025-04-19,P101,81.0,5.66,0
2025-04-20,P101,34.0,5.66,0
2025-04-21,P101,162.0,5.66,0
2025-04-22,P101,159.0,5.66,0
2025-04-23,P101,183.0,5.66,0
2025-04-24,P101,329.0,5.66,1
2025-04-25,P101,128.0,5.66,0
2025-04-26,P101,145.0,5.65,1
2025-04-27,P101,30.0,5.65,0
2025-04-28,P101,163.0,5.65,0
2025-04-29,P101,166.0,5.65,0
2025-04-30,P101,164.0,5.65,0
2025-05-01,P101,215.0,5.65,0
2025-05-02,P101,169.0,5.65,0
2025-05-03,P101,95.0,5.65,0
2025-05-04,P101,30.0,5.64,0
2025-05-05,P101,165.0,5.64,0
2025-05-06,P101,189.0,5.64,0
2025-05-07,P101,161.0,5.64,0
2025-05-08,P101,194.0,5.64,0
2025-05-09,P101,146.0,5.64,0
2025-05-10,P101,89.0,5.64,0
2025-05-11,P101,35.0,5.64,0
2025-05-12,P101,181.0,5.63,0
2025-05-13,P101,172.0,5.63,0
2025-05-14,P101,176.0,5.63,0
2025-05-15,P101,172.0,5.63,0
2025-05-16,P101,154.0,5.63,0
2025-05-17,P101,97.0,5.63,0
2025-05-18,P101,38.0,5.63,0
2025-05-19,P101,176.0,5.63,0
2025-05-20,P101,176.0,5.62,0
2025-05-21,P101,197.0,5.62,0
2025-05-22,P101,171.0,5.62,0
2025-05-23,P101,162.0,5.62,0
2025-05-24,P101,93.0,5.62,0
2025-05-25,P101,44.0,5.62,0
2025-05-26,P101,151.0,5.62,0
2025-05-27,P101,199.0,5.62,0
2025-05-28,P101,143.0,5.61,0
2025-05-29,P101,180.0,5.61,0
2025-05-30,P101,196.0,5.61,0
2025-05-31,P101,97.0,5.61,0
2025-06-01,P101,37.0,5.61,0
2025-06-02,P101,166.0,5.61,0
2025-06-03,P101,184.0,5.61,0
2025-06-04,P101,175.0,5.61,0
2025-06-05,P101,160.0,5.61,0
2025-06-06,P101,161.0,5.6,0
2025-06-07,P101,94.0,5.6,0
2025-06-08,P101,33.0,5.6,0
2025-06-09,P101,161.0,5.6,0
2025-06-10,P101,155.0,5.6,0
2025-06-11,P101,187.0,5.6,0
2025-06-12,P101,325.0,5.6,1
2025-06-13,P101,170.0,5.6,0
2025-06-14,P101,101.0,5.6,0
2025-06-15,P101,37.0,5.59,0
2025-06-16,P101,183.0,5.59,0
2025-06-17,P101,188.0,5.59,0
2025-06-18,P101,177.0,5.59,0
2025-06-19,P101,163.0,5.59,0
2025-06-20,P101,205.0,5.59,0
2025-06-21,P101,86.0,5.59,0
2025-06-22,P101,34.0,5.59,0
2025-06-23,P101,298.0,5.59,1
2025-06-24,P101,186.0,5.58,0
2025-06-25,P101,150.0,5.58,0
2025-06-26,P101,325.0,5.58,1
2025-06-27,P101,163.0,5.58,0
2025-06-28,P101,79.0,5.58,0
2025-06-29,P101,41.0,5.58,0
2025-06-30,P101,186.0,5.58,0
2025-07-01,P101,155.0,5.58,0
2025-07-02,P101,354.0,5.58,1
2025-07-03,P101,185.0,5.58,0
2025-07-04,P101,164.0,5.58,0
2025-07-05,P101,106.0,5.57,0
2025-07-06,P101,37.0,5.57,0
2025-07-07,P101,173.0,5.57,0
2025-07-08,P101,167.0,5.57,0
2025-07-09,P101,188.0,5.57,0
2025-07-10,P101,180.0,5.57,0
2025-07-11,P101,163.0,5.57,0
2025-07-12,P101,82.0,5.57,0
2025-07-13,P101,36.0,5.57,0
2025-07-14,P101,171.0,5.57,0
2025-07-15,P101,153.0,5.57,0
2025-07-16,P101,147.0,5.56,0
2025-07-17,P101,181.0,5.56,0
2025-07-18,P101,116.0,5.56,0
2025-07-19,P101,91.0,5.56,0
2025-07-20,P101,34.0,5.56,0
2025-07-21,P101,196.0,5.56,0
2025-07-22,P101,168.0,5.56,0
2025-07-23,P101,187.0,5.56,0
2025-07-24,P101,162.0,5.56,0
2025-07-25,P101,163.0,5.56,0
2025-07-26,P101,96.0,5.56,0
2025-07-27,P101,34.0,5.56,0
2025-07-28,P101,337.0,5.56,1
2025-07-29,P101,158.0,5.56,0
2025-07-30,P101,179.0,5.55,0
2025-07-31,P101,186.0,5.55,0
2025-08-01,P101,172.0,5.55,0
2025-08-02,P101,107.0,5.55,0
2025-08-03,P101,32.0,5.55,0
2025-08-04,P101,144.0,5.55,0
2025-08-05,P101,157.0,5.55,0
2025-08-06,P101,185.0,5.55,0
2025-08-07,P101,177.0,5.55,0
2025-08-08,P101,162.0,5.55,0
2025-08-09,P101,77.0,5.55,0
2025-08-10,P101,38.0,5.55,0
2025-08-11,P101,146.0,5.55,0
2025-08-12,P101,198.0,5.55,0
2025-08-13,P101,226.0,5.55,0
2025-08-14,P101,174.0,5.55,0
2025-08-15,P101,169.0,5.55,0
2025-08-16,P101,83.0,5.55,0
2025-08-17,P101,28.0,5.54,0
2025-08-18,P101,157.0,5.54,0
2025-08-19,P101,154.0,5.54,0
2025-08-20,P101,144.0,5.54,0
2025-08-21,P101,198.0,5.54,0
2025-08-22,P101,163.0,5.54,0
2025-08-23,P101,91.0,5.54,0
2025-08-24,P101,34.0,5.54,0
2025-08-25,P101,165.0,5.54,0
2025-08-26,P101,192.0,5.54,0
2025-08-27,P101,170.0,5.54,0
2025-08-28,P101,353.0,5.54,1
2025-08-29,P101,155.0,5.54,0
2025-08-30,P101,84.0,5.54,0
2025-08-31,P101,29.0,5.54,0
2025-09-01,P101,131.0,5.54,0
2025-09-02,P101,168.0,5.54,0
2025-09-03,P101,171.0,5.54,0
2025-09-04,P101,142.0,5.54,0
2025-09-05,P101,157.0,5.54,0
2025-09-06,P101,87.0,5.54,0
2025-09-07,P101,26.0,5.54,0
2025-09-08,P101,150.0,5.54,0
2025-09-09,P101,181.0,5.54,0
2025-09-10,P101,177.0,5.54,0
2025-09-11,P101,144.0,5.54,0
2025-09-12,P101,160.0,5.54,0
2025-09-13,P101,96.0,5.54,0
2025-09-14,P101,37.0,5.54,0
2025-09-15,P101,165.0,5.54,0
2025-09-16,P101,164.0,5.54,0
2025-09-17,P101,158.0,5.54,0
2025-09-18,P101,173.0,5.54,0
2025-09-19,P101,160.0,5.54,0
2025-09-20,P101,92.0,5.54,0
2025-09-21,P101,35.0,5.54,0
2025-09-22,P101,181.0,5.54,0
2025-09-23,P101,174.0,5.54,0
2025-09-24,P101,184.0,5.54,0
2025-09-25,P101,180.0,5.54,0
2025-09-26,P101,143.0,5.54,0
2025-09-27,P101,69.0,5.54,0
2025-09-28,P101,40.0,5.54,0
2025-09-29,P101,267.0,5.54,1
2025-09-30,P101,140.0,5.54,0
2025-10-01,P101,156.0,5.54,0
2025-10-02,P101,178.0,5.54,0
2025-10-03,P101,152.0,5.54,0
2025-10-04,P101,81.0,5.54,0
2025-10-05,P101,40.0,5.54,0
2025-10-06,P101,147.0,5.54,0
2025-10-07,P101,157.0,5.54,0
2025-10-08,P101,173.0,5.54,0
2025-10-09,P101,171.0,5.54,0
2025-10-10,P101,165.0,5.54,0
2025-10-11,P101,95.0,5.54,0
2025-10-12,P101,35.0,5.54,0
2025-10-13,P101,175.0,5.54,0
2025-10-14,P101,167.0,5.54,0
2025-10-15,P101,170.0,5.54,0
2025-10-16,P101,166.0,5.54,0
2025-10-17,P101,160.0,5.54,0
2025-10-18,P101,93.0,5.55,0
2025-10-19,P101,37.0,5.55,0
2025-10-20,P101,167.0,5.55,0
2025-10-21,P101,157.0,5.55,0
2025-10-22,P101,170.0,5.55,0
2025-10-23,P101,164.0,5.55,0
2025-10-24,P101,160.0,5.55,0
2025-10-25,P101,107.0,5.55,0
2025-10-26,P101,33.0,5.55,0
2025-10-27,P101,174.0,5.55,0
2025-10-28,P101,193.0,5.55,0
2025-10-29,P101,171.0,5.55,0
2025-10-30,P101,207.0,5.55,0
2025-10-31,P101,151.0,5.55,0
2025-11-01,P101,90.0,5.55,0
2025-11-02,P101,32.0,5.55,0
2025-11-03,P101,160.0,5.55,0
2025-11-04,P101,178.0,5.55,0
2025-11-05,P101,186.0,5.56,0
2025-11-06,P101,171.0,5.56,0
2025-11-07,P101,179.0,5.56,0
2025-11-08,P101,86.0,5.56,0
2025-11-09,P101,72.0,5.56,1
2025-11-10,P101,217.0,5.56,0
2025-11-11,P101,181.0,5.56,0
2025-11-12,P101,157.0,5.56,0
2025-11-13,P101,153.0,5.56,0
2025-11-14,P101,142.0,5.56,0
2025-11-15,P101,96.0,5.56,0
2025-11-16,P101,33.0,5.56,0
2025-11-17,P101,170.0,5.56,0
2025-11-18,P101,173.0,5.56,0
2025-11-19,P101,185.0,5.57,0
2025-11-20,P101,151.0,5.57,0
2025-11-21,P101,140.0,5.57,0
2025-11-22,P101,90.0,5.57,0
2025-11-23,P101,37.0,5.57,0
2025-11-24,P101,175.0,5.57,0
2025-11-25,P101,160.0,5.57,0
2025-11-26,P101,185.0,5.57,0
2025-11-27,P101,154.0,5.57,0
2025-11-28,P101,151.0,5.57,0
2025-11-29,P101,79.0,5.57,0
2025-11-30,P101,40.0,5.57,0
2025-12-01,P101,182.0,5.58,0
2025-12-02,P101,188.0,5.58,0
2025-12-03,P101,197.0,5.58,0
2025-12-04,P101,221.0,5.58,0
2025-12-05,P101,130.0,5.58,0
2025-12-06,P101,81.0,5.58,0
2025-12-07,P101,33.0,5.58,0
2025-12-08,P101,155.0,5.58,0
2025-12-09,P101,156.0,5.58,0
2025-12-10,P101,168.0,5.58,0
2025-12-11,P101,147.0,5.59,0
2025-12-12,P101,168.0,5.59,0
2025-12-13,P101,89.0,5.59,0
2025-12-14,P101,38.0,5.59,0
2025-12-15,P101,181.0,5.59,0
2025-12-16,P101,190.0,5.59,0
2025-12-17,P101,168.0,5.59,0
2025-12-18,P101,210.0,5.59,0
2025-12-19,P101,167.0,5.59,0
2025-12-20,P101,71.0,5.6,0
2025-12-21,P101,32.0,5.6,0
2025-12-22,P101,140.0,5.6,0
2025-12-23,P101,180.0,5.6,0
2025-12-24,P101,174.0,5.6,0
2025-12-25,P101,163.0,5.6,0
2025-12-26,P101,391.0,5.6,1
2025-12-27,P101,96.0,5.6,0
2025-12-28,P101,39.0,5.6,0
2025-12-29,P101,156.0,5.61,0
2025-12-30,P101,161.0,5.61,0
2025-12-31,P101,178.0,5.61,0
2023-01-01,P102,25.0,10.54,0
2023-01-02,P102,106.0,10.55,0
2023-01-03,P102,114.0,10.55,0
2023-01-04,P102,103.0,10.55,0
2023-01-05,P102,99.0,10.55,0
2023-01-06,P102,96.0,10.55,0
2023-01-07,P102,46.0,10.56,0
2023-01-08,P102,21.0,10.56,0
2023-01-09,P102,107.0,10.56,0
2023-01-10,P102,130.0,10.56,0
2023-01-11,P102,164.0,10.57,1
2023-01-12,P102,77.0,10.57,0
2023-01-13,P102,97.0,10.57,0
2023-01-14,P102,71.0,10.57,0
2023-01-15,P102,24.0,10.58,0
2023-01-16,P102,95.0,10.58,0
2023-01-17,P102,116.0,10.58,0
2023-01-18,P102,98.0,10.58,0
2023-01-19,P102,89.0,10.59,0
2023-01-20,P102,95.0,10.59,0
2023-01-21,P102,55.0,10.59,0
2023-01-22,P102,17.0,10.59,0
2023-01-23,P102,92.0,10.59,0
2023-01-24,P102,227.0,10.6,1
2023-01-25,P102,103.0,10.6,0
2023-01-26,P102,109.0,10.6,0
2023-01-27,P102,87.0,10.6,0
2023-01-28,P102,59.0,10.61,0
2023-01-29,P102,19.0,10.61,0
2023-01-30,P102,125.0,10.61,0
2023-01-31,P102,90.0,10.61,0
2023-02-01,P102,95.0,10.61,0
2023-02-02,P102,110.0,10.62,0
2023-02-03,P102,119.0,10.62,0
2023-02-04,P102,57.0,10.62,0
2023-02-05,P102,24.0,10.62,0
2023-02-06,P102,107.0,10.63,0
2023-02-07,P102,98.0,10.63,0
2023-02-08,P102,103.0,10.63,0
2023-02-09,P102,92.0,10.63,0
2023-02-10,P102,87.0,10.63,0
2023-02-11,P102,58.0,10.64,0
2023-02-12,P102,20.0,10.64,0
2023-02-13,P102,111.0,10.64,0
2023-02-14,P102,95.0,10.64,0
2023-02-15,P102,113.0,10.64,0
2023-02-16,P102,101.0,10.65,0
2023-02-17,P102,117.0,10.65,0
2023-02-18,P102,58.0,10.65,0
2023-02-19,P102,25.0,10.65,0
2023-02-20,P102,99.0,10.65,0
2023-02-21,P102,112.0,10.66,0
2023-02-22,P102,98.0,10.66,0
2023-02-23,P102,102.0,10.66,0
2023-02-24,P102,99.0,10.66,0
2023-02-25,P102,51.0,10.66,0
2023-02-26,P102,19.0,10.67,0
2023-02-27,P102,91.0,10.67,0
2023-02-28,P102,83.0,10.67,0
2023-03-01,P102,97.0,10.67,0
2023-03-02,P102,114.0,10.67,0
2023-03-03,P102,84.0,10.68,0
2023-03-04,P102,48.0,10.68,0
2023-03-05,P102,27.0,10.68,0
2023-03-06,P102,,10.68,0
2023-03-07,P102,116.0,10.68,0
2023-03-08,P102,184.0,10.68,1
2023-03-09,P102,115.0,10.69,0
2023-03-10,P102,85.0,10.69,0
2023-03-11,P102,54.0,10.69,0
2023-03-12,P102,18.0,10.69,0
2023-03-13,P102,137.0,10.69,0
2023-03-14,P102,92.0,10.69,0
2023-03-15,P102,97.0,10.7,0
2023-03-16,P102,94.0,10.7,0
2023-03-17,P102,85.0,10.7,0
2023-03-18,P102,64.0,10.7,0
2023-03-19,P102,28.0,10.7,0
2023-03-20,P102,102.0,10.7,0
2023-03-21,P102,95.0,10.71,0
2023-03-22,P102,82.0,10.71,0
2023-03-23,P102,103.0,10.71,0
2023-03-24,P102,98.0,10.71,0
2023-03-25,P102,52.0,10.71,0
2023-03-26,P102,23.0,10.71,0
2023-03-27,P102,112.0,10.71,0
2023-03-28,P102,115.0,10.72,0
2023-03-29,P102,176.0,10.72,1
2023-03-30,P102,93.0,10.72,0
2023-03-31,P102,108.0,10.72,0
2023-04-01,P102,55.0,10.72,0
2023-04-02,P102,24.0,10.72,0
2023-04-03,P102,116.0,10.72,0
2023-04-04,P102,93.0,10.72,0
2023-04-05,P102,91.0,10.73,0
2023-04-06,P102,97.0,10.73,0
2023-04-07,P102,89.0,10.73,0
2023-04-08,P102,60.0,10.73,0
2023-04-09,P102,23.0,10.73,0
2023-04-10,P102,119.0,10.73,0
2023-04-11,P102,115.0,10.73,0
2023-04-12,P102,110.0,10.73,0
2023-04-13,P102,118.0,10.73,0
2023-04-14,P102,105.0,10.74,0
2023-04-15,P102,55.0,10.74,0
2023-04-16,P102,25.0,10.74,0
2023-04-17,P102,106.0,10.74,0
2023-04-18,P102,105.0,10.74,0
2023-04-19,P102,97.0,10.74,0
2023-04-20,P102,112.0,10.74,0
2023-04-21,P102,112.0,10.74,0
2023-04-22,P102,54.0,10.74,0
2023-04-23,P102,25.0,10.74,0
2023-04-24,P102,82.0,10.74,0
2023-04-25,P102,107.0,10.74,0
2023-04-26,P102,106.0,10.75,0
2023-04-27,P102,95.0,10.75,0
2023-04-28,P102,124.0,10.75,0
2023-04-29,P102,53.0,10.75,0
2023-04-30,P102,21.0,10.75,0
2023-05-01,P102,104.0,10.75,0
2023-05-02,P102,84.0,10.75,0
2023-05-03,P102,96.0,10.75,0
2023-05-04,P102,113.0,10.75,0
2023-05-05,P102,90.0,10.75,0
2023-05-06,P102,48.0,10.75,0
2023-05-07,P102,24.0,10.75,0
2023-05-08,P102,117.0,10.75,0
2023-05-09,P102,112.0,10.75,0
2023-05-10,P102,165.0,10.75,1
2023-05-11,P102,98.0,10.75,0
2023-05-12,P102,87.0,10.75,0
2023-05-13,P102,47.0,10.75,0
2023-05-14,P102,19.0,10.75,0
2023-05-15,P102,94.0,10.75,0
2023-05-16,P102,93.0,10.75,0
2023-05-17,P102,85.0,10.75,0
2023-05-18,P102,102.0,10.75,0
2023-05-19,P102,97.0,10.75,0
2023-05-20,P102,62.0,10.75,0
2023-05-21,P102,19.0,10.75,0
2023-05-22,P102,103.0,10.75,0
2023-05-23,P102,107.0,10.75,0
2023-05-24,P102,99.0,10.75,0
2023-05-25,P102,107.0,10.75,0
2023-05-26,P102,102.0,10.75,0
2023-05-27,P102,53.0,10.75,0
2023-05-28,P102,20.0,10.75,0
2023-05-29,P102,95.0,10.75,0
2023-05-30,P102,87.0,10.75,0
2023-05-31,P102,92.0,10.75,0
2023-06-01,P102,91.0,10.75,0
2023-06-02,P102,81.0,10.75,0
2023-06-03,P102,53.0,10.75,0
2023-06-04,P102,23.0,10.75,0
2023-06-05,P102,88.0,10.75,0
2023-06-06,P102,105.0,10.75,0
2023-06-07,P102,88.0,10.75,0
2023-06-08,P102,93.0,10.75,0
2023-06-09,P102,85.0,10.75,0
2023-06-10,P102,54.0,10.75,0
2023-06-11,P102,19.0,10.75,0
2023-06-12,P102,108.0,10.75,0
2023-06-13,P102,98.0,10.75,0
2023-06-14,P102,91.0,10.75,0
2023-06-15,P102,82.0,10.75,0
2023-06-16,P102,93.0,10.75,0
2023-06-17,P102,55.0,10.75,0
2023-06-18,P102,20.0,10.74,0
2023-06-19,P102,119.0,10.74,0
2023-06-20,P102,115.0,10.74,0
2023-06-21,P102,94.0,10.74,0
2023-06-22,P102,91.0,10.74,0
2023-06-23,P102,94.0,10.74,0
2023-06-24,P102,45.0,10.74,0
2023-06-25,P102,22.0,10.74,0
2023-06-26,P102,98.0,10.74,0
2023-06-27,P102,101.0,10.74,0
2023-06-28,P102,103.0,10.74,0
2023-06-29,P102,111.0,10.74,0
2023-06-30,P102,90.0,10.73,0
2023-07-01,P102,82.0,10.73,1
2023-07-02,P102,23.0,10.73,0
2023-07-03,P102,104.0,10.73,0
2023-07-04,P102,94.0,10.73,0
2023-07-05,P102,95.0,10.73,0
2023-07-06,P102,94.0,10.73,0
2023-07-07,P102,91.0,10.73,0
2023-07-08,P102,41.0,10.73,0
2023-07-09,P102,16.0,10.73,0
2023-07-10,P102,84.0,10.72,0
2023-07-11,P102,86.0,10.72,0
2023-07-12,P102,88.0,10.72,0
2023-07-13,P102,98.0,10.72,0
2023-07-14,P102,85.0,10.72,0
2023-07-15,P102,49.0,10.72,0
2023-07-16,P102,17.0,10.72,0
2023-07-17,P102,87.0,10.72,0
2023-07-18,P102,101.0,10.71,0
2023-07-19,P102,100.0,10.71,0
2023-07-20,P102,147.0,10.71,1
2023-07-21,P102,88.0,10.71,0
2023-07-22,P102,59.0,10.71,0
2023-07-23,P102,19.0,10.71,0
2023-07-24,P102,84.0,10.7,0
2023-07-25,P102,93.0,10.7,0
2023-07-26,P102,94.0,10.7,0
2023-07-27,P102,89.0,10.7,0
2023-07-28,P102,85.0,10.7,0
2023-07-29,P102,40.0,10.7,0
2023-07-30,P102,17.0,10.7,0
2023-07-31,P102,89.0,10.69,0
2023-08-01,P102,92.0,10.69,0
2023-08-02,P102,86.0,10.69,0
2023-08-03,P102,88.0,10.69,0
2023-08-04,P102,86.0,10.69,0
2023-08-05,P102,51.0,10.69,0
2023-08-06,P102,19.0,10.68,0
2023-08-07,P102,94.0,10.68,0
2023-08-08,P102,88.0,10.68,0
2023-08-09,P102,97.0,10.68,0
2023-08-10,P102,93.0,10.68,0
2023-08-11,P102,93.0,10.67,0
2023-08-12,P102,50.0,10.67,0
2023-08-13,P102,20.0,10.67,0
2023-08-14,P102,89.0,10.67,0
2023-08-15,P102,96.0,10.67,0
2023-08-16,P102,102.0,10.67,0
2023-08-17,P102,82.0,10.66,0
2023-08-18,P102,79.0,10.66,0
2023-08-19,P102,47.0,10.66,0
2023-08-20,P102,19.0,10.66,0
2023-08-21,P102,81.0,10.66,0
2023-08-22,P102,92.0,10.65,0
2023-08-23,P102,90.0,10.65,0
2023-08-24,P102,67.0,10.65,0
2023-08-25,P102,82.0,10.65,0
2023-08-26,P102,82.0,10.65,1
2023-08-27,P102,18.0,10.64,0
2023-08-28,P102,103.0,10.64,0
2023-08-29,P102,80.0,10.64,0
2023-08-30,P102,83.0,10.64,0
2023-08-31,P102,63.0,10.64,0
2023-09-01,P102,80.0,10.63,0
2023-09-02,P102,44.0,10.63,0
2023-09-03,P102,18.0,10.63,0
2023-09-04,P102,100.0,10.63,0
2023-09-05,P102,102.0,10.62,0
2023-09-06,P102,92.0,10.62,0
2023-09-07,P102,85.0,10.62,0
2023-09-08,P102,94.0,10.62,0
2023-09-09,P102,46.0,10.62,0
2023-09-10,P102,17.0,10.61,0
2023-09-11,P102,73.0,10.61,0
2023-09-12,P102,89.0,10.61,0
2023-09-13,P102,99.0,10.61,0
2023-09-14,P102,111.0,10.6,0
2023-09-15,P102,85.0,10.6,0
2023-09-16,P102,43.0,10.6,0
2023-09-17,P102,16.0,10.6,0
2023-09-18,P102,96.0,10.6,0
2023-09-19,P102,75.0,10.59,0
2023-09-20,P102,98.0,10.59,0
2023-09-21,P102,98.0,10.59,0
2023-09-22,P102,89.0,10.59,0
2023-09-23,P102,46.0,10.58,0
2023-09-24,P102,31.0,10.58,1
2023-09-25,P102,92.0,10.58,0
2023-09-26,P102,86.0,10.58,0
2023-09-27,P102,111.0,10.58,0
2023-09-28,P102,87.0,10.57,0
2023-09-29,P102,93.0,10.57,0
2023-09-30,P102,35.0,10.57,0
2023-10-01,P102,22.0,10.57,0
2023-10-02,P102,106.0,10.56,0
2023-10-03,P102,95.0,10.56,0
2023-10-04,P102,99.0,10.56,0
2023-10-05,P102,96.0,10.56,0
2023-10-06,P102,80.0,10.55,0
2023-10-07,P102,50.0,10.55,0
2023-10-08,P102,17.0,10.55,0
2023-10-09,P102,86.0,10.55,0
2023-10-10,P102,107.0,10.54,0
2023-10-11,P102,104.0,10.54,0
2023-10-12,P102,84.0,10.54,0
2023-10-13,P102,80.0,10.54,0
2023-10-14,P102,45.0,10.54,0
2023-10-15,P102,21.0,10.53,0
2023-10-16,P102,83.0,10.53,0
2023-10-17,P102,100.0,10.53,0
2023-10-18,P102,103.0,10.53,0
2023-10-19,P102,91.0,10.52,0
2023-10-20,P102,98.0,10.52,0
2023-10-21,P102,47.0,10.52,0
2023-10-22,P102,19.0,10.52,0
2023-10-23,P102,84.0,10.51,0
2023-10-24,P102,108.0,10.51,0
2023-10-25,P102,88.0,10.51,0
2023-10-26,P102,97.0,10.51,0
2023-10-27,P102,88.0,10.51,0
2023-10-28,P102,43.0,10.5,0
2023-10-29,P102,33.0,10.5,1
2023-10-30,P102,109.0,10.5,0
2023-10-31,P102,101.0,10.5,0
2023-11-01,P102,86.0,10.49,0
2023-11-02,P102,98.0,10.49,0
2023-11-03,P102,89.0,10.49,0
2023-11-04,P102,69.0,10.49,0
2023-11-05,P102,21.0,10.48,0
2023-11-06,P102,92.0,10.48,0
2023-11-07,P102,115.0,10.48,0
2023-11-08,P102,78.0,10.48,0
2023-11-09,P102,97.0,10.48,0
2023-11-10,P102,111.0,10.47,0
2023-11-11,P102,50.0,10.47,0
2023-11-12,P102,16.0,10.47,0
2023-11-13,P102,93.0,10.47,0
2023-11-14,P102,117.0,10.46,0
2023-11-15,P102,104.0,10.46,0
2023-11-16,P102,88.0,10.46,0
2023-11-17,P102,85.0,10.46,0
2023-11-18,P102,48.0,10.46,0
2023-11-19,P102,21.0,10.45,0
2023-11-20,P102,113.0,10.45,0
2023-11-21,P102,114.0,10.45,0
2023-11-22,P102,106.0,10.45,0
2023-11-23,P102,84.0,10.45,0
2023-11-24,P102,80.0,10.44,0
2023-11-25,P102,55.0,10.44,0
2023-11-26,P102,18.0,10.44,0
2023-11-27,P102,97.0,10.44,0
2023-11-28,P102,107.0,10.44,0
2023-11-29,P102,89.0,10.43,0
2023-11-30,P102,88.0,10.43,0
2023-12-01,P102,94.0,10.43,0
2023-12-02,P102,55.0,10.43,0
2023-12-03,P102,23.0,10.43,0
2023-12-04,P102,108.0,10.42,0
2023-12-05,P102,106.0,10.42,0
2023-12-06,P102,95.0,10.42,0
2023-12-07,P102,89.0,10.42,0
2023-12-08,P102,91.0,10.42,0
2023-12-09,P102,55.0,10.41,0
2023-12-10,P102,22.0,10.41,0
2023-12-11,P102,79.0,10.41,0
2023-12-12,P102,97.0,10.41,0
2023-12-13,P102,118.0,10.41,0
2023-12-14,P102,103.0,10.41,0
2023-12-15,P102,82.0,10.4,0
2023-12-16,P102,67.0,10.4,0
2023-12-17,P102,21.0,10.4,0
2023-12-18,P102,108.0,10.4,0
2023-12-19,P102,112.0,10.4,0
2023-12-20,P102,101.0,10.39,0
2023-12-21,P102,95.0,10.39,0
2023-12-22,P102,121.0,10.39,0
2023-12-23,P102,60.0,10.39,0
2023-12-24,P102,24.0,10.39,0
2023-12-25,P102,234.0,10.39,1
2023-12-26,P102,97.0,10.39,0
2023-12-27,P102,122.0,10.38,0
2023-12-28,P102,94.0,10.38,0
2023-12-29,P102,156.0,10.38,1
2023-12-30,P102,45.0,10.38,0
2023-12-31,P102,17.0,10.38,0
2024-01-01,P102,109.0,10.38,0
2024-01-02,P102,100.0,10.37,0
2024-01-03,P102,84.0,10.37,0
2024-01-04,P102,111.0,10.37,0
2024-01-05,P102,124.0,10.37,0
2024-01-06,P102,64.0,10.37,0
2024-01-07,P102,22.0,10.37,0
2024-01-08,P102,107.0,10.37,0
2024-01-09,P102,122.0,10.37,0
2024-01-10,P102,123.0,10.36,0
2024-01-11,P102,102.0,10.36,0
2024-01-12,P102,102.0,10.36,0
2024-01-13,P102,58.0,10.36,0
2024-01-14,P102,37.0,10.36,1
2024-01-15,P102,106.0,10.36,0
2024-01-16,P102,110.0,10.36,0
2024-01-17,P102,127.0,10.36,0
2024-01-18,P102,121.0,10.35,0
2024-01-19,P102,108.0,10.35,0
2024-01-20,P102,67.0,10.35,0
2024-01-21,P102,22.0,10.35,0
2024-01-22,P102,128.0,10.35,0
2024-01-23,P102,120.0,10.35,0
2024-01-24,P102,151.0,10.35,0
2024-01-25,P102,94.0,10.35,0
2024-01-26,P102,95.0,10.35,0
2024-01-27,P102,59.0,10.35,0
2024-01-28,P102,24.0,10.35,0
2024-01-29,P102,133.0,10.34,0
2024-01-30,P102,105.0,10.34,0
2024-01-31,P102,123.0,10.34,0
2024-02-01,P102,122.0,10.34,0
2024-02-02,P102,112.0,10.34,0
2024-02-03,P102,51.0,10.34,0
2024-02-04,P102,26.0,10.34,0
2024-02-05,P102,125.0,10.34,0
2024-02-06,P102,122.0,10.34,0
2024-02-07,P102,115.0,10.34,0
2024-02-08,P102,112.0,10.34,0
2024-02-09,P102,103.0,10.34,0
2024-02-10,P102,61.0,10.34,0
2024-02-11,P102,23.0,10.34,0
2024-02-12,P102,100.0,10.34,0
2024-02-13,P102,101.0,10.34,0
2024-02-14,P102,103.0,10.34,0
2024-02-15,P102,112.0,10.33,0
2024-02-16,P102,104.0,10.33,0
2024-02-17,P102,59.0,10.33,0
2024-02-18,P102,24.0,10.33,0
2024-02-19,P102,103.0,10.33,0
2024-02-20,P102,134.0,10.33,0
2024-02-21,P102,110.0,10.33,0
2024-02-22,P102,105.0,10.33,0
2024-02-23,P102,110.0,10.33,0
2024-02-24,P102,46.0,10.33,0
2024-02-25,P102,21.0,10.33,0
2024-02-26,P102,123.0,10.33,0
2024-02-27,P102,93.0,10.33,0
2024-02-28,P102,127.0,10.33,0
2024-02-29,P102,128.0,10.33,0
2024-03-01,P102,100.0,10.33,0
2024-03-02,P102,59.0,10.33,0
2024-03-03,P102,26.0,10.33,0
2024-03-04,P102,105.0,10.33,0
2024-03-05,P102,126.0,10.33,0
2024-03-06,P102,105.0,10.33,0
2024-03-07,P102,104.0,10.33,0
2024-03-08,P102,95.0,10.33,0
2024-03-09,P102,60.0,10.33,0
2024-03-10,P102,26.0,10.33,0
2024-03-11,P102,109.0,10.33,0
2024-03-12,P102,99.0,10.33,0
2024-03-13,P102,100.0,10.33,0
2024-03-14,P102,115.0,10.33,0
2024-03-15,P102,126.0,10.34,0
2024-03-16,P102,60.0,10.34,0
2024-03-17,P102,22.0,10.34,0
2024-03-18,P102,120.0,10.34,0
2024-03-19,P102,112.0,10.34,0
2024-03-20,P102,108.0,10.34,0
2024-03-21,P102,98.0,10.34,0
2024-03-22,P102,120.0,10.34,0
2024-03-23,P102,41.0,10.34,0
2024-03-24,P102,25.0,10.34,0
2024-03-25,P102,105.0,10.34,0
2024-03-26,P102,109.0,10.34,0
2024-03-27,P102,133.0,10.34,0
2024-03-28,P102,100.0,10.34,0
2024-03-29,P102,96.0,10.34,0
2024-03-30,P102,56.0,10.34,0
2024-03-31,P102,24.0,10.34,0
2024-04-01,P102,104.0,10.35,0
2024-04-02,P102,94.0,10.35,0
2024-04-03,P102,101.0,10.35,0
2024-04-04,P102,124.0,10.35,0
2024-04-05,P102,104.0,10.35,0
2024-04-06,P102,60.0,10.35,0
2024-04-07,P102,22.0,10.35,0
2024-04-08,P102,101.0,10.35,0
2024-04-09,P102,134.0,10.35,0
2024-04-10,P102,109.0,10.35,0
2024-04-11,P102,103.0,10.35,0
2024-04-12,P102,115.0,10.36,0
2024-04-13,P102,52.0,10.36,0
2024-04-14,P102,21.0,10.36,0
2024-04-15,P102,109.0,10.36,0
2024-04-16,P102,112.0,10.36,0
2024-04-17,P102,113.0,10.36,0
2024-04-18,P102,132.0,10.36,0
2024-04-19,P102,106.0,10.36,0
2024-04-20,P102,41.0,10.37,0
2024-04-21,P102,23.0,10.37,0
2024-04-22,P102,108.0,10.37,0
2024-04-23,P102,112.0,10.37,0
2024-04-24,P102,112.0,10.37,0
2024-04-25,P102,106.0,10.37,0
2024-04-26,P102,100.0,10.37,0
2024-04-27,P102,59.0,10.37,0
2024-04-28,P102,21.0,10.38,0
2024-04-29,P102,95.0,10.38,0
2024-04-30,P102,147.0,10.38,0
2024-05-01,P102,154.0,10.38,1
2024-05-02,P102,106.0,10.38,0
2024-05-03,P102,131.0,10.38,1
2024-05-04,P102,56.0,10.38,0
2024-05-05,P102,20.0,10.39,0
2024-05-06,P102,100.0,10.39,0
2024-05-07,P102,122.0,10.39,0
2024-05-08,P102,113.0,10.39,0
2024-05-09,P102,111.0,10.39,0
2024-05-10,P102,80.0,10.39,0
2024-05-11,P102,65.0,10.4,0
2024-05-12,P102,19.0,10.4,0
2024-05-13,P102,122.0,10.4,0
2024-05-14,P102,120.0,10.4,0
2024-05-15,P102,113.0,10.4,0
2024-05-16,P102,93.0,10.4,0
2024-05-17,P102,100.0,10.41,0
2024-05-18,P102,77.0,10.41,1
2024-05-19,P102,22.0,10.41,0
2024-05-20,P102,101.0,10.41,0
2024-05-21,P102,83.0,10.41,0
2024-05-22,P102,118.0,10.42,0
2024-05-23,P102,101.0,10.42,0
2024-05-24,P102,92.0,10.42,0
2024-05-25,P102,50.0,10.42,0
2024-05-26,P102,22.0,10.42,0
2024-05-27,P102,92.0,10.43,0
2024-05-28,P102,80.0,10.43,0
2024-05-29,P102,108.0,10.43,0
2024-05-30,P102,106.0,10.43,0
2024-05-31,P102,94.0,10.43,0
2024-06-01,P102,46.0,10.43,0
2024-06-02,P102,21.0,10.44,0
2024-06-03,P102,85.0,10.44,0
2024-06-04,P102,93.0,10.44,0
2024-06-05,P102,94.0,10.44,0
2024-06-06,P102,109.0,10.45,0
2024-06-07,P102,91.0,10.45,0
2024-06-08,P102,49.0,10.45,0
2024-06-09,P102,25.0,10.45,0
2024-06-10,P102,104.0,10.45,0
2024-06-11,P102,107.0,10.46,0
2024-06-12,P102,97.0,10.46,0
2024-06-13,P102,92.0,10.46,0
2024-06-14,P102,71.0,10.46,0
2024-06-15,P102,98.0,10.46,1
2024-06-16,P102,22.0,10.47,0
2024-06-17,P102,97.0,10.47,0
2024-06-18,P102,101.0,10.47,0
2024-06-19,P102,108.0,10.47,0
2024-06-20,P102,81.0,10.48,0
2024-06-21,P102,87.0,10.48,0
2024-06-22,P102,44.0,10.48,0
2024-06-23,P102,24.0,10.48,0
2024-06-24,P102,107.0,10.48,0
2024-06-25,P102,77.0,10.49,0
2024-06-26,P102,83.0,10.49,0
2024-06-27,P102,95.0,10.49,0
2024-06-28,P102,87.0,10.49,0
2024-06-29,P102,43.0,10.5,0
2024-06-30,P102,24.0,10.5,0
2024-07-01,P102,100.0,10.5,0
2024-07-02,P102,105.0,10.5,0
2024-07-03,P102,91.0,10.5,0
2024-07-04,P102,103.0,10.51,0
2024-07-05,P102,87.0,10.51,0
2024-07-06,P102,48.0,10.51,0
2024-07-07,P102,21.0,10.51,0
2024-07-08,P102,79.0,10.52,0
2024-07-09,P102,117.0,10.52,0
2024-07-10,P102,99.0,10.52,0
2024-07-11,P102,108.0,10.52,0
2024-07-12,P102,79.0,10.53,0
2024-07-13,P102,44.0,10.53,0
2024-07-14,P102,17.0,10.53,0
2024-07-15,P102,97.0,10.53,0
2024-07-16,P102,99.0,10.53,0
2024-07-17,P102,200.0,10.54,1
2024-07-18,P102,83.0,10.54,0
2024-07-19,P102,77.0,10.54,0
2024-07-20,P102,49.0,10.54,0
2024-07-21,P102,19.0,10.55,0
2024-07-22,P102,87.0,10.55,0
2024-07-23,P102,114.0,10.55,0
2024-07-24,P102,95.0,10.55,0
2024-07-25,P102,106.0,10.56,0
2024-07-26,P102,173.0,10.56,1
2024-07-27,P102,50.0,10.56,0
2024-07-28,P102,19.0,10.56,0
2024-07-29,P102,76.0,10.57,0
2024-07-30,P102,112.0,10.57,0
2024-07-31,P102,94.0,10.57,0
2024-08-01,P102,100.0,10.57,0
2024-08-02,P102,81.0,10.57,0
2024-08-03,P102,47.0,10.58,0
2024-08-04,P102,17.0,10.58,0
2024-08-05,P102,106.0,10.58,0
2024-08-06,P102,100.0,10.58,0
2024-08-07,P102,98.0,10.59,0
2024-08-08,P102,106.0,10.59,0
2024-08-09,P102,99.0,10.59,0
2024-08-10,P102,52.0,10.59,0
2024-08-11,P102,16.0,10.6,0
2024-08-12,P102,85.0,10.6,0
2024-08-13,P102,85.0,10.6,0
2024-08-14,P102,102.0,10.6,0
2024-08-15,P102,93.0,10.6,0
2024-08-16,P102,74.0,10.61,0
2024-08-17,P102,47.0,10.61,0
2024-08-18,P102,16.0,10.61,0
2024-08-19,P102,92.0,10.61,0
2024-08-20,P102,78.0,10.62,0
2024-08-21,P102,99.0,10.62,0
2024-08-22,P102,95.0,10.62,0
2024-08-23,P102,105.0,10.62,0
2024-08-24,P102,52.0,10.62,0
2024-08-25,P102,18.0,10.63,0
2024-08-26,P102,100.0,10.63,0
2024-08-27,P102,81.0,10.63,0
2024-08-28,P102,84.0,10.63,0
2024-08-29,P102,95.0,10.63,0
2024-08-30,P102,66.0,10.64,0
2024-08-31,P102,48.0,10.64,0
2024-09-01,P102,17.0,10.64,0
2024-09-02,P102,93.0,10.64,0
2024-09-03,P102,84.0,10.65,0
2024-09-04,P102,98.0,10.65,0
2024-09-05,P102,92.0,10.65,0
2024-09-06,P102,101.0,10.65,0
2024-09-07,P102,48.0,10.65,0
2024-09-08,P102,18.0,10.66,0
2024-09-09,P102,90.0,10.66,0
2024-09-10,P102,166.0,10.66,1
2024-09-11,P102,98.0,10.66,0
2024-09-12,P102,98.0,10.66,0
2024-09-13,P102,111.0,10.67,0
2024-09-14,P102,85.0,10.67,1
2024-09-15,P102,19.0,10.67,0
2024-09-16,P102,87.0,10.67,0
2024-09-17,P102,99.0,10.67,0
2024-09-18,P102,99.0,10.67,0
2024-09-19,P102,92.0,10.68,0
2024-09-20,P102,98.0,10.68,0
2024-09-21,P102,45.0,10.68,0
2024-09-22,P102,21.0,10.68,0
2024-09-23,P102,99.0,10.68,0
2024-09-24,P102,97.0,10.69,0
2024-09-25,P102,92.0,10.69,0
2024-09-26,P102,117.0,10.69,0
2024-09-27,P102,80.0,10.69,0
2024-09-28,P102,50.0,10.69,0
2024-09-29,P102,18.0,10.69,0
2024-09-30,P102,112.0,10.7,0
2024-10-01,P102,107.0,10.7,0
2024-10-02,P102,89.0,10.7,0
2024-10-03,P102,99.0,10.7,0
2024-10-04,P102,91.0,10.7,0
2024-10-05,P102,46.0,10.7,0
2024-10-06,P102,21.0,10.7,0
2024-10-07,P102,186.0,10.71,1
2024-10-08,P102,101.0,10.71,0
2024-10-09,P102,96.0,10.71,0
2024-10-10,P102,99.0,10.71,0
2024-10-11,P102,92.0,10.71,0
2024-10-12,P102,50.0,10.71,0
2024-10-13,P102,18.0,10.71,0
2024-10-14,P102,113.0,10.72,0
2024-10-15,P102,88.0,10.72,0
2024-10-16,P102,102.0,10.72,0
2024-10-17,P102,92.0,10.72,0
2024-10-18,P102,108.0,10.72,0
2024-10-19,P102,89.0,10.72,1
2024-10-20,P102,37.0,10.72,1
2024-10-21,P102,86.0,10.72,0
2024-10-22,P102,104.0,10.73,0
2024-10-23,P102,84.0,10.73,0
2024-10-24,P102,91.0,10.73,0
2024-10-25,P102,70.0,10.73,0
2024-10-26,P102,52.0,10.73,0
2024-10-27,P102,19.0,10.73,0
2024-10-28,P102,82.0,10.73,0
2024-10-29,P102,114.0,10.73,0
2024-10-30,P102,85.0,10.73,0
2024-10-31,P102,106.0,10.74,0
2024-11-01,P102,179.0,10.74,1
2024-11-02,P102,60.0,10.74,0
2024-11-03,P102,22.0,10.74,0
2024-11-04,P102,88.0,10.74,0
2024-11-05,P102,92.0,10.74,0
2024-11-06,P102,108.0,10.74,0
2024-11-07,P102,95.0,10.74,0
2024-11-08,P102,92.0,10.74,0
2024-11-09,P102,59.0,10.74,0
2024-11-10,P102,19.0,10.74,0
2024-11-11,P102,101.0,10.74,0
2024-11-12,P102,115.0,10.75,0
2024-11-13,P102,111.0,10.75,0
2024-11-14,P102,98.0,10.75,0
2024-11-15,P102,92.0,10.75,0
2024-11-16,P102,42.0,10.75,0
2024-11-17,P102,19.0,10.75,0
2024-11-18,P102,105.0,10.75,0
2024-11-19,P102,104.0,10.75,0
2024-11-20,P102,104.0,10.75,0
2024-11-21,P102,112.0,10.75,0
2024-11-22,P102,84.0,10.75,0
2024-11-23,P102,52.0,10.75,0
2024-11-24,P102,22.0,10.75,0
2024-11-25,P102,95.0,10.75,0
2024-11-26,P102,123.0,10.75,0
2024-11-27,P102,208.0,10.75,1
2024-11-28,P102,105.0,10.75,0
2024-11-29,P102,117.0,10.75,0
2024-11-30,P102,45.0,10.75,0
2024-12-01,P102,21.0,10.75,0
2024-12-02,P102,108.0,10.75,0
2024-12-03,P102,97.0,10.75,0
2024-12-04,P102,110.0,10.75,0
2024-12-05,P102,91.0,10.75,0
2024-12-06,P102,106.0,10.75,0
2024-12-07,P102,61.0,10.75,0
2024-12-08,P102,22.0,10.75,0
2024-12-09,P102,84.0,10.75,0
2024-12-10,P102,98.0,10.75,0
2024-12-11,P102,114.0,10.75,0
2024-12-12,P102,105.0,10.75,0
2024-12-13,P102,70.0,10.75,0
2024-12-14,P102,63.0,10.75,0
2024-12-15,P102,22.0,10.75,0
2024-12-16,P102,97.0,10.75,0
2024-12-17,P102,123.0,10.75,0
2024-12-18,P102,101.0,10.75,0
2024-12-19,P102,98.0,10.75,0
2024-12-20,P102,105.0,10.75,0
2024-12-21,P102,67.0,10.75,0
2024-12-22,P102,26.0,10.75,0
2024-12-23,P102,112.0,10.75,0
2024-12-24,P102,118.0,10.75,0
2024-12-25,P102,120.0,10.75,0
2024-12-26,P102,92.0,10.75,0
2024-12-27,P102,109.0,10.75,0
2024-12-28,P102,52.0,10.75,0
2024-12-29,P102,23.0,10.75,0
2024-12-30,P102,205.0,10.75,1
2024-12-31,P102,119.0,10.75,0
2025-01-01,P102,112.0,10.75,0
2025-01-02,P102,72.0,10.75,0
2025-01-03,P102,105.0,10.75,0
2025-01-04,P102,61.0,10.74,0
2025-01-05,P102,24.0,10.74,0
2025-01-06,P102,108.0,10.74,0
2025-01-07,P102,135.0,10.74,0
2025-01-08,P102,116.0,10.74,0
2025-01-09,P102,114.0,10.74,0
2025-01-10,P102,116.0,10.74,0
2025-01-11,P102,60.0,10.74,0
2025-01-12,P102,21.0,10.74,0
2025-01-13,P102,81.0,10.74,0
2025-01-14,P102,109.0,10.74,0
2025-01-15,P102,123.0,10.74,0
2025-01-16,P102,106.0,10.73,0
2025-01-17,P102,114.0,10.73,0
2025-01-18,P102,59.0,10.73,0
2025-01-19,P102,26.0,10.73,0
2025-01-20,P102,108.0,10.73,0
2025-01-21,P102,122.0,10.73,0
2025-01-22,P102,120.0,10.73,0
2025-01-23,P102,129.0,10.73,0
2025-01-24,P102,86.0,10.73,0
2025-01-25,P102,55.0,10.72,0
2025-01-26,P102,25.0,10.72,0
2025-01-27,P102,132.0,10.72,0
2025-01-28,P102,120.0,10.72,0
2025-01-29,P102,111.0,10.72,0
2025-01-30,P102,121.0,10.72,0
2025-01-31,P102,117.0,10.72,0
2025-02-01,P102,56.0,10.72,0
2025-02-02,P102,24.0,10.71,0
2025-02-03,P102,128.0,10.71,0
2025-02-04,P102,142.0,10.71,0
2025-02-05,P102,125.0,10.71,0
2025-02-06,P102,113.0,10.71,0
2025-02-07,P102,106.0,10.71,0
2025-02-08,P102,63.0,10.71,0
2025-02-09,P102,23.0,10.7,0
2025-02-10,P102,116.0,10.7,0
2025-02-11,P102,104.0,10.7,0
2025-02-12,P102,132.0,10.7,0
2025-02-13,P102,99.0,10.7,0
2025-02-14,P102,102.0,10.7,0
2025-02-15,P102,60.0,10.69,0
2025-02-16,P102,29.0,10.69,0
2025-02-17,P102,109.0,10.69,0
2025-02-18,P102,110.0,10.69,0
2025-02-19,P102,109.0,10.69,0
2025-02-20,P102,134.0,10.69,0
2025-02-21,P102,74.0,10.68,0
2025-02-22,P102,53.0,10.68,0
2025-02-23,P102,65.0,10.68,1
2025-02-24,P102,122.0,10.68,0
2025-02-25,P102,104.0,10.68,0
2025-02-26,P102,116.0,10.68,0
2025-02-27,P102,114.0,10.67,0
2025-02-28,P102,118.0,10.67,0
2025-03-01,P102,71.0,10.67,0
2025-03-02,P102,25.0,10.67,0
2025-03-03,P102,108.0,10.67,0
2025-03-04,P102,129.0,10.66,0
2025-03-05,P102,108.0,10.66,0
2025-03-06,P102,100.0,10.66,0
2025-03-07,P102,87.0,10.66,0
2025-03-08,P102,104.0,10.66,1
2025-03-09,P102,21.0,10.65,0
2025-03-10,P102,99.0,10.65,0
2025-03-11,P102,123.0,10.65,0
2025-03-12,P102,101.0,10.65,0
2025-03-13,P102,74.0,10.65,0
2025-03-14,P102,95.0,10.64,0
2025-03-15,P102,56.0,10.64,0
2025-03-16,P102,22.0,10.64,0
2025-03-17,P102,133.0,10.64,0
2025-03-18,P102,110.0,10.64,0
2025-03-19,P102,210.0,10.63,1
2025-03-20,P102,113.0,10.63,0
2025-03-21,P102,107.0,10.63,0
2025-03-22,P102,54.0,10.63,0
2025-03-23,P102,23.0,10.63,0
2025-03-24,P102,104.0,10.62,0
2025-03-25,P102,120.0,10.62,0
2025-03-26,P102,113.0,10.62,0
2025-03-27,P102,101.0,10.62,0
2025-03-28,P102,119.0,10.61,0
2025-03-29,P102,62.0,10.61,0
2025-03-30,P102,22.0,10.61,0
2025-03-31,P102,115.0,10.61,0
2025-04-01,P102,116.0,10.61,0
2025-04-02,P102,104.0,10.6,0
2025-04-03,P102,113.0,10.6,0
2025-04-04,P102,99.0,10.6,0
2025-04-05,P102,52.0,10.6,0
2025-04-06,P102,19.0,10.59,0
2025-04-07,P102,108.0,10.59,0
2025-04-08,P102,222.0,10.59,1
2025-04-09,P102,106.0,10.59,0
2025-04-10,P102,142.0,10.59,0
2025-04-11,P102,116.0,10.58,0
2025-04-12,P102,67.0,10.58,0
2025-04-13,P102,25.0,10.58,0
2025-04-14,P102,135.0,10.58,0
2025-04-15,P102,106.0,10.57,0
2025-04-16,P102,82.0,10.57,0
2025-04-17,P102,105.0,10.57,0
2025-04-18,P102,112.0,10.57,0
2025-04-19,P102,59.0,10.56,0
2025-04-20,P102,24.0,10.56,0
2025-04-21,P102,127.0,10.56,0
2025-04-22,P102,120.0,10.56,0
2025-04-23,P102,123.0,10.56,0
2025-04-24,P102,98.0,10.55,0
2025-04-25,P102,92.0,10.55,0
2025-04-26,P102,67.0,10.55,0
2025-04-27,P102,23.0,10.55,0
2025-04-28,P102,103.0,10.54,0
2025-04-29,P102,106.0,10.54,0
2025-04-30,P102,104.0,10.54,0
2025-05-01,P102,100.0,10.54,0
2025-05-02,P102,89.0,10.53,0
2025-05-03,P102,47.0,10.53,0
2025-05-04,P102,22.0,10.53,0
2025-05-05,P102,102.0,10.53,0
2025-05-06,P102,127.0,10.52,0
2025-05-07,P102,114.0,10.52,0
2025-05-08,P102,111.0,10.52,0
2025-05-09,P102,181.0,10.52,1
2025-05-10,P102,55.0,10.52,0
2025-05-11,P102,23.0,10.51,0
2025-05-12,P102,116.0,10.51,0
2025-05-13,P102,111.0,10.51,0
2025-05-14,P102,123.0,10.51,0
2025-05-15,P102,107.0,10.5,0
2025-05-16,P102,110.0,10.5,0
2025-05-17,P102,53.0,10.5,0
2025-05-18,P102,18.0,10.5,0
2025-05-19,P102,110.0,10.49,0
2025-05-20,P102,215.0,10.49,1
2025-05-21,P102,115.0,10.49,0
2025-05-22,P102,110.0,10.49,0
2025-05-23,P102,96.0,10.49,0
2025-05-24,P102,50.0,10.48,0
2025-05-25,P102,23.0,10.48,0
2025-05-26,P102,111.0,10.48,0
2025-05-27,P102,103.0,10.48,0
2025-05-28,P102,120.0,10.47,0
2025-05-29,P102,94.0,10.47,0
2025-05-30,P102,93.0,10.47,0
2025-05-31,P102,64.0,10.47,0
2025-06-01,P102,24.0,10.47,0
2025-06-02,P102,100.0,10.46,0
2025-06-03,P102,112.0,10.46,0
2025-06-04,P102,108.0,10.46,0
2025-06-05,P102,72.0,10.46,0
2025-06-06,P102,88.0,10.46,0
2025-06-07,P102,53.0,10.45,0
2025-06-08,P102,21.0,10.45,0
2025-06-09,P102,106.0,10.45,0
2025-06-10,P102,120.0,10.45,0
2025-06-11,P102,101.0,10.44,0
2025-06-12,P102,90.0,10.44,0
2025-06-13,P102,100.0,10.44,0
2025-06-14,P102,51.0,10.44,0
2025-06-15,P102,21.0,10.44,0
2025-06-16,P102,99.0,10.43,0
2025-06-17,P102,132.0,10.43,0
2025-06-18,P102,78.0,10.43,0
2025-06-19,P102,96.0,10.43,0
2025-06-20,P102,206.0,10.43,1
2025-06-21,P102,48.0,10.42,0
2025-06-22,P102,23.0,10.42,0
2025-06-23,P102,110.0,10.42,0
2025-06-24,P102,104.0,10.42,0
2025-06-25,P102,99.0,10.42,0
2025-06-26,P102,98.0,10.42,0
2025-06-27,P102,94.0,10.41,0
2025-06-28,P102,106.0,10.41,1
2025-06-29,P102,20.0,10.41,0
2025-06-30,P102,103.0,10.41,0
2025-07-01,P102,112.0,10.41,0
2025-07-02,P102,88.0,10.4,0
2025-07-03,P102,87.0,10.4,0
2025-07-04,P102,76.0,10.4,0
2025-07-05,P102,56.0,10.4,0
2025-07-06,P102,21.0,10.4,0
2025-07-07,P102,104.0,10.4,0
2025-07-08,P102,86.0,10.39,0
2025-07-09,P102,120.0,10.39,0
2025-07-10,P102,91.0,10.39,0
2025-07-11,P102,94.0,10.39,0
2025-07-12,P102,56.0,10.39,0
2025-07-13,P102,18.0,10.39,0
2025-07-14,P102,92.0,10.38,0
2025-07-15,P102,103.0,10.38,0
2025-07-16,P102,131.0,10.38,0
2025-07-17,P102,100.0,10.38,0
2025-07-18,P102,108.0,10.38,0
2025-07-19,P102,57.0,10.38,0
2025-07-20,P102,21.0,10.38,0
2025-07-21,P102,87.0,10.37,0
2025-07-22,P102,112.0,10.37,0
2025-07-23,P102,82.0,10.37,0
2025-07-24,P102,113.0,10.37,0
2025-07-25,P102,93.0,10.37,0
2025-07-26,P102,36.0,10.37,0
2025-07-27,P102,19.0,10.37,0
2025-07-28,P102,103.0,10.36,0
2025-07-29,P102,97.0,10.36,0
2025-07-30,P102,106.0,10.36,0
2025-07-31,P102,86.0,10.36,0
2025-08-01,P102,78.0,10.36,0
2025-08-02,P102,49.0,10.36,0
2025-08-03,P102,20.0,10.36,0
2025-08-04,P102,92.0,10.36,0
2025-08-05,P102,113.0,10.36,0
2025-08-06,P102,88.0,10.35,0
2025-08-07,P102,98.0,10.35,0
2025-08-08,P102,91.0,10.35,0
2025-08-09,P102,41.0,10.35,0
2025-08-10,P102,17.0,10.35,0
2025-08-11,P102,96.0,10.35,0
2025-08-12,P102,120.0,10.35,0
2025-08-13,P102,103.0,10.35,0
2025-08-14,P102,76.0,10.35,0
2025-08-15,P102,59.0,10.35,0
2025-08-16,P102,53.0,10.35,0
2025-08-17,P102,20.0,10.34,0
2025-08-18,P102,107.0,10.34,0
2025-08-19,P102,89.0,10.34,0
2025-08-20,P102,101.0,10.34,0
2025-08-21,P102,103.0,10.34,0
2025-08-22,P102,85.0,10.34,0
2025-08-23,P102,47.0,10.34,0
2025-08-24,P102,20.0,10.34,0
2025-08-25,P102,101.0,10.34,0
2025-08-26,P102,98.0,10.34,0
2025-08-27,P102,107.0,10.34,0
2025-08-28,P102,89.0,10.34,0
2025-08-29,P102,76.0,10.34,0
2025-08-30,P102,60.0,10.34,0
2025-08-31,P102,18.0,10.34,0
2025-09-01,P102,89.0,10.34,0
2025-09-02,P102,98.0,10.34,0
2025-09-03,P102,98.0,10.33,0
2025-09-04,P102,90.0,10.33,0
2025-09-05,P102,89.0,10.33,0
2025-09-06,P102,49.0,10.33,0
2025-09-07,P102,20.0,10.33,0
2025-09-08,P102,70.0,10.33,0
2025-09-09,P102,119.0,10.33,0
2025-09-10,P102,95.0,10.33,0
2025-09-11,P102,100.0,10.33,0
2025-09-12,P102,76.0,10.33,0
2025-09-13,P102,47.0,10.33,0
2025-09-14,P102,18.0,10.33,0
2025-09-15,P102,188.0,10.33,1
2025-09-16,P102,93.0,10.33,0
2025-09-17,P102,105.0,10.33,0
2025-09-18,P102,88.0,10.33,0
2025-09-19,P102,86.0,10.33,0
2025-09-20,P102,48.0,10.33,0
2025-09-21,P102,23.0,10.33,0
2025-09-22,P102,76.0,10.33,0
2025-09-23,P102,85.0,10.33,0
2025-09-24,P102,77.0,10.33,0
2025-09-25,P102,84.0,10.33,0
2025-09-26,P102,83.0,10.33,0
2025-09-27,P102,41.0,10.33,0
2025-09-28,P102,18.0,10.33,0
2025-09-29,P102,75.0,10.33,0
2025-09-30,P102,89.0,10.33,0
2025-10-01,P102,112.0,10.33,0
2025-10-02,P102,100.0,10.34,0
2025-10-03,P102,93.0,10.34,0
2025-10-04,P102,45.0,10.34,0
2025-10-05,P102,17.0,10.34,0
2025-10-06,P102,85.0,10.34,0
2025-10-07,P102,101.0,10.34,0
2025-10-08,P102,109.0,10.34,0
2025-10-09,P102,106.0,10.34,0
2025-10-10,P102,99.0,10.34,0
2025-10-11,P102,47.0,10.34,0
2025-10-12,P102,20.0,10.34,0
2025-10-13,P102,95.0,10.34,0
2025-10-14,P102,100.0,10.34,0
2025-10-15,P102,123.0,10.34,0
2025-10-16,P102,79.0,10.34,0
2025-10-17,P102,91.0,10.34,0
2025-10-18,P102,58.0,10.34,0
2025-10-19,P102,17.0,10.35,0
2025-10-20,P102,92.0,10.35,0
2025-10-21,P102,97.0,10.35,0
2025-10-22,P102,99.0,10.35,0
2025-10-23,P102,81.0,10.35,0
2025-10-24,P102,100.0,10.35,0
2025-10-25,P102,56.0,10.35,0
2025-10-26,P102,22.0,10.35,0
2025-10-27,P102,91.0,10.35,0
2025-10-28,P102,105.0,10.35,0
2025-10-29,P102,92.0,10.36,0
2025-10-30,P102,96.0,10.36,0
2025-10-31,P102,118.0,10.36,0
2025-11-01,P102,53.0,10.36,0
2025-11-02,P102,18.0,10.36,0
2025-11-03,P102,103.0,10.36,0
2025-11-04,P102,90.0,10.36,0
2025-11-05,P102,90.0,10.36,0
2025-11-06,P102,89.0,10.36,0
2025-11-07,P102,92.0,10.37,0
2025-11-08,P102,59.0,10.37,0
2025-11-09,P102,23.0,10.37,0
2025-11-10,P102,108.0,10.37,0
2025-11-11,P102,94.0,10.37,0
2025-11-12,P102,99.0,10.37,0
2025-11-13,P102,105.0,10.37,0
2025-11-14,P102,91.0,10.38,0
2025-11-15,P102,52.0,10.38,0
2025-11-16,P102,40.0,10.38,1
2025-11-17,P102,100.0,10.38,0
2025-11-18,P102,111.0,10.38,0
2025-11-19,P102,125.0,10.38,0
2025-11-20,P102,101.0,10.38,0
2025-11-21,P102,112.0,10.39,0
2025-11-22,P102,58.0,10.39,0
2025-11-23,P102,18.0,10.39,0
2025-11-24,P102,92.0,10.39,0
2025-11-25,P102,99.0,10.39,0
2025-11-26,P102,97.0,10.39,0
2025-11-27,P102,104.0,10.4,0
2025-11-28,P102,107.0,10.4,0
2025-11-29,P102,63.0,10.4,0
2025-11-30,P102,23.0,10.4,0
2025-12-01,P102,101.0,10.4,0
2025-12-02,P102,85.0,10.4,0
2025-12-03,P102,110.0,10.41,0
2025-12-04,P102,106.0,10.41,0
2025-12-05,P102,103.0,10.41,0
2025-12-06,P102,69.0,10.41,0
2025-12-07,P102,25.0,10.41,0
2025-12-08,P102,117.0,10.41,0
2025-12-09,P102,100.0,10.42,0
2025-12-10,P102,104.0,10.42,0
2025-12-11,P102,187.0,10.42,1
2025-12-12,P102,94.0,10.42,0
2025-12-13,P102,60.0,10.42,0
2025-12-14,P102,24.0,10.43,0
2025-12-15,P102,96.0,10.43,0
2025-12-16,P102,128.0,10.43,0
2025-12-17,p102 ,113.0,10.43,0
2025-12-18,P102,88.0,10.43,0
2025-12-19,P102,103.0,10.44,0
2025-12-20,P102,59.0,10.44,0
2025-12-21,P102,25.0,10.44,0
2025-12-22,P102,106.0,10.44,0
2025-12-23,P102,125.0,10.44,0
2025-12-24,P102,115.0,10.45,0
2025-12-25,P102,94.0,10.45,0
2025-12-26,P102,89.0,10.45,0
2025-12-27,P102,65.0,10.45,0
2025-12-28,P102,26.0,10.45,0
2025-12-29,P102,116.0,10.46,0
2025-12-30,P102,135.0,10.46,0
2025-12-31,P102,127.0,10.46,0
2023-01-01,P103,10.0,37.96,0
2023-01-02,P103,57.0,37.97,0
2023-01-03,P103,55.0,37.98,0
2023-01-04,P103,61.0,37.98,0
2023-01-05,P103,52.0,37.99,0
2023-01-06,P103,47.0,38.0,0
2023-01-07,P103,22.0,38.01,0
2023-01-08,P103,9.0,38.02,0
2023-01-09,P103,41.0,38.03,0
2023-01-10,P103,56.0,38.03,0
2023-01-11,P103,45.0,38.04,0
2023-01-12,P103,59.0,38.05,0
2023-01-13,P103,49.0,38.06,0
2023-01-14,P103,26.0,38.07,0
2023-01-15,P103,10.0,38.08,0
2023-01-16,P103,56.0,38.08,0
2023-01-17,P103,50.0,38.09,0
2023-01-18,P103,48.0,38.1,0
2023-01-19,P103,59.0,38.11,0
2023-01-20,P103,52.0,38.12,0
2023-01-21,P103,27.0,38.13,0
2023-01-22,P103,12.0,38.13,0
2023-01-23,P103,53.0,38.14,0
2023-01-24,P103,57.0,38.15,0
2023-01-25,P103,49.0,38.16,0
2023-01-26,P103,114.0,38.17,1
2023-01-27,P103,47.0,38.18,0
2023-01-28,P103,32.0,38.18,0
2023-01-29,P103,11.0,38.19,0
2023-01-30,P103,58.0,38.2,0
2023-01-31,P103,60.0,38.21,0
2023-02-01,P103,61.0,38.22,0
2023-02-02,P103,99.0,38.22,1
2023-02-03,P103,121.0,38.23,1
2023-02-04,P103,33.0,38.24,0
2023-02-05,P103,11.0,38.25,0
2023-02-06,P103,54.0,38.25,0
2023-02-07,P103,52.0,38.26,0
2023-02-08,P103,53.0,38.27,0
2023-02-09,P103,63.0,38.28,0
2023-02-10,P103,45.0,38.29,0
2023-02-11,P103,25.0,38.29,0
2023-02-12,P103,13.0,38.3,0
2023-02-13,P103,57.0,38.31,0
2023-02-14,P103,69.0,38.32,0
2023-02-15,P103,52.0,38.32,0
2023-02-16,P103,54.0,38.33,0
2023-02-17,P103,98.0,38.34,1
2023-02-18,P103,28.0,38.34,0
2023-02-19,P103,9.0,38.35,0
2023-02-20,P103,58.0,38.36,0
2023-02-21,P103,58.0,38.37,0
2023-02-22,P103,55.0,38.37,0
2023-02-23,P103,51.0,38.38,0
2023-02-24,P103,46.0,38.39,0
2023-02-25,P103,30.0,38.39,0
2023-02-26,P103,10.0,38.4,0
2023-02-27,P103,57.0,38.41,0
2023-02-28,P103,69.0,38.42,0
2023-03-01,P103,64.0,38.42,0
2023-03-02,P103,45.0,38.43,0
2023-03-03,P103,48.0,38.44,0
2023-03-04,P103,29.0,38.44,0
2023-03-05,P103,11.0,38.45,0
2023-03-06,P103,46.0,38.45,0
2023-03-07,P103,58.0,38.46,0
2023-03-08,P103,55.0,38.47,0
2023-03-09,P103,65.0,38.47,0
2023-03-10,P103,50.0,38.48,0
2023-03-11,P103,32.0,38.49,0
2023-03-12,P103,10.0,38.49,0
2023-03-13,P103,48.0,38.5,0
2023-03-14,P103,61.0,38.5,0
2023-03-15,P103,62.0,38.51,0
2023-03-16,P103,75.0,38.52,1
2023-03-17,P103,51.0,38.52,0
2023-03-18,P103,24.0,38.53,0
2023-03-19,P103,11.0,38.53,0
2023-03-20,P103,59.0,38.54,0
2023-03-21,P103,53.0,38.54,0
2023-03-22,P103,53.0,38.55,0
2023-03-23,P103,47.0,38.55,0
2023-03-24,P103,86.0,38.56,1
2023-03-25,P103,33.0,38.56,0
2023-03-26,P103,11.0,38.57,0
2023-03-27,P103,48.0,38.57,0
2023-03-28,P103,54.0,38.58,0
2023-03-29,P103,45.0,38.58,0
2023-03-30,P103,47.0,38.59,0
2023-03-31,P103,58.0,38.59,0
2023-04-01,P103,27.0,38.6,0
2023-04-02,P103,13.0,38.6,0
2023-04-03,P103,53.0,38.61,0
2023-04-04,P103,55.0,38.61,0
2023-04-05,P103,58.0,38.62,0
2023-04-06,P103,37.0,38.62,0
2023-04-07,P103,51.0,38.62,0
2023-04-08,P103,28.0,38.63,0
2023-04-09,P103,13.0,38.63,0
2023-04-10,P103,59.0,38.64,0
2023-04-11,P103,48.0,38.64,0
2023-04-12,P103,62.0,38.64,0
2023-04-13,P103,51.0,38.65,0
2023-04-14,P103,45.0,38.65,0
2023-04-15,P103,28.0,38.65,0
2023-04-16,P103,11.0,38.66,0
2023-04-17,P103,62.0,38.66,0
2023-04-18,P103,57.0,38.66,0
2023-04-19,P103,55.0,38.67,0
2023-04-20,P103,57.0,38.67,0
2023-04-21,P103,56.0,38.67,0
2023-04-22,P103,30.0,38.68,0
2023-04-23,P103,13.0,38.68,0
2023-04-24,P103,56.0,38.68,0
2023-04-25,P103,55.0,38.68,0
2023-04-26,P103,61.0,38.69,0
2023-04-27,P103,51.0,38.69,0
2023-04-28,P103,49.0,38.69,0
2023-04-29,P103,32.0,38.69,0
2023-04-30,P103,13.0,38.69,0
2023-05-01,P103,52.0,38.7,0
2023-05-02,P103,51.0,38.7,0
2023-05-03,P103,61.0,38.7,0
2023-05-04,P103,56.0,38.7,0
2023-05-05,P103,50.0,38.7,0
2023-05-06,P103,26.0,38.71,0
2023-05-07,P103,11.0,38.71,0
2023-05-08,P103,51.0,38.71,0
2023-05-09,P103,49.0,38.71,0
2023-05-10,P103,53.0,38.71,0
2023-05-11,P103,52.0,38.71,0
2023-05-12,P103,46.0,38.71,0
2023-05-13,P103,29.0,38.71,0
2023-05-14,P103,12.0,38.71,0
2023-05-15,P103,56.0,38.72,0
2023-05-16,P103,51.0,38.72,0
2023-05-17,P103,56.0,38.72,0
2023-05-18,P103,51.0,38.72,0
2023-05-19,P103,41.0,38.72,0
2023-05-20,P103,28.0,38.72,0
2023-05-21,P103,11.0,38.72,0
2023-05-22,P103,65.0,38.72,0
2023-05-23,P103,61.0,38.72,0
2023-05-24,P103,55.0,38.72,0
2023-05-25,P103,51.0,38.72,0
2023-05-26,P103,48.0,38.72,0
2023-05-27,P103,23.0,38.72,0
2023-05-28,P103,8.0,38.72,0
2023-05-29,P103,,38.72,0
2023-05-30,P103,51.0,38.72,0
2023-05-31,P103,39.0,38.71,0
2023-06-01,P103,46.0,38.71,0
2023-06-02,P103,88.0,38.71,1
2023-06-03,P103,25.0,38.71,0
2023-06-04,P103,10.0,38.71,0
2023-06-05,P103,48.0,38.71,0
2023-06-06,P103,61.0,38.71,0
2023-06-07,P103,94.0,38.71,1
2023-06-08,P103,46.0,38.71,0
2023-06-09,P103,46.0,38.7,0
2023-06-10,P103,25.0,38.7,0
2023-06-11,P103,9.0,38.7,0
2023-06-12,P103,45.0,38.7,0
2023-06-13,P103,56.0,38.7,0
2023-06-14,P103,47.0,38.69,0
2023-06-15,P103,42.0,38.69,0
2023-06-16,P103,46.0,38.69,0
2023-06-17,P103,25.0,38.69,0
2023-06-18,P103,8.0,38.69,0
2023-06-19,P103,48.0,38.68,0
2023-06-20,P103,55.0,38.68,0
2023-06-21,P103,51.0,38.68,0
2023-06-22,P103,59.0,38.67,0
2023-06-23,P103,52.0,38.67,0
2023-06-24,P103,29.0,38.67,0
2023-06-25,P103,13.0,38.67,0
2023-06-26,P103,52.0,38.66,0
2023-06-27,P103,50.0,38.66,0
2023-06-28,P103,54.0,38.66,0
2023-06-29,P103,44.0,38.65,0
2023-06-30,P103,45.0,38.65,0
2023-07-01,P103,23.0,38.65,0
2023-07-02,P103,10.0,38.64,0
2023-07-03,P103,44.0,38.64,0
2023-07-04,P103,45.0,38.63,0
2023-07-05,P103,50.0,38.63,0
2023-07-06,P103,46.0,38.63,0
2023-07-07,P103,35.0,38.62,0
2023-07-08,P103,20.0,38.62,0
2023-07-09,P103,9.0,38.61,0
2023-07-10,P103,42.0,38.61,0
2023-07-11,P103,51.0,38.61,0
2023-07-12,P103,49.0,38.6,0
2023-07-13,P103,52.0,38.6,0
2023-07-14,P103,48.0,38.59,0
2023-07-15,P103,27.0,38.59,0
2023-07-16,P103,10.0,38.58,0
2023-07-17,P103,48.0,38.58,0
2023-07-18,P103,54.0,38.57,0
2023-07-19,P103,52.0,38.57,0
2023-07-20,P103,48.0,38.56,0
2023-07-21,P103,50.0,38.56,0
2023-07-22,P103,18.0,38.55,0
2023-07-23,P103,9.0,38.55,0
2023-07-24,P103,45.0,38.54,0
2023-07-25,P103,54.0,38.54,0
2023-07-26,P103,55.0,38.53,0
2023-07-27,P103,38.0,38.53,0
2023-07-28,P103,50.0,38.52,0
2023-07-29,P103,21.0,38.51,0
2023-07-30,P103,8.0,38.51,0
2023-07-31,P103,45.0,38.5,0
2023-08-01,P103,46.0,38.5,0
2023-08-02,P103,39.0,38.49,0
2023-08-03,P103,49.0,38.48,0
2023-08-04,P103,46.0,38.48,0
2023-08-05,P103,26.0,38.47,0
2023-08-06,P103,9.0,38.47,0
2023-08-07,P103,45.0,38.46,0
2023-08-08,P103,47.0,38.45,0
2023-08-09,P103,55.0,38.45,0
2023-08-10,P103,31.0,38.44,0
2023-08-11,P103,38.0,38.43,0
2023-08-12,P103,24.0,38.43,0
2023-08-13,P103,8.0,38.42,0
2023-08-14,P103,44.0,38.41,0
2023-08-15,P103,46.0,38.41,0
2023-08-16,P103,43.0,38.4,0
2023-08-17,P103,45.0,38.39,0
2023-08-18,P103,46.0,38.39,0
2023-08-19,P103,23.0,38.38,0
2023-08-20,P103,9.0,38.37,0
2023-08-21,P103,45.0,38.36,0
2023-08-22,P103,47.0,38.36,0
2023-08-23,P103,37.0,38.35,0
2023-08-24,P103,47.0,38.34,0
2023-08-25,P103,41.0,38.34,0
2023-08-26,P103,27.0,38.33,0
2023-08-27,P103,10.0,38.32,0
2023-08-28,P103,51.0,38.31,0
2023-08-29,P103,42.0,38.31,0
2023-08-30,P103,44.0,38.3,0
2023-08-31,P103,39.0,38.29,0
2023-09-01,P103,39.0,38.28,0
2023-09-02,P103,27.0,38.28,0
2023-09-03,P103,11.0,38.27,0
2023-09-04,P103,40.0,38.26,0
2023-09-05,P103,45.0,38.25,0
2023-09-06,P103,46.0,38.24,0
2023-09-07,P103,48.0,38.24,0
2023-09-08,P103,35.0,38.23,0
2023-09-09,P103,19.0,38.22,0
2023-09-10,P103,10.0,38.21,0
2023-09-11,P103,36.0,38.21,0
2023-09-12,P103,45.0,38.2,0
2023-09-13,P103,100.0,38.19,1
2023-09-14,P103,47.0,38.18,0
2023-09-15,P103,42.0,38.17,0
2023-09-16,P103,23.0,38.17,0
2023-09-17,P103,10.0,38.16,0
2023-09-18,P103,47.0,38.15,0
2023-09-19,P103,44.0,38.14,0
2023-09-20,P103,47.0,38.13,0
2023-09-21,P103,47.0,38.12,0
2023-09-22,P103,51.0,38.12,0
2023-09-23,P103,26.0,38.11,0
2023-09-24,P103,11.0,38.1,0
2023-09-25,P103,43.0,38.09,0
2023-09-26,P103,45.0,38.08,0
2023-09-27,P103,46.0,38.07,0
2023-09-28,P103,45.0,38.07,0
2023-09-29,P103,39.0,38.06,0
2023-09-30,P103,27.0,38.05,0
2023-10-01,P103,11.0,38.04,0
2023-10-02,P103,45.0,38.03,0
2023-10-03,P103,51.0,38.02,0
2023-10-04,P103,48.0,38.02,0
2023-10-05,P103,50.0,38.01,0
2023-10-06,P103,37.0,38.0,0
2023-10-07,P103,24.0,37.99,0
2023-10-08,P103,10.0,37.98,0
2023-10-09,P103,50.0,37.97,0
2023-10-10,P103,45.0,37.97,0
2023-10-11,P103,35.0,37.96,0
2023-10-12,P103,41.0,37.95,0
2023-10-13,P103,44.0,37.94,0
2023-10-14,P103,25.0,37.93,0
2023-10-15,P103,12.0,37.92,0
2023-10-16,P103,50.0,37.91,0
2023-10-17,P103,49.0,37.91,0
2023-10-18,P103,48.0,37.9,0
2023-10-19,P103,53.0,37.89,0
2023-10-20,P103,42.0,37.88,0
2023-10-21,P103,24.0,37.87,0
2023-10-22,P103,9.0,37.86,0
2023-10-23,P103,55.0,37.86,0
2023-10-24,P103,52.0,37.85,0
2023-10-25,P103,45.0,37.84,0
2023-10-26,P103,47.0,37.83,0
2023-10-27,P103,48.0,37.82,0
2023-10-28,P103,24.0,37.81,0
2023-10-29,P103,9.0,37.81,0
2023-10-30,P103,45.0,37.8,0
2023-10-31,P103,52.0,37.79,0
2023-11-01,P103,47.0,37.78,0
2023-11-02,P103,95.0,37.77,1
2023-11-03,P103,39.0,37.77,0
2023-11-04,P103,25.0,37.76,0
2023-11-05,P103,10.0,37.75,0
2023-11-06,P103,47.0,37.74,0
2023-11-07,P103,52.0,37.73,0
2023-11-08,P103,54.0,37.72,0
2023-11-09,P103,52.0,37.72,0
2023-11-10,P103,49.0,37.71,0
2023-11-11,P103,25.0,37.7,0
2023-11-12,P103,10.0,37.69,0
2023-11-13,P103,44.0,37.68,0
2023-11-14,P103,48.0,37.68,0
2023-11-15,P103,51.0,37.67,0
2023-11-16,P103,45.0,37.66,0
2023-11-17,P103,47.0,37.65,0
2023-11-18,P103,23.0,37.65,0
2023-11-19,P103,8.0,37.64,0
2023-11-20,P103,55.0,37.63,0
2023-11-21,P103,49.0,37.62,0
2023-11-22,P103,46.0,37.62,0
2023-11-23,P103,44.0,37.61,0
2023-11-24,P103,50.0,37.6,0
2023-11-25,P103,30.0,37.59,0
2023-11-26,P103,10.0,37.59,0
2023-11-27,P103,50.0,37.58,0
2023-11-28,P103,59.0,37.57,0
2023-11-29,P103,42.0,37.56,0
2023-11-30,P103,61.0,37.56,0
2023-12-01,P103,61.0,37.55,0
2023-12-02,P103,19.0,37.54,0
2023-12-03,P103,11.0,37.54,0
2023-12-04,P103,47.0,37.53,0
2023-12-05,P103,52.0,37.52,0
2023-12-06,P103,50.0,37.51,0
2023-12-07,P103,56.0,37.51,0
2023-12-08,P103,48.0,37.5,0
2023-12-09,P103,48.0,37.49,1
2023-12-10,P103,11.0,37.49,0
2023-12-11,P103,55.0,37.48,0
2023-12-12,P103,47.0,37.47,0
2023-12-13,P103,44.0,37.47,0
2023-12-14,P103,130.0,37.46,1
2023-12-15,P103,46.0,37.46,0
2023-12-16,P103,-27.0,37.45,0
2023-12-17,P103,10.0,37.44,0
2023-12-18,P103,56.0,37.44,0
2023-12-19,P103,65.0,37.43,0
2023-12-20,P103,57.0,37.42,0
2023-12-21,P103,44.0,37.42,0
2023-12-22,P103,42.0,37.41,0
2023-12-23,P103,26.0,37.41,0
2023-12-24,P103,11.0,37.4,0
2023-12-25,P103,43.0,37.4,0
2023-12-26,P103,60.0,37.39,0
2023-12-27,P103,48.0,37.38,0
2023-12-28,P103,62.0,37.38,0
2023-12-29,P103,61.0,37.37,0
2023-12-30,P103,27.0,37.37,0
2023-12-31,P103,12.0,37.36,0
2024-01-01,P103,47.0,37.36,0
2024-01-02,P103,60.0,37.35,0
2024-01-03,P103,52.0,37.35,0
2024-01-04,P103,47.0,37.34,0
2024-01-05,P103,50.0,37.34,0
2024-01-06,P103,27.0,37.33,0
2024-01-07,P103,11.0,37.33,0
2024-01-08,P103,60.0,37.32,0
2024-01-09,P103,52.0,37.32,0
2024-01-10,P103,66.0,37.31,0
2024-01-11,P103,46.0,37.31,0
2024-01-12,P103,61.0,37.31,0
2024-01-13,P103,25.0,37.3,0
2024-01-14,P103,11.0,37.3,0
2024-01-15,P103,52.0,37.29,0
2024-01-16,P103,55.0,37.29,0
2024-01-17,P103,61.0,37.29,0
2024-01-18,P103,64.0,37.28,0
2024-01-19,P103,59.0,37.28,0
2024-01-20,P103,27.0,37.27,0
2024-01-21,P103,12.0,37.27,0
2024-01-22,P103,111.0,37.27,1
2024-01-23,P103,51.0,37.26,0
2024-01-24,P103,49.0,37.26,0
2024-01-25,P103,52.0,37.26,0
2024-01-26,P103,54.0,37.25,0
2024-01-27,P103,23.0,37.25,0
2024-01-28,P103,12.0,37.25,0
2024-01-29,P103,65.0,37.24,0
2024-01-30,P103,65.0,37.24,0
2024-01-31,P103,53.0,37.24,0
2024-02-01,P103,47.0,37.24,0
2024-02-02,P103,56.0,37.23,0
2024-02-03,P103,22.0,37.23,0
2024-02-04,P103,13.0,37.23,0
2024-02-05,P103,55.0,37.23,0
2024-02-06,P103,70.0,37.22,0
2024-02-07,P103,46.0,37.22,0
2024-02-08,P103,61.0,37.22,0
2024-02-09,P103,53.0,37.22,0
2024-02-10,P103,28.0,37.22,0
2024-02-11,P103,10.0,37.22,0
2024-02-12,P103,60.0,37.21,0
2024-02-13,P103,63.0,37.21,0
2024-02-14,P103,69.0,37.21,0
2024-02-15,P103,62.0,37.21,0
2024-02-16,P103,50.0,37.21,0
2024-02-17,P103,26.0,37.21,0
2024-02-18,P103,10.0,37.21,0
2024-02-19,P103,66.0,37.2,0
2024-02-20,P103,54.0,37.2,0
2024-02-21,P103,67.0,37.2,0
2024-02-22,P103,59.0,37.2,0
2024-02-23,P103,55.0,37.2,0
2024-02-24,P103,53.0,37.2,1
2024-02-25,P103,13.0,37.2,0
2024-02-26,P103,57.0,37.2,0
2024-02-27,P103,56.0,37.2,0
2024-02-28,P103,62.0,37.2,0
2024-02-29,P103,55.0,37.2,0
2024-03-01,P103,49.0,37.2,0
2024-03-02,P103,31.0,37.2,0
2024-03-03,P103,12.0,37.2,0
2024-03-04,P103,60.0,37.2,0
2024-03-05,P103,56.0,37.2,0
2024-03-06,P103,50.0,37.2,0
2024-03-07,P103,67.0,37.2,0
2024-03-08,P103,63.0,37.2,0
2024-03-09,P103,32.0,37.2,0
2024-03-10,P103,11.0,37.2,0
2024-03-11,P103,55.0,37.21,0
2024-03-12,P103,68.0,37.21,0
2024-03-13,P103,56.0,37.21,0
2024-03-14,P103,52.0,37.21,0
2024-03-15,P103,65.0,37.21,0
2024-03-16,P103,29.0,37.21,0
2024-03-17,P103,30.0,37.21,1
2024-03-18,P103,89.0,37.21,1
2024-03-19,P103,62.0,37.22,0
2024-03-20,P103,71.0,37.22,0
2024-03-21,P103,56.0,37.22,0
2024-03-22,P103,52.0,37.22,0
2024-03-23,P103,26.0,37.22,0
2024-03-24,P103,13.0,37.23,0
2024-03-25,P103,52.0,37.23,0
2024-03-26,P103,58.0,37.23,0
2024-03-27,P103,50.0,37.23,0
2024-03-28,P103,65.0,37.24,0
2024-03-29,P103,60.0,37.24,0
2024-03-30,P103,29.0,37.24,0
2024-03-31,P103,10.0,37.24,0
2024-04-01,P103,66.0,37.25,0
2024-04-02,P103,56.0,37.25,0
2024-04-03,P103,50.0,37.25,0
2024-04-04,P103,69.0,37.26,1
2024-04-05,P103,49.0,37.26,0
2024-04-06,P103,47.0,37.26,1
2024-04-07,P103,11.0,37.27,0
2024-04-08,P103,61.0,37.27,0
2024-04-09,P103,56.0,37.27,0
2024-04-10,P103,59.0,37.28,0
2024-04-11,P103,51.0,37.28,0
2024-04-12,P103,53.0,37.28,0
2024-04-13,P103,35.0,37.29,0
2024-04-14,P103,11.0,37.29,0
2024-04-15,P103,58.0,37.3,0
2024-04-16,P103,48.0,37.3,0
2024-04-17,P103,66.0,37.3,0
2024-04-18,P103,52.0,37.31,0
2024-04-19,P103,58.0,37.31,0
2024-04-20,P103,28.0,37.32,0
2024-04-21,P103,12.0,37.32,0
2024-04-22,P103,59.0,37.33,0
2024-04-23,P103,54.0,37.33,0
2024-04-24,P103,63.0,37.34,0
2024-04-25,P103,50.0,37.34,0
2024-04-26,P103,56.0,37.35,0
2024-04-27,P103,27.0,37.35,0
2024-04-28,P103,12.0,37.36,0
2024-04-29,P103,52.0,37.36,0
2024-04-30,P103,57.0,37.37,0
2024-05-01,P103,49.0,37.37,0
2024-05-02,P103,55.0,37.38,0
2024-05-03,P103,52.0,37.38,0
2024-05-04,P103,27.0,37.39,0
2024-05-05,P103,11.0,37.39,0
2024-05-06,P103,55.0,37.4,0
2024-05-07,P103,52.0,37.41,0
2024-05-08,P103,54.0,37.41,0
2024-05-09,P103,48.0,37.42,0
2024-05-10,P103,64.0,37.42,0
2024-05-11,P103,31.0,37.43,0
2024-05-12,P103,11.0,37.44,0
2024-05-13,P103,61.0,37.44,0
2024-05-14,P103,43.0,37.45,0
2024-05-15,P103,39.0,37.45,0
2024-05-16,P103,51.0,37.46,0
2024-05-17,P103,43.0,37.47,0
2024-05-18,P103,27.0,37.47,0
2024-05-19,P103,11.0,37.48,0
2024-05-20,P103,58.0,37.49,0
2024-05-21,P103,48.0,37.49,0
2024-05-22,P103,56.0,37.5,0
2024-05-23,P103,52.0,37.51,0
2024-05-24,P103,52.0,37.51,0
2024-05-25,P103,26.0,37.52,0
2024-05-26,P103,13.0,37.53,0
2024-05-27,P103,52.0,37.53,0
2024-05-28,P103,65.0,37.54,0
2024-05-29,P103,49.0,37.55,0
2024-05-30,P103,56.0,37.56,0
2024-05-31,P103,77.0,37.56,1
2024-06-01,P103,26.0,37.57,0
2024-06-02,P103,12.0,37.58,0
2024-06-03,P103,50.0,37.58,0
2024-06-04,P103,38.0,37.59,0
2024-06-05,P103,35.0,37.6,0
2024-06-06,P103,58.0,37.61,0
2024-06-07,P103,55.0,37.61,0
2024-06-08,P103,32.0,37.62,0
2024-06-09,P103,11.0,37.63,0
2024-06-10,P103,44.0,37.64,0
2024-06-11,P103,51.0,37.64,0
2024-06-12,P103,52.0,37.65,0
2024-06-13,P103,45.0,37.66,0
2024-06-14,P103,57.0,37.67,0
2024-06-15,P103,33.0,37.68,0
2024-06-16,P103,23.0,37.68,1
2024-06-17,P103,51.0,37.69,0
2024-06-18,P103,45.0,37.7,0
2024-06-19,P103,60.0,37.71,0
2024-06-20,P103,50.0,37.71,0
2024-06-21,P103,46.0,37.72,0
2024-06-22,P103,28.0,37.73,0
2024-06-23,P103,10.0,37.74,0
2024-06-24,P103,51.0,37.75,0
2024-06-25,P103,44.0,37.75,0
2024-06-26,P103,57.0,37.76,0
2024-06-27,P103,49.0,37.77,0
2024-06-28,P103,53.0,37.78,0
2024-06-29,P103,25.0,37.79,0
2024-06-30,P103,10.0,37.8,0
2024-07-01,P103,43.0,37.8,0
2024-07-02,P103,56.0,37.81,0
2024-07-03,P103,46.0,37.82,0
2024-07-04,P103,46.0,37.83,0
2024-07-05,P103,47.0,37.84,0
2024-07-06,P103,26.0,37.85,0
2024-07-07,P103,8.0,37.85,0
2024-07-08,P103,48.0,37.86,0
2024-07-09,P103,56.0,37.87,0
2024-07-10,P103,48.0,37.88,0
2024-07-11,P103,47.0,37.89,0
2024-07-12,P103,47.0,37.9,0
2024-07-13,P103,25.0,37.9,0
2024-07-14,P103,9.0,37.91,0
2024-07-15,P103,49.0,37.92,0
2024-07-16,P103,56.0,37.93,0
2024-07-17,P103,44.0,37.94,0
2024-07-18,P103,46.0,37.95,0
2024-07-19,P103,39.0,37.95,0
2024-07-20,P103,28.0,37.96,0
2024-07-21,P103,10.0,37.97,0
2024-07-22,P103,44.0,37.98,0
2024-07-23,P103,51.0,37.99,0
2024-07-24,P103,71.0,38.0,1
2024-07-25,P103,42.0,38.01,0
2024-07-26,P103,38.0,38.01,0
2024-07-27,P103,22.0,38.02,0
2024-07-28,P103,11.0,38.03,0
2024-07-29,P103,44.0,38.04,0
2024-07-30,P103,52.0,38.05,0
2024-07-31,P103,44.0,38.06,0
2024-08-01,P103,52.0,38.06,0
2024-08-02,P103,40.0,38.07,0
2024-08-03,P103,25.0,38.08,0
2024-08-04,P103,10.0,38.09,0
2024-08-05,P103,60.0,38.1,0
2024-08-06,P103,53.0,38.11,0
2024-08-07,P103,46.0,38.11,0
2024-08-08,P103,51.0,38.12,0
2024-08-09,P103,56.0,38.13,0
2024-08-10,P103,20.0,38.14,0
2024-08-11,P103,9.0,38.15,0
2024-08-12,P103,46.0,38.16,0
2024-08-13,P103,47.0,38.16,0
2024-08-14,P103,47.0,38.17,0
2024-08-15,P103,40.0,38.18,0
2024-08-16,P103,52.0,38.19,0
2024-08-17,P103,21.0,38.2,0
2024-08-18,P103,10.0,38.2,0
2024-08-19,P103,53.0,38.21,0
2024-08-20,P103,49.0,38.22,0
2024-08-21,P103,43.0,38.23,0
2024-08-22,P103,40.0,38.24,0
2024-08-23,P103,44.0,38.24,0
2024-08-24,P103,23.0,38.25,0
2024-08-25,P103,10.0,38.26,0
2024-08-26,P103,40.0,38.27,0
2024-08-27,P103,54.0,38.27,0
2024-08-28,P103,49.0,38.28,0
2024-08-29,P103,48.0,38.29,0
2024-08-30,P103,52.0,38.3,0
2024-08-31,P103,24.0,38.3,0
2024-09-01,P103,9.0,38.31,0
2024-09-02,P103,45.0,38.32,0
2024-09-03,P103,48.0,38.33,0
2024-09-04,P103,48.0,38.33,0
2024-09-05,P103,43.0,38.34,0
2024-09-06,P103,35.0,38.35,0
2024-09-07,P103,23.0,38.36,0
2024-09-08,P103,10.0,38.36,0
2024-09-09,P103,48.0,38.37,0
2024-09-10,P103,56.0,38.38,0
2024-09-11,P103,59.0,38.38,0
2024-09-12,P103,51.0,38.39,0
2024-09-13,P103,52.0,38.4,0
2024-09-14,P103,27.0,38.41,0
2024-09-15,P103,12.0,38.41,0
2024-09-16,P103,58.0,38.42,0
2024-09-17,P103,55.0,38.43,0
2024-09-18,P103,53.0,38.43,0
2024-09-19,P103,47.0,38.44,0
2024-09-20,P103,45.0,38.44,0
2024-09-21,P103,24.0,38.45,0
2024-09-22,P103,11.0,38.46,0
2024-09-23,p103 ,44.0,38.46,0
2024-09-24,P103,49.0,38.47,0
2024-09-25,P103,36.0,38.48,0
2024-09-26,P103,57.0,38.48,0
2024-09-27,P103,45.0,38.49,0
2024-09-28,P103,26.0,38.49,0
2024-09-29,P103,12.0,38.5,0
2024-09-30,P103,50.0,38.51,0
2024-10-01,P103,58.0,38.51,0
2024-10-02,P103,43.0,38.52,0
2024-10-03,P103,61.0,38.52,0
2024-10-04,P103,52.0,38.53,0
2024-10-05,P103,26.0,38.53,0
2024-10-06,P103,12.0,38.54,0
2024-10-07,P103,78.0,38.55,1
2024-10-08,P103,74.0,38.55,1
2024-10-09,P103,58.0,38.56,0
2024-10-10,P103,39.0,38.56,0
2024-10-11,P103,49.0,38.57,0
2024-10-12,P103,27.0,38.57,0
2024-10-13,P103,12.0,38.58,0
2024-10-14,P103,64.0,38.58,1
2024-10-15,P103,60.0,38.59,0
2024-10-16,P103,47.0,38.59,0
2024-10-17,P103,47.0,38.6,0
2024-10-18,P103,41.0,38.6,0
2024-10-19,P103,23.0,38.6,0
2024-10-20,P103,11.0,38.61,0
2024-10-21,P103,44.0,38.61,0
2024-10-22,P103,56.0,38.62,0
2024-10-23,P103,47.0,38.62,0
2024-10-24,P103,43.0,38.63,0
2024-10-25,P103,45.0,38.63,0
2024-10-26,P103,27.0,38.63,0
2024-10-27,P103,10.0,38.64,0
2024-10-28,P103,51.0,38.64,0
2024-10-29,P103,57.0,38.64,0
2024-10-30,P103,58.0,38.65,0
2024-10-31,P103,49.0,38.65,0
2024-11-01,P103,42.0,38.66,0
2024-11-02,P103,27.0,38.66,0
2024-11-03,P103,11.0,38.66,0
2024-11-04,P103,43.0,38.67,0
2024-11-05,P103,48.0,38.67,0
2024-11-06,P103,48.0,38.67,0
2024-11-07,P103,50.0,38.67,0
2024-11-08,P103,45.0,38.68,0
2024-11-09,P103,29.0,38.68,0
2024-11-10,P103,9.0,38.68,0
2024-11-11,P103,43.0,38.68,0
2024-11-12,P103,52.0,38.69,0
2024-11-13,P103,52.0,38.69,0
2024-11-14,P103,43.0,38.69,0
2024-11-15,P103,46.0,38.69,0
2024-11-16,P103,26.0,38.7,0
2024-11-17,P103,10.0,38.7,0
2024-11-18,P103,101.0,38.7,1
2024-11-19,P103,51.0,38.7,0
2024-11-20,P103,62.0,38.7,0
2024-11-21,P103,55.0,38.7,0
2024-11-22,P103,84.0,38.71,1
2024-11-23,P103,28.0,38.71,0
2024-11-24,P103,11.0,38.71,0
2024-11-25,P103,60.0,38.71,0
2024-11-26,P103,52.0,38.71,0
2024-11-27,P103,59.0,38.71,0
2024-11-28,P103,53.0,38.71,0
2024-11-29,P103,59.0,38.71,0
2024-11-30,P103,32.0,38.72,0
2024-12-01,P103,11.0,38.72,0
2024-12-02,P103,52.0,38.72,0
2024-12-03,P103,59.0,38.72,0
2024-12-04,P103,54.0,38.72,0
2024-12-05,P103,64.0,38.72,0
2024-12-06,P103,52.0,38.72,0
2024-12-07,P103,27.0,38.72,0
2024-12-08,P103,11.0,38.72,0
2024-12-09,P103,47.0,38.72,0
2024-12-10,P103,60.0,38.72,0
2024-12-11,P103,51.0,38.72,0
2024-12-12,P103,133.0,38.72,1
2024-12-13,P103,44.0,38.72,0
2024-12-14,P103,29.0,38.72,0
2024-12-15,P103,13.0,38.72,0
2024-12-16,P103,42.0,38.72,0
2024-12-17,P103,70.0,38.71,0
2024-12-18,P103,54.0,38.71,0
2024-12-19,P103,56.0,38.71,0
2024-12-20,P103,56.0,38.71,0
2024-12-21,P103,31.0,38.71,0
2024-12-22,P103,12.0,38.71,0
2024-12-23,P103,62.0,38.71,0
2024-12-24,P103,61.0,38.71,0
2024-12-25,P103,68.0,38.7,0
2024-12-26,P103,59.0,38.7,0
2024-12-27,P103,65.0,38.7,0
2024-12-28,P103,32.0,38.7,0
2024-12-29,P103,9.0,38.7,0
2024-12-30,P103,73.0,38.7,0
2024-12-31,P103,55.0,38.69,0
2025-01-01,P103,67.0,38.69,0
2025-01-02,P103,56.0,38.69,0
2025-01-03,P103,60.0,38.69,0
2025-01-04,P103,27.0,38.68,0
2025-01-05,P103,13.0,38.68,0
2025-01-06,P103,55.0,38.68,0
2025-01-07,P103,70.0,38.68,0
2025-01-08,P103,61.0,38.67,0
2025-01-09,P103,63.0,38.67,0
2025-01-10,P103,41.0,38.67,0
2025-01-11,P103,30.0,38.66,0
2025-01-12,P103,12.0,38.66,0
2025-01-13,P103,59.0,38.66,0
2025-01-14,P103,66.0,38.65,0
2025-01-15,P103,56.0,38.65,0
2025-01-16,P103,58.0,38.65,0
2025-01-17,P103,97.0,38.64,1
2025-01-18,P103,23.0,38.64,0
2025-01-19,P103,13.0,38.64,0
2025-01-20,P103,56.0,38.63,0
2025-01-21,P103,54.0,38.63,0
2025-01-22,P103,61.0,38.62,0
2025-01-23,P103,66.0,38.62,0
2025-01-24,P103,61.0,38.62,0
2025-01-25,P103,30.0,38.61,0
2025-01-26,P103,13.0,38.61,0
2025-01-27,P103,64.0,38.6,0
2025-01-28,P103,60.0,38.6,0
2025-01-29,P103,55.0,38.59,0
2025-01-30,P103,54.0,38.59,0
2025-01-31,P103,61.0,38.58,0
2025-02-01,P103,30.0,38.58,0
2025-02-02,P103,11.0,38.58,0
2025-02-03,P103,48.0,38.57,0
2025-02-04,P103,67.0,38.57,0
2025-02-05,P103,56.0,38.56,0
2025-02-06,P103,61.0,38.55,0
2025-02-07,P103,63.0,38.55,0
2025-02-08,P103,26.0,38.54,0
2025-02-09,P103,12.0,38.54,0
2025-02-10,P103,58.0,38.53,0
2025-02-11,P103,64.0,38.53,0
2025-02-12,P103,69.0,38.52,0
2025-02-13,P103,50.0,38.52,0
2025-02-14,P103,59.0,38.51,0
2025-02-15,P103,34.0,38.5,0
2025-02-16,P103,12.0,38.5,0
2025-02-17,P103,59.0,38.49,0
2025-02-18,P103,65.0,38.49,0
2025-02-19,P103,63.0,38.48,0
2025-02-20,P103,63.0,38.47,0
2025-02-21,P103,60.0,38.47,0
2025-02-22,P103,28.0,38.46,0
2025-02-23,P103,14.0,38.46,0
2025-02-24,P103,67.0,38.45,0
2025-02-25,P103,63.0,38.44,0
2025-02-26,P103,51.0,38.44,0
2025-02-27,P103,58.0,38.43,0
2025-02-28,P103,57.0,38.42,0
2025-03-01,P103,27.0,38.42,0
2025-03-02,P103,12.0,38.41,0
2025-03-03,P103,50.0,38.4,0
2025-03-04,P103,66.0,38.4,0
2025-03-05,P103,62.0,38.39,0
2025-03-06,P103,48.0,38.38,0
2025-03-07,P103,58.0,38.38,0
2025-03-08,P103,31.0,38.37,0
2025-03-09,P103,13.0,38.36,0
2025-03-10,P103,57.0,38.35,0
2025-03-11,P103,56.0,38.35,0
2025-03-12,P103,56.0,38.34,0
2025-03-13,P103,56.0,38.33,0
2025-03-14,P103,56.0,38.32,0
2025-03-15,P103,31.0,38.32,0
2025-03-16,P103,12.0,38.31,0
2025-03-17,P103,57.0,38.3,0
2025-03-18,P103,59.0,38.29,0
2025-03-19,P103,77.0,38.29,0
2025-03-20,P103,54.0,38.28,0
2025-03-21,P103,53.0,38.27,0
2025-03-22,P103,42.0,38.26,0
2025-03-23,P103,13.0,38.26,0
2025-03-24,P103,50.0,38.25,0
2025-03-25,P103,67.0,38.24,0
2025-03-26,P103,54.0,38.23,0
2025-03-27,P103,65.0,38.23,0
2025-03-28,P103,55.0,38.22,0
2025-03-29,P103,29.0,38.21,0
2025-03-30,P103,14.0,38.2,0
2025-03-31,P103,63.0,38.19,0
2025-04-01,P103,68.0,38.19,0
2025-04-02,P103,63.0,38.18,0
2025-04-03,P103,56.0,38.17,0
2025-04-04,P103,59.0,38.16,0
2025-04-05,P103,35.0,38.15,0
2025-04-06,P103,12.0,38.14,0
2025-04-07,P103,70.0,38.14,0
2025-04-08,P103,67.0,38.13,0
2025-04-09,P103,61.0,38.12,0
2025-04-10,P103,60.0,38.11,0
2025-04-11,P103,56.0,38.1,0
2025-04-12,P103,26.0,38.1,0
2025-04-13,P103,12.0,38.09,0
2025-04-14,P103,60.0,38.08,0
2025-04-15,P103,58.0,38.07,0
2025-04-16,P103,62.0,38.06,0
2025-04-17,P103,58.0,38.05,0
2025-04-18,P103,60.0,38.05,0
2025-04-19,P103,32.0,38.04,0
2025-04-20,P103,12.0,38.03,0
2025-04-21,P103,49.0,38.02,0
2025-04-22,P103,72.0,38.01,0
2025-04-23,P103,58.0,38.0,0
2025-04-24,P103,57.0,37.99,0
2025-04-25,P103,52.0,37.99,0
2025-04-26,P103,46.0,37.98,1
2025-04-27,P103,14.0,37.97,0
2025-04-28,P103,66.0,37.96,0
2025-04-29,P103,63.0,37.95,0
2025-04-30,P103,58.0,37.94,0
2025-05-01,P103,61.0,37.94,0
2025-05-02,P103,118.0,37.93,1
2025-05-03,P103,29.0,37.92,0
2025-05-04,P103,12.0,37.91,0
2025-05-05,P103,54.0,37.9,0
2025-05-06,P103,61.0,37.89,0
2025-05-07,P103,59.0,37.89,0
2025-05-08,P103,60.0,37.88,0
2025-05-09,P103,50.0,37.87,0
2025-05-10,P103,32.0,37.86,0
2025-05-11,P103,11.0,37.85,0
2025-05-12,P103,53.0,37.84,0
2025-05-13,P103,55.0,37.83,0
2025-05-14,P103,51.0,37.83,0
2025-05-15,P103,62.0,37.82,0
2025-05-16,P103,47.0,37.81,0
2025-05-17,P103,27.0,37.8,0
2025-05-18,P103,13.0,37.79,0
2025-05-19,P103,52.0,37.79,0
2025-05-20,P103,57.0,37.78,0
2025-05-21,P103,78.0,37.77,1
2025-05-22,P103,60.0,37.76,0
2025-05-23,P103,57.0,37.75,0
2025-05-24,P103,31.0,37.74,0
2025-05-25,P103,12.0,37.74,0
2025-05-26,P103,56.0,37.73,0
2025-05-27,P103,54.0,37.72,0
2025-05-28,P103,51.0,37.71,0
2025-05-29,P103,62.0,37.7,0
2025-05-30,P103,56.0,37.7,0
2025-05-31,P103,26.0,37.69,0
2025-06-01,P103,11.0,37.68,0
2025-06-02,P103,53.0,37.67,0
2025-06-03,P103,50.0,37.67,0
2025-06-04,P103,57.0,37.66,0
2025-06-05,P103,51.0,37.65,0
2025-06-06,P103,46.0,37.64,0
2025-06-07,P103,24.0,37.63,0
2025-06-08,P103,9.0,37.63,0
2025-06-09,P103,52.0,37.62,0
2025-06-10,P103,56.0,37.61,0
2025-06-11,P103,50.0,37.6,0
2025-06-12,P103,57.0,37.6,0
2025-06-13,P103,50.0,37.59,0
2025-06-14,P103,30.0,37.58,0
2025-06-15,P103,23.0,37.57,1
2025-06-16,P103,49.0,37.57,0
2025-06-17,P103,56.0,37.56,0
2025-06-18,P103,47.0,37.55,0
2025-06-19,P103,56.0,37.55,0
2025-06-20,P103,45.0,37.54,0
2025-06-21,P103,30.0,37.53,0
2025-06-22,P103,11.0,37.53,0
2025-06-23,P103,59.0,37.52,0
2025-06-24,P103,48.0,37.51,0
2025-06-25,P103,92.0,37.5,1
2025-06-26,P103,54.0,37.5,0
2025-06-27,P103,56.0,37.49,0
2025-06-28,P103,32.0,37.48,0
2025-06-29,P103,11.0,37.48,0
2025-06-30,P103,63.0,37.47,0
2025-07-01,P103,53.0,37.46,0
2025-07-02,P103,60.0,37.46,0
2025-07-03,P103,46.0,37.45,0
2025-07-04,P103,51.0,37.45,0
2025-07-05,P103,20.0,37.44,0
2025-07-06,P103,9.0,37.43,0
2025-07-07,P103,55.0,37.43,0
2025-07-08,P103,46.0,37.42,0
2025-07-09,P103,55.0,37.42,0
2025-07-10,P103,56.0,37.41,0
2025-07-11,P103,46.0,37.4,0
2025-07-12,P103,24.0,37.4,0
2025-07-13,P103,10.0,37.39,0
2025-07-14,P103,46.0,37.39,0
2025-07-15,P103,53.0,37.38,0
2025-07-16,P103,53.0,37.38,0
2025-07-17,P103,49.0,37.37,0
2025-07-18,P103,57.0,37.37,0
2025-07-19,P103,24.0,37.36,0
2025-07-20,P103,12.0,37.36,0
2025-07-21,P103,45.0,37.35,0
2025-07-22,P103,53.0,37.35,0
2025-07-23,P103,59.0,37.34,0
2025-07-24,P103,57.0,37.34,0
2025-07-25,P103,46.0,37.33,0
2025-07-26,P103,28.0,37.33,0
2025-07-27,P103,11.0,37.32,0
2025-07-28,P103,48.0,37.32,0
2025-07-29,P103,56.0,37.31,0
2025-07-30,P103,62.0,37.31,0
2025-07-31,P103,53.0,37.3,0
2025-08-01,P103,51.0,37.3,0
2025-08-02,P103,28.0,37.3,0
2025-08-03,P103,9.0,37.29,0
2025-08-04,P103,53.0,37.29,0
2025-08-05,P103,46.0,37.28,0
2025-08-06,P103,48.0,37.28,0
2025-08-07,P103,105.0,37.28,1
2025-08-08,P103,46.0,37.27,0
2025-08-09,P103,24.0,37.27,0
2025-08-10,P103,12.0,37.27,0
2025-08-11,P103,45.0,37.26,0
2025-08-12,P103,49.0,37.26,0
2025-08-13,P103,58.0,37.26,0
2025-08-14,P103,50.0,37.25,0
2025-08-15,P103,39.0,37.25,0
2025-08-16,P103,28.0,37.25,0
2025-08-17,P103,10.0,37.24,0
2025-08-18,P103,58.0,37.24,0
2025-08-19,P103,48.0,37.24,0
2025-08-20,P103,57.0,37.24,0
2025-08-21,P103,59.0,37.23,0
2025-08-22,P103,78.0,37.23,1
2025-08-23,P103,25.0,37.23,0
2025-08-24,P103,11.0,37.23,0
2025-08-25,P103,45.0,37.22,0
2025-08-26,P103,53.0,37.22,0
2025-08-27,P103,50.0,37.22,0
2025-08-28,P103,48.0,37.22,0
2025-08-29,P103,47.0,37.22,0
2025-08-30,P103,26.0,37.21,0
2025-08-31,P103,11.0,37.21,0
2025-09-01,P103,47.0,37.21,0
2025-09-02,P103,49.0,37.21,0
2025-09-03,P103,50.0,37.21,0
2025-09-04,P103,49.0,37.21,0
2025-09-05,P103,45.0,37.21,0
2025-09-06,P103,27.0,37.21,0
2025-09-07,P103,8.0,37.2,0
2025-09-08,P103,46.0,37.2,0
2025-09-09,P103,50.0,37.2,0
2025-09-10,P103,46.0,37.2,0
2025-09-11,P103,59.0,37.2,0
2025-09-12,P103,47.0,37.2,0
2025-09-13,P103,27.0,37.2,0
2025-09-14,P103,10.0,37.2,0
2025-09-15,P103,50.0,37.2,0
2025-09-16,P103,45.0,37.2,0
2025-09-17,P103,50.0,37.2,0
2025-09-18,P103,45.0,37.2,0
2025-09-19,P103,46.0,37.2,0
2025-09-20,P103,19.0,37.2,0
2025-09-21,P103,9.0,37.2,0
2025-09-22,P103,59.0,37.2,0
2025-09-23,P103,57.0,37.2,0
2025-09-24,P103,59.0,37.2,0
2025-09-25,P103,58.0,37.2,0
2025-09-26,P103,51.0,37.2,0
2025-09-27,P103,25.0,37.2,0
2025-09-28,P103,9.0,37.21,0
2025-09-29,P103,57.0,37.21,0
2025-09-30,P103,53.0,37.21,0
2025-10-01,P103,66.0,37.21,0
2025-10-02,P103,49.0,37.21,0
2025-10-03,P103,59.0,37.21,0
2025-10-04,P103,26.0,37.21,0
2025-10-05,P103,12.0,37.22,0
2025-10-06,P103,61.0,37.22,0
2025-10-07,P103,47.0,37.22,0
2025-10-08,P103,50.0,37.22,0
2025-10-09,P103,45.0,37.22,0
2025-10-10,P103,42.0,37.23,0
2025-10-11,P103,29.0,37.23,0
2025-10-12,P103,10.0,37.23,0
2025-10-13,P103,52.0,37.23,0
2025-10-14,P103,57.0,37.23,0
2025-10-15,P103,42.0,37.24,0
2025-10-16,P103,59.0,37.24,0
2025-10-17,P103,47.0,37.24,0
2025-10-18,P103,29.0,37.25,0
2025-10-19,P103,12.0,37.25,0
2025-10-20,P103,60.0,37.25,0
2025-10-21,P103,107.0,37.25,1
2025-10-22,P103,41.0,37.26,0
2025-10-23,P103,52.0,37.26,0
2025-10-24,P103,51.0,37.26,0
2025-10-25,P103,24.0,37.27,0
2025-10-26,P103,11.0,37.27,0
2025-10-27,P103,51.0,37.28,0
2025-10-28,P103,47.0,37.28,0
2025-10-29,P103,58.0,37.28,0
2025-10-30,P103,49.0,37.29,0
2025-10-31,P103,48.0,37.29,0
2025-11-01,P103,26.0,37.29,0
2025-11-02,P103,13.0,37.3,0
2025-11-03,P103,53.0,37.3,0
2025-11-04,P103,56.0,37.31,0
2025-11-05,P103,52.0,37.31,0
2025-11-06,P103,56.0,37.32,0
2025-11-07,P103,58.0,37.32,0
2025-11-08,P103,30.0,37.32,0
2025-11-09,P103,12.0,37.33,0
2025-11-10,P103,58.0,37.33,0
2025-11-11,P103,48.0,37.34,0
2025-11-12,P103,50.0,37.34,0
2025-11-13,P103,53.0,37.35,0
2025-11-14,P103,47.0,37.35,0
2025-11-15,P103,25.0,37.36,0
2025-11-16,P103,9.0,37.36,0
2025-11-17,P103,47.0,37.37,0
2025-11-18,P103,55.0,37.38,0
2025-11-19,P103,56.0,37.38,0
2025-11-20,P103,50.0,37.39,0
2025-11-21,P103,53.0,37.39,0
2025-11-22,P103,27.0,37.4,0
2025-11-23,P103,13.0,37.4,0
2025-11-24,P103,55.0,37.41,0
2025-11-25,P103,62.0,37.41,0
2025-11-26,P103,58.0,37.42,0
2025-11-27,P103,47.0,37.43,0
2025-11-28,P103,52.0,37.43,0
2025-11-29,P103,25.0,37.44,0
2025-11-30,P103,12.0,37.44,0
2025-12-01,P103,52.0,37.45,0
2025-12-02,P103,61.0,37.46,0
2025-12-03,P103,49.0,37.46,0
2025-12-04,P103,56.0,37.47,0
2025-12-05,P103,57.0,37.48,0
2025-12-06,P103,32.0,37.48,0
2025-12-07,P103,11.0,37.49,0
2025-12-08,P103,57.0,37.5,0
2025-12-09,P103,61.0,37.5,0
2025-12-10,P103,68.0,37.51,0
2025-12-11,P103,48.0,37.52,0
2025-12-12,P103,49.0,37.52,0
2025-12-13,P103,39.0,37.53,0
2025-12-14,P103,12.0,37.54,0
2025-12-15,P103,46.0,37.54,0
2025-12-16,P103,56.0,37.55,0
2025-12-17,P103,41.0,37.56,0
2025-12-18,P103,59.0,37.57,0
2025-12-19,P103,60.0,37.57,0
2025-12-20,P103,47.0,37.58,1
2025-12-21,P103,11.0,37.59,0
2025-12-22,P103,64.0,37.6,0
2025-12-23,P103,49.0,37.6,0
2025-12-24,P103,103.0,37.61,1
2025-12-25,P103,57.0,37.62,0
2025-12-26,P103,51.0,37.63,0
2025-12-27,P103,30.0,37.63,0
2025-12-28,P103,11.0,37.64,0
2025-12-29,P103,61.0,37.65,0
2025-12-30,P103,60.0,37.66,0
2025-12-31,P103,64.0,37.66,0
2023-01-01,P104,19.0,76.31,0
2023-01-02,P104,97.0,76.33,0
2023-01-03,P104,108.0,76.35,0
2023-01-04,P104,108.0,76.36,0
2023-01-05,P104,94.0,76.38,0
2023-01-06,P104,114.0,76.4,0
2023-01-07,P104,55.0,76.42,0
2023-01-08,P104,22.0,76.43,0
2023-01-09,P104,120.0,76.45,0
2023-01-10,P104,100.0,76.47,0
2023-01-11,P104,102.0,76.48,0
2023-01-12,P104,86.0,76.5,0
2023-01-13,P104,94.0,76.52,0
2023-01-14,P104,44.0,76.53,0
2023-01-15,P104,23.0,76.55,0
2023-01-16,P104,106.0,76.57,0
2023-01-17,P104,102.0,76.58,0
2023-01-18,P104,102.0,76.6,0
2023-01-19,P104,109.0,76.62,0
2023-01-20,P104,84.0,76.63,0
2023-01-21,P104,54.0,76.65,0
2023-01-22,P104,23.0,76.67,0
2023-01-23,P104,82.0,76.68,0
2023-01-24,P104,114.0,76.7,0
2023-01-25,P104,85.0,76.72,0
2023-01-26,P104,100.0,76.73,0
2023-01-27,P104,84.0,76.75,0
2023-01-28,P104,61.0,76.77,0
2023-01-29,P104,19.0,76.78,0
2023-01-30,P104,84.0,76.8,0
2023-01-31,P104,108.0,76.81,0
2023-02-01,P104,99.0,76.83,0
2023-02-02,P104,85.0,76.85,0
2023-02-03,P104,102.0,76.86,0
2023-02-04,P104,41.0,76.88,0
2023-02-05,P104,19.0,76.89,0
2023-02-06,P104,96.0,76.91,0
2023-02-07,P104,116.0,76.92,0
2023-02-08,P104,119.0,76.94,0
2023-02-09,P104,114.0,76.95,0
2023-02-10,P104,95.0,76.97,0
2023-02-11,P104,39.0,76.99,0
2023-02-12,P104,22.0,77.0,0
2023-02-13,P104,119.0,77.02,0
2023-02-14,P104,120.0,77.03,0
2023-02-15,P104,109.0,77.05,0
2023-02-16,P104,88.0,77.06,0
2023-02-17,P104,91.0,77.08,0
2023-02-18,P104,64.0,77.09,0
2023-02-19,P104,18.0,77.1,0
2023-02-20,P104,89.0,77.12,0
2023-02-21,P104,117.0,77.13,0
2023-02-22,P104,99.0,77.15,0
2023-02-23,P104,88.0,77.16,0
2023-02-24,P104,112.0,77.18,0
2023-02-25,P104,55.0,77.19,0
2023-02-26,P104,20.0,77.2,0
2023-02-27,P104,89.0,77.22,0
2023-02-28,P104,129.0,77.23,0
2023-03-01,P104,103.0,77.24,0
2023-03-02,P104,116.0,77.26,0
2023-03-03,P104,105.0,77.27,0
2023-03-04,P104,49.0,77.28,0
2023-03-05,P104,43.0,77.3,1
2023-03-06,P104,117.0,77.31,0
2023-03-07,P104,121.0,77.32,0
2023-03-08,P104,81.0,77.34,0
2023-03-09,P104,106.0,77.35,0
2023-03-10,P104,94.0,77.36,0
2023-03-11,P104,46.0,77.37,0
2023-03-12,P104,21.0,77.38,0
2023-03-13,P104,85.0,77.4,0
2023-03-14,P104,98.0,77.41,0
2023-03-15,P104,93.0,77.42,0
2023-03-16,P104,93.0,77.43,0
2023-03-17,P104,93.0,77.44,0
2023-03-18,P104,46.0,77.46,0
2023-03-19,P104,24.0,77.47,0
2023-03-20,P104,105.0,77.48,0
2023-03-21,P104,123.0,77.49,0
2023-03-22,P104,187.0,77.5,1
2023-03-23,P104,92.0,77.51,0
2023-03-24,P104,111.0,77.52,0
2023-03-25,P104,48.0,77.53,0
2023-03-26,P104,41.0,77.54,1
2023-03-27,P104,106.0,77.55,0
2023-03-28,P104,88.0,77.56,0
2023-03-29,P104,108.0,77.57,0
2023-03-30,P104,103.0,77.58,0
2023-03-31,P104,105.0,77.59,0
2023-04-01,P104,56.0,77.6,0
2023-04-02,P104,23.0,77.61,0
2023-04-03,P104,189.0,77.62,1
2023-04-04,P104,91.0,77.63,0
2023-04-05,P104,121.0,77.63,0
2023-04-06,P104,80.0,77.64,0
2023-04-07,P104,77.0,77.65,0
2023-04-08,P104,53.0,77.66,0
2023-04-09,P104,23.0,77.67,0
2023-04-10,P104,98.0,77.67,0
2023-04-11,P104,110.0,77.68,0
2023-04-12,P104,76.0,77.69,0
2023-04-13,P104,89.0,77.7,0
2023-04-14,P104,71.0,77.7,0
2023-04-15,P104,53.0,77.71,0
2023-04-16,P104,16.0,77.72,0
2023-04-17,P104,81.0,77.72,0
2023-04-18,P104,103.0,77.73,0
2023-04-19,P104,107.0,77.74,0
2023-04-20,P104,91.0,77.74,0
2023-04-21,P104,94.0,77.75,0
2023-04-22,P104,90.0,77.75,1
2023-04-23,P104,19.0,77.76,0
2023-04-24,P104,82.0,77.77,0
2023-04-25,P104,103.0,77.77,0
2023-04-26,P104,101.0,77.78,0
2023-04-27,P104,101.0,77.78,0
2023-04-28,P104,90.0,77.78,0
2023-04-29,P104,42.0,77.79,0
2023-04-30,P104,21.0,77.79,0
2023-05-01,P104,92.0,77.8,0
2023-05-02,P104,90.0,77.8,0
2023-05-03,P104,90.0,77.81,0
2023-05-04,P104,84.0,77.81,0
2023-05-05,P104,94.0,77.81,0
2023-05-06,P104,40.0,77.82,0
2023-05-07,P104,17.0,77.82,0
2023-05-08,P104,87.0,77.82,0
2023-05-09,P104,110.0,77.82,0
2023-05-10,P104,102.0,77.83,0
2023-05-11,P104,73.0,77.83,0
2023-05-12,P104,97.0,77.83,0
2023-05-13,P104,53.0,77.83,0
2023-05-14,P104,16.0,77.83,0
2023-05-15,P104,64.0,77.84,0
2023-05-16,P104,91.0,77.84,0
2023-05-17,P104,101.0,77.84,0
2023-05-18,P104,103.0,77.84,0
2023-05-19,P104,75.0,77.84,0
2023-05-20,P104,55.0,77.84,0
2023-05-21,P104,14.0,77.84,0
2023-05-22,P104,84.0,77.84,0
2023-05-23,P104,87.0,77.84,0
2023-05-24,P104,100.0,77.84,0
2023-05-25,P104,99.0,77.84,0
2023-05-26,P104,91.0,77.84,0
2023-05-27,P104,38.0,77.84,0
2023-05-28,P104,20.0,77.84,0
2023-05-29,P104,91.0,77.84,0
2023-05-30,P104,73.0,77.83,0
2023-05-31,P104,68.0,77.83,0
2023-06-01,P104,95.0,77.83,0
2023-06-02,P104,79.0,77.83,0
2023-06-03,P104,38.0,77.83,0
2023-06-04,P104,17.0,77.83,0
2023-06-05,P104,89.0,77.82,0
2023-06-06,P104,87.0,77.82,0
2023-06-07,P104,72.0,77.82,0
2023-06-08,P104,101.0,77.81,0
2023-06-09,P104,89.0,77.81,0
2023-06-10,P104,42.0,77.81,0
2023-06-11,P104,33.0,77.8,1
2023-06-12,P104,87.0,77.8,0
2023-06-13,P104,76.0,77.8,0
2023-06-14,P104,88.0,77.79,0
2023-06-15,P104,71.0,77.79,0
2023-06-16,P104,78.0,77.78,0
2023-06-17,P104,38.0,77.78,0
2023-06-18,P104,15.0,77.77,0
2023-06-19,P104,98.0,77.77,0
2023-06-20,P104,87.0,77.76,0
2023-06-21,P104,86.0,77.76,0
2023-06-22,P104,64.0,77.75,0
2023-06-23,P104,73.0,77.75,0
2023-06-24,P104,45.0,77.74,0
2023-06-25,P104,17.0,77.73,0
2023-06-26,P104,63.0,77.73,0
2023-06-27,P104,87.0,77.72,0
2023-06-28,P104,87.0,77.72,0
2023-06-29,P104,93.0,77.71,0
2023-06-30,P104,72.0,77.7,0
2023-07-01,P104,32.0,77.69,0
2023-07-02,P104,15.0,77.69,0
2023-07-03,P104,72.0,77.68,0
2023-07-04,P104,91.0,77.67,0
2023-07-05,P104,58.0,77.66,0
2023-07-06,P104,77.0,77.66,0
2023-07-07,P104,89.0,77.65,0
2023-07-08,P104,42.0,77.64,0
2023-07-09,P104,18.0,77.63,0
2023-07-10,P104,66.0,77.62,0
2023-07-11,P104,69.0,77.61,0
2023-07-12,P104,95.0,77.61,0
2023-07-13,P104,81.0,77.6,0
2023-07-14,P104,77.0,77.59,0
2023-07-15,P104,37.0,77.58,0
2023-07-16,P104,17.0,77.57,0
2023-07-17,P104,71.0,77.56,0
2023-07-18,P104,168.0,77.55,1
2023-07-19,p104 ,107.0,77.54,0
2023-07-20,P104,84.0,77.53,0
2023-07-21,P104,71.0,77.52,0
2023-07-22,P104,30.0,77.51,0
2023-07-23,P104,14.0,77.5,0
2023-07-24,P104,94.0,77.49,0
2023-07-25,P104,74.0,77.47,0
2023-07-26,P104,79.0,77.46,0
2023-07-27,P104,85.0,77.45,0
2023-07-28,P104,88.0,77.44,0
2023-07-29,P104,41.0,77.43,0
2023-07-30,P104,16.0,77.42,0
2023-07-31,P104,81.0,77.41,0
2023-08-01,P104,78.0,77.39,0
2023-08-02,P104,77.0,77.38,0
2023-08-03,P104,83.0,77.37,0
2023-08-04,P104,78.0,77.36,0
2023-08-05,P104,52.0,77.34,0
2023-08-06,P104,18.0,77.33,0
2023-08-07,P104,91.0,77.32,0
2023-08-08,P104,74.0,77.31,0
2023-08-09,P104,87.0,77.29,0
2023-08-10,P104,74.0,77.28,0
2023-08-11,P104,80.0,77.27,0
2023-08-12,P104,45.0,77.25,0
2023-08-13,P104,17.0,77.24,0
2023-08-14,P104,103.0,77.23,0
2023-08-15,P104,97.0,77.21,0
2023-08-16,P104,93.0,77.2,0
2023-08-17,P104,87.0,77.19,0
2023-08-18,P104,92.0,77.17,0
2023-08-19,P104,36.0,77.16,0
2023-08-20,P104,19.0,77.14,0
2023-08-21,P104,73.0,77.13,0
2023-08-22,P104,80.0,77.12,0
2023-08-23,P104,171.0,77.1,1
2023-08-24,P104,92.0,77.09,0
2023-08-25,P104,68.0,77.07,0
2023-08-26,P104,40.0,77.06,0
2023-08-27,P104,17.0,77.04,0
2023-08-28,P104,81.0,77.03,0
2023-08-29,P104,94.0,77.01,0
2023-08-30,P104,116.0,77.0,0
2023-08-31,P104,86.0,76.98,0
2023-09-01,P104,72.0,76.97,0
2023-09-02,P104,37.0,76.95,0
2023-09-03,P104,17.0,76.94,0
2023-09-04,P104,75.0,76.92,0
2023-09-05,P104,91.0,76.9,0
2023-09-06,P104,89.0,76.89,0
2023-09-07,P104,79.0,76.87,0
2023-09-08,P104,96.0,76.86,0
2023-09-09,P104,40.0,76.84,0
2023-09-10,P104,17.0,76.83,0
2023-09-11,P104,90.0,76.81,0
2023-09-12,P104,96.0,76.79,0
2023-09-13,P104,98.0,76.78,0
2023-09-14,P104,88.0,76.76,0
2023-09-15,P104,90.0,76.74,0
2023-09-16,P104,41.0,76.73,0
2023-09-17,P104,20.0,76.71,0
2023-09-18,P104,94.0,76.7,0
2023-09-19,P104,104.0,76.68,0
2023-09-20,P104,72.0,76.66,0
2023-09-21,P104,77.0,76.65,0
2023-09-22,P104,89.0,76.63,0
2023-09-23,P104,32.0,76.61,0
2023-09-24,P104,19.0,76.6,0
2023-09-25,P104,97.0,76.58,0
2023-09-26,P104,85.0,76.56,0
2023-09-27,P104,85.0,76.55,0
2023-09-28,P104,77.0,76.53,0
2023-09-29,P104,78.0,76.51,0
2023-09-30,P104,,76.5,0
2023-10-01,P104,17.0,76.48,0
2023-10-02,P104,81.0,76.46,0
2023-10-03,P104,89.0,76.45,0
2023-10-04,P104,88.0,76.43,0
2023-10-05,P104,107.0,76.41,0
2023-10-06,P104,81.0,76.39,0
2023-10-07,P104,48.0,76.38,0
2023-10-08,P104,17.0,76.36,0
2023-10-09,P104,84.0,76.34,0
2023-10-10,P104,76.0,76.33,0
2023-10-11,P104,76.0,76.31,0
2023-10-12,P104,78.0,76.29,0
2023-10-13,P104,154.0,76.28,1
2023-10-14,P104,53.0,76.26,0
2023-10-15,P104,15.0,76.24,0
2023-10-16,P104,86.0,76.22,0
2023-10-17,P104,81.0,76.21,0
2023-10-18,P104,91.0,76.19,0
2023-10-19,P104,102.0,76.17,0
2023-10-20,P104,83.0,76.16,0
2023-10-21,P104,48.0,76.14,0
2023-10-22,P104,22.0,76.12,0
2023-10-23,P104,98.0,76.11,0
2023-10-24,P104,89.0,76.09,0
2023-10-25,P104,97.0,76.07,0
2023-10-26,P104,85.0,76.06,0
2023-10-27,P104,93.0,76.04,0
2023-10-28,P104,52.0,76.02,0
2023-10-29,P104,17.0,76.01,0
2023-10-30,P104,97.0,75.99,0
2023-10-31,P104,98.0,75.97,0
2023-11-01,P104,103.0,75.96,0
2023-11-02,P104,104.0,75.94,0
2023-11-03,P104,96.0,75.92,0
2023-11-04,P104,48.0,75.91,0
2023-11-05,P104,22.0,75.89,0
2023-11-06,P104,88.0,75.87,0
2023-11-07,P104,86.0,75.86,0
2023-11-08,P104,64.0,75.84,0
2023-11-09,P104,96.0,75.83,0
2023-11-10,P104,84.0,75.81,0
2023-11-11,P104,53.0,75.79,0
2023-11-12,P104,16.0,75.78,0
2023-11-13,P104,92.0,75.76,0
2023-11-14,P104,108.0,75.75,0
2023-11-15,P104,176.0,75.73,1
2023-11-16,P104,103.0,75.72,0
2023-11-17,P104,88.0,75.7,0
2023-11-18,P104,52.0,75.68,0
2023-11-19,P104,22.0,75.67,0
2023-11-20,P104,111.0,75.65,0
2023-11-21,P104,106.0,75.64,0
2023-11-22,P104,94.0,75.62,0
2023-11-23,P104,95.0,75.61,0
2023-11-24,P104,102.0,75.59,0
2023-11-25,P104,47.0,75.58,0
2023-11-26,P104,21.0,75.56,0
2023-11-27,P104,98.0,75.55,0
2023-11-28,P104,105.0,75.53,0
2023-11-29,P104,93.0,75.52,0
2023-11-30,P104,169.0,75.51,1
2023-12-01,P104,103.0,75.49,0
2023-12-02,P104,59.0,75.48,0
2023-12-03,P104,17.0,75.46,0
2023-12-04,P104,108.0,75.45,0
2023-12-05,P104,121.0,75.43,0
2023-12-06,P104,113.0,75.42,0
2023-12-07,P104,99.0,75.41,0
2023-12-08,P104,88.0,75.39,0
2023-12-09,P104,55.0,75.38,0
2023-12-10,P104,22.0,75.37,0
2023-12-11,P104,106.0,75.35,0
2023-12-12,P104,107.0,75.34,0
2023-12-13,P104,95.0,75.33,0
2023-12-14,P104,110.0,75.31,0
2023-12-15,P104,105.0,75.3,0
2023-12-16,P104,56.0,75.29,0
2023-12-17,P104,22.0,75.28,0
2023-12-18,P104,126.0,75.26,0
2023-12-19,P104,103.0,75.25,0
2023-12-20,P104,124.0,75.24,0
2023-12-21,P104,98.0,75.23,0
2023-12-22,P104,114.0,75.22,0
2023-12-23,P104,63.0,75.2,0
2023-12-24,P104,22.0,75.19,0
2023-12-25,P104,127.0,75.18,0
2023-12-26,P104,118.0,75.17,0
2023-12-27,P104,100.0,75.16,0
2023-12-28,P104,103.0,75.15,0
2023-12-29,P104,115.0,75.14,0
2023-12-30,P104,62.0,75.13,0
2023-12-31,P104,20.0,75.12,0
2024-01-01,P104,107.0,75.11,0
2024-01-02,P104,116.0,75.1,0
2024-01-03,P104,105.0,75.08,0
2024-01-04,P104,136.0,75.07,0
2024-01-05,P104,106.0,75.07,0
2024-01-06,P104,56.0,75.06,0
2024-01-07,P104,26.0,75.05,0
2024-01-08,P104,105.0,75.04,0
2024-01-09,P104,127.0,75.03,0
2024-01-10,P104,92.0,75.02,0
2024-01-11,P104,104.0,75.01,0
2024-01-12,P104,116.0,75.0,0
2024-01-13,P104,67.0,74.99,0
2024-01-14,P104,21.0,74.98,0
2024-01-15,P104,100.0,74.98,0
2024-01-16,P104,122.0,74.97,0
2024-01-17,P104,105.0,74.96,0
2024-01-18,P104,106.0,74.95,0
2024-01-19,P104,209.0,74.94,1
2024-01-20,P104,54.0,74.94,0
2024-01-21,P104,18.0,74.93,0
2024-01-22,P104,95.0,74.92,0
2024-01-23,P104,227.0,74.92,1
2024-01-24,P104,90.0,74.91,0
2024-01-25,P104,107.0,74.9,0
2024-01-26,P104,89.0,74.9,0
2024-01-27,P104,117.0,74.89,1
2024-01-28,P104,29.0,74.88,0
2024-01-29,P104,169.0,74.88,1
2024-01-30,P104,119.0,74.87,0
2024-01-31,P104,102.0,74.87,0
2024-02-01,P104,107.0,74.86,0
2024-02-02,P104,126.0,74.86,0
2024-02-03,P104,55.0,74.85,0
2024-02-04,P104,22.0,74.85,0
2024-02-05,P104,100.0,74.84,0
2024-02-06,P104,130.0,74.84,0
2024-02-07,P104,73.0,74.83,0
2024-02-08,P104,105.0,74.83,0
2024-02-09,P104,105.0,74.83,0
2024-02-10,P104,54.0,74.82,0
2024-02-11,P104,25.0,74.82,0
2024-02-12,P104,126.0,74.82,0
2024-02-13,P104,98.0,74.81,0
2024-02-14,P104,140.0,74.81,0
2024-02-15,P104,93.0,74.81,0
2024-02-16,P104,120.0,74.8,0
2024-02-17,P104,59.0,74.8,0
2024-02-18,P104,22.0,74.8,0
2024-02-19,P104,106.0,74.8,0
2024-02-20,P104,227.0,74.8,1
2024-02-21,P104,116.0,74.79,0
2024-02-22,P104,99.0,74.79,0
2024-02-23,P104,102.0,74.79,0
2024-02-24,P104,53.0,74.79,0
2024-02-25,P104,20.0,74.79,0
2024-02-26,P104,101.0,74.79,0
2024-02-27,P104,100.0,74.79,0
2024-02-28,P104,107.0,74.79,0
2024-02-29,P104,115.0,74.79,0
2024-03-01,P104,106.0,74.79,0
2024-03-02,P104,70.0,74.79,0
2024-03-03,P104,17.0,74.79,0
2024-03-04,P104,116.0,74.79,0
2024-03-05,P104,114.0,74.79,0
2024-03-06,P104,122.0,74.79,0
2024-03-07,P104,117.0,74.79,0
2024-03-08,P104,102.0,74.79,0
2024-03-09,P104,58.0,74.8,0
2024-03-10,P104,21.0,74.8,0
2024-03-11,P104,117.0,74.8,0
2024-03-12,P104,90.0,74.8,0
2024-03-13,P104,121.0,74.8,0
2024-03-14,P104,108.0,74.81,0
2024-03-15,P104,97.0,74.81,0
2024-03-16,P104,55.0,74.81,0
2024-03-17,P104,22.0,74.81,0
2024-03-18,P104,124.0,74.82,0
2024-03-19,P104,152.0,74.82,0
2024-03-20,P104,125.0,74.82,0
2024-03-21,P104,100.0,74.83,0
2024-03-22,P104,109.0,74.83,0
2024-03-23,P104,60.0,74.84,0
2024-03-24,P104,20.0,74.84,0
2024-03-25,P104,92.0,74.85,0
2024-03-26,P104,110.0,74.85,0
2024-03-27,P104,119.0,74.86,0
2024-03-28,P104,87.0,74.86,0
2024-03-29,P104,93.0,74.87,0
2024-03-30,P104,59.0,74.87,0
2024-03-31,P104,22.0,74.88,0
2024-04-01,P104,246.0,74.88,1
2024-04-02,P104,93.0,74.89,0
2024-04-03,P104,135.0,74.89,0
2024-04-04,P104,156.0,74.9,1
2024-04-05,P104,77.0,74.91,0
2024-04-06,P104,54.0,74.91,0
2024-04-07,P104,19.0,74.92,0
2024-04-08,P104,104.0,74.93,0
2024-04-09,P104,108.0,74.94,0
2024-04-10,P104,104.0,74.94,0
2024-04-11,P104,94.0,74.95,0
2024-04-12,P104,103.0,74.96,0
2024-04-13,P104,52.0,74.97,0
2024-04-14,P104,24.0,74.97,0
2024-04-15,P104,101.0,74.98,0
2024-04-16,P104,96.0,74.99,0
2024-04-17,P104,85.0,75.0,0
2024-04-18,P104,100.0,75.01,0
2024-04-19,P104,83.0,75.02,0
2024-04-20,P104,45.0,75.03,0
2024-04-21,P104,22.0,75.03,0
2024-04-22,P104,82.0,75.04,0
2024-04-23,P104,122.0,75.05,0
2024-04-24,P104,105.0,75.06,0
2024-04-25,P104,100.0,75.07,0
2024-04-26,P104,84.0,75.08,0
2024-04-27,P104,,75.09,0
2024-04-28,P104,21.0,75.1,0
2024-04-29,P104,93.0,75.11,0
2024-04-30,P104,106.0,75.12,0
2024-05-01,P104,83.0,75.13,0
2024-05-02,P104,81.0,75.15,0
2024-05-03,P104,82.0,75.16,0
2024-05-04,P104,53.0,75.17,0
2024-05-05,P104,21.0,75.18,0
2024-05-06,P104,110.0,75.19,0
2024-05-07,P104,92.0,75.2,0
2024-05-08,P104,182.0,75.21,1
2024-05-09,P104,96.0,75.23,0
2024-05-10,P104,83.0,75.24,0
2024-05-11,P104,53.0,75.25,0
2024-05-12,P104,20.0,75.26,0
2024-05-13,P104,91.0,75.27,0
2024-05-14,P104,101.0,75.29,0
2024-05-15,P104,97.0,75.3,0
2024-05-16,P104,94.0,75.31,0
2024-05-17,P104,87.0,75.32,0
2024-05-18,P104,43.0,75.34,0
2024-05-19,P104,35.0,75.35,1
2024-05-20,P104,165.0,75.36,1
2024-05-21,P104,88.0,75.38,0
2024-05-22,P104,95.0,75.39,0
2024-05-23,P104,102.0,75.4,0
2024-05-24,P104,91.0,75.42,0
2024-05-25,P104,46.0,75.43,0
2024-05-26,P104,18.0,75.45,0
2024-05-27,P104,101.0,75.46,0
2024-05-28,P104,72.0,75.47,0
2024-05-29,P104,104.0,75.49,0
2024-05-30,P104,74.0,75.5,0
2024-05-31,P104,75.0,75.52,0
2024-06-01,P104,46.0,75.53,0
2024-06-02,P104,24.0,75.55,0
2024-06-03,P104,110.0,75.56,0
2024-06-04,P104,104.0,75.58,0
2024-06-05,P104,98.0,75.59,0
2024-06-06,P104,73.0,75.6,0
2024-06-07,P104,89.0,75.62,0
2024-06-08,P104,45.0,75.64,0
2024-06-09,P104,17.0,75.65,0
2024-06-10,P104,93.0,75.67,0
2024-06-11,P104,90.0,75.68,0
2024-06-12,P104,102.0,75.7,0
2024-06-13,P104,71.0,75.71,0
2024-06-14,P104,87.0,75.73,0
2024-06-15,P104,43.0,75.74,0
2024-06-16,P104,18.0,75.76,0
2024-06-17,P104,94.0,75.77,0
2024-06-18,P104,82.0,75.79,0
2024-06-19,P104,94.0,75.81,0
2024-06-20,P104,87.0,75.82,0
2024-06-21,P104,79.0,75.84,0
2024-06-22,P104,44.0,75.86,0
2024-06-23,P104,18.0,75.87,0
2024-06-24,P104,82.0,75.89,0
2024-06-25,P104,93.0,75.9,0
2024-06-26,P104,88.0,75.92,0
2024-06-27,P104,83.0,75.94,0
2024-06-28,P104,99.0,75.95,0
2024-06-29,P104,48.0,75.97,0
2024-06-30,P104,18.0,75.99,0
2024-07-01,P104,90.0,76.0,0
2024-07-02,P104,82.0,76.02,0
2024-07-03,P104,86.0,76.04,0
2024-07-04,P104,85.0,76.05,0
2024-07-05,P104,72.0,76.07,0
2024-07-06,P104,48.0,76.09,0
2024-07-07,P104,17.0,76.1,0
2024-07-08,P104,85.0,76.12,0
2024-07-09,P104,86.0,76.14,0
2024-07-10,P104,119.0,76.15,0
2024-07-11,P104,81.0,76.17,0
2024-07-12,P104,64.0,76.19,0
2024-07-13,P104,38.0,76.2,0
2024-07-14,P104,20.0,76.22,0
2024-07-15,P104,101.0,76.24,0
2024-07-16,P104,84.0,76.25,0
2024-07-17,P104,102.0,76.27,0
2024-07-18,P104,94.0,76.29,0
2024-07-19,P104,81.0,76.31,0
2024-07-20,P104,44.0,76.32,0
2024-07-21,P104,19.0,76.34,0
2024-07-22,P104,96.0,76.36,0
2024-07-23,P104,95.0,76.37,0
2024-07-24,P104,83.0,76.39,0
2024-07-25,P104,85.0,76.41,0
2024-07-26,P104,101.0,76.42,0
2024-07-27,P104,47.0,76.44,0
2024-07-28,P104,20.0,76.46,0
2024-07-29,P104,174.0,76.48,1
2024-07-30,P104,94.0,76.49,0
2024-07-31,P104,90.0,76.51,0
2024-08-01,P104,96.0,76.53,0
2024-08-02,P104,89.0,76.54,0
2024-08-03,P104,47.0,76.56,0
2024-08-04,P104,17.0,76.58,0
2024-08-05,P104,92.0,76.59,0
2024-08-06,P104,91.0,76.61,0
2024-08-07,P104,87.0,76.63,0
2024-08-08,P104,113.0,76.64,0
2024-08-09,P104,69.0,76.66,0
2024-08-10,P104,51.0,76.68,0
2024-08-11,P104,17.0,76.69,0
2024-08-12,P104,90.0,76.71,0
2024-08-13,P104,118.0,76.72,0
2024-08-14,P104,81.0,76.74,0
2024-08-15,P104,81.0,76.76,0
2024-08-16,P104,83.0,76.77,0
2024-08-17,P104,42.0,76.79,0
2024-08-18,P104,20.0,76.81,0
2024-08-19,P104,84.0,76.82,0
2024-08-20,P104,99.0,76.84,0
2024-08-21,P104,77.0,76.85,0
2024-08-22,P104,71.0,76.87,0
2024-08-23,P104,82.0,76.89,0
2024-08-24,P104,38.0,76.9,0
2024-08-25,P104,22.0,76.92,0
2024-08-26,P104,75.0,76.93,0
2024-08-27,P104,83.0,76.95,0
2024-08-28,P104,96.0,76.96,0
2024-08-29,P104,83.0,76.98,0
2024-08-30,P104,71.0,76.99,0
2024-08-31,P104,57.0,77.01,0
2024-09-01,P104,17.0,77.02,0
2024-09-02,P104,89.0,77.04,0
2024-09-03,P104,92.0,77.05,0
2024-09-04,P104,100.0,77.07,0
2024-09-05,P104,95.0,77.08,0
2024-09-06,P104,78.0,77.1,0
2024-09-07,P104,46.0,77.11,0
2024-09-08,P104,19.0,77.13,0
2024-09-09,P104,99.0,77.14,0
2024-09-10,P104,83.0,77.15,0
2024-09-11,P104,115.0,77.17,0
2024-09-12,P104,84.0,77.18,0
2024-09-13,P104,87.0,77.2,0
2024-09-14,P104,42.0,77.21,0
2024-09-15,P104,17.0,77.22,0
2024-09-16,P104,84.0,77.24,0
2024-09-17,P104,87.0,77.25,0
2024-09-18,P104,91.0,77.26,0
2024-09-19,P104,83.0,77.28,0
2024-09-20,P104,95.0,77.29,0
2024-09-21,P104,45.0,77.3,0
2024-09-22,P104,18.0,77.32,0
2024-09-23,P104,91.0,77.33,0
2024-09-24,P104,109.0,77.34,0
2024-09-25,P104,99.0,77.35,0
2024-09-26,P104,192.0,77.37,1
2024-09-27,P104,76.0,77.38,0
2024-09-28,P104,43.0,77.39,0
2024-09-29,P104,17.0,77.4,0
2024-09-30,P104,110.0,77.41,0
2024-10-01,P104,106.0,77.43,0
2024-10-02,P104,89.0,77.44,0
2024-10-03,P104,90.0,77.45,0
2024-10-04,P104,83.0,77.46,0
2024-10-05,P104,46.0,77.47,0
2024-10-06,P104,21.0,77.48,0
2024-10-07,P104,95.0,77.49,0
2024-10-08,P104,125.0,77.5,0
2024-10-09,P104,114.0,77.51,0
2024-10-10,P104,112.0,77.53,0
2024-10-11,P104,100.0,77.54,0
2024-10-12,P104,49.0,77.55,0
2024-10-13,P104,22.0,77.56,0
2024-10-14,P104,96.0,77.57,0
2024-10-15,P104,122.0,77.58,0
2024-10-16,P104,107.0,77.58,0
2024-10-17,P104,102.0,77.59,0
2024-10-18,P104,96.0,77.6,0
2024-10-19,P104,62.0,77.61,0
2024-10-20,P104,18.0,77.62,0
2024-10-21,P104,122.0,77.63,0
2024-10-22,P104,104.0,77.64,0
2024-10-23,P104,88.0,77.65,0
2024-10-24,P104,93.0,77.65,0
2024-10-25,P104,79.0,77.66,0
2024-10-26,P104,57.0,77.67,0
2024-10-27,P104,19.0,77.68,0
2024-10-28,P104,105.0,77.69,0
2024-10-29,P104,121.0,77.69,0
2024-10-30,P104,98.0,77.7,0
2024-10-31,P104,100.0,77.71,0
2024-11-01,P104,85.0,77.71,0
2024-11-02,P104,52.0,77.72,0
2024-11-03,P104,28.0,77.73,0
2024-11-04,P104,114.0,77.73,0
2024-11-05,P104,107.0,77.74,0
2024-11-06,P104,101.0,77.75,0
2024-11-07,P104,105.0,77.75,0
2024-11-08,P104,102.0,77.76,0
2024-11-09,P104,53.0,77.76,0
2024-11-10,P104,24.0,77.77,0
2024-11-11,P104,96.0,77.77,0
2024-11-12,P104,100.0,77.78,0
2024-11-13,P104,114.0,77.78,0
2024-11-14,P104,93.0,77.79,0
2024-11-15,P104,111.0,77.79,0
2024-11-16,P104,56.0,77.8,0
2024-11-17,P104,18.0,77.8,0
2024-11-18,P104,111.0,77.8,0
2024-11-19,P104,93.0,77.81,0
2024-11-20,P104,120.0,77.81,0
2024-11-21,P104,106.0,77.81,0
2024-11-22,P104,125.0,77.82,0
2024-11-23,P104,64.0,77.82,0
2024-11-24,P104,20.0,77.82,0
2024-11-25,P104,86.0,77.82,0
2024-11-26,P104,106.0,77.83,0
2024-11-27,P104,98.0,77.83,0
2024-11-28,P104,133.0,77.83,0
2024-11-29,P104,172.0,77.83,1
2024-11-30,P104,64.0,77.83,0
2024-12-01,P104,23.0,77.84,0
2024-12-02,P104,111.0,77.84,0
2024-12-03,P104,117.0,77.84,0
2024-12-04,P104,129.0,77.84,0
2024-12-05,P104,116.0,77.84,0
2024-12-06,P104,95.0,77.84,0
2024-12-07,P104,70.0,77.84,0
2024-12-08,P104,49.0,77.84,1
2024-12-09,P104,109.0,77.84,0
2024-12-10,P104,82.0,77.84,0
2024-12-11,P104,125.0,77.84,0
2024-12-12,P104,215.0,77.84,1
2024-12-13,P104,110.0,77.84,0
2024-12-14,P104,57.0,77.84,0
2024-12-15,P104,23.0,77.84,0
2024-12-16,P104,111.0,77.83,0
2024-12-17,P104,127.0,77.83,0
2024-12-18,P104,127.0,77.83,0
2024-12-19,P104,113.0,77.83,0
2024-12-20,P104,122.0,77.83,0
2024-12-21,P104,60.0,77.82,0
2024-12-22,P104,23.0,77.82,0
2024-12-23,P104,120.0,77.82,0
2024-12-24,P104,104.0,77.82,0
2024-12-25,P104,123.0,77.81,0
2024-12-26,P104,97.0,77.81,0
2024-12-27,P104,99.0,77.81,0
2024-12-28,P104,48.0,77.8,0
2024-12-29,P104,24.0,77.8,0
2024-12-30,P104,139.0,77.79,0
2024-12-31,P104,122.0,77.79,0
2025-01-01,P104,130.0,77.79,0
2025-01-02,P104,148.0,77.78,0
2025-01-03,P104,117.0,77.78,0
2025-01-04,P104,57.0,77.77,0
2025-01-05,P104,23.0,77.77,0
2025-01-06,P104,119.0,77.76,0
2025-01-07,P104,115.0,77.76,0
2025-01-08,P104,114.0,77.75,0
2025-01-09,P104,132.0,77.74,0
2025-01-10,P104,126.0,77.74,0
2025-01-11,P104,51.0,77.73,0
2025-01-12,P104,23.0,77.73,0
2025-01-13,P104,114.0,77.72,0
2025-01-14,P104,133.0,77.71,0
2025-01-15,P104,138.0,77.71,0
2025-01-16,P104,155.0,77.7,0
2025-01-17,P104,108.0,77.69,0
2025-01-18,P104,60.0,77.68,0
2025-01-19,P104,27.0,77.68,0
2025-01-20,P104,112.0,77.67,0
2025-01-21,P104,216.0,77.66,1
2025-01-22,P104,258.0,77.65,1
2025-01-23,P104,85.0,77.64,0
2025-01-24,P104,116.0,77.64,0
2025-01-25,P104,62.0,77.63,0
2025-01-26,P104,59.0,77.62,1
2025-01-27,P104,121.0,77.61,0
2025-01-28,P104,109.0,77.6,0
2025-01-29,P104,120.0,77.59,0
2025-01-30,P104,93.0,77.58,0
2025-01-31,P104,99.0,77.57,0
2025-02-01,P104,67.0,77.56,0
2025-02-02,P104,25.0,77.55,0
2025-02-03,P104,134.0,77.54,0
2025-02-04,P104,99.0,77.53,0
2025-02-05,P104,121.0,77.52,0
2025-02-06,P104,114.0,77.51,0
2025-02-07,P104,127.0,77.5,0
2025-02-08,P104,68.0,77.49,0
2025-02-09,P104,50.0,77.48,1
2025-02-10,P104,142.0,77.47,0
2025-02-11,P104,121.0,77.46,0
2025-02-12,P104,142.0,77.45,0
2025-02-13,P104,106.0,77.43,0
2025-02-14,P104,101.0,77.42,0
2025-02-15,P104,68.0,77.41,0
2025-02-16,P104,21.0,77.4,0
2025-02-17,P104,129.0,77.39,0
2025-02-18,P104,127.0,77.38,0
2025-02-19,P104,138.0,77.36,0
2025-02-20,P104,225.0,77.35,1
2025-02-21,P104,115.0,77.34,0
2025-02-22,P104,66.0,77.33,0
2025-02-23,P104,23.0,77.31,0
2025-02-24,P104,111.0,77.3,0
2025-02-25,P104,132.0,77.29,0
2025-02-26,P104,123.0,77.27,0
2025-02-27,P104,114.0,77.26,0
2025-02-28,P104,113.0,77.25,0
2025-03-01,P104,73.0,77.23,0
2025-03-02,P104,24.0,77.22,0
2025-03-03,P104,114.0,77.21,0
2025-03-04,P104,101.0,77.19,0
2025-03-05,P104,122.0,77.18,0
2025-03-06,P104,127.0,77.16,0
2025-03-07,P104,123.0,77.15,0
2025-03-08,P104,63.0,77.14,0
2025-03-09,P104,27.0,77.12,0
2025-03-10,P104,129.0,77.11,0
2025-03-11,P104,139.0,77.09,0
2025-03-12,P104,135.0,77.08,0
2025-03-13,P104,138.0,77.06,0
2025-03-14,P104,110.0,77.05,0
2025-03-15,P104,53.0,77.03,0
2025-03-16,P104,26.0,77.02,0
2025-03-17,P104,129.0,77.0,0
2025-03-18,P104,144.0,76.99,0
2025-03-19,P104,137.0,76.97,0
2025-03-20,P104,142.0,76.96,0
2025-03-21,P104,119.0,76.94,0
2025-03-22,P104,63.0,76.93,0
2025-03-23,P104,21.0,76.91,0
2025-03-24,P104,121.0,76.9,0
2025-03-25,P104,114.0,76.88,0
2025-03-26,P104,122.0,76.86,0
2025-03-27,P104,116.0,76.85,0
2025-03-28,P104,116.0,76.83,0
2025-03-29,P104,60.0,76.82,0
2025-03-30,P104,27.0,76.8,0
2025-03-31,P104,81.0,76.78,0
2025-04-01,P104,123.0,76.77,0
2025-04-02,P104,133.0,76.75,0
2025-04-03,P104,138.0,76.74,0
2025-04-04,P104,117.0,76.72,0
2025-04-05,P104,71.0,76.7,0
2025-04-06,P104,24.0,76.69,0
2025-04-07,P104,115.0,76.67,0
2025-04-08,P104,126.0,76.65,0
2025-04-09,P104,116.0,76.64,0
2025-04-10,P104,103.0,76.62,0
2025-04-11,P104,101.0,76.6,0
2025-04-12,P104,52.0,76.59,0
2025-04-13,P104,25.0,76.57,0
2025-04-14,P104,113.0,76.55,0
2025-04-15,P104,187.0,76.54,1
2025-04-16,P104,108.0,76.52,0
2025-04-17,P104,117.0,76.5,0
2025-04-18,P104,115.0,76.49,0
2025-04-19,P104,51.0,76.47,0
2025-04-20,P104,20.0,76.45,0
2025-04-21,P104,123.0,76.44,0
2025-04-22,P104,98.0,76.42,0
2025-04-23,P104,120.0,76.4,0
2025-04-24,P104,230.0,76.39,1
2025-04-25,P104,123.0,76.37,0
2025-04-26,P104,62.0,76.35,0
2025-04-27,P104,25.0,76.33,0
2025-04-28,P104,137.0,76.32,0
2025-04-29,P104,85.0,76.3,0
2025-04-30,P104,166.0,76.28,1
2025-05-01,P104,118.0,76.27,0
2025-05-02,P104,99.0,76.25,0
2025-05-03,P104,64.0,76.23,0
2025-05-04,P104,22.0,76.22,0
2025-05-05,P104,110.0,76.2,0
2025-05-06,P104,109.0,76.18,0
2025-05-07,P104,103.0,76.17,0
2025-05-08,P104,100.0,76.15,0
2025-05-09,P104,104.0,76.13,0
2025-05-10,P104,51.0,76.11,0
2025-05-11,P104,24.0,76.1,0
2025-05-12,P104,114.0,76.08,0
2025-05-13,P104,124.0,76.06,0
2025-05-14,P104,95.0,76.05,0
2025-05-15,P104,85.0,76.03,0
2025-05-16,P104,100.0,76.01,0
2025-05-17,P104,72.0,76.0,0
2025-05-18,P104,25.0,75.98,0
2025-05-19,P104,99.0,75.96,0
2025-05-20,P104,114.0,75.95,0
2025-05-21,P104,115.0,75.93,0
2025-05-22,P104,88.0,75.92,0
2025-05-23,P104,113.0,75.9,0
2025-05-24,P104,53.0,75.88,0
2025-05-25,P104,21.0,75.87,0
2025-05-26,P104,104.0,75.85,0
2025-05-27,P104,120.0,75.83,0
2025-05-28,P104,96.0,75.82,0
2025-05-29,P104,83.0,75.8,0
2025-05-30,P104,100.0,75.79,0
2025-05-31,P104,41.0,75.77,0
2025-06-01,P104,20.0,75.75,0
2025-06-02,P104,115.0,75.74,0
2025-06-03,P104,112.0,75.72,0
2025-06-04,P104,115.0,75.71,0
2025-06-05,P104,107.0,75.69,0
2025-06-06,P104,121.0,75.68,0
2025-06-07,P104,49.0,75.66,0
2025-06-08,P104,22.0,75.65,0
2025-06-09,P104,96.0,75.63,0
2025-06-10,P104,115.0,75.62,0
2025-06-11,P104,101.0,75.6,0
2025-06-12,P104,118.0,75.59,0
2025-06-13,P104,89.0,75.57,0
2025-06-14,P104,60.0,75.56,0
2025-06-15,P104,22.0,75.54,0
2025-06-16,P104,99.0,75.53,0
2025-06-17,P104,109.0,75.51,0
2025-06-18,P104,104.0,75.5,0
2025-06-19,P104,102.0,75.48,0
2025-06-20,P104,91.0,75.47,0
2025-06-21,P104,47.0,75.46,0
2025-06-22,P104,20.0,75.44,0
2025-06-23,P104,80.0,75.43,0
2025-06-24,P104,111.0,75.41,0
2025-06-25,P104,86.0,75.4,0
2025-06-26,P104,95.0,75.39,0
2025-06-27,P104,99.0,75.37,0
2025-06-28,P104,55.0,75.36,0
2025-06-29,P104,16.0,75.35,0
2025-06-30,P104,96.0,75.33,0
2025-07-01,P104,106.0,75.32,0
2025-07-02,P104,99.0,75.31,0
2025-07-03,P104,110.0,75.3,0
2025-07-04,P104,83.0,75.28,0
2025-07-05,P104,39.0,75.27,0
2025-07-06,P104,22.0,75.26,0
2025-07-07,P104,91.0,75.25,0
2025-07-08,P104,81.0,75.23,0
2025-07-09,P104,96.0,75.22,0
2025-07-10,P104,108.0,75.21,0
2025-07-11,P104,78.0,75.2,0
2025-07-12,P104,63.0,75.19,0
2025-07-13,P104,18.0,75.18,0
2025-07-14,P104,97.0,75.16,0
2025-07-15,P104,86.0,75.15,0
2025-07-16,P104,98.0,75.14,0
2025-07-17,P104,94.0,75.13,0
2025-07-18,P104,76.0,75.12,0
2025-07-19,P104,65.0,75.11,0
2025-07-20,P104,19.0,75.1,0
2025-07-21,P104,90.0,75.09,0
2025-07-22,P104,110.0,75.08,0
2025-07-23,P104,117.0,75.07,0
2025-07-24,P104,106.0,75.06,0
2025-07-25,P104,78.0,75.05,0
2025-07-26,P104,51.0,75.04,0
2025-07-27,P104,16.0,75.03,0
2025-07-28,P104,105.0,75.02,0
2025-07-29,P104,81.0,75.01,0
2025-07-30,P104,157.0,75.0,1
2025-07-31,P104,95.0,75.0,0
2025-08-01,P104,95.0,74.99,0
2025-08-02,P104,48.0,74.98,0
2025-08-03,P104,23.0,74.97,0
2025-08-04,P104,103.0,74.96,0
2025-08-05,P104,106.0,74.96,0
2025-08-06,P104,84.0,74.95,0
2025-08-07,P104,113.0,74.94,0
2025-08-08,P104,82.0,74.93,0
2025-08-09,P104,59.0,74.93,0
2025-08-10,P104,24.0,74.92,0
2025-08-11,P104,102.0,74.91,0
2025-08-12,P104,111.0,74.91,0
2025-08-13,P104,65.0,74.9,0
2025-08-14,P104,93.0,74.89,0
2025-08-15,P104,102.0,74.89,0
2025-08-16,P104,55.0,74.88,0
2025-08-17,P104,17.0,74.88,0
2025-08-18,P104,94.0,74.87,0
2025-08-19,P104,72.0,74.86,0
2025-08-20,P104,103.0,74.86,0
2025-08-21,P104,76.0,74.85,0
2025-08-22,P104,103.0,74.85,0
2025-08-23,P104,57.0,74.84,0
2025-08-24,P104,19.0,74.84,0
2025-08-25,P104,103.0,74.84,0
2025-08-26,P104,99.0,74.83,0
2025-08-27,P104,102.0,74.83,0
2025-08-28,P104,85.0,74.82,0
2025-08-29,P104,99.0,74.82,0
2025-08-30,P104,42.0,74.82,0
2025-08-31,P104,16.0,74.81,0
2025-09-01,P104,97.0,74.81,0
2025-09-02,P104,100.0,74.81,0
2025-09-03,P104,104.0,74.81,0
2025-09-04,P104,91.0,74.8,0
2025-09-05,P104,113.0,74.8,0
2025-09-06,P104,52.0,74.8,0
2025-09-07,P104,35.0,74.8,1
2025-09-08,P104,102.0,74.79,0
2025-09-09,P104,115.0,74.79,0
2025-09-10,P104,189.0,74.79,1
2025-09-11,P104,104.0,74.79,0
2025-09-12,P104,102.0,74.79,0
2025-09-13,P104,42.0,74.79,0
2025-09-14,P104,17.0,74.79,0
2025-09-15,P104,100.0,74.79,0
2025-09-16,P104,103.0,74.79,0
2025-09-17,P104,110.0,74.79,0
2025-09-18,P104,101.0,74.79,0
2025-09-19,P104,102.0,74.79,0
2025-09-20,P104,46.0,74.79,0
2025-09-21,P104,21.0,74.79,0
2025-09-22,P104,88.0,74.79,0
2025-09-23,P104,111.0,74.79,0
2025-09-24,P104,83.0,74.79,0
2025-09-25,P104,106.0,74.79,0
2025-09-26,P104,82.0,74.8,0
2025-09-27,P104,52.0,74.8,0
2025-09-28,P104,24.0,74.8,0
2025-09-29,P104,107.0,74.8,0
2025-09-30,P104,89.0,74.8,0
2025-10-01,P104,99.0,74.81,0
2025-10-02,P104,87.0,74.81,0
2025-10-03,P104,81.0,74.81,0
2025-10-04,P104,56.0,74.82,0
2025-10-05,P104,23.0,74.82,0
2025-10-06,P104,111.0,74.82,0
2025-10-07,P104,118.0,74.83,0
2025-10-08,P104,109.0,74.83,0
2025-10-09,P104,103.0,74.83,0
2025-10-10,P104,89.0,74.84,0
2025-10-11,P104,53.0,74.84,0
2025-10-12,P104,19.0,74.85,0
2025-10-13,P104,98.0,74.85,0
2025-10-14,P104,114.0,74.86,0
2025-10-15,P104,109.0,74.86,0
2025-10-16,P104,144.0,74.87,0
2025-10-17,P104,88.0,74.87,0
2025-10-18,P104,56.0,74.88,0
2025-10-19,P104,19.0,74.89,0
2025-10-20,P104,105.0,74.89,0
2025-10-21,P104,110.0,74.9,0
2025-10-22,P104,123.0,74.9,0
2025-10-23,P104,105.0,74.91,0
2025-10-24,P104,103.0,74.92,0
2025-10-25,P104,55.0,74.92,0
2025-10-26,P104,20.0,74.93,0
2025-10-27,P104,104.0,74.94,0
2025-10-28,P104,112.0,74.95,0
2025-10-29,P104,116.0,74.95,0
2025-10-30,P104,119.0,74.96,0
2025-10-31,P104,104.0,74.97,0
2025-11-01,P104,57.0,74.98,0
2025-11-02,P104,19.0,74.99,0
2025-11-03,P104,122.0,74.99,0
2025-11-04,P104,112.0,75.0,0
2025-11-05,P104,130.0,75.01,0
2025-11-06,P104,135.0,75.02,0
2025-11-07,P104,111.0,75.03,0
2025-11-08,P104,56.0,75.04,0
2025-11-09,P104,25.0,75.05,0
2025-11-10,P104,129.0,75.06,0
2025-11-11,P104,204.0,75.07,1
2025-11-12,P104,121.0,75.08,0
2025-11-13,P104,135.0,75.09,0
2025-11-14,P104,129.0,75.1,0
2025-11-15,P104,65.0,75.11,0
2025-11-16,P104,22.0,75.12,0
2025-11-17,P104,140.0,75.13,0
2025-11-18,P104,128.0,75.14,0
2025-11-19,P104,142.0,75.15,0
2025-11-20,P104,139.0,75.16,0
2025-11-21,P104,104.0,75.17,0
2025-11-22,P104,73.0,75.18,0
2025-11-23,P104,31.0,75.2,0
2025-11-24,P104,153.0,75.21,0
2025-11-25,P104,152.0,75.22,0
2025-11-26,P104,116.0,75.23,0
2025-11-27,P104,166.0,75.24,0
2025-11-28,P104,146.0,75.26,0
2025-11-29,P104,67.0,75.27,0
2025-11-30,P104,29.0,75.28,0
2025-12-01,P104,156.0,75.29,0
2025-12-02,P104,172.0,75.31,0
2025-12-03,P104,150.0,75.32,0
2025-12-04,P104,169.0,75.33,0
2025-12-05,P104,120.0,75.34,0
2025-12-06,P104,73.0,75.36,0
2025-12-07,P104,26.0,75.37,0
2025-12-08,P104,146.0,75.38,0
2025-12-09,P104,198.0,75.4,0
2025-12-10,P104,206.0,75.41,0
2025-12-11,P104,169.0,75.42,0
2025-12-12,P104,147.0,75.44,0
2025-12-13,P104,86.0,75.45,0
2025-12-14,P104,37.0,75.47,0
2025-12-15,P104,142.0,75.48,0
2025-12-16,P104,168.0,75.5,0
2025-12-17,P104,206.0,75.51,0
2025-12-18,P104,154.0,75.52,0
2025-12-19,P104,154.0,75.54,0
2025-12-20,P104,93.0,75.55,0
2025-12-21,P104,39.0,75.57,0
2025-12-22,P104,169.0,75.58,0
2025-12-23,P104,191.0,75.6,0
2025-12-24,P104,200.0,75.61,0
2025-12-25,P104,224.0,75.63,0
2025-12-26,P104,174.0,75.64,0
2025-12-27,P104,97.0,75.66,0
2025-12-28,P104,46.0,75.67,0
2025-12-29,P104,180.0,75.69,0
2025-12-30,P104,171.0,75.7,0
2025-12-31,P104,203.0,75.72,0
2023-01-01,P105,7.0,206.21,0
2023-01-02,P105,35.0,206.26,0
2023-01-03,P105,43.0,206.3,0
2023-01-04,P105,40.0,206.35,0
2023-01-05,P105,41.0,206.39,0
2023-01-06,P105,36.0,206.44,0
2023-01-07,P105,20.0,206.49,0
2023-01-08,P105,6.0,206.53,0
2023-01-09,P105,36.0,206.58,0
2023-01-10,P105,38.0,206.62,0
2023-01-11,P105,43.0,206.67,0
2023-01-12,P105,35.0,206.71,0
2023-01-13,P105,36.0,206.76,0
2023-01-14,P105,20.0,206.8,0
2023-01-15,P105,9.0,206.85,0
2023-01-16,P105,37.0,206.89,0
2023-01-17,P105,42.0,206.94,0
2023-01-18,P105,31.0,206.98,0
2023-01-19,P105,31.0,207.03,0
2023-01-20,P105,26.0,207.07,0
2023-01-21,P105,21.0,207.12,0
2023-01-22,P105,8.0,207.16,0
2023-01-23,P105,41.0,207.21,0
2023-01-24,P105,79.0,207.25,1
2023-01-25,P105,36.0,207.3,0
2023-01-26,P105,37.0,207.34,0
2023-01-27,P105,41.0,207.39,0
2023-01-28,P105,23.0,207.43,0
2023-01-29,P105,8.0,207.47,0
2023-01-30,P105,39.0,207.52,0
2023-01-31,P105,45.0,207.56,0
2023-02-01,P105,37.0,207.6,0
2023-02-02,P105,36.0,207.65,0
2023-02-03,P105,35.0,207.69,0
2023-02-04,P105,17.0,207.73,0
2023-02-05,P105,8.0,207.77,0
2023-02-06,P105,33.0,207.82,0
2023-02-07,P105,43.0,207.86,0
2023-02-08,P105,41.0,207.9,0
2023-02-09,P105,43.0,207.94,0
2023-02-10,P105,29.0,207.98,0
2023-02-11,P105,24.0,208.02,0
2023-02-12,P105,6.0,208.07,0
2023-02-13,P105,33.0,208.11,0
2023-02-14,P105,36.0,208.15,0
2023-02-15,P105,44.0,208.19,0
2023-02-16,P105,38.0,208.23,0
2023-02-17,P105,34.0,208.27,0
2023-02-18,P105,18.0,208.31,0
2023-02-19,P105,7.0,208.35,0
2023-02-20,P105,42.0,208.39,0
2023-02-21,P105,42.0,208.42,0
2023-02-22,P105,44.0,208.46,0
2023-02-23,P105,39.0,208.5,0
2023-02-24,P105,25.0,208.54,0
2023-02-25,P105,17.0,208.58,0
2023-02-26,P105,8.0,208.61,0
2023-02-27,P105,36.0,208.65,0
2023-02-28,P105,36.0,208.69,0
2023-03-01,P105,54.0,208.72,1
2023-03-02,P105,41.0,208.76,0
2023-03-03,P105,37.0,208.8,0
2023-03-04,P105,20.0,208.83,0
2023-03-05,P105,7.0,208.87,0
2023-03-06,P105,38.0,208.9,0
2023-03-07,P105,33.0,208.94,0
2023-03-08,P105,37.0,208.97,0
2023-03-09,P105,26.0,209.0,0
2023-03-10,P105,29.0,209.04,0
2023-03-11,P105,18.0,209.07,0
2023-03-12,P105,19.0,209.1,1
2023-03-13,P105,29.0,209.14,0
2023-03-14,P105,33.0,209.17,0
2023-03-15,P105,38.0,209.2,0
2023-03-16,P105,43.0,209.23,0
2023-03-17,P105,35.0,209.26,0
2023-03-18,P105,20.0,209.29,0
2023-03-19,P105,7.0,209.32,0
2023-03-20,P105,34.0,209.35,0
2023-03-21,P105,38.0,209.38,0
2023-03-22,P105,34.0,209.41,0
2023-03-23,P105,39.0,209.44,0
2023-03-24,P105,28.0,209.47,0
2023-03-25,P105,20.0,209.5,0
2023-03-26,P105,7.0,209.52,0
2023-03-27,P105,35.0,209.55,0
2023-03-28,P105,30.0,209.58,0
2023-03-29,P105,32.0,209.6,0
2023-03-30,P105,40.0,209.63,0
2023-03-31,P105,33.0,209.66,0
2023-04-01,P105,19.0,209.68,0
2023-04-02,P105,7.0,209.71,0
2023-04-03,P105,35.0,209.73,0
2023-04-04,P105,31.0,209.75,0
2023-04-05,P105,36.0,209.78,0
2023-04-06,P105,36.0,209.8,0
2023-04-07,P105,34.0,209.82,0
2023-04-08,P105,16.0,209.84,0
2023-04-09,P105,7.0,209.86,0
2023-04-10,P105,37.0,209.89,0
2023-04-11,P105,35.0,209.91,0
2023-04-12,P105,34.0,209.93,0
2023-04-13,P105,42.0,209.95,0
2023-04-14,P105,29.0,209.97,0
2023-04-15,P105,20.0,209.98,0
2023-04-16,P105,6.0,210.0,0
2023-04-17,P105,37.0,210.02,0
2023-04-18,P105,38.0,210.04,0
2023-04-19,P105,33.0,210.05,0
2023-04-20,P105,29.0,210.07,0
2023-04-21,P105,25.0,210.09,0
2023-04-22,P105,16.0,210.1,0
2023-04-23,P105,7.0,210.12,0
2023-04-24,P105,30.0,210.13,0
2023-04-25,P105,35.0,210.15,0
2023-04-26,P105,46.0,210.16,1
2023-04-27,P105,33.0,210.17,0
2023-04-28,P105,28.0,210.18,0
2023-04-29,P105,17.0,210.2,0
2023-04-30,P105,7.0,210.21,0
2023-05-01,P105,29.0,210.22,0
2023-05-02,P105,32.0,210.23,0
2023-05-03,P105,30.0,210.24,0
2023-05-04,P105,28.0,210.25,0
2023-05-05,P105,35.0,210.26,0
2023-05-06,P105,16.0,210.27,0
2023-05-07,P105,5.0,210.27,0
2023-05-08,P105,31.0,210.28,0
2023-05-09,P105,37.0,210.29,0
2023-05-10,P105,31.0,210.3,0
2023-05-11,P105,38.0,210.3,0
2023-05-12,P105,28.0,210.31,0
2023-05-13,P105,18.0,210.31,0
2023-05-14,P105,7.0,210.32,0
2023-05-15,P105,34.0,210.32,0
2023-05-16,P105,28.0,210.32,0
2023-05-17,P105,29.0,210.33,0
2023-05-18,P105,36.0,210.33,0
2023-05-19,P105,28.0,210.33,0
2023-05-20,P105,18.0,210.33,0
2023-05-21,P105,6.0,210.33,0
2023-05-22,P105,32.0,210.33,0
2023-05-23,P105,28.0,210.33,0
2023-05-24,P105,30.0,210.33,0
2023-05-25,P105,28.0,210.33,0
2023-05-26,P105,30.0,210.33,0
2023-05-27,P105,16.0,210.33,0
2023-05-28,P105,7.0,210.33,0
2023-05-29,P105,30.0,210.32,0
2023-05-30,P105,29.0,210.32,0
2023-05-31,P105,32.0,210.32,0
2023-06-01,P105,27.0,210.31,0
2023-06-02,P105,33.0,210.31,0
2023-06-03,P105,28.0,210.3,1
2023-06-04,P105,6.0,210.29,0
2023-06-05,P105,32.0,210.29,0
2023-06-06,P105,32.0,210.28,0
2023-06-07,P105,26.0,210.27,0
2023-06-08,P105,27.0,210.26,0
2023-06-09,P105,32.0,210.26,0
2023-06-10,P105,16.0,210.25,0
2023-06-11,P105,5.0,210.24,0
2023-06-12,P105,32.0,210.23,0
2023-06-13,P105,30.0,210.22,0
2023-06-14,P105,28.0,210.2,0
2023-06-15,P105,26.0,210.19,0
2023-06-16,P105,32.0,210.18,0
2023-06-17,P105,12.0,210.17,0
2023-06-18,P105,6.0,210.16,0
2023-06-19,P105,30.0,210.14,0
2023-06-20,P105,37.0,210.13,0
2023-06-21,P105,32.0,210.11,0
2023-06-22,P105,27.0,210.1,0
2023-06-23,P105,33.0,210.08,0
2023-06-24,P105,13.0,210.07,0
2023-06-25,P105,6.0,210.05,0
2023-06-26,P105,31.0,210.03,0
2023-06-27,P105,28.0,210.02,0
2023-06-28,P105,32.0,210.0,0
2023-06-29,P105,28.0,209.98,0
2023-06-30,P105,30.0,209.96,0
2023-07-01,P105,12.0,209.94,0
2023-07-02,P105,6.0,209.92,0
2023-07-03,P105,28.0,209.9,0
2023-07-04,P105,34.0,209.88,0
2023-07-05,P105,30.0,209.86,0
2023-07-06,P105,33.0,209.84,0
2023-07-07,P105,29.0,209.82,0
2023-07-08,P105,15.0,209.79,0
2023-07-09,P105,7.0,209.77,0
2023-07-10,P105,32.0,209.75,0
2023-07-11,P105,32.0,209.72,0
2023-07-12,P105,22.0,209.7,0
2023-07-13,P105,26.0,209.67,0
2023-07-14,P105,32.0,209.65,0
2023-07-15,P105,13.0,209.62,0
2023-07-16,P105,7.0,209.6,0
2023-07-17,P105,31.0,209.57,0
2023-07-18,P105,28.0,209.54,0
2023-07-19,P105,23.0,209.52,0
2023-07-20,P105,27.0,209.49,0
2023-07-21,P105,34.0,209.46,0
2023-07-22,P105,14.0,209.43,0
2023-07-23,P105,5.0,209.4,0
2023-07-24,P105,26.0,209.38,0
2023-07-25,P105,34.0,209.35,0
2023-07-26,P105,29.0,209.32,0
2023-07-27,P105,44.0,209.29,1
2023-07-28,P105,32.0,209.26,0
2023-07-29,P105,16.0,209.22,0
2023-07-30,P105,5.0,209.19,0
2023-07-31,P105,25.0,209.16,0
2023-08-01,P105,34.0,209.13,0
2023-08-02,P105,65.0,209.1,1
2023-08-03,P105,24.0,209.06,0
2023-08-04,P105,22.0,209.03,0
2023-08-05,P105,13.0,209.0,0
2023-08-06,P105,5.0,208.96,0
2023-08-07,P105,22.0,208.93,0
2023-08-08,P105,26.0,208.89,0
2023-08-09,P105,27.0,208.86,0
2023-08-10,P105,27.0,208.82,0
2023-08-11,P105,32.0,208.79,0
2023-08-12,P105,15.0,208.75,0
2023-08-13,P105,6.0,208.72,0
2023-08-14,P105,31.0,208.68,0
2023-08-15,P105,29.0,208.64,0
2023-08-16,P105,31.0,208.6,0
2023-08-17,P105,30.0,208.57,0
2023-08-18,P105,28.0,208.53,0
2023-08-19,P105,20.0,208.49,0
2023-08-20,P105,7.0,208.45,0
2023-08-21,P105,26.0,208.41,0
2023-08-22,P105,32.0,208.38,0
2023-08-23,P105,27.0,208.34,0
2023-08-24,P105,30.0,208.3,0
2023-08-25,P105,24.0,208.26,0
2023-08-26,P105,13.0,208.22,0
2023-08-27,P105,6.0,208.18,0
2023-08-28,P105,33.0,208.14,0
2023-08-29,P105,32.0,208.1,0
2023-08-30,P105,33.0,208.06,0
2023-08-31,P105,31.0,208.01,0
2023-09-01,P105,28.0,207.97,0
2023-09-02,P105,15.0,207.93,0
2023-09-03,P105,7.0,207.89,0
2023-09-04,P105,33.0,207.85,0
2023-09-05,P105,31.0,207.81,0
2023-09-06,P105,30.0,207.76,0
2023-09-07,P105,35.0,207.72,0
2023-09-08,P105,28.0,207.68,0
2023-09-09,P105,16.0,207.63,0
2023-09-10,P105,7.0,207.59,0
2023-09-11,P105,30.0,207.55,0
2023-09-12,P105,29.0,207.51,0
2023-09-13,P105,32.0,207.46,0
2023-09-14,P105,30.0,207.42,0
2023-09-15,P105,34.0,207.37,0
2023-09-16,P105,17.0,207.33,0
2023-09-17,P105,6.0,207.29,0
2023-09-18,P105,33.0,207.24,0
2023-09-19,P105,33.0,207.2,0
2023-09-20,P105,36.0,207.15,0
2023-09-21,P105,29.0,207.11,0
2023-09-22,P105,30.0,207.06,0
2023-09-23,P105,16.0,207.02,0
2023-09-24,P105,6.0,206.97,0
2023-09-25,P105,28.0,206.93,0
2023-09-26,P105,34.0,206.88,0
2023-09-27,P105,33.0,206.84,0
2023-09-28,P105,35.0,206.79,0
2023-09-29,P105,30.0,206.75,0
2023-09-30,P105,16.0,206.7,0
2023-10-01,P105,7.0,206.66,0
2023-10-02,P105,29.0,206.61,0
2023-10-03,P105,37.0,206.56,0
2023-10-04,P105,36.0,206.52,0
2023-10-05,P105,36.0,206.47,0
2023-10-06,P105,31.0,206.43,0
2023-10-07,P105,16.0,206.38,0
2023-10-08,P105,7.0,206.34,0
2023-10-09,P105,33.0,206.29,0
2023-10-10,P105,31.0,206.24,0
2023-10-11,P105,38.0,206.2,0
2023-10-12,P105,34.0,206.15,0
2023-10-13,P105,28.0,206.11,0
2023-10-14,P105,20.0,206.06,0
2023-10-15,P105,7.0,206.02,0
2023-10-16,P105,29.0,205.97,0
2023-10-17,P105,31.0,205.92,0
2023-10-18,P105,39.0,205.88,0
2023-10-19,P105,39.0,205.83,0
2023-10-20,P105,35.0,205.79,0
2023-10-21,P105,20.0,205.74,0
2023-10-22,P105,8.0,205.7,0
2023-10-23,P105,35.0,205.65,0
2023-10-24,P105,36.0,205.61,0
2023-10-25,P105,36.0,205.56,0
2023-10-26,P105,36.0,205.51,0
2023-10-27,P105,29.0,205.47,0
2023-10-28,P105,19.0,205.42,0
2023-10-29,P105,8.0,205.38,0
2023-10-30,P105,33.0,205.33,0
2023-10-31,P105,34.0,205.29,0
2023-11-01,P105,36.0,205.25,0
2023-11-02,P105,31.0,205.2,0
2023-11-03,P105,28.0,205.16,0
2023-11-04,P105,20.0,205.11,0
2023-11-05,P105,7.0,205.07,0
2023-11-06,P105,34.0,205.02,0
2023-11-07,P105,33.0,204.98,0
2023-11-08,P105,40.0,204.94,0
2023-11-09,P105,38.0,204.89,0
2023-11-10,P105,32.0,204.85,0
2023-11-11,P105,16.0,204.81,0
2023-11-12,P105,7.0,204.76,0
2023-11-13,P105,37.0,204.72,0
2023-11-14,P105,37.0,204.68,0
2023-11-15,P105,36.0,204.64,0
2023-11-16,P105,36.0,204.59,0
2023-11-17,P105,36.0,204.55,0
2023-11-18,P105,18.0,204.51,0
2023-11-19,P105,8.0,204.47,0
2023-11-20,P105,32.0,204.43,0
2023-11-21,P105,47.0,204.39,0
2023-11-22,P105,35.0,204.34,0
2023-11-23,P105,36.0,204.3,0
2023-11-24,P105,36.0,204.26,0
2023-11-25,P105,18.0,204.22,0
2023-11-26,P105,13.0,204.18,1
2023-11-27,P105,36.0,204.14,0
2023-11-28,P105,34.0,204.1,0
2023-11-29,P105,39.0,204.06,0
2023-11-30,P105,29.0,204.03,0
2023-12-01,P105,41.0,203.99,0
2023-12-02,P105,21.0,203.95,0
2023-12-03,P105,8.0,203.91,0
2023-12-04,P105,30.0,203.87,0
2023-12-05,P105,35.0,203.83,0
2023-12-06,P105,43.0,203.8,0
2023-12-07,P105,53.0,203.76,0
2023-12-08,P105,39.0,203.72,0
2023-12-09,P105,21.0,203.69,0
2023-12-10,P105,8.0,203.65,0
2023-12-11,P105,34.0,203.62,0
2023-12-12,P105,43.0,203.58,0
2023-12-13,P105,33.0,203.54,0
2023-12-14,P105,32.0,203.51,0
2023-12-15,P105,30.0,203.48,0
2023-12-16,P105,22.0,203.44,0
2023-12-17,P105,8.0,203.41,0
2023-12-18,P105,38.0,203.37,0
2023-12-19,P105,39.0,203.34,0
2023-12-20,P105,34.0,203.31,0
2023-12-21,P105,35.0,203.28,0
2023-12-22,P105,33.0,203.24,0
2023-12-23,P105,17.0,203.21,0
2023-12-24,P105,7.0,203.18,0
2023-12-25,P105,33.0,203.15,0
2023-12-26,P105,42.0,203.12,0
2023-12-27,P105,42.0,203.09,0
2023-12-28,P105,32.0,203.06,0
2023-12-29,P105,35.0,203.03,0
2023-12-30,P105,24.0,203.0,0
2023-12-31,P105,7.0,202.97,0
2024-01-01,P105,40.0,202.94,0
2024-01-02,P105,40.0,202.92,0
2024-01-03,P105,44.0,202.89,0
2024-01-04,P105,39.0,202.86,0
2024-01-05,P105,35.0,202.84,0
2024-01-06,P105,20.0,202.81,0
2024-01-07,P105,8.0,202.78,0
2024-01-08,P105,38.0,202.76,0
2024-01-09,P105,34.0,202.73,0
2024-01-10,P105,45.0,202.71,0
2024-01-11,P105,43.0,202.69,0
2024-01-12,P105,32.0,202.66,0
2024-01-13,P105,19.0,202.64,0
2024-01-14,P105,8.0,202.62,0
2024-01-15,P105,34.0,202.59,0
2024-01-16,P105,32.0,202.57,0
2024-01-17,P105,37.0,202.55,0
2024-01-18,P105,37.0,202.53,0
2024-01-19,P105,31.0,202.51,0
2024-01-20,P105,21.0,202.49,0
2024-01-21,P105,9.0,202.47,0
2024-01-22,P105,43.0,202.45,0
2024-01-23,P105,40.0,202.43,0
2024-01-24,P105,32.0,202.41,0
2024-01-25,P105,42.0,202.4,0
2024-01-26,P105,37.0,202.38,0
2024-01-27,P105,21.0,202.36,0
2024-01-28,P105,10.0,202.35,0
2024-01-29,P105,36.0,202.33,0
2024-01-30,P105,28.0,202.31,0
2024-01-31,P105,35.0,202.3,0
2024-02-01,P105,41.0,202.29,0
2024-02-02,P105,37.0,202.27,0
2024-02-03,P105,18.0,202.26,0
2024-02-04,P105,7.0,202.25,0
2024-02-05,P105,38.0,202.23,0
2024-02-06,P105,35.0,202.22,0
2024-02-07,P105,42.0,202.21,0
2024-02-08,P105,37.0,202.2,0
2024-02-09,P105,34.0,202.19,0
2024-02-10,P105,19.0,202.18,0
2024-02-11,P105,8.0,202.17,0
2024-02-12,P105,39.0,202.16,0
2024-02-13,P105,41.0,202.15,0
2024-02-14,P105,41.0,202.14,0
2024-02-15,P105,38.0,202.14,0
2024-02-16,P105,33.0,202.13,0
2024-02-17,P105,19.0,202.12,0
2024-02-18,P105,8.0,202.12,0
2024-02-19,P105,48.0,202.11,0
2024-02-20,P105,34.0,202.11,0
2024-02-21,P105,38.0,202.1,0
2024-02-22,P105,39.0,202.1,0
2024-02-23,P105,35.0,202.1,0
2024-02-24,P105,22.0,202.09,0
2024-02-25,P105,8.0,202.09,0
2024-02-26,P105,38.0,202.09,0
2024-02-27,P105,44.0,202.09,0
2024-02-28,P105,47.0,202.09,0
2024-02-29,P105,44.0,202.09,0
2024-03-01,P105,36.0,202.09,0
2024-03-02,P105,20.0,202.09,0
2024-03-03,P105,8.0,202.09,0
2024-03-04,P105,39.0,202.09,0
2024-03-05,P105,36.0,202.09,0
2024-03-06,P105,43.0,202.09,0
2024-03-07,P105,39.0,202.1,0
2024-03-08,P105,64.0,202.1,1
2024-03-09,P105,17.0,202.11,0
2024-03-10,P105,8.0,202.11,0
2024-03-11,P105,30.0,202.12,0
2024-03-12,P105,37.0,202.12,0
2024-03-13,P105,36.0,202.13,0
2024-03-14,P105,39.0,202.14,0
2024-03-15,P105,43.0,202.14,0
2024-03-16,P105,21.0,202.15,0
2024-03-17,P105,9.0,202.16,0
2024-03-18,P105,40.0,202.17,0
2024-03-19,P105,44.0,202.18,0
2024-03-20,P105,46.0,202.19,0
2024-03-21,P105,34.0,202.2,0
2024-03-22,P105,32.0,202.21,0
2024-03-23,P105,32.0,202.22,1
2024-03-24,P105,8.0,202.23,0
2024-03-25,P105,38.0,202.24,0
2024-03-26,P105,38.0,202.26,0
2024-03-27,P105,64.0,202.27,1
2024-03-28,P105,43.0,202.28,0
2024-03-29,P105,31.0,202.3,0
2024-03-30,P105,21.0,202.31,0
2024-03-31,P105,8.0,202.33,0
2024-04-01,P105,30.0,202.34,0
2024-04-02,P105,35.0,202.36,0
2024-04-03,P105,35.0,202.37,0
2024-04-04,P105,67.0,202.39,1
2024-04-05,P105,33.0,202.41,0
2024-04-06,P105,19.0,202.43,0
2024-04-07,P105,6.0,202.45,0
2024-04-08,P105,46.0,202.47,0
2024-04-09,P105,38.0,202.48,0
2024-04-10,P105,39.0,202.5,0
2024-04-11,P105,34.0,202.52,0
2024-04-12,P105,32.0,202.55,0
2024-04-13,P105,23.0,202.57,0
2024-04-14,P105,6.0,202.59,0
2024-04-15,P105,37.0,202.61,0
2024-04-16,P105,32.0,202.63,0
2024-04-17,P105,35.0,202.66,0
2024-04-18,P105,33.0,202.68,0
2024-04-19,P105,30.0,202.7,0
2024-04-20,P105,18.0,202.73,0
2024-04-21,P105,5.0,202.75,0
2024-04-22,P105,34.0,202.78,0
2024-04-23,P105,36.0,202.8,0
2024-04-24,P105,46.0,202.83,1
2024-04-25,P105,41.0,202.86,0
2024-04-26,P105,31.0,202.88,0
2024-04-27,P105,18.0,202.91,0
2024-04-28,P105,7.0,202.94,0
2024-04-29,P105,34.0,202.97,0
2024-04-30,P105,41.0,202.99,0
2024-05-01,P105,45.0,203.02,0
2024-05-02,P105,37.0,203.05,0
2024-05-03,P105,36.0,203.08,0
2024-05-04,P105,21.0,203.11,0
2024-05-05,P105,7.0,203.14,0
2024-05-06,P105,40.0,203.17,0
2024-05-07,P105,39.0,203.2,0
2024-05-08,P105,35.0,203.24,0
2024-05-09,P105,35.0,203.27,0
2024-05-10,P105,26.0,203.3,0
2024-05-11,P105,18.0,203.33,0
2024-05-12,P105,6.0,203.37,0
2024-05-13,P105,28.0,203.4,0
2024-05-14,P105,36.0,203.43,0
2024-05-15,P105,30.0,203.47,0
2024-05-16,P105,33.0,203.5,0
2024-05-17,P105,32.0,203.54,0
2024-05-18,P105,18.0,203.57,0
2024-05-19,P105,6.0,203.61,0
2024-05-20,P105,36.0,203.64,0
2024-05-21,P105,34.0,203.68,0
2024-05-22,P105,35.0,203.71,0
2024-05-23,P105,28.0,203.75,0
2024-05-24,P105,30.0,203.79,0
2024-05-25,P105,19.0,203.83,0
2024-05-26,P105,8.0,203.86,0
2024-05-27,P105,30.0,203.9,0
2024-05-28,P105,32.0,203.94,0
2024-05-29,P105,29.0,203.98,0
2024-05-30,P105,30.0,204.02,0
2024-05-31,P105,26.0,204.06,0
2024-06-01,P105,16.0,204.09,0
2024-06-02,P105,7.0,204.13,0
2024-06-03,P105,29.0,204.17,0
2024-06-04,P105,33.0,204.21,0
2024-06-05,P105,32.0,204.25,0
2024-06-06,P105,35.0,204.29,0
2024-06-07,P105,28.0,204.33,0
2024-06-08,P105,28.0,204.38,1
2024-06-09,P105,6.0,204.42,0
2024-06-10,P105,28.0,204.46,0
2024-06-11,P105,35.0,204.5,0
2024-06-12,P105,32.0,204.54,0
2024-06-13,P105,31.0,204.58,0
2024-06-14,P105,34.0,204.63,0
2024-06-15,P105,19.0,204.67,0
2024-06-16,P105,5.0,204.71,0
2024-06-17,P105,34.0,204.75,0
2024-06-18,P105,33.0,204.8,0
2024-06-19,P105,30.0,204.84,0
2024-06-20,P105,32.0,204.88,0
2024-06-21,P105,24.0,204.93,0
2024-06-22,P105,19.0,204.97,0
2024-06-23,P105,7.0,205.01,0
2024-06-24,P105,28.0,205.06,0
2024-06-25,P105,30.0,205.1,0
2024-06-26,P105,26.0,205.15,0
2024-06-27,P105,29.0,205.19,0
2024-06-28,P105,27.0,205.24,0
2024-06-29,P105,14.0,205.28,0
2024-06-30,P105,7.0,205.32,0
2024-07-01,P105,35.0,205.37,0
2024-07-02,P105,32.0,205.41,0
2024-07-03,P105,30.0,205.46,0
2024-07-04,P105,32.0,205.5,0
2024-07-05,P105,29.0,205.55,0
2024-07-06,P105,14.0,205.59,0
2024-07-07,P105,6.0,205.64,0
2024-07-08,P105,29.0,205.69,0
2024-07-09,P105,32.0,205.73,0
2024-07-10,P105,31.0,205.78,0
2024-07-11,P105,31.0,205.82,0
2024-07-12,P105,24.0,205.87,0
2024-07-13,P105,17.0,205.91,0
2024-07-14,P105,6.0,205.96,0
2024-07-15,P105,39.0,206.0,0
2024-07-16,P105,30.0,206.05,0
2024-07-17,P105,32.0,206.1,0
2024-07-18,P105,39.0,206.14,0
2024-07-19,P105,29.0,206.19,0
2024-07-20,P105,26.0,206.23,1
2024-07-21,P105,6.0,206.28,0
2024-07-22,P105,35.0,206.33,0
2024-07-23,P105,27.0,206.37,0
2024-07-24,P105,32.0,206.42,0
2024-07-25,P105,28.0,206.46,0
2024-07-26,P105,28.0,206.51,0
2024-07-27,P105,13.0,206.55,0
2024-07-28,P105,7.0,206.6,0
2024-07-29,P105,29.0,206.65,0
2024-07-30,P105,27.0,206.69,0
2024-07-31,P105,35.0,206.74,0
2024-08-01,P105,28.0,206.78,0
2024-08-02,P105,29.0,206.83,0
2024-08-03,P105,17.0,206.87,0
2024-08-04,P105,7.0,206.92,0
2024-08-05,P105,23.0,206.96,0
2024-08-06,P105,34.0,207.01,0
2024-08-07,P105,30.0,207.05,0
2024-08-08,P105,29.0,207.1,0
2024-08-09,P105,28.0,207.14,0
2024-08-10,P105,13.0,207.19,0
2024-08-11,P105,6.0,207.23,0
2024-08-12,P105,26.0,207.28,0
2024-08-13,P105,30.0,207.32,0
2024-08-14,P105,31.0,207.36,0
2024-08-15,P105,34.0,207.41,0
2024-08-16,P105,26.0,207.45,0
2024-08-17,P105,18.0,207.5,0
2024-08-18,P105,7.0,207.54,0
2024-08-19,P105,29.0,207.58,0
2024-08-20,P105,28.0,207.63,0
2024-08-21,P105,26.0,207.67,0
2024-08-22,P105,31.0,207.71,0
2024-08-23,P105,26.0,207.75,0
2024-08-24,P105,18.0,207.8,0
2024-08-25,P105,6.0,207.84,0
2024-08-26,P105,28.0,207.88,0
2024-08-27,P105,33.0,207.92,0
2024-08-28,P105,29.0,207.96,0
2024-08-29,P105,30.0,208.0,0
2024-08-30,P105,32.0,208.05,0
2024-08-31,P105,16.0,208.09,0
2024-09-01,P105,6.0,208.13,0
2024-09-02,P105,32.0,208.17,0
2024-09-03,P105,26.0,208.21,0
2024-09-04,P105,33.0,208.25,0
2024-09-05,P105,31.0,208.29,0
2024-09-06,P105,32.0,208.33,0
2024-09-07,P105,36.0,208.37,1
2024-09-08,P105,6.0,208.41,0
2024-09-09,P105,35.0,208.44,0
2024-09-10,P105,31.0,208.48,0
2024-09-11,P105,33.0,208.52,0
2024-09-12,P105,30.0,208.56,0
2024-09-13,P105,31.0,208.6,0
2024-09-14,P105,16.0,208.63,0
2024-09-15,P105,16.0,208.67,1
2024-09-16,P105,39.0,208.71,0
2024-09-17,P105,36.0,208.74,0
2024-09-18,P105,38.0,208.78,0
2024-09-19,P105,26.0,208.81,0
2024-09-20,P105,25.0,208.85,0
2024-09-21,P105,16.0,208.89,0
2024-09-22,P105,7.0,208.92,0
2024-09-23,P105,31.0,208.95,0
2024-09-24,P105,27.0,208.99,0
2024-09-25,P105,37.0,209.02,0
2024-09-26,P105,40.0,209.06,0
2024-09-27,P105,35.0,209.09,0
2024-09-28,P105,19.0,209.12,0
2024-09-29,P105,7.0,209.15,0
2024-09-30,P105,30.0,209.19,0
2024-10-01,P105,34.0,209.22,0
2024-10-02,P105,41.0,209.25,0
2024-10-03,P105,31.0,209.28,0
2024-10-04,P105,30.0,209.31,0
2024-10-05,P105,32.0,209.34,1
2024-10-06,P105,13.0,209.37,1
2024-10-07,P105,30.0,209.4,0
2024-10-08,P105,34.0,209.43,0
2024-10-09,P105,69.0,209.46,1
2024-10-10,P105,33.0,209.48,0
2024-10-11,P105,36.0,209.51,0
2024-10-12,P105,16.0,209.54,0
2024-10-13,P105,17.0,209.57,1
2024-10-14,P105,34.0,209.59,0
2024-10-15,P105,44.0,209.62,0
2024-10-16,P105,36.0,209.64,0
2024-10-17,P105,33.0,209.67,0
2024-10-18,P105,34.0,209.69,0
2024-10-19,P105,17.0,209.72,0
2024-10-20,P105,6.0,209.74,0
2024-10-21,P105,34.0,209.77,0
2024-10-22,P105,35.0,209.79,0
2024-10-23,P105,29.0,209.81,0
2024-10-24,P105,34.0,209.83,0
2024-10-25,P105,25.0,209.85,0
2024-10-26,P105,35.0,209.88,1
2024-10-27,P105,7.0,209.9,0
2024-10-28,P105,35.0,209.92,0
2024-10-29,P105,35.0,209.94,0
2024-10-30,P105,36.0,209.96,0
2024-10-31,P105,32.0,209.97,0
2024-11-01,P105,33.0,209.99,0
2024-11-02,P105,19.0,210.01,0
2024-11-03,P105,7.0,210.03,0
2024-11-04,P105,37.0,210.05,0
2024-11-05,P105,38.0,210.06,0
2024-11-06,P105,36.0,210.08,0
2024-11-07,P105,45.0,210.09,0
2024-11-08,P105,33.0,210.11,0
2024-11-09,P105,18.0,210.12,0
2024-11-10,P105,12.0,210.14,1
2024-11-11,P105,32.0,210.15,0
2024-11-12,P105,41.0,210.17,0
2024-11-13,P105,34.0,210.18,0
2024-11-14,P105,34.0,210.19,0
2024-11-15,P105,33.0,210.2,0
2024-11-16,P105,17.0,210.21,0
2024-11-17,P105,6.0,210.22,0
2024-11-18,P105,35.0,210.23,0
2024-11-19,P105,42.0,210.24,0
2024-11-20,P105,39.0,210.25,0
2024-11-21,P105,43.0,210.26,0
2024-11-22,P105,38.0,210.27,0
2024-11-23,P105,20.0,210.28,0
2024-11-24,P105,9.0,210.29,0
2024-11-25,P105,37.0,210.29,0
2024-11-26,P105,39.0,210.3,0
2024-11-27,P105,38.0,210.3,0
2024-11-28,P105,44.0,210.31,0
2024-11-29,P105,36.0,210.31,0
2024-11-30,P105,18.0,210.32,0
2024-12-01,P105,8.0,210.32,0
2024-12-02,P105,35.0,210.33,0
2024-12-03,P105,79.0,210.33,1
2024-12-04,P105,41.0,210.33,0
2024-12-05,P105,37.0,210.33,0
2024-12-06,P105,38.0,210.33,0
2024-12-07,P105,17.0,210.33,0
2024-12-08,P105,8.0,210.33,0
2024-12-09,P105,37.0,210.33,0
2024-12-10,P105,53.0,210.33,0
2024-12-11,P105,40.0,210.33,0
2024-12-12,P105,36.0,210.33,0
2024-12-13,P105,31.0,210.33,0
2024-12-14,P105,23.0,210.32,0
2024-12-15,p105 ,8.0,210.32,0
2024-12-16,P105,36.0,210.32,0
2024-12-17,P105,42.0,210.31,0
2024-12-18,P105,43.0,210.31,0
2024-12-19,P105,42.0,210.3,0
2024-12-20,P105,37.0,210.3,0
2024-12-21,P105,21.0,210.29,0
2024-12-22,P105,8.0,210.28,0
2024-12-23,P105,41.0,210.28,0
2024-12-24,P105,43.0,210.27,0
2024-12-25,P105,45.0,210.26,0
2024-12-26,P105,39.0,210.25,0
2024-12-27,P105,34.0,210.24,0
2024-12-28,P105,20.0,210.23,0
2024-12-29,P105,9.0,210.22,0
2024-12-30,P105,32.0,210.21,0
2024-12-31,P105,33.0,210.2,0
2025-01-01,P105,45.0,210.19,0
2025-01-02,P105,74.0,210.17,1
2025-01-03,P105,32.0,210.16,0
2025-01-04,P105,21.0,210.15,0
2025-01-05,P105,8.0,210.13,0
2025-01-06,P105,59.0,210.12,1
2025-01-07,P105,43.0,210.11,0
2025-01-08,P105,35.0,210.09,0
2025-01-09,P105,35.0,210.07,0
2025-01-10,P105,37.0,210.06,0
2025-01-11,P105,21.0,210.04,0
2025-01-12,P105,7.0,210.02,0
2025-01-13,P105,44.0,210.01,0
2025-01-14,P105,40.0,209.99,0
2025-01-15,P105,39.0,209.97,0
2025-01-16,P105,41.0,209.95,0
2025-01-17,P105,38.0,209.93,0
2025-01-18,P105,23.0,209.91,0
2025-01-19,P105,8.0,209.89,0
2025-01-20,P105,34.0,209.87,0
2025-01-21,P105,41.0,209.85,0
2025-01-22,P105,42.0,209.83,0
2025-01-23,P105,35.0,209.8,0
2025-01-24,P105,32.0,209.78,0
2025-01-25,P105,21.0,209.76,0
2025-01-26,P105,8.0,209.73,0
2025-01-27,P105,34.0,209.71,0
2025-01-28,P105,47.0,209.69,0
2025-01-29,P105,39.0,209.66,0
2025-01-30,P105,45.0,209.64,0
2025-01-31,P105,38.0,209.61,0
2025-02-01,P105,22.0,209.58,0
2025-02-02,P105,16.0,209.56,1
2025-02-03,P105,29.0,209.53,0
2025-02-04,P105,37.0,209.5,0
2025-02-05,P105,41.0,209.48,0
2025-02-06,P105,42.0,209.45,0
2025-02-07,P105,57.0,209.42,1
2025-02-08,P105,21.0,209.39,0
2025-02-09,P105,7.0,209.36,0
2025-02-10,P105,42.0,209.33,0
2025-02-11,P105,42.0,209.3,0
2025-02-12,P105,45.0,209.27,0
2025-02-13,P105,45.0,209.24,0
2025-02-14,P105,40.0,209.21,0
2025-02-15,P105,23.0,209.18,0
2025-02-16,P105,8.0,209.14,0
2025-02-17,P105,53.0,209.11,0
2025-02-18,P105,36.0,209.08,0
2025-02-19,P105,39.0,209.05,0
2025-02-20,P105,44.0,209.01,0
2025-02-21,P105,41.0,208.98,0
2025-02-22,P105,22.0,208.94,0
2025-02-23,P105,9.0,208.91,0
2025-02-24,P105,31.0,208.88,0
2025-02-25,P105,49.0,208.84,0
2025-02-26,P105,40.0,208.8,0
2025-02-27,P105,45.0,208.77,0
2025-02-28,P105,29.0,208.73,0
2025-03-01,P105,21.0,208.7,0
2025-03-02,P105,8.0,208.66,0
2025-03-03,P105,43.0,208.62,0
2025-03-04,P105,43.0,208.59,0
2025-03-05,P105,42.0,208.55,0
2025-03-06,P105,35.0,208.51,0
2025-03-07,P105,37.0,208.47,0
2025-03-08,P105,20.0,208.43,0
2025-03-09,P105,9.0,208.39,0
2025-03-10,P105,44.0,208.36,0
2025-03-11,P105,42.0,208.32,0
2025-03-12,P105,35.0,208.28,0
2025-03-13,P105,40.0,208.24,0
2025-03-14,P105,48.0,208.2,0
2025-03-15,P105,24.0,208.16,0
2025-03-16,P105,6.0,208.12,0
2025-03-17,P105,40.0,208.08,0
2025-03-18,P105,45.0,208.03,0
2025-03-19,P105,39.0,207.99,0
2025-03-20,P105,37.0,207.95,0
2025-03-21,P105,36.0,207.91,0
2025-03-22,P105,22.0,207.87,0
2025-03-23,P105,7.0,207.83,0
2025-03-24,P105,68.0,207.78,1
2025-03-25,P105,40.0,207.74,0
2025-03-26,P105,36.0,207.7,0
2025-03-27,P105,43.0,207.66,0
2025-03-28,P105,30.0,207.61,0
2025-03-29,P105,19.0,207.57,0
2025-03-30,P105,8.0,207.53,0
2025-03-31,P105,48.0,207.48,0
2025-04-01,P105,37.0,207.44,0
2025-04-02,P105,30.0,207.4,0
2025-04-03,P105,36.0,207.35,0
2025-04-04,P105,38.0,207.31,0
2025-04-05,P105,22.0,207.26,0
2025-04-06,P105,10.0,207.22,0
2025-04-07,P105,44.0,207.17,0
2025-04-08,P105,40.0,207.13,0
2025-04-09,P105,35.0,207.08,0
2025-04-10,P105,44.0,207.04,0
2025-04-11,P105,34.0,207.0,0
2025-04-12,P105,18.0,206.95,0
2025-04-13,P105,7.0,206.9,0
2025-04-14,P105,32.0,206.86,0
2025-04-15,P105,37.0,206.81,0
2025-04-16,P105,37.0,206.77,0
2025-04-17,P105,40.0,206.72,0
2025-04-18,P105,34.0,206.68,0
2025-04-19,P105,17.0,206.63,0
2025-04-20,P105,6.0,206.59,0
2025-04-21,P105,38.0,206.54,0
2025-04-22,P105,39.0,206.5,0
2025-04-23,P105,35.0,206.45,0
2025-04-24,P105,34.0,206.4,0
2025-04-25,P105,36.0,206.36,0
2025-04-26,P105,22.0,206.31,0
2025-04-27,P105,7.0,206.27,0
2025-04-28,P105,37.0,206.22,0
2025-04-29,P105,42.0,206.18,0
2025-04-30,P105,34.0,206.13,0
2025-05-01,P105,36.0,206.08,0
2025-05-02,P105,34.0,206.04,0
2025-05-03,P105,16.0,205.99,0
2025-05-04,P105,8.0,205.95,0
2025-05-05,P105,36.0,205.9,0
2025-05-06,P105,39.0,205.85,0
2025-05-07,P105,32.0,205.81,0
2025-05-08,P105,35.0,205.76,0
2025-05-09,P105,69.0,205.72,1
2025-05-10,P105,23.0,205.67,0
2025-05-11,P105,8.0,205.63,0
2025-05-12,P105,31.0,205.58,0
2025-05-13,P105,38.0,205.54,0
2025-05-14,P105,34.0,205.49,0
2025-05-15,P105,36.0,205.45,0
2025-05-16,P105,30.0,205.4,0
2025-05-17,P105,15.0,205.36,0
2025-05-18,P105,7.0,205.31,0
2025-05-19,P105,67.0,205.27,1
2025-05-20,P105,37.0,205.22,0
2025-05-21,P105,37.0,205.18,0
2025-05-22,P105,35.0,205.13,0
2025-05-23,P105,34.0,205.09,0
2025-05-24,P105,19.0,205.05,0
2025-05-25,P105,7.0,205.0,0
2025-05-26,P105,34.0,204.96,0
2025-05-27,P105,42.0,204.91,0
2025-05-28,P105,35.0,204.87,0
2025-05-29,P105,34.0,204.83,0
2025-05-30,P105,32.0,204.78,0
2025-05-31,P105,17.0,204.74,0
2025-06-01,P105,15.0,204.7,1
2025-06-02,P105,34.0,204.66,0
2025-06-03,P105,33.0,204.61,0
2025-06-04,P105,34.0,204.57,0
2025-06-05,P105,30.0,204.53,0
2025-06-06,P105,32.0,204.49,0
2025-06-07,P105,18.0,204.45,0
2025-06-08,P105,7.0,204.41,0
2025-06-09,P105,26.0,204.36,0
2025-06-10,P105,36.0,204.32,0
2025-06-11,P105,34.0,204.28,0
2025-06-12,P105,29.0,204.24,0
2025-06-13,P105,34.0,204.2,0
2025-06-14,P105,14.0,204.16,0
2025-06-15,P105,8.0,204.12,0
2025-06-16,P105,32.0,204.08,0
2025-06-17,P105,25.0,204.04,0
2025-06-18,P105,34.0,204.01,0
2025-06-19,P105,31.0,203.97,0
2025-06-20,P105,29.0,203.93,0
2025-06-21,P105,15.0,203.89,0
2025-06-22,P105,7.0,203.85,0
2025-06-23,P105,31.0,203.82,0
2025-06-24,P105,27.0,203.78,0
2025-06-25,P105,37.0,203.74,0
2025-06-26,P105,31.0,203.7,0
2025-06-27,P105,28.0,203.67,0
2025-06-28,P105,15.0,203.63,0
2025-06-29,P105,7.0,203.6,0
2025-06-30,P105,27.0,203.56,0
2025-07-01,P105,34.0,203.53,0
2025-07-02,P105,30.0,203.49,0
2025-07-03,P105,30.0,203.46,0
2025-07-04,P105,26.0,203.42,0
2025-07-05,P105,23.0,203.39,1
2025-07-06,P105,7.0,203.36,0
2025-07-07,P105,32.0,203.32,0
2025-07-08,P105,30.0,203.29,0
2025-07-09,P105,32.0,203.26,0
2025-07-10,P105,34.0,203.23,0
2025-07-11,P105,24.0,203.2,0
2025-07-12,P105,16.0,203.16,0
2025-07-13,P105,10.0,203.13,1
2025-07-14,P105,28.0,203.1,0
2025-07-15,P105,34.0,203.07,0
2025-07-16,P105,30.0,203.04,0
2025-07-17,P105,27.0,203.02,0
2025-07-18,P105,34.0,202.99,0
2025-07-19,P105,18.0,202.96,0
2025-07-20,P105,5.0,202.93,0
2025-07-21,P105,26.0,202.9,0
2025-07-22,P105,35.0,202.88,0
2025-07-23,P105,31.0,202.85,0
2025-07-24,P105,36.0,202.82,0
2025-07-25,P105,32.0,202.8,0
2025-07-26,P105,17.0,202.77,0
2025-07-27,P105,6.0,202.75,0
2025-07-28,P105,33.0,202.72,0
2025-07-29,P105,28.0,202.7,0
2025-07-30,P105,36.0,202.67,0
2025-07-31,P105,32.0,202.65,0
2025-08-01,P105,27.0,202.63,0
2025-08-02,P105,18.0,202.6,0
2025-08-03,P105,8.0,202.58,0
2025-08-04,P105,31.0,202.56,0
2025-08-05,P105,34.0,202.54,0
2025-08-06,P105,30.0,202.52,0
2025-08-07,P105,31.0,202.5,0
2025-08-08,P105,25.0,202.48,0
2025-08-09,P105,16.0,202.46,0
2025-08-10,P105,7.0,202.44,0
2025-08-11,P105,38.0,202.42,0
2025-08-12,P105,26.0,202.4,0
2025-08-13,P105,31.0,202.39,0
2025-08-14,P105,36.0,202.37,0
2025-08-15,P105,29.0,202.35,0
2025-08-16,P105,16.0,202.34,0
2025-08-17,P105,6.0,202.32,0
2025-08-18,P105,28.0,202.31,0
2025-08-19,P105,51.0,202.29,1
2025-08-20,P105,30.0,202.28,0
2025-08-21,P105,28.0,202.26,0
2025-08-22,P105,30.0,202.25,0
2025-08-23,P105,15.0,202.24,0
2025-08-24,P105,6.0,202.23,0
2025-08-25,P105,30.0,202.22,0
2025-08-26,P105,33.0,202.2,0
2025-08-27,P105,31.0,202.19,0
2025-08-28,P105,28.0,202.18,0
2025-08-29,P105,30.0,202.17,0
2025-08-30,P105,19.0,202.16,0
2025-08-31,P105,7.0,202.16,0
2025-09-01,P105,30.0,202.15,0
2025-09-02,P105,33.0,202.14,0
2025-09-03,P105,25.0,202.13,0
2025-09-04,P105,31.0,202.13,0
2025-09-05,P105,29.0,202.12,0
2025-09-06,P105,15.0,202.11,0
2025-09-07,P105,6.0,202.11,0
2025-09-08,P105,31.0,202.1,0
2025-09-09,P105,37.0,202.1,0
2025-09-10,P105,37.0,202.1,0
2025-09-11,P105,47.0,202.09,1
2025-09-12,P105,29.0,202.09,0
2025-09-13,P105,16.0,202.09,0
2025-09-14,P105,7.0,202.09,0
2025-09-15,P105,33.0,202.09,0
2025-09-16,P105,35.0,202.09,0
2025-09-17,P105,36.0,202.09,0
2025-09-18,P105,31.0,202.09,0
2025-09-19,P105,36.0,202.09,0
2025-09-20,P105,17.0,202.09,0
2025-09-21,P105,6.0,202.09,0
2025-09-22,P105,32.0,202.09,0
2025-09-23,P105,39.0,202.1,0
2025-09-24,P105,33.0,202.1,0
2025-09-25,P105,37.0,202.1,0
2025-09-26,P105,30.0,202.11,0
2025-09-27,P105,16.0,202.11,0
2025-09-28,P105,8.0,202.12,0
2025-09-29,P105,31.0,202.13,0
2025-09-30,P105,38.0,202.13,0
2025-10-01,P105,57.0,202.14,1
2025-10-02,P105,31.0,202.15,0
2025-10-03,P105,32.0,202.15,0
2025-10-04,P105,17.0,202.16,0
2025-10-05,P105,12.0,202.17,1
2025-10-06,P105,42.0,202.18,0
2025-10-07,P105,34.0,202.19,0
2025-10-08,P105,37.0,202.2,0
2025-10-09,P105,34.0,202.21,0
2025-10-10,P105,33.0,202.22,0
2025-10-11,P105,18.0,202.24,0
2025-10-12,P105,7.0,202.25,0
2025-10-13,P105,36.0,202.26,0
2025-10-14,P105,35.0,202.28,0
2025-10-15,P105,32.0,202.29,0
2025-10-16,P105,39.0,202.3,0
2025-10-17,P105,34.0,202.32,0
2025-10-18,P105,18.0,202.33,0
2025-10-19,P105,8.0,202.35,0
2025-10-20,P105,28.0,202.37,0
2025-10-21,P105,42.0,202.38,0
2025-10-22,P105,33.0,202.4,0
2025-10-23,P105,36.0,202.42,0
2025-10-24,P105,32.0,202.44,0
2025-10-25,P105,17.0,202.46,0
2025-10-26,P105,9.0,202.47,0
2025-10-27,P105,44.0,202.49,0
2025-10-28,P105,37.0,202.51,0
2025-10-29,P105,39.0,202.54,0
2025-10-30,P105,36.0,202.56,0
2025-10-31,P105,41.0,202.58,0
2025-11-01,P105,15.0,202.6,0
2025-11-02,P105,8.0,202.62,0
2025-11-03,P105,34.0,202.64,0
2025-11-04,P105,28.0,202.67,0
2025-11-05,P105,36.0,202.69,0
2025-11-06,P105,44.0,202.72,0
2025-11-07,P105,33.0,202.74,0
2025-11-08,P105,21.0,202.77,0
2025-11-09,P105,9.0,202.79,0
2025-11-10,P105,38.0,202.82,0
2025-11-11,P105,40.0,202.84,0
2025-11-12,P105,31.0,202.87,0
2025-11-13,P105,35.0,202.9,0
2025-11-14,P105,39.0,202.92,0
2025-11-15,P105,20.0,202.95,0
2025-11-16,P105,8.0,202.98,0
2025-11-17,P105,39.0,203.01,0
2025-11-18,P105,49.0,203.04,0
2025-11-19,P105,37.0,203.07,0
2025-11-20,P105,45.0,203.1,0
2025-11-21,P105,37.0,203.13,0
2025-11-22,P105,24.0,203.16,0
2025-11-23,P105,7.0,203.19,0
2025-11-24,P105,40.0,203.22,0
2025-11-25,P105,39.0,203.25,0
2025-11-26,P105,40.0,203.28,0
2025-11-27,P105,44.0,203.32,0
2025-11-28,P105,38.0,203.35,0
2025-11-29,P105,23.0,203.38,0
2025-11-30,P105,8.0,203.42,0
2025-12-01,P105,36.0,203.45,0
2025-12-02,P105,41.0,203.48,0
2025-12-03,P105,40.0,203.52,0
2025-12-04,P105,38.0,203.55,0
2025-12-05,P105,34.0,203.59,0
2025-12-06,P105,23.0,203.63,0
2025-12-07,P105,8.0,203.66,0
2025-12-08,P105,46.0,203.7,0
2025-12-09,P105,42.0,203.73,0
2025-12-10,P105,44.0,203.77,0
2025-12-11,P105,42.0,203.81,0
2025-12-12,P105,35.0,203.84,0
2025-12-13,P105,22.0,203.88,0
2025-12-14,P105,10.0,203.92,0
2025-12-15,P105,42.0,203.96,0
2025-12-16,P105,46.0,204.0,0
2025-12-17,P105,45.0,204.04,0
2025-12-18,P105,42.0,204.08,0
2025-12-19,P105,39.0,204.11,0
2025-12-20,P105,22.0,204.15,0
2025-12-21,P105,9.0,204.19,0
2025-12-22,P105,35.0,204.23,0
2025-12-23,P105,44.0,204.27,0
2025-12-24,P105,41.0,204.32,0
2025-12-25,P105,39.0,204.36,0
2025-12-26,P105,44.0,204.4,0
2025-12-27,P105,20.0,204.44,0
2025-12-28,P105,7.0,204.48,0
2025-12-29,P105,45.0,204.52,0
2025-12-30,P105,36.0,204.56,0
2025-12-31,P105,33.0,204.61,0
2023-01-01,P106,15.0,26.22,0
2023-01-02,P106,81.0,26.22,0
2023-01-03,P106,81.0,26.23,0
2023-01-04,P106,77.0,26.23,0
2023-01-05,P106,76.0,26.24,0
2023-01-06,P106,68.0,26.24,0
2023-01-07,P106,40.0,26.25,0
2023-01-08,P106,19.0,26.26,0
2023-01-09,P106,66.0,26.26,0
2023-01-10,P106,86.0,26.27,0
2023-01-11,P106,93.0,26.27,0
2023-01-12,P106,77.0,26.28,0
2023-01-13,P106,71.0,26.28,0
2023-01-14,P106,45.0,26.29,0
2023-01-15,P106,15.0,26.3,0
2023-01-16,P106,79.0,26.3,0
2023-01-17,P106,73.0,26.31,0
2023-01-18,P106,64.0,26.31,0
2023-01-19,P106,131.0,26.32,1
2023-01-20,P106,64.0,26.33,0
2023-01-21,P106,41.0,26.33,0
2023-01-22,P106,18.0,26.34,0
2023-01-23,P106,96.0,26.34,0
2023-01-24,P106,83.0,26.35,0
2023-01-25,P106,90.0,26.35,0
2023-01-26,P106,82.0,26.36,0
2023-01-27,P106,72.0,26.36,0
2023-01-28,P106,32.0,26.37,0
2023-01-29,P106,19.0,26.38,0
2023-01-30,P106,70.0,26.38,0
2023-01-31,P106,94.0,26.39,0
2023-02-01,P106,85.0,26.39,0
2023-02-02,P106,70.0,26.4,0
2023-02-03,P106,77.0,26.4,0
2023-02-04,P106,50.0,26.41,0
2023-02-05,P106,29.0,26.41,1
2023-02-06,P106,74.0,26.42,0
2023-02-07,P106,75.0,26.42,0
2023-02-08,P106,81.0,26.43,0
2023-02-09,P106,76.0,26.44,0
2023-02-10,P106,84.0,26.44,0
2023-02-11,P106,44.0,26.45,0
2023-02-12,P106,13.0,26.45,0
2023-02-13,P106,82.0,26.46,0
2023-02-14,P106,79.0,26.46,0
2023-02-15,P106,155.0,26.47,1
2023-02-16,P106,79.0,26.47,0
2023-02-17,P106,83.0,26.48,0
2023-02-18,P106,45.0,26.48,0
2023-02-19,P106,15.0,26.49,0
2023-02-20,P106,77.0,26.49,0
2023-02-21,P106,76.0,26.5,0
2023-02-22,P106,64.0,26.5,0
2023-02-23,p106 ,76.0,26.51,0
2023-02-24,P106,88.0,26.51,0
2023-02-25,P106,32.0,26.52,0
2023-02-26,P106,16.0,26.52,0
2023-02-27,P106,76.0,26.53,0
2023-02-28,P106,82.0,26.53,0
2023-03-01,P106,70.0,26.53,0
2023-03-02,P106,64.0,26.54,0
2023-03-03,P106,61.0,26.54,0
2023-03-04,P106,45.0,26.55,0
2023-03-05,P106,14.0,26.55,0
2023-03-06,P106,72.0,26.56,0
2023-03-07,P106,97.0,26.56,0
2023-03-08,P106,71.0,26.57,0
2023-03-09,P106,78.0,26.57,0
2023-03-10,P106,80.0,26.57,0
2023-03-11,P106,44.0,26.58,0
2023-03-12,P106,13.0,26.58,0
2023-03-13,P106,69.0,26.59,0
2023-03-14,P106,81.0,26.59,0
2023-03-15,P106,93.0,26.6,0
2023-03-16,P106,68.0,26.6,0
2023-03-17,P106,67.0,26.6,0
2023-03-18,P106,40.0,26.61,0
2023-03-19,P106,17.0,26.61,0
2023-03-20,P106,80.0,26.61,0
2023-03-21,P106,70.0,26.62,0
2023-03-22,P106,71.0,26.62,0
2023-03-23,P106,75.0,26.63,0
2023-03-24,P106,79.0,26.63,0
2023-03-25,P106,37.0,26.63,0
2023-03-26,P106,15.0,26.64,0
2023-03-27,P106,65.0,26.64,0
2023-03-28,P106,92.0,26.64,0
2023-03-29,P106,76.0,26.65,0
2023-03-30,P106,81.0,26.65,0
2023-03-31,P106,69.0,26.65,0
2023-04-01,P106,38.0,26.66,0
2023-04-02,P106,13.0,26.66,0
2023-04-03,P106,55.0,26.66,0
2023-04-04,P106,85.0,26.67,0
2023-04-05,P106,74.0,26.67,0
2023-04-06,P106,73.0,26.67,0
2023-04-07,P106,58.0,26.67,0
2023-04-08,P106,33.0,26.68,0
2023-04-09,P106,17.0,26.68,0
2023-04-10,P106,85.0,26.68,0
2023-04-11,P106,69.0,26.69,0
2023-04-12,P106,78.0,26.69,0
2023-04-13,P106,72.0,26.69,0
2023-04-14,P106,66.0,26.69,0
2023-04-15,P106,44.0,26.69,0
2023-04-16,P106,14.0,26.7,0
2023-04-17,P106,80.0,26.7,0
2023-04-18,P106,76.0,26.7,0
2023-04-19,P106,71.0,26.7,0
2023-04-20,P106,80.0,26.71,0
2023-04-21,P106,68.0,26.71,0
2023-04-22,P106,36.0,26.71,0
2023-04-23,P106,17.0,26.71,0
2023-04-24,P106,79.0,26.71,0
2023-04-25,P106,81.0,26.72,0
2023-04-26,P106,40.0,26.72,0
2023-04-27,P106,71.0,26.72,0
2023-04-28,P106,66.0,26.72,0
2023-04-29,P106,35.0,26.72,0
2023-04-30,P106,15.0,26.72,0
2023-05-01,P106,70.0,26.72,0
2023-05-02,P106,76.0,26.73,0
2023-05-03,P106,67.0,26.73,0
2023-05-04,P106,78.0,26.73,0
2023-05-05,P106,69.0,26.73,0
2023-05-06,P106,37.0,26.73,0
2023-05-07,P106,15.0,26.73,0
2023-05-08,P106,76.0,26.73,0
2023-05-09,P106,77.0,26.73,0
2023-05-10,P106,67.0,26.73,0
2023-05-11,P106,73.0,26.74,0
2023-05-12,P106,64.0,26.74,0
2023-05-13,P106,42.0,26.74,0
2023-05-14,P106,15.0,26.74,0
2023-05-15,P106,62.0,26.74,0
2023-05-16,P106,86.0,26.74,0
2023-05-17,P106,52.0,26.74,0
2023-05-18,P106,70.0,26.74,0
2023-05-19,P106,57.0,26.74,0
2023-05-20,P106,41.0,26.74,0
2023-05-21,P106,14.0,26.74,0
2023-05-22,P106,60.0,26.74,0
2023-05-23,P106,66.0,26.74,0
2023-05-24,P106,61.0,26.74,0
2023-05-25,P106,62.0,26.74,0
2023-05-26,P106,59.0,26.74,0
2023-05-27,P106,31.0,26.74,0
2023-05-28,P106,14.0,26.74,0
2023-05-29,P106,67.0,26.74,0
2023-05-30,P106,60.0,26.74,0
2023-05-31,P106,54.0,26.74,0
2023-06-01,P106,66.0,26.74,0
2023-06-02,P106,64.0,26.74,0
2023-06-03,P106,36.0,26.74,0
2023-06-04,P106,14.0,26.73,0
2023-06-05,P106,75.0,26.73,0
2023-06-06,P106,73.0,26.73,0
2023-06-07,P106,84.0,26.73,0
2023-06-08,P106,84.0,26.73,0
2023-06-09,P106,77.0,26.73,1
2023-06-10,P106,25.0,26.73,0
2023-06-11,P106,13.0,26.73,0
2023-06-12,P106,67.0,26.73,0
2023-06-13,P106,65.0,26.72,0
2023-06-14,P106,69.0,26.72,0
2023-06-15,P106,61.0,26.72,0
2023-06-16,P106,55.0,26.72,0
2023-06-17,P106,31.0,26.72,0
2023-06-18,P106,13.0,26.72,0
2023-06-19,P106,69.0,26.71,0
2023-06-20,P106,62.0,26.71,0
2023-06-21,P106,62.0,26.71,0
2023-06-22,P106,66.0,26.71,0
2023-06-23,P106,58.0,26.71,0
2023-06-24,P106,36.0,26.71,0
2023-06-25,P106,12.0,26.7,0
2023-06-26,P106,55.0,26.7,0
2023-06-27,P106,67.0,26.7,0
2023-06-28,P106,66.0,26.7,0
2023-06-29,P106,56.0,26.69,0
2023-06-30,P106,67.0,26.69,0
2023-07-01,P106,39.0,26.69,0
2023-07-02,P106,12.0,26.69,0
2023-07-03,P106,72.0,26.68,0
2023-07-04,P106,47.0,26.68,0
2023-07-05,P106,71.0,26.68,0
2023-07-06,P106,56.0,26.68,0
2023-07-07,P106,65.0,26.67,0
2023-07-08,P106,55.0,26.67,1
2023-07-09,P106,13.0,26.67,0
2023-07-10,P106,56.0,26.66,0
2023-07-11,P106,63.0,26.66,0
2023-07-12,P106,155.0,26.66,1
2023-07-13,P106,61.0,26.66,0
2023-07-14,P106,72.0,26.65,0
2023-07-15,P106,31.0,26.65,0
2023-07-16,P106,15.0,26.65,0
2023-07-17,P106,51.0,26.64,0
2023-07-18,P106,62.0,26.64,0
2023-07-19,P106,59.0,26.64,0
2023-07-20,P106,72.0,26.63,0
2023-07-21,P106,60.0,26.63,0
2023-07-22,P106,25.0,26.62,0
2023-07-23,P106,11.0,26.62,0
2023-07-24,P106,55.0,26.62,0
2023-07-25,P106,71.0,26.61,0
2023-07-26,P106,69.0,26.61,0
2023-07-27,P106,59.0,26.61,0
2023-07-28,P106,55.0,26.6,0
2023-07-29,P106,35.0,26.6,0
2023-07-30,P106,11.0,26.59,0
2023-07-31,P106,65.0,26.59,0
2023-08-01,P106,67.0,26.59,0
2023-08-02,P106,61.0,26.58,0
2023-08-03,P106,64.0,26.58,0
2023-08-04,P106,59.0,26.57,0
2023-08-05,P106,34.0,26.57,0
2023-08-06,P106,11.0,26.57,0
2023-08-07,P106,67.0,26.56,0
2023-08-08,P106,72.0,26.56,0
2023-08-09,P106,66.0,26.55,0
2023-08-10,P106,66.0,26.55,0
2023-08-11,P106,58.0,26.54,0
2023-08-12,P106,36.0,26.54,0
2023-08-13,P106,13.0,26.53,0
2023-08-14,P106,55.0,26.53,0
2023-08-15,P106,71.0,26.52,0
2023-08-16,P106,53.0,26.52,0
2023-08-17,P106,64.0,26.51,0
2023-08-18,P106,57.0,26.51,0
2023-08-19,P106,31.0,26.51,0
2023-08-20,P106,13.0,26.5,0
2023-08-21,P106,58.0,26.5,0
2023-08-22,P106,70.0,26.49,0
2023-08-23,P106,65.0,26.49,0
2023-08-24,P106,59.0,26.48,0
2023-08-25,P106,69.0,26.48,0
2023-08-26,P106,34.0,26.47,0
2023-08-27,P106,22.0,26.47,1
2023-08-28,P106,114.0,26.46,1
2023-08-29,P106,77.0,26.45,0
2023-08-30,P106,70.0,26.45,0
2023-08-31,P106,62.0,26.44,0
2023-09-01,P106,51.0,26.44,0
2023-09-02,P106,34.0,26.43,0
2023-09-03,P106,15.0,26.43,0
2023-09-04,P106,67.0,26.42,0
2023-09-05,P106,42.0,26.42,0
2023-09-06,P106,72.0,26.41,0
2023-09-07,P106,71.0,26.41,0
2023-09-08,P106,128.0,26.4,1
2023-09-09,P106,38.0,26.4,0
2023-09-10,P106,15.0,26.39,0
2023-09-11,P106,61.0,26.39,0
2023-09-12,P106,78.0,26.38,0
2023-09-13,P106,58.0,26.37,0
2023-09-14,P106,65.0,26.37,0
2023-09-15,P106,61.0,26.36,0
2023-09-16,P106,31.0,26.36,0
2023-09-17,P106,14.0,26.35,0
2023-09-18,P106,76.0,26.35,0
2023-09-19,P106,78.0,26.34,0
2023-09-20,P106,73.0,26.33,0
2023-09-21,P106,54.0,26.33,0
2023-09-22,P106,54.0,26.32,0
2023-09-23,P106,35.0,26.32,0
2023-09-24,P106,14.0,26.31,0
2023-09-25,P106,64.0,26.31,0
2023-09-26,P106,85.0,26.3,0
2023-09-27,P106,141.0,26.29,1
2023-09-28,P106,71.0,26.29,0
2023-09-29,P106,71.0,26.28,0
2023-09-30,P106,35.0,26.28,0
2023-10-01,P106,18.0,26.27,0
2023-10-02,P106,61.0,26.27,0
2023-10-03,P106,66.0,26.26,0
2023-10-04,P106,63.0,26.25,0
2023-10-05,P106,80.0,26.25,0
2023-10-06,P106,71.0,26.24,0
2023-10-07,P106,34.0,26.24,0
2023-10-08,P106,13.0,26.23,0
2023-10-09,P106,80.0,26.23,0
2023-10-10,P106,75.0,26.22,0
2023-10-11,P106,82.0,26.21,0
2023-10-12,P106,68.0,26.21,0
2023-10-13,P106,69.0,26.2,0
2023-10-14,P106,37.0,26.2,0
2023-10-15,P106,14.0,26.19,0
2023-10-16,P106,69.0,26.18,0
2023-10-17,P106,63.0,26.18,0
2023-10-18,P106,129.0,26.17,1
2023-10-19,P106,76.0,26.17,0
2023-10-20,P106,74.0,26.16,0
2023-10-21,P106,39.0,26.16,0
2023-10-22,P106,15.0,26.15,0
2023-10-23,P106,83.0,26.14,0
2023-10-24,P106,81.0,26.14,0
2023-10-25,P106,84.0,26.13,0
2023-10-26,P106,82.0,26.13,0
2023-10-27,P106,67.0,26.12,0
2023-10-28,P106,39.0,26.12,0
2023-10-29,P106,16.0,26.11,0
2023-10-30,P106,63.0,26.1,0
2023-10-31,P106,66.0,26.1,0
2023-11-01,P106,63.0,26.09,0
2023-11-02,P106,154.0,26.09,1
2023-11-03,P106,66.0,26.08,0
2023-11-04,P106,32.0,26.08,0
2023-11-05,P106,15.0,26.07,0
2023-11-06,P106,72.0,26.06,0
2023-11-07,P106,86.0,26.06,0
2023-11-08,P106,91.0,26.05,0
2023-11-09,P106,76.0,26.05,0
2023-11-10,P106,64.0,26.04,0
2023-11-11,P106,41.0,26.04,0
2023-11-12,P106,15.0,26.03,0
2023-11-13,P106,72.0,26.03,0
2023-11-14,P106,70.0,26.02,0
2023-11-15,P106,72.0,26.02,0
2023-11-16,P106,72.0,26.01,0
2023-11-17,P106,76.0,26.0,0
2023-11-18,P106,41.0,26.0,0
2023-11-19,P106,19.0,25.99,0
2023-11-20,P106,80.0,25.99,0
2023-11-21,P106,81.0,25.98,0
2023-11-22,P106,74.0,25.98,0
2023-11-23,P106,66.0,25.97,0
2023-11-24,P106,66.0,25.97,0
2023-11-25,P106,36.0,25.96,0
2023-11-26,P106,11.0,25.96,0
2023-11-27,P106,67.0,25.95,0
2023-11-28,P106,92.0,25.95,0
2023-11-29,P106,80.0,25.94,0
2023-11-30,P106,72.0,25.94,0
2023-12-01,P106,75.0,25.93,0
2023-12-02,P106,31.0,25.93,0
2023-12-03,P106,16.0,25.92,0
2023-12-04,P106,87.0,25.92,0
2023-12-05,P106,78.0,25.91,0
2023-12-06,P106,63.0,25.91,0
2023-12-07,P106,72.0,25.9,0
2023-12-08,P106,82.0,25.9,0
2023-12-09,P106,41.0,25.89,0
2023-12-10,P106,13.0,25.89,0
2023-12-11,P106,97.0,25.89,0
2023-12-12,P106,69.0,25.88,0
2023-12-13,P106,76.0,25.88,0
2023-12-14,P106,67.0,25.87,0
2023-12-15,P106,64.0,25.87,0
2023-12-16,P106,38.0,25.86,0
2023-12-17,P106,17.0,25.86,0
2023-12-18,P106,88.0,25.85,0
2023-12-19,P106,77.0,25.85,0
2023-12-20,P106,70.0,25.85,0
2023-12-21,P106,81.0,25.84,0
2023-12-22,P106,77.0,25.84,0
2023-12-23,P106,41.0,25.83,0
2023-12-24,P106,17.0,25.83,0
2023-12-25,P106,77.0,25.83,0
2023-12-26,P106,81.0,25.82,0
2023-12-27,P106,77.0,25.82,0
2023-12-28,P106,86.0,25.81,0
2023-12-29,P106,91.0,25.81,0
2023-12-30,P106,41.0,25.81,0
2023-12-31,P106,16.0,25.8,0
2024-01-01,P106,80.0,25.8,0
2024-01-02,P106,75.0,25.8,0
2024-01-03,P106,86.0,25.79,0
2024-01-04,P106,81.0,25.79,0
2024-01-05,P106,70.0,25.79,0
2024-01-06,P106,44.0,25.78,0
2024-01-07,P106,16.0,25.78,0
2024-01-08,P106,70.0,25.78,0
2024-01-09,P106,84.0,25.77,0
2024-01-10,P106,81.0,25.77,0
2024-01-11,P106,85.0,25.77,0
2024-01-12,P106,80.0,25.76,0
2024-01-13,P106,40.0,25.76,0
2024-01-14,P106,15.0,25.76,0
2024-01-15,P106,78.0,25.76,0
2024-01-16,P106,84.0,25.75,0
2024-01-17,P106,84.0,25.75,0
2024-01-18,P106,80.0,25.75,0
2024-01-19,P106,73.0,25.74,0
2024-01-20,P106,45.0,25.74,0
2024-01-21,P106,15.0,25.74,0
2024-01-22,P106,99.0,25.74,0
2024-01-23,P106,87.0,25.73,0
2024-01-24,P106,69.0,25.73,0
2024-01-25,P106,79.0,25.73,0
2024-01-26,P106,79.0,25.73,0
2024-01-27,P106,39.0,25.73,0
2024-01-28,P106,13.0,25.72,0
2024-01-29,P106,69.0,25.72,0
2024-01-30,P106,85.0,25.72,0
2024-01-31,P106,64.0,25.72,0
2024-02-01,P106,64.0,25.72,0
2024-02-02,P106,77.0,25.71,0
2024-02-03,P106,39.0,25.71,0
2024-02-04,P106,15.0,25.71,0
2024-02-05,P106,73.0,25.71,0
2024-02-06,P106,67.0,25.71,0
2024-02-07,P106,83.0,25.71,0
2024-02-08,P106,69.0,25.71,0
2024-02-09,P106,68.0,25.7,0
2024-02-10,P106,41.0,25.7,0
2024-02-11,P106,15.0,25.7,0
2024-02-12,P106,71.0,25.7,0
2024-02-13,P106,62.0,25.7,0
2024-02-14,P106,81.0,25.7,0
2024-02-15,P106,76.0,25.7,0
2024-02-16,P106,68.0,25.7,0
2024-02-17,P106,35.0,25.7,0
2024-02-18,P106,16.0,25.69,0
2024-02-19,P106,80.0,25.69,0
2024-02-20,P106,80.0,25.69,0
2024-02-21,P106,91.0,25.69,0
2024-02-22,P106,81.0,25.69,0
2024-02-23,P106,71.0,25.69,0
2024-02-24,P106,42.0,25.69,0
2024-02-25,P106,16.0,25.69,0
2024-02-26,P106,76.0,25.69,0
2024-02-27,P106,89.0,25.69,0
2024-02-28,P106,69.0,25.69,0
2024-02-29,P106,75.0,25.69,0
2024-03-01,P106,80.0,25.69,0
2024-03-02,P106,40.0,25.69,0
2024-03-03,P106,15.0,25.69,0
2024-03-04,P106,61.0,25.69,0
2024-03-05,P106,58.0,25.69,0
2024-03-06,P106,93.0,25.69,0
2024-03-07,P106,76.0,25.69,0
2024-03-08,P106,66.0,25.69,0
2024-03-09,P106,40.0,25.69,0
2024-03-10,P106,14.0,25.69,0
2024-03-11,P106,71.0,25.69,0
2024-03-12,P106,69.0,25.7,0
2024-03-13,P106,63.0,25.7,0
2024-03-14,P106,56.0,25.7,0
2024-03-15,P106,117.0,25.7,1
2024-03-16,P106,42.0,25.7,0
2024-03-17,P106,14.0,25.7,0
2024-03-18,P106,77.0,25.7,0
2024-03-19,P106,84.0,25.7,0
2024-03-20,P106,74.0,25.7,0
2024-03-21,P106,70.0,25.7,0
2024-03-22,P106,69.0,25.71,0
2024-03-23,P106,36.0,25.71,0
2024-03-24,P106,17.0,25.71,0
2024-03-25,P106,87.0,25.71,0
2024-03-26,P106,87.0,25.71,0
2024-03-27,P106,56.0,25.71,0
2024-03-28,P106,68.0,25.72,0
2024-03-29,P106,67.0,25.72,0
2024-03-30,P106,39.0,25.72,0
2024-03-31,P106,12.0,25.72,0
2024-04-01,P106,57.0,25.72,0
2024-04-02,P106,84.0,25.73,0
2024-04-03,P106,68.0,25.73,0
2024-04-04,P106,58.0,25.73,0
2024-04-05,P106,58.0,25.73,0
2024-04-06,P106,67.0,25.73,1
2024-04-07,P106,13.0,25.74,0
2024-04-08,P106,72.0,25.74,0
2024-04-09,P106,65.0,25.74,0
2024-04-10,P106,57.0,25.74,0
2024-04-11,P106,80.0,25.75,0
2024-04-12,P106,68.0,25.75,0
2024-04-13,P106,35.0,25.75,0
2024-04-14,P106,14.0,25.75,0
2024-04-15,P106,80.0,25.76,0
2024-04-16,P106,76.0,25.76,0
2024-04-17,P106,164.0,25.76,1
2024-04-18,P106,64.0,25.77,0
2024-04-19,P106,65.0,25.77,0
2024-04-20,P106,37.0,25.77,0
2024-04-21,P106,13.0,25.78,0
2024-04-22,P106,67.0,25.78,0
2024-04-23,P106,66.0,25.78,0
2024-04-24,P106,72.0,25.79,0
2024-04-25,P106,57.0,25.79,0
2024-04-26,P106,68.0,25.79,0
2024-04-27,P106,36.0,25.8,0
2024-04-28,P106,14.0,25.8,0
2024-04-29,P106,70.0,25.8,0
2024-04-30,P106,67.0,25.81,0
2024-05-01,P106,63.0,25.81,0
2024-05-02,P106,70.0,25.81,0
2024-05-03,P106,67.0,25.82,0
2024-05-04,P106,32.0,25.82,0
2024-05-05,P106,13.0,25.83,0
2024-05-06,P106,65.0,25.83,0
2024-05-07,P106,64.0,25.83,0
2024-05-08,P106,78.0,25.84,0
2024-05-09,P106,67.0,25.84,0
2024-05-10,P106,62.0,25.85,0
2024-05-11,P106,30.0,25.85,0
2024-05-12,P106,15.0,25.85,0
2024-05-13,P106,61.0,25.86,0
2024-05-14,P106,63.0,25.86,0
2024-05-15,P106,72.0,25.87,0
2024-05-16,P106,67.0,25.87,0
2024-05-17,P106,44.0,25.88,0
2024-05-18,P106,33.0,25.88,0
2024-05-19,P106,14.0,25.88,0
2024-05-20,P106,62.0,25.89,0
2024-05-21,P106,68.0,25.89,0
2024-05-22,P106,52.0,25.9,0
2024-05-23,P106,44.0,25.9,0
2024-05-24,P106,81.0,25.91,1
2024-05-25,P106,34.0,25.91,0
2024-05-26,P106,9.0,25.92,0
2024-05-27,P106,58.0,25.92,0
2024-05-28,P106,52.0,25.93,0
2024-05-29,P106,63.0,25.93,0
2024-05-30,P106,76.0,25.94,0
2024-05-31,P106,58.0,25.94,0
2024-06-01,P106,32.0,25.95,0
2024-06-02,P106,14.0,25.95,0
2024-06-03,P106,63.0,25.96,0
2024-06-04,P106,63.0,25.96,0
2024-06-05,P106,70.0,25.97,0
2024-06-06,P106,65.0,25.97,0
2024-06-07,P106,61.0,25.98,0
2024-06-08,P106,32.0,25.98,0
2024-06-09,P106,12.0,25.99,0
2024-06-10,P106,68.0,25.99,0
2024-06-11,P106,62.0,26.0,0
2024-06-12,P106,72.0,26.0,0
2024-06-13,P106,54.0,26.01,0
2024-06-14,P106,67.0,26.01,0
2024-06-15,P106,34.0,26.02,0
2024-06-16,P106,19.0,26.02,1
2024-06-17,P106,65.0,26.03,0
2024-06-18,P106,59.0,26.04,0
2024-06-19,P106,63.0,26.04,0
2024-06-20,P106,58.0,26.05,0
2024-06-21,P106,57.0,26.05,0
2024-06-22,P106,35.0,26.06,0
2024-06-23,P106,13.0,26.06,0
2024-06-24,P106,54.0,26.07,0
2024-06-25,P106,56.0,26.07,0
2024-06-26,P106,64.0,26.08,0
2024-06-27,P106,63.0,26.09,0
2024-06-28,P106,53.0,26.09,0
2024-06-29,P106,37.0,26.1,0
2024-06-30,P106,14.0,26.1,0
2024-07-01,P106,116.0,26.11,1
2024-07-02,P106,58.0,26.11,0
2024-07-03,P106,113.0,26.12,1
2024-07-04,P106,58.0,26.13,0
2024-07-05,P106,65.0,26.13,0
2024-07-06,P106,35.0,26.14,0
2024-07-07,P106,13.0,26.14,0
2024-07-08,P106,65.0,26.15,0
2024-07-09,P106,69.0,26.15,0
2024-07-10,P106,62.0,26.16,0
2024-07-11,P106,63.0,26.17,0
2024-07-12,P106,61.0,26.17,0
2024-07-13,P106,33.0,26.18,0
2024-07-14,P106,11.0,26.18,0
2024-07-15,P106,56.0,26.19,0
2024-07-16,P106,61.0,26.19,0
2024-07-17,P106,57.0,26.2,0
2024-07-18,P106,50.0,26.21,0
2024-07-19,P106,61.0,26.21,0
2024-07-20,P106,33.0,26.22,0
2024-07-21,P106,11.0,26.22,0
2024-07-22,P106,59.0,26.23,0
2024-07-23,P106,62.0,26.24,0
2024-07-24,P106,63.0,26.24,0
2024-07-25,P106,53.0,26.25,0
2024-07-26,P106,49.0,26.25,0
2024-07-27,P106,33.0,26.26,0
2024-07-28,P106,10.0,26.26,0
2024-07-29,P106,59.0,26.27,0
2024-07-30,P106,109.0,26.28,1
2024-07-31,P106,61.0,26.28,0
2024-08-01,P106,62.0,26.29,0
2024-08-02,P106,68.0,26.29,0
2024-08-03,P106,26.0,26.3,0
2024-08-04,P106,14.0,26.31,0
2024-08-05,P106,44.0,26.31,0
2024-08-06,P106,73.0,26.32,0
2024-08-07,P106,48.0,26.32,0
2024-08-08,P106,77.0,26.33,0
2024-08-09,P106,55.0,26.33,0
2024-08-10,P106,36.0,26.34,0
2024-08-11,P106,14.0,26.34,0
2024-08-12,P106,59.0,26.35,0
2024-08-13,P106,61.0,26.36,0
2024-08-14,P106,57.0,26.36,0
2024-08-15,P106,66.0,26.37,0
2024-08-16,P106,56.0,26.37,0
2024-08-17,P106,29.0,26.38,0
2024-08-18,P106,14.0,26.38,0
2024-08-19,P106,56.0,26.39,0
2024-08-20,P106,62.0,26.4,0
2024-08-21,P106,64.0,26.4,0
2024-08-22,P106,57.0,26.41,0
2024-08-23,P106,56.0,26.41,0
2024-08-24,P106,38.0,26.42,0
2024-08-25,P106,13.0,26.42,0
2024-08-26,P106,60.0,26.43,0
2024-08-27,P106,129.0,26.43,1
2024-08-28,P106,67.0,26.44,0
2024-08-29,P106,55.0,26.44,0
2024-08-30,P106,62.0,26.45,0
2024-08-31,P106,34.0,26.45,0
2024-09-01,P106,11.0,26.46,0
2024-09-02,P106,76.0,26.46,0
2024-09-03,P106,76.0,26.47,0
2024-09-04,P106,59.0,26.47,0
2024-09-05,P106,55.0,26.48,0
2024-09-06,P106,62.0,26.48,0
2024-09-07,P106,28.0,26.49,0
2024-09-08,P106,15.0,26.49,0
2024-09-09,P106,61.0,26.5,0
2024-09-10,P106,78.0,26.5,0
2024-09-11,P106,60.0,26.51,0
2024-09-12,P106,63.0,26.51,0
2024-09-13,P106,69.0,26.52,0
2024-09-14,P106,32.0,26.52,0
2024-09-15,P106,14.0,26.53,0
2024-09-16,P106,73.0,26.53,0
2024-09-17,P106,63.0,26.54,0
2024-09-18,P106,57.0,26.54,0
2024-09-19,P106,54.0,26.55,0
2024-09-20,P106,66.0,26.55,0
2024-09-21,P106,35.0,26.56,0
2024-09-22,P106,15.0,26.56,0
2024-09-23,P106,64.0,26.56,0
2024-09-24,P106,58.0,26.57,0
2024-09-25,P106,50.0,26.57,0
2024-09-26,P106,86.0,26.58,0
2024-09-27,P106,66.0,26.58,0
2024-09-28,P106,35.0,26.59,0
2024-09-29,P106,14.0,26.59,0
2024-09-30,P106,56.0,26.59,0
2024-10-01,P106,63.0,26.6,0
2024-10-02,P106,81.0,26.6,0
2024-10-03,P106,71.0,26.61,0
2024-10-04,P106,58.0,26.61,0
2024-10-05,P106,30.0,26.61,0
2024-10-06,P106,13.0,26.62,0
2024-10-07,P106,65.0,26.62,0
2024-10-08,P106,86.0,26.62,0
2024-10-09,P106,68.0,26.63,0
2024-10-10,P106,59.0,26.63,0
2024-10-11,P106,64.0,26.63,0
2024-10-12,P106,36.0,26.64,0
2024-10-13,P106,12.0,26.64,0
2024-10-14,P106,72.0,26.65,0
2024-10-15,P106,81.0,26.65,0
2024-10-16,P106,71.0,26.65,0
2024-10-17,P106,62.0,26.65,0
2024-10-18,P106,61.0,26.66,0
2024-10-19,P106,29.0,26.66,0
2024-10-20,P106,14.0,26.66,0
2024-10-21,P106,72.0,26.67,0
2024-10-22,P106,65.0,26.67,0
2024-10-23,P106,86.0,26.67,0
2024-10-24,P106,75.0,26.68,0
2024-10-25,P106,53.0,26.68,0
2024-10-26,P106,29.0,26.68,0
2024-10-27,P106,13.0,26.68,0
2024-10-28,P106,83.0,26.69,0
2024-10-29,P106,80.0,26.69,0
2024-10-30,P106,85.0,26.69,0
2024-10-31,P106,70.0,26.69,0
2024-11-01,P106,103.0,26.7,1
2024-11-02,P106,32.0,26.7,0
2024-11-03,P106,15.0,26.7,0
2024-11-04,P106,70.0,26.7,0
2024-11-05,P106,72.0,26.7,0
2024-11-06,P106,86.0,26.71,0
2024-11-07,P106,70.0,26.71,0
2024-11-08,P106,78.0,26.71,0
2024-11-09,P106,31.0,26.71,0
2024-11-10,P106,19.0,26.71,0
2024-11-11,P106,69.0,26.72,0
2024-11-12,P106,81.0,26.72,0
2024-11-13,P106,151.0,26.72,1
2024-11-14,P106,68.0,26.72,0
2024-11-15,P106,75.0,26.72,0
2024-11-16,P106,41.0,26.72,0
2024-11-17,P106,14.0,26.73,0
2024-11-18,P106,67.0,26.73,0
2024-11-19,P106,76.0,26.73,0
2024-11-20,P106,74.0,26.73,0
2024-11-21,P106,84.0,26.73,0
2024-11-22,P106,75.0,26.73,0
2024-11-23,P106,38.0,26.73,0
2024-11-24,P106,16.0,26.73,0
2024-11-25,P106,57.0,26.73,0
2024-11-26,P106,72.0,26.73,0
2024-11-27,P106,78.0,26.74,0
2024-11-28,P106,82.0,26.74,0
2024-11-29,P106,72.0,26.74,0
2024-11-30,P106,45.0,26.74,0
2024-12-01,P106,17.0,26.74,0
2024-12-02,P106,71.0,26.74,0
2024-12-03,P106,76.0,26.74,0
2024-12-04,P106,80.0,26.74,0
2024-12-05,P106,70.0,26.74,0
2024-12-06,P106,83.0,26.74,0
2024-12-07,P106,34.0,26.74,0
2024-12-08,P106,16.0,26.74,0
2024-12-09,P106,81.0,26.74,0
2024-12-10,P106,75.0,26.74,0
2024-12-11,P106,72.0,26.74,0
2024-12-12,P106,74.0,26.74,0
2024-12-13,P106,77.0,26.74,0
2024-12-14,P106,37.0,26.74,0
2024-12-15,P106,14.0,26.74,0
2024-12-16,P106,85.0,26.74,0
2024-12-17,P106,82.0,26.74,0
2024-12-18,P106,86.0,26.74,0
2024-12-19,P106,81.0,26.74,0
2024-12-20,P106,89.0,26.73,0
2024-12-21,P106,44.0,26.73,0
2024-12-22,P106,14.0,26.73,0
2024-12-23,P106,80.0,26.73,0
2024-12-24,P106,74.0,26.73,0
2024-12-25,P106,74.0,26.73,0
2024-12-26,P106,64.0,26.73,0
2024-12-27,P106,70.0,26.73,0
2024-12-28,P106,42.0,26.73,0
2024-12-29,P106,16.0,26.73,0
2024-12-30,P106,67.0,26.72,0
2024-12-31,P106,66.0,26.72,0
2025-01-01,P106,96.0,26.72,0
2025-01-02,P106,78.0,26.72,0
2025-01-03,P106,65.0,26.72,0
2025-01-04,P106,42.0,26.72,0
2025-01-05,P106,20.0,26.71,0
2025-01-06,P106,82.0,26.71,0
2025-01-07,P106,55.0,26.71,0
2025-01-08,P106,100.0,26.71,0
2025-01-09,P106,60.0,26.71,0
2025-01-10,P106,70.0,26.7,0
2025-01-11,P106,35.0,26.7,0
2025-01-12,P106,15.0,26.7,0
2025-01-13,P106,79.0,26.7,0
2025-01-14,P106,61.0,26.7,0
2025-01-15,P106,77.0,26.69,0
2025-01-16,P106,85.0,26.69,0
2025-01-17,P106,65.0,26.69,0
2025-01-18,P106,34.0,26.69,0
2025-01-19,P106,16.0,26.68,0
2025-01-20,P106,73.0,26.68,0
2025-01-21,P106,74.0,26.68,0
2025-01-22,P106,67.0,26.67,0
2025-01-23,P106,80.0,26.67,0
2025-01-24,P106,77.0,26.67,0
2025-01-25,P106,63.0,26.67,1
2025-01-26,P106,14.0,26.66,0
2025-01-27,P106,77.0,26.66,0
2025-01-28,P106,71.0,26.66,0
2025-01-29,P106,79.0,26.65,0
2025-01-30,P106,87.0,26.65,0
2025-01-31,P106,71.0,26.65,0
2025-02-01,P106,34.0,26.64,0
2025-02-02,P106,16.0,26.64,0
2025-02-03,P106,74.0,26.64,0
2025-02-04,P106,77.0,26.63,0
2025-02-05,P106,81.0,26.63,0
2025-02-06,P106,81.0,26.63,0
2025-02-07,P106,72.0,26.62,0
2025-02-08,P106,39.0,26.62,0
2025-02-09,P106,19.0,26.62,0
2025-02-10,P106,85.0,26.61,0
2025-02-11,P106,165.0,26.61,1
2025-02-12,P106,78.0,26.6,0
2025-02-13,P106,66.0,26.6,0
2025-02-14,P106,80.0,26.6,0
2025-02-15,P106,40.0,26.59,0
2025-02-16,P106,15.0,26.59,0
2025-02-17,P106,73.0,26.58,0
2025-02-18,P106,69.0,26.58,0
2025-02-19,P106,85.0,26.58,0
2025-02-20,P106,79.0,26.57,0
2025-02-21,P106,72.0,26.57,0
2025-02-22,P106,38.0,26.56,0
2025-02-23,P106,14.0,26.56,0
2025-02-24,P106,90.0,26.55,1
2025-02-25,P106,65.0,26.55,0
2025-02-26,P106,69.0,26.55,0
2025-02-27,P106,66.0,26.54,0
2025-02-28,P106,72.0,26.54,0
2025-03-01,P106,42.0,26.53,0
2025-03-02,P106,15.0,26.53,0
2025-03-03,P106,85.0,26.52,0
2025-03-04,P106,70.0,26.52,0
2025-03-05,P106,142.0,26.51,1
2025-03-06,P106,72.0,26.51,0
2025-03-07,P106,77.0,26.5,0
2025-03-08,P106,38.0,26.5,0
2025-03-09,P106,15.0,26.49,0
2025-03-10,P106,59.0,26.49,0
2025-03-11,P106,68.0,26.48,0
2025-03-12,P106,83.0,26.48,0
2025-03-13,P106,55.0,26.47,0
2025-03-14,P106,135.0,26.47,1
2025-03-15,P106,39.0,26.46,0
2025-03-16,P106,14.0,26.46,0
2025-03-17,P106,65.0,26.45,0
2025-03-18,P106,90.0,26.45,0
2025-03-19,P106,84.0,26.44,0
2025-03-20,P106,70.0,26.44,0
2025-03-21,P106,68.0,26.43,0
2025-03-22,P106,34.0,26.43,0
2025-03-23,P106,15.0,26.42,0
2025-03-24,P106,66.0,26.42,0
2025-03-25,P106,73.0,26.41,0
2025-03-26,P106,86.0,26.4,0
2025-03-27,P106,69.0,26.4,0
2025-03-28,P106,59.0,26.39,0
2025-03-29,P106,31.0,26.39,0
2025-03-30,P106,15.0,26.38,0
2025-03-31,P106,64.0,26.38,0
2025-04-01,P106,74.0,26.37,0
2025-04-02,P106,58.0,26.37,0
2025-04-03,P106,74.0,26.36,0
2025-04-04,P106,58.0,26.35,0
2025-04-05,P106,36.0,26.35,0
2025-04-06,P106,14.0,26.34,0
2025-04-07,P106,82.0,26.34,0
2025-04-08,P106,73.0,26.33,0
2025-04-09,P106,85.0,26.33,0
2025-04-10,P106,72.0,26.32,0
2025-04-11,P106,75.0,26.31,0
2025-04-12,P106,35.0,26.31,0
2025-04-13,P106,15.0,26.3,0
2025-04-14,P106,77.0,26.3,0
2025-04-15,P106,77.0,26.29,0
2025-04-16,P106,73.0,26.29,0
2025-04-17,P106,64.0,26.28,0
2025-04-18,P106,62.0,26.27,0
2025-04-19,P106,39.0,26.27,0
2025-04-20,P106,16.0,26.26,0
2025-04-21,P106,63.0,26.26,0
2025-04-22,P106,64.0,26.25,0
2025-04-23,P106,61.0,26.25,0
2025-04-24,P106,72.0,26.24,0
2025-04-25,P106,56.0,26.23,0
2025-04-26,P106,37.0,26.23,0
2025-04-27,P106,15.0,26.22,0
2025-04-28,P106,62.0,26.22,0
2025-04-29,P106,80.0,26.21,0
2025-04-30,P106,56.0,26.2,0
2025-05-01,P106,77.0,26.2,0
2025-05-02,P106,64.0,26.19,0
2025-05-03,P106,26.0,26.19,0
2025-05-04,P106,16.0,26.18,0
2025-05-05,P106,72.0,26.18,0
2025-05-06,P106,64.0,26.17,0
2025-05-07,P106,59.0,26.16,0
2025-05-08,P106,53.0,26.16,0
2025-05-09,P106,77.0,26.15,0
2025-05-10,P106,30.0,26.15,0
2025-05-11,P106,24.0,26.14,1
2025-05-12,P106,66.0,26.14,0
2025-05-13,P106,54.0,26.13,0
2025-05-14,P106,58.0,26.12,0
2025-05-15,P106,70.0,26.12,0
2025-05-16,P106,63.0,26.11,0
2025-05-17,P106,31.0,26.11,0
2025-05-18,P106,13.0,26.1,0
2025-05-19,P106,60.0,26.1,0
2025-05-20,P106,65.0,26.09,0
2025-05-21,P106,59.0,26.08,0
2025-05-22,P106,58.0,26.08,0
2025-05-23,P106,55.0,26.07,0
2025-05-24,P106,30.0,26.07,0
2025-05-25,P106,14.0,26.06,0
2025-05-26,P106,68.0,26.06,0
2025-05-27,P106,58.0,26.05,0
2025-05-28,P106,55.0,26.04,0
2025-05-29,P106,60.0,26.04,0
2025-05-30,P106,72.0,26.03,0
2025-05-31,P106,28.0,26.03,0
2025-06-01,P106,13.0,26.02,0
2025-06-02,P106,62.0,26.02,0
2025-06-03,P106,63.0,26.01,0
2025-06-04,P106,59.0,26.01,0
2025-06-05,P106,68.0,26.0,0
2025-06-06,P106,61.0,26.0,0
2025-06-07,P106,35.0,25.99,0
2025-06-08,P106,13.0,25.99,0
2025-06-09,P106,67.0,25.98,0
2025-06-10,P106,74.0,25.98,0
2025-06-11,P106,71.0,25.97,0
2025-06-12,P106,76.0,25.96,0
2025-06-13,P106,65.0,25.96,0
2025-06-14,P106,29.0,25.95,0
2025-06-15,P106,14.0,25.95,0
2025-06-16,P106,65.0,25.94,0
2025-06-17,P106,76.0,25.94,0
2025-06-18,P106,55.0,25.93,0
2025-06-19,P106,63.0,25.93,0
2025-06-20,P106,53.0,25.93,0
2025-06-21,P106,33.0,25.92,0
2025-06-22,P106,12.0,25.92,0
2025-06-23,P106,63.0,25.91,0
2025-06-24,P106,53.0,25.91,0
2025-06-25,P106,66.0,25.9,0
2025-06-26,P106,61.0,25.9,0
2025-06-27,P106,57.0,25.89,0
2025-06-28,P106,38.0,25.89,0
2025-06-29,P106,12.0,25.88,0
2025-06-30,P106,62.0,25.88,0
2025-07-01,P106,63.0,25.87,0
2025-07-02,P106,62.0,25.87,0
2025-07-03,P106,73.0,25.87,0
2025-07-04,P106,57.0,25.86,0
2025-07-05,P106,29.0,25.86,0
2025-07-06,P106,15.0,25.85,0
2025-07-07,P106,57.0,25.85,0
2025-07-08,P106,51.0,25.84,0
2025-07-09,P106,56.0,25.84,0
2025-07-10,P106,51.0,25.84,0
2025-07-11,P106,45.0,25.83,0
2025-07-12,P106,30.0,25.83,0
2025-07-13,P106,12.0,25.82,0
2025-07-14,P106,67.0,25.82,0
2025-07-15,P106,66.0,25.82,0
2025-07-16,P106,64.0,25.81,0
2025-07-17,P106,53.0,25.81,0
2025-07-18,P106,61.0,25.81,0
2025-07-19,P106,36.0,25.8,0
2025-07-20,P106,13.0,25.8,0
2025-07-21,P106,62.0,25.79,0
2025-07-22,P106,53.0,25.79,0
2025-07-23,P106,68.0,25.79,0
2025-07-24,P106,70.0,25.78,0
2025-07-25,P106,58.0,25.78,0
2025-07-26,P106,29.0,25.78,0
2025-07-27,P106,12.0,25.77,0
2025-07-28,P106,57.0,25.77,0
2025-07-29,P106,59.0,25.77,0
2025-07-30,P106,65.0,25.77,0
2025-07-31,P106,61.0,25.76,0
2025-08-01,P106,63.0,25.76,0
2025-08-02,P106,32.0,25.76,0
2025-08-03,P106,11.0,25.75,0
2025-08-04,P106,56.0,25.75,0
2025-08-05,P106,58.0,25.75,0
2025-08-06,P106,60.0,25.75,0
2025-08-07,P106,71.0,25.74,0
2025-08-08,P106,69.0,25.74,0
2025-08-09,P106,34.0,25.74,0
2025-08-10,P106,13.0,25.74,0
2025-08-11,P106,51.0,25.73,0
2025-08-12,P106,64.0,25.73,0
2025-08-13,P106,56.0,25.73,0
2025-08-14,P106,70.0,25.73,0
2025-08-15,P106,47.0,25.72,0
2025-08-16,P106,33.0,25.72,0
2025-08-17,P106,11.0,25.72,0
2025-08-18,P106,61.0,25.72,0
2025-08-19,P106,68.0,25.72,0
2025-08-20,P106,69.0,25.72,0
2025-08-21,P106,60.0,25.71,0
2025-08-22,P106,62.0,25.71,0
2025-08-23,P106,29.0,25.71,0
2025-08-24,P106,13.0,25.71,0
2025-08-25,P106,68.0,25.71,0
2025-08-26,P106,66.0,25.71,0
2025-08-27,P106,59.0,25.7,0
2025-08-28,P106,59.0,25.7,0
2025-08-29,P106,65.0,25.7,0
2025-08-30,P106,28.0,25.7,0
2025-08-31,P106,11.0,25.7,0
2025-09-01,P106,66.0,25.7,0
2025-09-02,P106,61.0,25.7,0
2025-09-03,P106,53.0,25.7,0
2025-09-04,P106,71.0,25.7,0
2025-09-05,P106,52.0,25.7,0
2025-09-06,P106,32.0,25.69,0
2025-09-07,P106,12.0,25.69,0
2025-09-08,P106,61.0,25.69,0
2025-09-09,P106,59.0,25.69,0
2025-09-10,P106,69.0,25.69,0
2025-09-11,P106,63.0,25.69,0
2025-09-12,P106,66.0,25.69,0
2025-09-13,P106,31.0,25.69,0
2025-09-14,P106,16.0,25.69,0
2025-09-15,P106,50.0,25.69,0
2025-09-16,P106,54.0,25.69,0
2025-09-17,P106,77.0,25.69,0
2025-09-18,P106,66.0,25.69,0
2025-09-19,P106,62.0,25.69,0
2025-09-20,P106,35.0,25.69,0
2025-09-21,P106,14.0,25.69,0
2025-09-22,P106,142.0,25.69,1
2025-09-23,P106,60.0,25.69,0
2025-09-24,P106,72.0,25.69,0
2025-09-25,P106,69.0,25.69,0
2025-09-26,P106,150.0,25.69,1
2025-09-27,P106,40.0,25.69,0
2025-09-28,P106,14.0,25.7,0
2025-09-29,P106,56.0,25.7,0
2025-09-30,P106,81.0,25.7,0
2025-10-01,P106,59.0,25.7,0
2025-10-02,P106,67.0,25.7,0
2025-10-03,P106,60.0,25.7,0
2025-10-04,P106,33.0,25.7,0
2025-10-05,P106,15.0,25.7,0
2025-10-06,P106,68.0,25.7,0
2025-10-07,P106,73.0,25.7,0
2025-10-08,P106,61.0,25.71,0
2025-10-09,P106,65.0,25.71,0
2025-10-10,P106,57.0,25.71,0
2025-10-11,P106,34.0,25.71,0
2025-10-12,P106,14.0,25.71,0
2025-10-13,P106,81.0,25.71,0
2025-10-14,P106,68.0,25.71,0
2025-10-15,P106,52.0,25.72,0
2025-10-16,P106,77.0,25.72,0
2025-10-17,P106,67.0,25.72,0
2025-10-18,P106,70.0,25.72,1
2025-10-19,P106,13.0,25.72,0
2025-10-20,P106,61.0,25.73,0
2025-10-21,P106,86.0,25.73,0
2025-10-22,P106,70.0,25.73,0
2025-10-23,P106,55.0,25.73,0
2025-10-24,P106,67.0,25.74,0
2025-10-25,P106,40.0,25.74,0
2025-10-26,P106,15.0,25.74,0
2025-10-27,P106,62.0,25.74,0
2025-10-28,P106,64.0,25.75,0
2025-10-29,P106,63.0,25.75,0
2025-10-30,P106,80.0,25.75,0
2025-10-31,P106,65.0,25.75,0
2025-11-01,P106,29.0,25.76,0
2025-11-02,P106,15.0,25.76,0
2025-11-03,P106,71.0,25.76,0
2025-11-04,P106,69.0,25.76,0
2025-11-05,P106,63.0,25.77,0
2025-11-06,P106,61.0,25.77,0
2025-11-07,P106,74.0,25.77,0
2025-11-08,P106,38.0,25.78,0
2025-11-09,P106,15.0,25.78,0
2025-11-10,P106,73.0,25.78,0
2025-11-11,P106,76.0,25.79,0
2025-11-12,P106,68.0,25.79,0
2025-11-13,P106,69.0,25.79,0
2025-11-14,P106,76.0,25.8,0
2025-11-15,P106,43.0,25.8,0
2025-11-16,P106,13.0,25.8,0
2025-11-17,P106,70.0,25.81,0
2025-11-18,P106,81.0,25.81,0
2025-11-19,P106,88.0,25.82,0
2025-11-20,P106,85.0,25.82,0
2025-11-21,P106,62.0,25.82,0
2025-11-22,P106,43.0,25.83,0
2025-11-23,P106,28.0,25.83,1
2025-11-24,P106,153.0,25.84,1
2025-11-25,P106,81.0,25.84,0
2025-11-26,P106,63.0,25.84,0
2025-11-27,P106,136.0,25.85,1
2025-11-28,P106,76.0,25.85,0
2025-11-29,P106,38.0,25.86,0
2025-11-30,P106,15.0,25.86,0
2025-12-01,P106,60.0,25.86,0
2025-12-02,P106,81.0,25.87,0
2025-12-03,P106,76.0,25.87,0
2025-12-04,P106,65.0,25.88,0
2025-12-05,P106,67.0,25.88,0
2025-12-06,P106,39.0,25.89,0
2025-12-07,P106,14.0,25.89,0
2025-12-08,P106,73.0,25.9,0
2025-12-09,P106,62.0,25.9,0
2025-12-10,P106,86.0,25.91,0
2025-12-11,P106,73.0,25.91,0
2025-12-12,P106,61.0,25.91,0
2025-12-13,P106,57.0,25.92,1
2025-12-14,P106,17.0,25.92,0
2025-12-15,P106,163.0,25.93,1
2025-12-16,P106,79.0,25.93,0
2025-12-17,P106,160.0,25.94,1
2025-12-18,P106,80.0,25.94,0
2025-12-19,P106,71.0,25.95,0
2025-12-20,P106,37.0,25.95,0
2025-12-21,P106,15.0,25.96,0
2025-12-22,P106,78.0,25.96,0
2025-12-23,P106,89.0,25.97,0
2025-12-24,P106,75.0,25.97,0
2025-12-25,P106,86.0,25.98,0
2025-12-26,P106,73.0,25.98,0
2025-12-27,P106,40.0,25.99,0
2025-12-28,P106,20.0,26.0,0
2025-12-29,P106,88.0,26.0,0
2025-12-30,P106,92.0,26.01,0
2025-12-31,P106,69.0,26.01,0
2023-01-01,P107,6.0,133.94,0
2023-01-02,P107,31.0,133.97,0
2023-01-03,P107,30.0,134.0,0
2023-01-04,P107,32.0,134.03,0
2023-01-05,P107,29.0,134.06,0
2023-01-06,P107,24.0,134.09,0
2023-01-07,P107,15.0,134.12,0
2023-01-08,P107,7.0,134.15,0
2023-01-09,P107,30.0,134.18,0
2023-01-10,P107,29.0,134.21,0
2023-01-11,P107,36.0,134.23,0
2023-01-12,P107,32.0,134.26,0
2023-01-13,P107,29.0,134.29,0
2023-01-14,P107,15.0,134.32,0
2023-01-15,P107,6.0,134.35,0
2023-01-16,P107,31.0,134.38,0
2023-01-17,P107,23.0,134.41,0
2023-01-18,P107,30.0,134.44,0
2023-01-19,P107,28.0,134.47,0
2023-01-20,P107,25.0,134.5,0
2023-01-21,P107,14.0,134.53,0
2023-01-22,P107,5.0,134.56,0
2023-01-23,P107,34.0,134.59,1
2023-01-24,P107,34.0,134.61,0
2023-01-25,P107,31.0,134.64,0
2023-01-26,P107,21.0,134.67,0
2023-01-27,P107,25.0,134.7,0
2023-01-28,P107,16.0,134.73,0
2023-01-29,P107,6.0,134.76,0
2023-01-30,P107,32.0,134.79,0
2023-01-31,P107,33.0,134.81,0
2023-02-01,P107,25.0,134.84,0
2023-02-02,P107,28.0,134.87,0
2023-02-03,P107,25.0,134.9,0
2023-02-04,P107,12.0,134.93,0
2023-02-05,P107,5.0,134.95,0
2023-02-06,P107,26.0,134.98,0
2023-02-07,P107,27.0,135.01,0
2023-02-08,P107,30.0,135.04,0
2023-02-09,P107,55.0,135.06,1
2023-02-10,P107,28.0,135.09,0
2023-02-11,P107,16.0,135.12,0
2023-02-12,P107,6.0,135.14,0
2023-02-13,P107,30.0,135.17,0
2023-02-14,P107,29.0,135.2,0
2023-02-15,P107,27.0,135.22,0
2023-02-16,P107,34.0,135.25,0
2023-02-17,P107,20.0,135.27,0
2023-02-18,P107,12.0,135.3,0
2023-02-19,P107,6.0,135.33,0
2023-02-20,P107,27.0,135.35,0
2023-02-21,P107,24.0,135.38,0
2023-02-22,P107,25.0,135.4,0
2023-02-23,P107,25.0,135.43,0
2023-02-24,P107,29.0,135.45,0
2023-02-25,P107,16.0,135.47,0
2023-02-26,P107,7.0,135.5,0
2023-02-27,P107,23.0,135.52,0
2023-02-28,P107,53.0,135.55,1
2023-03-01,P107,24.0,135.57,0
2023-03-02,P107,31.0,135.59,0
2023-03-03,P107,27.0,135.62,0
2023-03-04,P107,14.0,135.64,0
2023-03-05,P107,6.0,135.66,0
2023-03-06,P107,27.0,135.69,0
2023-03-07,P107,25.0,135.71,0
2023-03-08,P107,30.0,135.73,0
2023-03-09,P107,27.0,135.75,0
2023-03-10,P107,22.0,135.77,0
2023-03-11,P107,15.0,135.8,0
2023-03-12,P107,8.0,135.82,1
2023-03-13,P107,28.0,135.84,0
2023-03-14,P107,28.0,135.86,0
2023-03-15,P107,30.0,135.88,0
2023-03-16,P107,28.0,135.9,0
2023-03-17,P107,23.0,135.92,0
2023-03-18,P107,15.0,135.94,0
2023-03-19,P107,6.0,135.96,0
2023-03-20,P107,29.0,135.98,0
2023-03-21,P107,31.0,136.0,0
2023-03-22,P107,26.0,136.02,0
2023-03-23,P107,29.0,136.04,0
2023-03-24,P107,21.0,136.05,0
2023-03-25,P107,14.0,136.07,0
2023-03-26,P107,5.0,136.09,0
2023-03-27,P107,31.0,136.11,0
2023-03-28,P107,27.0,136.13,0
2023-03-29,P107,29.0,136.14,0
2023-03-30,P107,21.0,136.16,0
2023-03-31,P107,24.0,136.18,0
2023-04-01,P107,12.0,136.19,0
2023-04-02,P107,7.0,136.21,0
2023-04-03,P107,24.0,136.22,0
2023-04-04,P107,28.0,136.24,0
2023-04-05,P107,27.0,136.25,0
2023-04-06,P107,21.0,136.27,0
2023-04-07,P107,23.0,136.28,0
2023-04-08,P107,14.0,136.3,0
2023-04-09,P107,5.0,136.31,0
2023-04-10,P107,19.0,136.33,0
2023-04-11,P107,25.0,136.34,0
2023-04-12,P107,29.0,136.35,0
2023-04-13,P107,27.0,136.36,0
2023-04-14,P107,28.0,136.38,0
2023-04-15,P107,12.0,136.39,0
2023-04-16,P107,6.0,136.4,0
2023-04-17,P107,26.0,136.41,0
2023-04-18,P107,31.0,136.42,0
2023-04-19,P107,26.0,136.43,0
2023-04-20,P107,20.0,136.45,0
2023-04-21,P107,26.0,136.46,0
2023-04-22,P107,13.0,136.47,0
2023-04-23,P107,5.0,136.48,0
2023-04-24,P107,21.0,136.48,0
2023-04-25,P107,31.0,136.49,0
2023-04-26,P107,24.0,136.5,0
2023-04-27,P107,29.0,136.51,0
2023-04-28,P107,23.0,136.52,0
2023-04-29,P107,12.0,136.53,0
2023-04-30,P107,6.0,136.53,0
2023-05-01,P107,25.0,136.54,0
2023-05-02,P107,26.0,136.55,0
2023-05-03,P107,44.0,136.55,1
2023-05-04,P107,23.0,136.56,0
2023-05-05,P107,24.0,136.57,0
2023-05-06,P107,11.0,136.57,0
2023-05-07,P107,5.0,136.58,0
2023-05-08,P107,24.0,136.58,0
2023-05-09,P107,26.0,136.59,0
2023-05-10,P107,29.0,136.59,0
2023-05-11,P107,23.0,136.6,0
2023-05-12,P107,21.0,136.6,0
2023-05-13,P107,17.0,136.6,0
2023-05-14,P107,5.0,136.6,0
2023-05-15,P107,24.0,136.61,0
2023-05-16,P107,24.0,136.61,0
2023-05-17,P107,24.0,136.61,0
2023-05-18,P107,24.0,136.61,0
2023-05-19,P107,25.0,136.61,0
2023-05-20,P107,13.0,136.62,0
2023-05-21,P107,6.0,136.62,0
2023-05-22,P107,27.0,136.62,0
2023-05-23,P107,25.0,136.62,0
2023-05-24,P107,25.0,136.62,0
2023-05-25,P107,27.0,136.62,0
2023-05-26,P107,20.0,136.61,0
2023-05-27,P107,16.0,136.61,0
2023-05-28,P107,5.0,136.61,0
2023-05-29,P107,23.0,136.61,0
2023-05-30,P107,21.0,136.61,0
2023-05-31,P107,21.0,136.6,0
2023-06-01,P107,26.0,136.6,0
2023-06-02,P107,28.0,136.6,0
2023-06-03,P107,11.0,136.59,0
2023-06-04,P107,5.0,136.59,0
2023-06-05,P107,24.0,136.59,0
2023-06-06,P107,27.0,136.58,0
2023-06-07,P107,30.0,136.58,0
2023-06-08,P107,27.0,136.57,0
2023-06-09,P107,22.0,136.57,0
2023-06-10,P107,13.0,136.56,0
2023-06-11,P107,5.0,136.55,0
2023-06-12,P107,23.0,136.55,0
2023-06-13,P107,21.0,136.54,0
2023-06-14,P107,22.0,136.53,0
2023-06-15,P107,26.0,136.52,0
2023-06-16,P107,25.0,136.52,0
2023-06-17,P107,12.0,136.51,0
2023-06-18,P107,5.0,136.5,0
2023-06-19,P107,26.0,136.49,0
2023-06-20,P107,20.0,136.48,0
2023-06-21,P107,22.0,136.47,0
2023-06-22,P107,28.0,136.46,0
2023-06-23,P107,23.0,136.45,0
2023-06-24,P107,11.0,136.44,0
2023-06-25,P107,5.0,136.43,0
2023-06-26,P107,26.0,136.42,0
2023-06-27,P107,17.0,136.41,0
2023-06-28,P107,24.0,136.4,0
2023-06-29,P107,22.0,136.39,0
2023-06-30,P107,18.0,136.37,0
2023-07-01,P107,12.0,136.36,0
2023-07-02,P107,5.0,136.35,0
2023-07-03,P107,23.0,136.33,0
2023-07-04,P107,23.0,136.32,0
2023-07-05,P107,21.0,136.31,0
2023-07-06,P107,19.0,136.29,0
2023-07-07,P107,20.0,136.28,0
2023-07-08,P107,13.0,136.26,0
2023-07-09,P107,5.0,136.25,0
2023-07-10,P107,23.0,136.23,0
2023-07-11,P107,21.0,136.22,0
2023-07-12,P107,22.0,136.2,0
2023-07-13,P107,25.0,136.19,0
2023-07-14,P107,23.0,136.17,0
2023-07-15,P107,11.0,136.15,0
2023-07-16,P107,3.0,136.14,0
2023-07-17,P107,21.0,136.12,0
2023-07-18,P107,23.0,136.1,0
2023-07-19,P107,21.0,136.09,0
2023-07-20,P107,22.0,136.07,0
2023-07-21,P107,24.0,136.05,0
2023-07-22,P107,12.0,136.03,0
2023-07-23,P107,5.0,136.01,0
2023-07-24,P107,19.0,135.99,0
2023-07-25,P107,23.0,135.97,0
2023-07-26,P107,18.0,135.95,0
2023-07-27,P107,22.0,135.94,0
2023-07-28,P107,19.0,135.92,0
2023-07-29,P107,14.0,135.9,0
2023-07-30,P107,5.0,135.87,0
2023-07-31,P107,26.0,135.85,0
2023-08-01,P107,23.0,135.83,0
2023-08-02,P107,21.0,135.81,0
2023-08-03,P107,20.0,135.79,0
2023-08-04,P107,23.0,135.77,0
2023-08-05,P107,14.0,135.75,0
2023-08-06,P107,5.0,135.73,0
2023-08-07,P107,22.0,135.7,0
2023-08-08,P107,24.0,135.68,0
2023-08-09,P107,24.0,135.66,0
2023-08-10,P107,28.0,135.63,0
2023-08-11,P107,25.0,135.61,0
2023-08-12,P107,13.0,135.59,0
2023-08-13,P107,5.0,135.56,0
2023-08-14,P107,24.0,135.54,0
2023-08-15,P107,26.0,135.52,0
2023-08-16,P107,23.0,135.49,0
2023-08-17,P107,21.0,135.47,0
2023-08-18,P107,25.0,135.44,0
2023-08-19,P107,12.0,135.42,0
2023-08-20,P107,5.0,135.39,0
2023-08-21,P107,28.0,135.37,0
2023-08-22,P107,26.0,135.34,0
2023-08-23,P107,25.0,135.32,0
2023-08-24,P107,32.0,135.29,0
2023-08-25,P107,23.0,135.27,0
2023-08-26,P107,11.0,135.24,0
2023-08-27,P107,5.0,135.22,0
2023-08-28,P107,28.0,135.19,0
2023-08-29,P107,21.0,135.16,0
2023-08-30,P107,22.0,135.14,0
2023-08-31,P107,27.0,135.11,0
2023-09-01,P107,22.0,135.08,0
2023-09-02,P107,12.0,135.06,0
2023-09-03,P107,6.0,135.03,0
2023-09-04,P107,22.0,135.0,0
2023-09-05,P107,21.0,134.97,0
2023-09-06,P107,21.0,134.95,0
2023-09-07,P107,26.0,134.92,0
2023-09-08,P107,24.0,134.89,0
2023-09-09,P107,12.0,134.86,0
2023-09-10,P107,4.0,134.84,0
2023-09-11,P107,24.0,134.81,0
2023-09-12,P107,29.0,134.78,0
2023-09-13,P107,23.0,134.75,0
2023-09-14,P107,23.0,134.72,0
2023-09-15,P107,20.0,134.69,0
2023-09-16,P107,12.0,134.66,0
2023-09-17,P107,5.0,134.64,0
2023-09-18,P107,31.0,134.61,0
2023-09-19,P107,27.0,134.58,0
2023-09-20,P107,25.0,134.55,0
2023-09-21,P107,27.0,134.52,0
2023-09-22,P107,26.0,134.49,0
2023-09-23,P107,12.0,134.46,0
2023-09-24,P107,7.0,134.43,0
2023-09-25,P107,41.0,134.4,1
2023-09-26,P107,27.0,134.37,0
2023-09-27,P107,27.0,134.35,0
2023-09-28,P107,26.0,134.32,0
2023-09-29,P107,28.0,134.29,0
2023-09-30,P107,12.0,134.26,0
2023-10-01,P107,6.0,134.23,0
2023-10-02,P107,26.0,134.2,0
2023-10-03,P107,30.0,134.17,0
2023-10-04,P107,26.0,134.14,0
2023-10-05,P107,25.0,134.11,0
2023-10-06,P107,26.0,134.08,0
2023-10-07,P107,14.0,134.05,0
2023-10-08,P107,5.0,134.02,0
2023-10-09,P107,30.0,133.99,0
2023-10-10,P107,29.0,133.96,0
2023-10-11,P107,27.0,133.93,0
2023-10-12,P107,25.0,133.9,0
2023-10-13,P107,26.0,133.87,0
2023-10-14,P107,15.0,133.84,0
2023-10-15,P107,5.0,133.81,0
2023-10-16,P107,28.0,133.78,0
2023-10-17,P107,30.0,133.75,0
2023-10-18,P107,20.0,133.72,0
2023-10-19,P107,27.0,133.69,0
2023-10-20,P107,27.0,133.66,0
2023-10-21,P107,15.0,133.63,0
2023-10-22,P107,6.0,133.6,0
2023-10-23,P107,26.0,133.57,0
2023-10-24,P107,25.0,133.54,0
2023-10-25,P107,22.0,133.52,0
2023-10-26,P107,30.0,133.49,0
2023-10-27,P107,28.0,133.46,0
2023-10-28,P107,16.0,133.43,0
2023-10-29,P107,5.0,133.4,0
2023-10-30,P107,30.0,133.37,0
2023-10-31,P107,24.0,133.34,0
2023-11-01,P107,25.0,133.31,0
2023-11-02,P107,28.0,133.28,0
2023-11-03,P107,28.0,133.25,0
2023-11-04,P107,33.0,133.22,1
2023-11-05,P107,6.0,133.2,0
2023-11-06,P107,25.0,133.17,0
2023-11-07,P107,57.0,133.14,1
2023-11-08,P107,26.0,133.11,0
2023-11-09,P107,34.0,133.08,0
2023-11-10,P107,29.0,133.05,0
2023-11-11,P107,16.0,133.03,0
2023-11-12,P107,6.0,133.0,0
2023-11-13,P107,28.0,132.97,0
2023-11-14,P107,31.0,132.94,0
2023-11-15,P107,27.0,132.91,0
2023-11-16,P107,27.0,132.89,0
2023-11-17,P107,51.0,132.86,1
2023-11-18,P107,26.0,132.83,1
2023-11-19,P107,6.0,132.81,0
2023-11-20,P107,26.0,132.78,0
2023-11-21,P107,30.0,132.75,0
2023-11-22,P107,30.0,132.73,0
2023-11-23,P107,28.0,132.7,0
2023-11-24,P107,25.0,132.67,0
2023-11-25,P107,15.0,132.65,0
2023-11-26,P107,6.0,132.62,0
2023-11-27,P107,29.0,132.59,0
2023-11-28,P107,34.0,132.57,0
2023-11-29,P107,25.0,132.54,0
2023-11-30,P107,35.0,132.52,0
2023-12-01,P107,27.0,132.49,0
2023-12-02,P107,16.0,132.47,0
2023-12-03,P107,6.0,132.44,0
2023-12-04,P107,33.0,132.42,0
2023-12-05,P107,30.0,132.39,0
2023-12-06,P107,28.0,132.37,0
2023-12-07,P107,27.0,132.35,0
2023-12-08,P107,27.0,132.32,0
2023-12-09,P107,16.0,132.3,0
2023-12-10,P107,6.0,132.28,0
2023-12-11,P107,29.0,132.25,0
2023-12-12,P107,28.0,132.23,0
2023-12-13,P107,27.0,132.21,0
2023-12-14,P107,28.0,132.18,0
2023-12-15,P107,29.0,132.16,0
2023-12-16,P107,16.0,132.14,0
2023-12-17,P107,7.0,132.12,0
2023-12-18,P107,30.0,132.1,0
2023-12-19,P107,32.0,132.07,0
2023-12-20,P107,30.0,132.05,0
2023-12-21,P107,24.0,132.03,0
2023-12-22,P107,50.0,132.01,1
2023-12-23,P107,15.0,131.99,0
2023-12-24,P107,5.0,131.97,0
2023-12-25,P107,28.0,131.95,0
2023-12-26,P107,31.0,131.93,0
2023-12-27,P107,41.0,131.91,1
2023-12-28,P107,27.0,131.89,0
2023-12-29,P107,33.0,131.87,0
2023-12-30,P107,13.0,131.85,0
2023-12-31,P107,6.0,131.83,0
2024-01-01,P107,26.0,131.82,0
2024-01-02,P107,28.0,131.8,0
2024-01-03,P107,30.0,131.78,0
2024-01-04,P107,26.0,131.76,0
2024-01-05,P107,30.0,131.75,0
2024-01-06,P107,18.0,131.73,0
2024-01-07,P107,7.0,131.71,0
2024-01-08,P107,33.0,131.7,0
2024-01-09,P107,26.0,131.68,0
2024-01-10,P107,30.0,131.66,0
2024-01-11,P107,31.0,131.65,0
2024-01-12,P107,31.0,131.63,0
2024-01-13,P107,19.0,131.62,0
2024-01-14,P107,7.0,131.6,0
2024-01-15,P107,33.0,131.59,0
2024-01-16,P107,40.0,131.57,0
2024-01-17,P107,31.0,131.56,0
2024-01-18,P107,29.0,131.55,0
2024-01-19,P107,29.0,131.53,0
2024-01-20,P107,14.0,131.52,0
2024-01-21,P107,6.0,131.51,0
2024-01-22,P107,24.0,131.5,0
2024-01-23,P107,29.0,131.48,0
2024-01-24,P107,30.0,131.47,0
2024-01-25,P107,33.0,131.46,0
2024-01-26,P107,32.0,131.45,0
2024-01-27,P107,14.0,131.44,0
2024-01-28,P107,8.0,131.43,0
2024-01-29,P107,30.0,131.42,0
2024-01-30,P107,32.0,131.41,0
2024-01-31,P107,25.0,131.4,0
2024-02-01,P107,28.0,131.39,0
2024-02-02,P107,31.0,131.38,0
2024-02-03,P107,16.0,131.37,0
2024-02-04,P107,6.0,131.36,0
2024-02-05,P107,31.0,131.35,0
2024-02-06,P107,26.0,131.35,0
2024-02-07,P107,30.0,131.34,0
2024-02-08,P107,34.0,131.33,0
2024-02-09,P107,31.0,131.33,0
2024-02-10,P107,15.0,131.32,0
2024-02-11,P107,7.0,131.31,0
2024-02-12,P107,26.0,131.31,0
2024-02-13,P107,27.0,131.3,0
2024-02-14,P107,36.0,131.3,0
2024-02-15,P107,31.0,131.29,0
2024-02-16,P107,27.0,131.29,0
2024-02-17,P107,15.0,131.28,0
2024-02-18,P107,6.0,131.28,0
2024-02-19,P107,30.0,131.28,0
2024-02-20,P107,31.0,131.27,0
2024-02-21,P107,30.0,131.27,0
2024-02-22,P107,25.0,131.27,0
2024-02-23,P107,29.0,131.27,0
2024-02-24,P107,14.0,131.26,0
2024-02-25,P107,5.0,131.26,0
2024-02-26,P107,33.0,131.26,0
2024-02-27,P107,38.0,131.26,0
2024-02-28,P107,36.0,131.26,0
2024-02-29,P107,31.0,131.26,0
2024-03-01,P107,27.0,131.26,0
2024-03-02,P107,15.0,131.26,0
2024-03-03,P107,6.0,131.26,0
2024-03-04,P107,28.0,131.26,0
2024-03-05,P107,34.0,131.26,0
2024-03-06,P107,23.0,131.26,0
2024-03-07,P107,28.0,131.27,0
2024-03-08,P107,30.0,131.27,0
2024-03-09,P107,14.0,131.27,0
2024-03-10,P107,6.0,131.28,0
2024-03-11,P107,31.0,131.28,0
2024-03-12,P107,35.0,131.28,0
2024-03-13,P107,25.0,131.29,0
2024-03-14,P107,24.0,131.29,0
2024-03-15,P107,24.0,131.3,0
2024-03-16,P107,12.0,131.3,0
2024-03-17,P107,5.0,131.31,0
2024-03-18,P107,25.0,131.31,0
2024-03-19,P107,33.0,131.32,0
2024-03-20,P107,28.0,131.32,0
2024-03-21,P107,28.0,131.33,0
2024-03-22,P107,24.0,131.34,0
2024-03-23,P107,16.0,131.35,0
2024-03-24,P107,7.0,131.35,0
2024-03-25,P107,25.0,131.36,0
2024-03-26,P107,35.0,131.37,0
2024-03-27,P107,30.0,131.38,0
2024-03-28,P107,28.0,131.39,0
2024-03-29,P107,27.0,131.4,0
2024-03-30,P107,15.0,131.41,0
2024-03-31,P107,7.0,131.42,0
2024-04-01,P107,29.0,131.43,0
2024-04-02,P107,30.0,131.44,0
2024-04-03,P107,27.0,131.45,0
2024-04-04,P107,30.0,131.46,0
2024-04-05,P107,23.0,131.47,0
2024-04-06,P107,14.0,131.48,0
2024-04-07,P107,7.0,131.49,0
2024-04-08,P107,20.0,131.51,0
2024-04-09,P107,29.0,131.52,0
2024-04-10,P107,29.0,131.53,0
2024-04-11,P107,26.0,131.54,0
2024-04-12,P107,25.0,131.56,0
2024-04-13,P107,14.0,131.57,0
2024-04-14,P107,5.0,131.59,0
2024-04-15,P107,28.0,131.6,0
2024-04-16,P107,26.0,131.61,0
2024-04-17,P107,34.0,131.63,0
2024-04-18,P107,26.0,131.64,0
2024-04-19,P107,27.0,131.66,0
2024-04-20,P107,13.0,131.68,0
2024-04-21,P107,6.0,131.69,0
2024-04-22,P107,29.0,131.71,0
2024-04-23,P107,29.0,131.72,0
2024-04-24,P107,24.0,131.74,0
2024-04-25,P107,24.0,131.76,0
2024-04-26,P107,30.0,131.78,0
2024-04-27,P107,13.0,131.79,0
2024-04-28,P107,6.0,131.81,0
2024-04-29,P107,24.0,131.83,0
2024-04-30,P107,30.0,131.85,0
2024-05-01,P107,25.0,131.87,0
2024-05-02,P107,23.0,131.89,0
2024-05-03,P107,23.0,131.91,0
2024-05-04,P107,13.0,131.93,0
2024-05-05,P107,6.0,131.95,0
2024-05-06,P107,26.0,131.97,0
2024-05-07,P107,24.0,131.99,0
2024-05-08,P107,26.0,132.01,0
2024-05-09,P107,22.0,132.03,0
2024-05-10,P107,26.0,132.05,0
2024-05-11,P107,15.0,132.07,0
2024-05-12,P107,5.0,132.09,0
2024-05-13,P107,26.0,132.11,0
2024-05-14,P107,32.0,132.13,0
2024-05-15,P107,26.0,132.16,0
2024-05-16,P107,23.0,132.18,0
2024-05-17,P107,26.0,132.2,0
2024-05-18,P107,12.0,132.22,0
2024-05-19,P107,5.0,132.25,0
2024-05-20,P107,24.0,132.27,0
2024-05-21,P107,24.0,132.29,0
2024-05-22,P107,52.0,132.32,1
2024-05-23,P107,27.0,132.34,0
2024-05-24,P107,27.0,132.36,0
2024-05-25,P107,14.0,132.39,0
2024-05-26,P107,5.0,132.41,0
2024-05-27,P107,24.0,132.44,0
2024-05-28,P107,19.0,132.46,0
2024-05-29,P107,26.0,132.49,0
2024-05-30,P107,18.0,132.51,0
2024-05-31,P107,19.0,132.54,0
2024-06-01,P107,13.0,132.56,0
2024-06-02,P107,5.0,132.59,0
2024-06-03,P107,24.0,132.61,0
2024-06-04,P107,30.0,132.64,0
2024-06-05,P107,26.0,132.67,0
2024-06-06,P107,24.0,132.69,0
2024-06-07,P107,27.0,132.72,0
2024-06-08,P107,15.0,132.75,0
2024-06-09,P107,5.0,132.77,0
2024-06-10,P107,22.0,132.8,0
2024-06-11,P107,24.0,132.83,0
2024-06-12,P107,21.0,132.85,0
2024-06-13,P107,24.0,132.88,0
2024-06-14,P107,20.0,132.91,0
2024-06-15,P107,12.0,132.94,0
2024-06-16,P107,5.0,132.96,0
2024-06-17,P107,19.0,132.99,0
2024-06-18,P107,22.0,133.02,0
2024-06-19,P107,23.0,133.05,0
2024-06-20,P107,24.0,133.08,0
2024-06-21,P107,22.0,133.1,0
2024-06-22,P107,18.0,133.13,1
2024-06-23,P107,5.0,133.16,0
2024-06-24,P107,20.0,133.19,0
2024-06-25,P107,24.0,133.22,0
2024-06-26,P107,24.0,133.25,0
2024-06-27,P107,23.0,133.28,0
2024-06-28,P107,23.0,133.3,0
2024-06-29,P107,13.0,133.33,0
2024-06-30,P107,5.0,133.36,0
2024-07-01,P107,22.0,133.39,0
2024-07-02,P107,21.0,133.42,0
2024-07-03,P107,28.0,133.45,0
2024-07-04,P107,25.0,133.48,0
2024-07-05,P107,20.0,133.51,0
2024-07-06,P107,13.0,133.54,0
2024-07-07,P107,6.0,133.57,0
2024-07-08,P107,29.0,133.6,0
2024-07-09,P107,26.0,133.63,0
2024-07-10,P107,27.0,133.66,0
2024-07-11,P107,21.0,133.69,0
2024-07-12,P107,23.0,133.72,0
2024-07-13,P107,12.0,133.74,0
2024-07-14,P107,5.0,133.77,0
2024-07-15,P107,28.0,133.8,0
2024-07-16,P107,26.0,133.83,0
2024-07-17,P107,22.0,133.86,0
2024-07-18,P107,21.0,133.89,0
2024-07-19,P107,27.0,133.92,0
2024-07-20,P107,13.0,133.95,0
2024-07-21,P107,5.0,133.98,0
2024-07-22,P107,23.0,134.01,0
2024-07-23,P107,26.0,134.04,0
2024-07-24,P107,37.0,134.07,1
2024-07-25,P107,25.0,134.1,0
2024-07-26,P107,20.0,134.13,0
2024-07-27,P107,12.0,134.16,0
2024-07-28,P107,5.0,134.19,0
2024-07-29,P107,16.0,134.22,0
2024-07-30,P107,24.0,134.25,0
2024-07-31,P107,22.0,134.28,0
2024-08-01,P107,24.0,134.31,0
2024-08-02,P107,23.0,134.34,0
2024-08-03,P107,15.0,134.37,0
2024-08-04,P107,5.0,134.4,0
2024-08-05,P107,25.0,134.43,0
2024-08-06,P107,27.0,134.46,0
2024-08-07,P107,27.0,134.48,0
2024-08-08,P107,25.0,134.51,0
2024-08-09,P107,24.0,134.54,0
2024-08-10,P107,14.0,134.57,0
2024-08-11,P107,4.0,134.6,0
2024-08-12,P107,30.0,134.63,0
2024-08-13,P107,30.0,134.66,0
2024-08-14,P107,26.0,134.69,0
2024-08-15,P107,21.0,134.72,0
2024-08-16,P107,26.0,134.74,0
2024-08-17,P107,12.0,134.77,0
2024-08-18,P107,5.0,134.8,0
2024-08-19,P107,21.0,134.83,0
2024-08-20,P107,32.0,134.86,0
2024-08-21,P107,21.0,134.88,0
2024-08-22,P107,25.0,134.91,0
2024-08-23,P107,18.0,134.94,0
2024-08-24,P107,13.0,134.97,0
2024-08-25,P107,5.0,134.99,0
2024-08-26,P107,28.0,135.02,0
2024-08-27,P107,25.0,135.05,0
2024-08-28,P107,29.0,135.08,0
2024-08-29,P107,22.0,135.1,0
2024-08-30,P107,23.0,135.13,0
2024-08-31,P107,13.0,135.16,0
2024-09-01,P107,6.0,135.18,0
2024-09-02,P107,44.0,135.21,1
2024-09-03,P107,29.0,135.24,0
2024-09-04,P107,27.0,135.26,0
2024-09-05,P107,27.0,135.29,0
2024-09-06,P107,22.0,135.31,0
2024-09-07,P107,14.0,135.34,0
2024-09-08,P107,6.0,135.36,0
2024-09-09,P107,21.0,135.39,0
2024-09-10,P107,28.0,135.41,0
2024-09-11,P107,28.0,135.44,0
2024-09-12,P107,30.0,135.46,0
2024-09-13,P107,26.0,135.49,0
2024-09-14,P107,14.0,135.51,0
2024-09-15,P107,6.0,135.54,0
2024-09-16,P107,24.0,135.56,0
2024-09-17,P107,26.0,135.58,0
2024-09-18,P107,23.0,135.61,0
2024-09-19,P107,30.0,135.63,0
2024-09-20,P107,26.0,135.65,0
2024-09-21,P107,12.0,135.68,0
2024-09-22,P107,6.0,135.7,0
2024-09-23,P107,30.0,135.72,0
2024-09-24,P107,31.0,135.74,0
2024-09-25,P107,24.0,135.76,0
2024-09-26,P107,17.0,135.79,0
2024-09-27,P107,26.0,135.81,0
2024-09-28,P107,13.0,135.83,0
2024-09-29,P107,6.0,135.85,0
2024-09-30,P107,30.0,135.87,0
2024-10-01,P107,31.0,135.89,0
2024-10-02,P107,33.0,135.91,0
2024-10-03,P107,31.0,135.93,0
2024-10-04,P107,31.0,135.95,0
2024-10-05,P107,16.0,135.97,0
2024-10-06,P107,7.0,135.99,0
2024-10-07,P107,27.0,136.01,0
2024-10-08,P107,24.0,136.03,0
2024-10-09,P107,36.0,136.05,0
2024-10-10,P107,27.0,136.06,0
2024-10-11,P107,30.0,136.08,0
2024-10-12,P107,13.0,136.1,0
2024-10-13,P107,6.0,136.12,0
2024-10-14,P107,20.0,136.13,0
2024-10-15,P107,28.0,136.15,0
2024-10-16,P107,28.0,136.17,0
2024-10-17,P107,29.0,136.18,0
2024-10-18,P107,30.0,136.2,0
2024-10-19,P107,13.0,136.22,0
2024-10-20,P107,6.0,136.23,0
2024-10-21,P107,32.0,136.25,0
2024-10-22,P107,37.0,136.26,0
2024-10-23,P107,31.0,136.28,0
2024-10-24,P107,27.0,136.29,0
2024-10-25,P107,23.0,136.3,0
2024-10-26,P107,18.0,136.32,0
2024-10-27,P107,6.0,136.33,0
2024-10-28,P107,29.0,136.35,0
2024-10-29,P107,24.0,136.36,0
2024-10-30,P107,26.0,136.37,0
2024-10-31,P107,31.0,136.38,0
2024-11-01,P107,28.0,136.39,0
2024-11-02,P107,12.0,136.41,0
2024-11-03,P107,6.0,136.42,0
2024-11-04,P107,24.0,136.43,0
2024-11-05,P107,35.0,136.44,0
2024-11-06,P107,30.0,136.45,0
2024-11-07,P107,27.0,136.46,0
2024-11-08,P107,31.0,136.47,0
2024-11-09,P107,16.0,136.48,0
2024-11-10,p107 ,7.0,136.49,0
2024-11-11,P107,30.0,136.5,0
2024-11-12,P107,31.0,136.51,0
2024-11-13,P107,29.0,136.51,0
2024-11-14,P107,30.0,136.52,0
2024-11-15,P107,33.0,136.53,0
2024-11-16,P107,15.0,136.54,0
2024-11-17,P107,7.0,136.54,0
2024-11-18,P107,27.0,136.55,0
2024-11-19,P107,24.0,136.56,0
2024-11-20,P107,31.0,136.56,0
2024-11-21,P107,31.0,136.57,0
2024-11-22,P107,28.0,136.57,0
2024-11-23,P107,13.0,136.58,0
2024-11-24,P107,6.0,136.58,0
2024-11-25,P107,31.0,136.59,0
2024-11-26,P107,28.0,136.59,0
2024-11-27,P107,26.0,136.6,0
2024-11-28,P107,29.0,136.6,0
2024-11-29,P107,31.0,136.6,0
2024-11-30,P107,16.0,136.61,0
2024-12-01,P107,6.0,136.61,0
2024-12-02,P107,31.0,136.61,0
2024-12-03,P107,35.0,136.61,0
2024-12-04,P107,27.0,136.61,0
2024-12-05,P107,31.0,136.62,0
2024-12-06,P107,33.0,136.62,0
2024-12-07,P107,14.0,136.62,0
2024-12-08,P107,7.0,136.62,0
2024-12-09,P107,36.0,136.62,0
2024-12-10,P107,31.0,136.62,0
2024-12-11,P107,30.0,136.61,0
2024-12-12,P107,34.0,136.61,0
2024-12-13,P107,29.0,136.61,0
2024-12-14,P107,25.0,136.61,1
2024-12-15,P107,6.0,136.61,0
2024-12-16,P107,33.0,136.61,0
2024-12-17,P107,35.0,136.6,0
2024-12-18,P107,29.0,136.6,0
2024-12-19,P107,30.0,136.6,0
2024-12-20,P107,53.0,136.59,1
2024-12-21,P107,16.0,136.59,0
2024-12-22,P107,5.0,136.58,0
2024-12-23,P107,35.0,136.58,0
2024-12-24,P107,32.0,136.57,0
2024-12-25,P107,36.0,136.57,0
2024-12-26,P107,26.0,136.56,0
2024-12-27,P107,29.0,136.56,0
2024-12-28,P107,17.0,136.55,0
2024-12-29,P107,6.0,136.54,0
2024-12-30,P107,27.0,136.54,0
2024-12-31,P107,41.0,136.53,1
2025-01-01,P107,37.0,136.52,0
2025-01-02,P107,32.0,136.51,0
2025-01-03,P107,33.0,136.5,0
2025-01-04,P107,18.0,136.5,0
2025-01-05,P107,7.0,136.49,0
2025-01-06,P107,30.0,136.48,0
2025-01-07,P107,34.0,136.47,0
2025-01-08,P107,37.0,136.46,0
2025-01-09,P107,31.0,136.45,0
2025-01-10,P107,59.0,136.44,1
2025-01-11,P107,14.0,136.43,0
2025-01-12,P107,5.0,136.41,0
2025-01-13,P107,35.0,136.4,0
2025-01-14,P107,30.0,136.39,0
2025-01-15,P107,39.0,136.38,0
2025-01-16,P107,36.0,136.37,0
2025-01-17,P107,35.0,136.35,0
2025-01-18,P107,18.0,136.34,0
2025-01-19,P107,6.0,136.33,0
2025-01-20,P107,26.0,136.31,0
2025-01-21,P107,38.0,136.3,0
2025-01-22,P107,42.0,136.29,1
2025-01-23,P107,37.0,136.27,0
2025-01-24,P107,32.0,136.26,0
2025-01-25,P107,16.0,136.24,0
2025-01-26,P107,7.0,136.23,0
2025-01-27,P107,33.0,136.21,0
2025-01-28,P107,32.0,136.2,0
2025-01-29,P107,37.0,136.18,0
2025-01-30,P107,36.0,136.16,0
2025-01-31,P107,30.0,136.15,0
2025-02-01,P107,15.0,136.13,0
2025-02-02,P107,7.0,136.11,0
2025-02-03,P107,24.0,136.09,0
2025-02-04,P107,34.0,136.08,0
2025-02-05,P107,34.0,136.06,0
2025-02-06,P107,28.0,136.04,0
2025-02-07,P107,33.0,136.02,0
2025-02-08,P107,16.0,136.0,0
2025-02-09,P107,6.0,135.98,0
2025-02-10,P107,35.0,135.96,0
2025-02-11,P107,28.0,135.94,0
2025-02-12,P107,35.0,135.93,0
2025-02-13,P107,24.0,135.9,0
2025-02-14,P107,30.0,135.88,0
2025-02-15,P107,16.0,135.86,0
2025-02-16,P107,6.0,135.84,0
2025-02-17,P107,32.0,135.82,0
2025-02-18,P107,32.0,135.8,0
2025-02-19,P107,35.0,135.78,0
2025-02-20,P107,33.0,135.76,0
2025-02-21,P107,31.0,135.74,0
2025-02-22,P107,35.0,135.71,1
2025-02-23,P107,6.0,135.69,0
2025-02-24,P107,30.0,135.67,0
2025-02-25,P107,33.0,135.65,0
2025-02-26,P107,31.0,135.62,0
2025-02-27,P107,34.0,135.6,0
2025-02-28,P107,29.0,135.58,0
2025-03-01,P107,17.0,135.55,0
2025-03-02,P107,5.0,135.53,0
2025-03-03,P107,34.0,135.5,0
2025-03-04,P107,30.0,135.48,0
2025-03-05,P107,27.0,135.46,0
2025-03-06,P107,36.0,135.43,0
2025-03-07,P107,31.0,135.41,0
2025-03-08,P107,-17.0,135.38,0
2025-03-09,P107,7.0,135.36,0
2025-03-10,P107,30.0,135.33,0
2025-03-11,P107,30.0,135.31,0
2025-03-12,P107,33.0,135.28,0
2025-03-13,P107,34.0,135.25,0
2025-03-14,P107,28.0,135.23,0
2025-03-15,P107,19.0,135.2,0
2025-03-16,P107,10.0,135.18,1
2025-03-17,P107,25.0,135.15,0
2025-03-18,P107,25.0,135.12,0
2025-03-19,P107,25.0,135.1,0
2025-03-20,P107,28.0,135.07,0
2025-03-21,P107,27.0,135.04,0
2025-03-22,P107,17.0,135.01,0
2025-03-23,P107,6.0,134.99,0
2025-03-24,P107,32.0,134.96,0
2025-03-25,P107,31.0,134.93,0
2025-03-26,P107,30.0,134.9,0
2025-03-27,P107,27.0,134.88,0
2025-03-28,P107,64.0,134.85,1
2025-03-29,P107,13.0,134.82,0
2025-03-30,P107,6.0,134.79,0
2025-03-31,P107,29.0,134.76,0
2025-04-01,P107,33.0,134.74,0
2025-04-02,P107,30.0,134.71,0
2025-04-03,P107,29.0,134.68,0
2025-04-04,P107,27.0,134.65,0
2025-04-05,P107,17.0,134.62,0
2025-04-06,P107,6.0,134.59,0
2025-04-07,P107,35.0,134.56,0
2025-04-08,P107,31.0,134.53,0
2025-04-09,P107,29.0,134.51,0
2025-04-10,P107,28.0,134.48,0
2025-04-11,P107,29.0,134.45,0
2025-04-12,P107,14.0,134.42,0
2025-04-13,P107,10.0,134.39,1
2025-04-14,P107,28.0,134.36,0
2025-04-15,P107,31.0,134.33,0
2025-04-16,P107,30.0,134.3,0
2025-04-17,P107,29.0,134.27,0
2025-04-18,P107,-27.0,134.24,0
2025-04-19,P107,17.0,134.21,0
2025-04-20,P107,6.0,134.18,0
2025-04-21,P107,36.0,134.15,0
2025-04-22,P107,29.0,134.12,0
2025-04-23,P107,32.0,134.09,0
2025-04-24,P107,25.0,134.06,0
2025-04-25,P107,30.0,134.03,0
2025-04-26,P107,13.0,134.0,0
2025-04-27,P107,6.0,133.97,0
2025-04-28,P107,27.0,133.94,0
2025-04-29,P107,30.0,133.91,0
2025-04-30,P107,27.0,133.89,0
2025-05-01,P107,25.0,133.86,0
2025-05-02,P107,25.0,133.83,0
2025-05-03,P107,17.0,133.8,0
2025-05-04,P107,6.0,133.77,0
2025-05-05,P107,23.0,133.74,0
2025-05-06,P107,32.0,133.71,0
2025-05-07,P107,25.0,133.68,0
2025-05-08,P107,29.0,133.65,0
2025-05-09,P107,27.0,133.62,0
2025-05-10,P107,15.0,133.59,0
2025-05-11,P107,7.0,133.56,0
2025-05-12,P107,25.0,133.53,0
2025-05-13,P107,30.0,133.5,0
2025-05-14,P107,31.0,133.47,0
2025-05-15,P107,25.0,133.44,0
2025-05-16,P107,23.0,133.41,0
2025-05-17,P107,29.0,133.38,1
2025-05-18,P107,6.0,133.35,0
2025-05-19,P107,23.0,133.32,0
2025-05-20,P107,29.0,133.3,0
2025-05-21,P107,23.0,133.27,0
2025-05-22,P107,30.0,133.24,0
2025-05-23,P107,26.0,133.21,0
2025-05-24,P107,17.0,133.18,0
2025-05-25,P107,6.0,133.15,0
2025-05-26,P107,25.0,133.12,0
2025-05-27,P107,25.0,133.1,0
2025-05-28,P107,27.0,133.07,0
2025-05-29,P107,26.0,133.04,0
2025-05-30,P107,28.0,133.01,0
2025-05-31,P107,12.0,132.98,0
2025-06-01,P107,7.0,132.96,0
2025-06-02,P107,30.0,132.93,0
2025-06-03,P107,26.0,132.9,0
2025-06-04,P107,32.0,132.87,0
2025-06-05,P107,24.0,132.85,0
2025-06-06,P107,25.0,132.82,0
2025-06-07,P107,12.0,132.79,0
2025-06-08,P107,6.0,132.77,0
2025-06-09,P107,21.0,132.74,0
2025-06-10,P107,23.0,132.71,0
2025-06-11,P107,45.0,132.69,1
2025-06-12,P107,29.0,132.66,0
2025-06-13,P107,27.0,132.63,0
2025-06-14,P107,23.0,132.61,1
2025-06-15,P107,6.0,132.58,0
2025-06-16,P107,25.0,132.56,0
2025-06-17,P107,28.0,132.53,0
2025-06-18,P107,31.0,132.51,0
2025-06-19,P107,25.0,132.48,0
2025-06-20,P107,22.0,132.46,0
2025-06-21,P107,14.0,132.43,0
2025-06-22,P107,6.0,132.41,0
2025-06-23,P107,26.0,132.38,0
2025-06-24,P107,29.0,132.36,0
2025-06-25,P107,25.0,132.33,0
2025-06-26,P107,26.0,132.31,0
2025-06-27,P107,25.0,132.29,0
2025-06-28,P107,14.0,132.26,0
2025-06-29,P107,6.0,132.24,0
2025-06-30,P107,26.0,132.22,0
2025-07-01,P107,25.0,132.19,0
2025-07-02,P107,27.0,132.17,0
2025-07-03,P107,28.0,132.15,0
2025-07-04,P107,26.0,132.13,0
2025-07-05,P107,14.0,132.11,0
2025-07-06,P107,4.0,132.08,0
2025-07-07,P107,18.0,132.06,0
2025-07-08,P107,30.0,132.04,0
2025-07-09,P107,27.0,132.02,0
2025-07-10,P107,25.0,132.0,0
2025-07-11,P107,26.0,131.98,0
2025-07-12,P107,16.0,131.96,0
2025-07-13,P107,6.0,131.94,0
2025-07-14,P107,28.0,131.92,0
2025-07-15,P107,24.0,131.9,0
2025-07-16,P107,24.0,131.88,0
2025-07-17,P107,19.0,131.86,0
2025-07-18,P107,26.0,131.84,0
2025-07-19,P107,29.0,131.83,1
2025-07-20,P107,6.0,131.81,0
2025-07-21,P107,27.0,131.79,0
2025-07-22,P107,-26.0,131.77,0
2025-07-23,P107,24.0,131.75,0
2025-07-24,P107,49.0,131.74,1
2025-07-25,P107,24.0,131.72,0
2025-07-26,P107,12.0,131.7,0
2025-07-27,P107,6.0,131.69,0
2025-07-28,P107,22.0,131.67,0
2025-07-29,P107,26.0,131.66,0
2025-07-30,P107,20.0,131.64,0
2025-07-31,P107,26.0,131.62,0
2025-08-01,P107,45.0,131.61,1
2025-08-02,P107,13.0,131.6,0
2025-08-03,P107,5.0,131.58,0
2025-08-04,P107,26.0,131.57,0
2025-08-05,P107,48.0,131.55,1
2025-08-06,P107,26.0,131.54,0
2025-08-07,P107,56.0,131.53,1
2025-08-08,P107,25.0,131.51,0
2025-08-09,P107,14.0,131.5,0
2025-08-10,P107,5.0,131.49,0
2025-08-11,P107,24.0,131.48,0
2025-08-12,P107,27.0,131.47,0
2025-08-13,P107,34.0,131.45,0
2025-08-14,P107,25.0,131.44,0
2025-08-15,P107,25.0,131.43,0
2025-08-16,P107,12.0,131.42,0
2025-08-17,P107,4.0,131.41,0
2025-08-18,P107,24.0,131.4,0
2025-08-19,P107,64.0,131.39,1
2025-08-20,P107,28.0,131.38,0
2025-08-21,P107,31.0,131.38,0
2025-08-22,P107,24.0,131.37,0
2025-08-23,P107,10.0,131.36,0
2025-08-24,P107,-5.0,131.35,0
2025-08-25,P107,27.0,131.34,0
2025-08-26,P107,28.0,131.34,0
2025-08-27,P107,27.0,131.33,0
2025-08-28,P107,25.0,131.32,0
2025-08-29,P107,28.0,131.32,0
2025-08-30,P107,13.0,131.31,0
2025-08-31,P107,6.0,131.3,0
2025-09-01,P107,27.0,131.3,0
2025-09-02,P107,27.0,131.29,0
2025-09-03,P107,25.0,131.29,0
2025-09-04,P107,25.0,131.29,0
2025-09-05,P107,31.0,131.28,0
2025-09-06,P107,16.0,131.28,0
2025-09-07,P107,6.0,131.27,0
2025-09-08,P107,38.0,131.27,1
2025-09-09,P107,24.0,131.27,0
2025-09-10,P107,31.0,131.27,0
2025-09-11,P107,30.0,131.26,0
2025-09-12,P107,26.0,131.26,0
2025-09-13,P107,14.0,131.26,0
2025-09-14,P107,5.0,131.26,0
2025-09-15,P107,30.0,131.26,0
2025-09-16,P107,32.0,131.26,0
2025-09-17,P107,26.0,131.26,0
2025-09-18,P107,25.0,131.26,0
2025-09-19,P107,30.0,131.26,0
2025-09-20,P107,13.0,131.26,0
2025-09-21,P107,7.0,131.26,0
2025-09-22,P107,27.0,131.26,0
2025-09-23,P107,28.0,131.27,0
2025-09-24,P107,29.0,131.27,0
2025-09-25,P107,26.0,131.27,0
2025-09-26,P107,30.0,131.27,0
2025-09-27,P107,16.0,131.28,0
2025-09-28,P107,7.0,131.28,0
2025-09-29,P107,29.0,131.28,0
2025-09-30,P107,28.0,131.29,0
2025-10-01,P107,29.0,131.29,0
2025-10-02,P107,27.0,131.3,0
2025-10-03,P107,31.0,131.3,0
2025-10-04,P107,16.0,131.31,0
2025-10-05,P107,6.0,131.31,0
2025-10-06,P107,26.0,131.32,0
2025-10-07,P107,35.0,131.33,0
2025-10-08,P107,30.0,131.33,0
2025-10-09,P107,28.0,131.34,0
2025-10-10,P107,32.0,131.35,0
2025-10-11,P107,14.0,131.36,0
2025-10-12,P107,6.0,131.36,0
2025-10-13,P107,28.0,131.37,0
2025-10-14,P107,26.0,131.38,0
2025-10-15,P107,31.0,131.39,0
2025-10-16,P107,27.0,131.4,0
2025-10-17,P107,26.0,131.41,0
2025-10-18,P107,14.0,131.42,0
2025-10-19,P107,9.0,131.43,1
2025-10-20,P107,27.0,131.44,0
2025-10-21,P107,32.0,131.45,0
2025-10-22,P107,30.0,131.46,0
2025-10-23,P107,30.0,131.48,0
2025-10-24,P107,35.0,131.49,0
2025-10-25,P107,15.0,131.5,0
2025-10-26,P107,7.0,131.51,0
2025-10-27,P107,32.0,131.52,0
2025-10-28,P107,31.0,131.54,0
2025-10-29,P107,32.0,131.55,0
2025-10-30,P107,30.0,131.56,0
2025-10-31,P107,29.0,131.58,0
2025-11-01,P107,15.0,131.59,0
2025-11-02,P107,6.0,131.61,0
2025-11-03,P107,30.0,131.62,0
2025-11-04,P107,25.0,131.64,0
2025-11-05,P107,36.0,131.65,0
2025-11-06,P107,37.0,131.67,0
2025-11-07,P107,29.0,131.68,0
2025-11-08,P107,30.0,131.7,1
2025-11-09,P107,7.0,131.72,0
2025-11-10,P107,26.0,131.73,0
2025-11-11,P107,35.0,131.75,0
2025-11-12,P107,30.0,131.77,0
2025-11-13,P107,38.0,131.79,0
2025-11-14,P107,29.0,131.8,0
2025-11-15,P107,18.0,131.82,0
2025-11-16,P107,6.0,131.84,0
2025-11-17,P107,39.0,131.86,0
2025-11-18,P107,31.0,131.88,0
2025-11-19,P107,36.0,131.9,0
2025-11-20,P107,33.0,131.92,0
2025-11-21,P107,31.0,131.94,0
2025-11-22,P107,17.0,131.96,0
2025-11-23,P107,6.0,131.98,0
2025-11-24,P107,23.0,132.0,0
2025-11-25,P107,37.0,132.02,0
2025-11-26,P107,31.0,132.04,0
2025-11-27,P107,35.0,132.06,0
2025-11-28,P107,31.0,132.08,0
2025-11-29,P107,19.0,132.1,0
2025-11-30,P107,7.0,132.12,0
2025-12-01,P107,23.0,132.15,0
2025-12-02,P107,35.0,132.17,0
2025-12-03,P107,31.0,132.19,0
2025-12-04,P107,36.0,132.21,0
2025-12-05,P107,32.0,132.24,0
2025-12-06,P107,18.0,132.26,0
2025-12-07,P107,6.0,132.28,0
2025-12-08,P107,29.0,132.31,0
2025-12-09,P107,32.0,132.33,0
2025-12-10,P107,26.0,132.35,0
2025-12-11,P107,30.0,132.38,0
2025-12-12,P107,26.0,132.4,0
2025-12-13,P107,14.0,132.43,0
2025-12-14,P107,7.0,132.45,0
2025-12-15,P107,71.0,132.48,1
2025-12-16,P107,34.0,132.5,0
2025-12-17,P107,31.0,132.53,0
2025-12-18,P107,29.0,132.55,0
2025-12-19,P107,30.0,132.58,0
2025-12-20,P107,15.0,132.6,0
2025-12-21,P107,7.0,132.63,0
2025-12-22,P107,27.0,132.65,0
2025-12-23,P107,37.0,132.68,0
2025-12-24,P107,31.0,132.71,0
2025-12-25,P107,34.0,132.73,0
2025-12-26,P107,34.0,132.76,0
2025-12-27,P107,18.0,132.79,0
2025-12-28,P107,7.0,132.81,0
2025-12-29,P107,25.0,132.84,0
2025-12-30,P107,32.0,132.87,0
2025-12-31,P107,38.0,132.9,0
2023-01-01,P108,3.0,574.11,0
2023-01-02,P108,17.0,574.24,0
2023-01-03,P108,14.0,574.36,0
2023-01-04,P108,18.0,574.49,0
2023-01-05,P108,16.0,574.62,0
2023-01-06,P108,14.0,574.75,0
2023-01-07,P108,17.0,574.87,1
2023-01-08,P108,3.0,575.0,0
2023-01-09,P108,17.0,575.13,0
2023-01-10,P108,16.0,575.25,0
2023-01-11,P108,17.0,575.38,0
2023-01-12,P108,29.0,575.51,1
2023-01-13,P108,13.0,575.63,0
2023-01-14,P108,8.0,575.76,0
2023-01-15,P108,3.0,575.89,0
2023-01-16,P108,17.0,576.01,0
2023-01-17,P108,17.0,576.14,0
2023-01-18,P108,15.0,576.26,0
2023-01-19,P108,16.0,576.39,0
2023-01-20,P108,14.0,576.51,0
2023-01-21,P108,7.0,576.64,0
2023-01-22,P108,3.0,576.76,0
2023-01-23,P108,16.0,576.89,0
2023-01-24,P108,17.0,577.01,0
2023-01-25,P108,16.0,577.13,0
2023-01-26,P108,17.0,577.26,0
2023-01-27,P108,13.0,577.38,0
2023-01-28,P108,8.0,577.5,0
2023-01-29,P108,4.0,577.62,0
2023-01-30,P108,12.0,577.74,0
2023-01-31,P108,15.0,577.87,0
2023-02-01,P108,14.0,577.99,0
2023-02-02,P108,15.0,578.11,0
2023-02-03,P108,14.0,578.22,0
2023-02-04,P108,9.0,578.34,0
2023-02-05,P108,3.0,578.46,0
2023-02-06,P108,13.0,578.58,0
2023-02-07,P108,15.0,578.7,0
2023-02-08,P108,16.0,578.81,0
2023-02-09,P108,16.0,578.93,0
2023-02-10,P108,18.0,579.05,0
2023-02-11,P108,9.0,579.16,0
2023-02-12,P108,3.0,579.27,0
2023-02-13,P108,15.0,579.39,0
2023-02-14,P108,16.0,579.5,0
2023-02-15,P108,15.0,579.61,0
2023-02-16,P108,16.0,579.73,0
2023-02-17,P108,11.0,579.84,0
2023-02-18,P108,8.0,579.95,0
2023-02-19,P108,3.0,580.06,0
2023-02-20,P108,15.0,580.16,0
2023-02-21,P108,18.0,580.27,0
2023-02-22,P108,13.0,580.38,0
2023-02-23,P108,15.0,580.49,0
2023-02-24,P108,15.0,580.59,0
2023-02-25,P108,8.0,580.7,0
2023-02-26,P108,3.0,580.8,0
2023-02-27,P108,17.0,580.9,0
2023-02-28,P108,15.0,581.01,0
2023-03-01,P108,14.0,581.11,0
2023-03-02,P108,14.0,581.21,0
2023-03-03,P108,13.0,581.31,0
2023-03-04,P108,7.0,581.41,0
2023-03-05,P108,3.0,581.51,0
2023-03-06,P108,14.0,581.6,0
2023-03-07,P108,16.0,581.7,0
2023-03-08,P108,16.0,581.79,0
2023-03-09,P108,17.0,581.89,0
2023-03-10,P108,13.0,581.98,0
2023-03-11,P108,7.0,582.07,0
2023-03-12,P108,2.0,582.17,0
2023-03-13,P108,18.0,582.26,0
2023-03-14,P108,16.0,582.35,0
2023-03-15,P108,13.0,582.43,0
2023-03-16,P108,17.0,582.52,0
2023-03-17,P108,15.0,582.61,0
2023-03-18,P108,6.0,582.69,0
2023-03-19,P108,3.0,582.78,0
2023-03-20,P108,14.0,582.86,0
2023-03-21,P108,13.0,582.94,0
2023-03-22,P108,14.0,583.02,0
2023-03-23,P108,15.0,583.1,0
2023-03-24,P108,11.0,583.18,0
2023-03-25,P108,7.0,583.26,0
2023-03-26,P108,3.0,583.34,0
2023-03-27,P108,14.0,583.41,0
2023-03-28,P108,14.0,583.49,0
2023-03-29,P108,13.0,583.56,0
2023-03-30,P108,15.0,583.63,0
2023-03-31,P108,11.0,583.7,0
2023-04-01,P108,7.0,583.77,0
2023-04-02,P108,3.0,583.84,0
2023-04-03,P108,15.0,583.91,0
2023-04-04,P108,13.0,583.97,0
2023-04-05,P108,13.0,584.04,0
2023-04-06,P108,12.0,584.1,0
2023-04-07,P108,13.0,584.16,0
2023-04-08,P108,7.0,584.22,0
2023-04-09,P108,3.0,584.28,0
2023-04-10,P108,23.0,584.34,1
2023-04-11,P108,15.0,584.4,0
2023-04-12,P108,12.0,584.45,0
2023-04-13,P108,12.0,584.51,0
2023-04-14,P108,14.0,584.56,0
2023-04-15,P108,7.0,584.61,0
2023-04-16,P108,3.0,584.67,0
2023-04-17,P108,13.0,584.72,0
2023-04-18,P108,14.0,584.76,0
2023-04-19,P108,14.0,584.81,0
2023-04-20,P108,15.0,584.86,0
2023-04-21,P108,14.0,584.9,0
2023-04-22,P108,8.0,584.94,0
2023-04-23,P108,2.0,584.98,0
2023-04-24,P108,11.0,585.02,0
2023-04-25,P108,14.0,585.06,0
2023-04-26,P108,15.0,585.1,0
2023-04-27,P108,14.0,585.14,0
2023-04-28,P108,12.0,585.17,0
2023-04-29,P108,7.0,585.21,0
2023-04-30,P108,3.0,585.24,0
2023-05-01,P108,13.0,585.27,0
2023-05-02,P108,13.0,585.3,0
2023-05-03,P108,13.0,585.33,0
2023-05-04,P108,11.0,585.35,0
2023-05-05,P108,11.0,585.38,0
2023-05-06,P108,6.0,585.4,0
2023-05-07,P108,2.0,585.42,0
2023-05-08,P108,13.0,585.44,0
2023-05-09,P108,13.0,585.46,0
2023-05-10,P108,14.0,585.48,0
2023-05-11,P108,14.0,585.5,0
2023-05-12,P108,13.0,585.51,0
2023-05-13,P108,7.0,585.53,0
2023-05-14,P108,2.0,585.54,0
2023-05-15,P108,10.0,585.55,0
2023-05-16,P108,14.0,585.56,0
2023-05-17,P108,14.0,585.57,0
2023-05-18,P108,14.0,585.58,0
2023-05-19,P108,12.0,585.58,0
2023-05-20,P108,5.0,585.59,0
2023-05-21,P108,3.0,585.59,0
2023-05-22,P108,13.0,585.59,0
2023-05-23,P108,14.0,585.59,0
2023-05-24,P108,14.0,585.59,0
2023-05-25,P108,13.0,585.59,0
2023-05-26,P108,11.0,585.58,0
2023-05-27,P108,6.0,585.58,0
2023-05-28,P108,4.0,585.57,1
2023-05-29,P108,11.0,585.56,0
2023-05-30,P108,15.0,585.55,0
2023-05-31,P108,10.0,585.54,0
2023-06-01,P108,13.0,585.53,0
2023-06-02,P108,12.0,585.51,0
2023-06-03,P108,6.0,585.5,0
2023-06-04,P108,2.0,585.48,0
2023-06-05,P108,9.0,585.46,0
2023-06-06,P108,12.0,585.44,0
2023-06-07,P108,12.0,585.42,0
2023-06-08,P108,13.0,585.4,0
2023-06-09,P108,10.0,585.37,0
2023-06-10,P108,7.0,585.35,0
2023-06-11,P108,2.0,585.32,0
2023-06-12,P108,13.0,585.29,0
2023-06-13,P108,9.0,585.26,0
2023-06-14,P108,15.0,585.23,0
2023-06-15,P108,12.0,585.2,0
2023-06-16,P108,8.0,585.16,0
2023-06-17,P108,6.0,585.13,0
2023-06-18,P108,2.0,585.09,0
2023-06-19,P108,11.0,585.05,0
2023-06-20,P108,12.0,585.01,0
2023-06-21,P108,11.0,584.97,0
2023-06-22,P108,11.0,584.93,0
2023-06-23,P108,10.0,584.89,0
2023-06-24,P108,7.0,584.84,0
2023-06-25,P108,3.0,584.8,0
2023-06-26,P108,12.0,584.75,0
2023-06-27,P108,12.0,584.7,0
2023-06-28,P108,11.0,584.65,0
2023-06-29,P108,12.0,584.6,0
2023-06-30,P108,12.0,584.55,0
2023-07-01,P108,6.0,584.5,0
2023-07-02,P108,3.0,584.44,0
2023-07-03,P108,12.0,584.38,0
2023-07-04,P108,11.0,584.33,0
2023-07-05,P108,14.0,584.27,0
2023-07-06,P108,12.0,584.21,0
2023-07-07,P108,13.0,584.15,0
2023-07-08,P108,7.0,584.08,0
2023-07-09,P108,3.0,584.02,0
2023-07-10,P108,14.0,583.96,0
2023-07-11,P108,13.0,583.89,0
2023-07-12,P108,11.0,583.82,0
2023-07-13,P108,11.0,583.75,0
2023-07-14,P108,12.0,583.68,0
2023-07-15,P108,6.0,583.61,0
2023-07-16,P108,2.0,583.54,0
2023-07-17,P108,13.0,583.47,0
2023-07-18,P108,13.0,583.39,0
2023-07-19,P108,14.0,583.32,0
2023-07-20,P108,11.0,583.24,0
2023-07-21,P108,13.0,583.16,0
2023-07-22,P108,7.0,583.08,0
2023-07-23,P108,3.0,583.0,0
2023-07-24,P108,14.0,582.92,0
2023-07-25,P108,13.0,582.84,0
2023-07-26,P108,12.0,582.76,0
2023-07-27,P108,15.0,582.67,0
2023-07-28,P108,11.0,582.59,0
2023-07-29,P108,7.0,582.5,0
2023-07-30,P108,2.0,582.41,0
2023-07-31,P108,10.0,582.32,0
2023-08-01,P108,23.0,582.23,1
2023-08-02,P108,13.0,582.14,0
2023-08-03,P108,13.0,582.05,0
2023-08-04,P108,12.0,581.96,0
2023-08-05,P108,7.0,581.86,0
2023-08-06,P108,3.0,581.77,0
2023-08-07,P108,12.0,581.67,0
2023-08-08,P108,14.0,581.58,0
2023-08-09,P108,13.0,581.48,0
2023-08-10,P108,12.0,581.38,0
2023-08-11,P108,13.0,581.28,0
2023-08-12,P108,7.0,581.18,0
2023-08-13,P108,3.0,581.08,0
2023-08-14,P108,13.0,580.98,0
2023-08-15,P108,16.0,580.88,0
2023-08-16,P108,15.0,580.77,0
2023-08-17,P108,13.0,580.67,0
2023-08-18,P108,12.0,580.56,0
2023-08-19,P108,6.0,580.46,0
2023-08-20,P108,3.0,580.35,0
2023-08-21,P108,15.0,580.24,0
2023-08-22,P108,15.0,580.14,0
2023-08-23,P108,10.0,580.03,0
2023-08-24,P108,26.0,579.92,1
2023-08-25,P108,12.0,579.81,0
2023-08-26,P108,7.0,579.7,0
2023-08-27,P108,3.0,579.58,0
2023-08-28,P108,13.0,579.47,0
2023-08-29,P108,15.0,579.36,0
2023-08-30,P108,13.0,579.25,0
2023-08-31,P108,13.0,579.13,0
2023-09-01,P108,13.0,579.02,0
2023-09-02,P108,8.0,578.9,0
2023-09-03,P108,6.0,578.78,1
2023-09-04,P108,15.0,578.67,0
2023-09-05,P108,14.0,578.55,0
2023-09-06,P108,16.0,578.43,0
2023-09-07,P108,11.0,578.31,0
2023-09-08,P108,16.0,578.19,0
2023-09-09,P108,9.0,578.07,0
2023-09-10,P108,3.0,577.95,0
2023-09-11,P108,30.0,577.83,1
2023-09-12,P108,15.0,577.71,0
2023-09-13,P108,14.0,577.59,0
2023-09-14,P108,13.0,577.47,0
2023-09-15,P108,13.0,577.35,0
2023-09-16,P108,8.0,577.23,0
2023-09-17,P108,3.0,577.1,0
2023-09-18,P108,17.0,576.98,0
2023-09-19,P108,15.0,576.86,0
2023-09-20,P108,12.0,576.73,0
2023-09-21,P108,17.0,576.61,0
2023-09-22,P108,12.0,576.48,0
2023-09-23,P108,7.0,576.36,0
2023-09-24,P108,3.0,576.23,0
2023-09-25,P108,15.0,576.11,0
2023-09-26,P108,13.0,575.98,0
2023-09-27,P108,14.0,575.86,0
2023-09-28,P108,22.0,575.73,1
2023-09-29,P108,15.0,575.6,0
2023-09-30,P108,9.0,575.48,0
2023-10-01,P108,3.0,575.35,0
2023-10-02,P108,17.0,575.22,0
2023-10-03,P108,17.0,575.1,0
2023-10-04,P108,14.0,574.97,0
2023-10-05,P108,12.0,574.84,0
2023-10-06,P108,13.0,574.71,0
2023-10-07,P108,7.0,574.59,0
2023-10-08,P108,4.0,574.46,0
2023-10-09,P108,15.0,574.33,0
2023-10-10,P108,14.0,574.2,0
2023-10-11,P108,16.0,574.08,0
2023-10-12,P108,13.0,573.95,0
2023-10-13,P108,15.0,573.82,0
2023-10-14,P108,7.0,573.69,0
2023-10-15,P108,3.0,573.57,0
2023-10-16,P108,16.0,573.44,0
2023-10-17,P108,19.0,573.31,0
2023-10-18,P108,20.0,573.18,0
2023-10-19,P108,14.0,573.06,0
2023-10-20,P108,14.0,572.93,0
2023-10-21,P108,9.0,572.8,0
2023-10-22,P108,4.0,572.68,0
2023-10-23,P108,12.0,572.55,0
2023-10-24,P108,17.0,572.42,0
2023-10-25,P108,15.0,572.3,0
2023-10-26,P108,12.0,572.17,0
2023-10-27,P108,13.0,572.05,0
2023-10-28,P108,8.0,571.92,0
2023-10-29,P108,3.0,571.8,0
2023-10-30,P108,18.0,571.67,0
2023-10-31,P108,17.0,571.55,0
2023-11-01,P108,18.0,571.42,0
2023-11-02,P108,16.0,571.3,0
2023-11-03,P108,14.0,571.17,0
2023-11-04,P108,8.0,571.05,0
2023-11-05,P108,4.0,570.93,0
2023-11-06,P108,18.0,570.81,0
2023-11-07,P108,17.0,570.68,0
2023-11-08,P108,15.0,570.56,0
2023-11-09,P108,17.0,570.44,0
2023-11-10,P108,16.0,570.32,0
2023-11-11,P108,10.0,570.2,0
2023-11-12,P108,3.0,570.08,0
2023-11-13,P108,15.0,569.96,0
2023-11-14,P108,19.0,569.84,0
2023-11-15,P108,16.0,569.72,0
2023-11-16,P108,16.0,569.61,0
2023-11-17,P108,18.0,569.49,0
2023-11-18,P108,7.0,569.37,0
2023-11-19,P108,4.0,569.26,0
2023-11-20,P108,16.0,569.14,0
2023-11-21,P108,19.0,569.03,0
2023-11-22,P108,17.0,568.91,0
2023-11-23,P108,17.0,568.8,0
2023-11-24,P108,15.0,568.69,0
2023-11-25,P108,10.0,568.58,0
2023-11-26,P108,3.0,568.46,0
2023-11-27,P108,16.0,568.35,0
2023-11-28,P108,21.0,568.24,0
2023-11-29,P108,17.0,568.13,0
2023-11-30,P108,15.0,568.02,0
2023-12-01,P108,13.0,567.92,0
2023-12-02,P108,11.0,567.81,0
2023-12-03,P108,3.0,567.7,0
2023-12-04,P108,21.0,567.6,0
2023-12-05,P108,18.0,567.49,0
2023-12-06,P108,18.0,567.39,0
2023-12-07,P108,17.0,567.29,0
2023-12-08,P108,20.0,567.18,0
2023-12-09,P108,7.0,567.08,0
2023-12-10,P108,4.0,566.98,0
2023-12-11,P108,17.0,566.88,0
2023-12-12,P108,17.0,566.78,0
2023-12-13,P108,18.0,566.69,0
2023-12-14,P108,16.0,566.59,0
2023-12-15,P108,16.0,566.49,0
2023-12-16,P108,9.0,566.4,0
2023-12-17,P108,3.0,566.3,0
2023-12-18,P108,18.0,566.21,0
2023-12-19,P108,19.0,566.12,0
2023-12-20,P108,16.0,566.03,0
2023-12-21,P108,20.0,565.94,0
2023-12-22,P108,18.0,565.85,0
2023-12-23,P108,10.0,565.76,0
2023-12-24,P108,4.0,565.67,0
2023-12-25,P108,17.0,565.59,0
2023-12-26,P108,20.0,565.5,0
2023-12-27,P108,20.0,565.42,0
2023-12-28,P108,18.0,565.34,0
2023-12-29,P108,15.0,565.25,0
2023-12-30,P108,9.0,565.17,0
2023-12-31,P108,4.0,565.09,0
2024-01-01,P108,19.0,565.02,0
2024-01-02,P108,18.0,564.94,0
2024-01-03,P108,16.0,564.86,0
2024-01-04,P108,20.0,564.79,0
2024-01-05,P108,14.0,564.71,0
2024-01-06,P108,8.0,564.64,0
2024-01-07,P108,3.0,564.57,0
2024-01-08,P108,15.0,564.5,0
2024-01-09,P108,20.0,564.43,0
2024-01-10,P108,20.0,564.36,0
2024-01-11,P108,17.0,564.29,0
2024-01-12,P108,17.0,564.23,0
2024-01-13,P108,9.0,564.16,0
2024-01-14,P108,3.0,564.1,0
2024-01-15,P108,21.0,564.04,0
2024-01-16,P108,20.0,563.98,0
2024-01-17,P108,18.0,563.92,0
2024-01-18,P108,15.0,563.86,0
2024-01-19,P108,16.0,563.8,0
2024-01-20,P108,8.0,563.75,0
2024-01-21,P108,4.0,563.69,0
2024-01-22,P108,17.0,563.64,0
2024-01-23,P108,17.0,563.59,0
2024-01-24,P108,14.0,563.54,0
2024-01-25,P108,20.0,563.49,0
2024-01-26,P108,16.0,563.44,0
2024-01-27,P108,9.0,563.39,0
2024-01-28,P108,3.0,563.35,0
2024-01-29,P108,14.0,563.31,0
2024-01-30,P108,17.0,563.26,0
2024-01-31,P108,16.0,563.22,0
2024-02-01,P108,18.0,563.18,0
2024-02-02,P108,35.0,563.14,1
2024-02-03,P108,9.0,563.11,0
2024-02-04,P108,4.0,563.07,0
2024-02-05,P108,20.0,563.04,0
2024-02-06,P108,18.0,563.0,0
2024-02-07,P108,19.0,562.97,0
2024-02-08,P108,17.0,562.94,0
2024-02-09,P108,12.0,562.91,0
2024-02-10,P108,8.0,562.88,0
2024-02-11,P108,3.0,562.86,0
2024-02-12,P108,17.0,562.83,0
2024-02-13,P108,15.0,562.81,0
2024-02-14,P108,18.0,562.79,0
2024-02-15,P108,18.0,562.77,0
2024-02-16,P108,17.0,562.75,0
2024-02-17,P108,10.0,562.73,0
2024-02-18,P108,3.0,562.71,0
2024-02-19,P108,14.0,562.7,0
2024-02-20,P108,22.0,562.69,0
2024-02-21,P108,18.0,562.67,0
2024-02-22,P108,16.0,562.66,0
2024-02-23,P108,15.0,562.65,0
2024-02-24,P108,8.0,562.64,0
2024-02-25,P108,3.0,562.64,0
2024-02-26,P108,29.0,562.63,1
2024-02-27,P108,16.0,562.63,0
2024-02-28,P108,15.0,562.63,0
2024-02-29,P108,15.0,562.63,0
2024-03-01,P108,19.0,562.63,0
2024-03-02,P108,8.0,562.63,0
2024-03-03,P108,3.0,562.63,0
2024-03-04,P108,16.0,562.64,0
2024-03-05,P108,17.0,562.64,0
2024-03-06,P108,15.0,562.65,0
2024-03-07,P108,17.0,562.66,0
2024-03-08,P108,15.0,562.67,0
2024-03-09,P108,7.0,562.68,0
2024-03-10,P108,3.0,562.7,0
2024-03-11,P108,15.0,562.71,0
2024-03-12,P108,16.0,562.73,0
2024-03-13,P108,16.0,562.74,0
2024-03-14,P108,16.0,562.76,0
2024-03-15,P108,31.0,562.78,1
2024-03-16,P108,8.0,562.8,0
2024-03-17,P108,3.0,562.83,0
2024-03-18,P108,12.0,562.85,0
2024-03-19,P108,17.0,562.88,0
2024-03-20,P108,16.0,562.91,0
2024-03-21,P108,13.0,562.93,0
2024-03-22,P108,15.0,562.96,0
2024-03-23,P108,8.0,563.0,0
2024-03-24,P108,3.0,563.03,0
2024-03-25,P108,16.0,563.06,0
2024-03-26,P108,16.0,563.1,0
2024-03-27,P108,17.0,563.13,0
2024-03-28,P108,14.0,563.17,0
2024-03-29,P108,14.0,563.21,0
2024-03-30,P108,7.0,563.25,0
2024-03-31,P108,3.0,563.3,0
2024-04-01,P108,24.0,563.34,1
2024-04-02,P108,16.0,563.38,0
2024-04-03,P108,15.0,563.43,0
2024-04-04,P108,16.0,563.48,0
2024-04-05,P108,12.0,563.53,0
2024-04-06,P108,8.0,563.58,0
2024-04-07,P108,3.0,563.63,0
2024-04-08,P108,15.0,563.68,0
2024-04-09,P108,13.0,563.74,0
2024-04-10,P108,16.0,563.79,0
2024-04-11,P108,11.0,563.85,0
2024-04-12,P108,12.0,563.91,0
2024-04-13,P108,6.0,563.96,0
2024-04-14,P108,3.0,564.02,0
2024-04-15,P108,15.0,564.09,0
2024-04-16,P108,15.0,564.15,0
2024-04-17,P108,17.0,564.21,0
2024-04-18,P108,13.0,564.28,0
2024-04-19,P108,14.0,564.35,0
2024-04-20,P108,7.0,564.41,0
2024-04-21,P108,3.0,564.48,0
2024-04-22,P108,16.0,564.55,0
2024-04-23,P108,18.0,564.62,0
2024-04-24,P108,25.0,564.7,1
2024-04-25,P108,25.0,564.77,1
2024-04-26,P108,13.0,564.84,0
2024-04-27,P108,7.0,564.92,0
2024-04-28,P108,3.0,565.0,0
2024-04-29,P108,13.0,565.08,0
2024-04-30,P108,9.0,565.16,0
2024-05-01,P108,16.0,565.24,0
2024-05-02,P108,12.0,565.32,0
2024-05-03,P108,12.0,565.4,0
2024-05-04,P108,7.0,565.48,0
2024-05-05,P108,3.0,565.57,0
2024-05-06,P108,14.0,565.65,0
2024-05-07,P108,14.0,565.74,0
2024-05-08,P108,13.0,565.83,0
2024-05-09,P108,13.0,565.92,0
2024-05-10,P108,12.0,566.01,0
2024-05-11,P108,8.0,566.1,0
2024-05-12,P108,2.0,566.19,0
2024-05-13,P108,12.0,566.28,0
2024-05-14,P108,15.0,566.38,0
2024-05-15,P108,12.0,566.47,0
2024-05-16,P108,12.0,566.57,0
2024-05-17,P108,21.0,566.66,1
2024-05-18,P108,7.0,566.76,0
2024-05-19,P108,3.0,566.86,0
2024-05-20,P108,23.0,566.96,1
2024-05-21,P108,12.0,567.06,0
2024-05-22,P108,14.0,567.16,0
2024-05-23,P108,15.0,567.26,0
2024-05-24,P108,10.0,567.37,0
2024-05-25,P108,6.0,567.47,0
2024-05-26,P108,3.0,567.57,0
2024-05-27,P108,15.0,567.68,0
2024-05-28,P108,10.0,567.79,0
2024-05-29,P108,14.0,567.89,0
2024-05-30,P108,15.0,568.0,0
2024-05-31,P108,11.0,568.11,0
2024-06-01,P108,8.0,568.22,0
2024-06-02,P108,3.0,568.33,0
2024-06-03,P108,13.0,568.44,0
2024-06-04,P108,12.0,568.55,0
2024-06-05,P108,15.0,568.66,0
2024-06-06,P108,14.0,568.77,0
2024-06-07,P108,14.0,568.89,0
2024-06-08,P108,8.0,569.0,0
2024-06-09,P108,3.0,569.12,0
2024-06-10,P108,17.0,569.23,0
2024-06-11,P108,15.0,569.35,0
2024-06-12,P108,14.0,569.46,0
2024-06-13,P108,11.0,569.58,0
2024-06-14,P108,10.0,569.7,0
2024-06-15,P108,6.0,569.82,0
2024-06-16,P108,2.0,569.93,0
2024-06-17,P108,15.0,570.05,0
2024-06-18,P108,14.0,570.17,0
2024-06-19,P108,12.0,570.29,0
2024-06-20,P108,12.0,570.41,0
2024-06-21,P108,20.0,570.53,1
2024-06-22,P108,7.0,570.66,0
2024-06-23,P108,2.0,570.78,0
2024-06-24,P108,13.0,570.9,0
2024-06-25,P108,14.0,571.02,0
2024-06-26,P108,12.0,571.15,0
2024-06-27,P108,15.0,571.27,0
2024-06-28,P108,12.0,571.39,0
2024-06-29,P108,6.0,571.52,0
2024-06-30,P108,3.0,571.64,0
2024-07-01,P108,27.0,571.77,1
2024-07-02,P108,14.0,571.89,0
2024-07-03,P108,11.0,572.02,0
2024-07-04,P108,14.0,572.14,0
2024-07-05,P108,15.0,572.27,0
2024-07-06,P108,6.0,572.39,0
2024-07-07,P108,3.0,572.52,0
2024-07-08,P108,12.0,572.65,0
2024-07-09,P108,17.0,572.77,0
2024-07-10,P108,15.0,572.9,0
2024-07-11,P108,13.0,573.03,0
2024-07-12,P108,11.0,573.15,0
2024-07-13,P108,6.0,573.28,0
2024-07-14,P108,3.0,573.41,0
2024-07-15,P108,11.0,573.54,0
2024-07-16,P108,12.0,573.66,0
2024-07-17,P108,13.0,573.79,0
2024-07-18,P108,13.0,573.92,0
2024-07-19,P108,13.0,574.05,0
2024-07-20,P108,6.0,574.17,0
2024-07-21,P108,3.0,574.3,0
2024-07-22,P108,12.0,574.43,0
2024-07-23,P108,15.0,574.56,0
2024-07-24,P108,14.0,574.68,0
2024-07-25,P108,14.0,574.81,0
2024-07-26,P108,14.0,574.94,0
2024-07-27,P108,7.0,575.07,0
2024-07-28,P108,3.0,575.19,0
2024-07-29,P108,11.0,575.32,0
2024-07-30,P108,11.0,575.45,0
2024-07-31,P108,13.0,575.57,0
2024-08-01,P108,13.0,575.7,0
2024-08-02,P108,11.0,575.83,0
2024-08-03,P108,6.0,575.95,0
2024-08-04,P108,3.0,576.08,0
2024-08-05,P108,15.0,576.2,0
2024-08-06,P108,12.0,576.33,0
2024-08-07,P108,13.0,576.45,0
2024-08-08,P108,14.0,576.58,0
2024-08-09,P108,12.0,576.7,0
2024-08-10,P108,7.0,576.83,0
2024-08-11,P108,3.0,576.95,0
2024-08-12,P108,16.0,577.07,0
2024-08-13,P108,16.0,577.2,0
2024-08-14,P108,13.0,577.32,0
2024-08-15,P108,15.0,577.44,0
2024-08-16,P108,22.0,577.56,1
2024-08-17,P108,6.0,577.69,0
2024-08-18,P108,3.0,577.81,0
2024-08-19,P108,12.0,577.93,0
2024-08-20,P108,17.0,578.05,0
2024-08-21,P108,17.0,578.17,0
2024-08-22,P108,13.0,578.29,0
2024-08-23,P108,12.0,578.4,0
2024-08-24,P108,8.0,578.52,0
2024-08-25,P108,3.0,578.64,0
2024-08-26,P108,13.0,578.76,0
2024-08-27,P108,15.0,578.87,0
2024-08-28,P108,15.0,578.99,0
2024-08-29,P108,13.0,579.1,0
2024-08-30,P108,31.0,579.22,1
2024-08-31,P108,7.0,579.33,0
2024-09-01,P108,3.0,579.45,0
2024-09-02,P108,15.0,579.56,0
2024-09-03,P108,13.0,579.67,0
2024-09-04,P108,12.0,579.78,0
2024-09-05,P108,16.0,579.89,0
2024-09-06,P108,13.0,580.0,0
2024-09-07,P108,10.0,580.11,0
2024-09-08,P108,4.0,580.22,0
2024-09-09,P108,14.0,580.33,0
2024-09-10,P108,20.0,580.43,0
2024-09-11,P108,26.0,580.54,1
2024-09-12,P108,14.0,580.65,0
2024-09-13,P108,10.0,580.75,0
2024-09-14,P108,8.0,580.85,0
2024-09-15,P108,3.0,580.96,0
2024-09-16,P108,16.0,581.06,0
2024-09-17,P108,16.0,581.16,0
2024-09-18,P108,14.0,581.26,0
2024-09-19,P108,15.0,581.36,0
2024-09-20,P108,16.0,581.46,0
2024-09-21,P108,8.0,581.56,0
2024-09-22,P108,3.0,581.65,0
2024-09-23,P108,13.0,581.75,0
2024-09-24,P108,32.0,581.84,1
2024-09-25,P108,14.0,581.94,0
2024-09-26,P108,17.0,582.03,0
2024-09-27,P108,14.0,582.12,0
2024-09-28,P108,8.0,582.21,0
2024-09-29,P108,4.0,582.3,0
2024-09-30,P108,15.0,582.39,0
2024-10-01,P108,16.0,582.48,0
2024-10-02,P108,17.0,582.57,0
2024-10-03,P108,13.0,582.65,0
2024-10-04,P108,17.0,582.74,0
2024-10-05,P108,9.0,582.82,0
2024-10-06,P108,4.0,582.9,0
2024-10-07,P108,10.0,582.98,0
2024-10-08,P108,28.0,583.06,1
2024-10-09,P108,14.0,583.14,0
2024-10-10,P108,18.0,583.22,0
2024-10-11,P108,17.0,583.3,0
2024-10-12,P108,9.0,583.37,0
2024-10-13,P108,3.0,583.45,0
2024-10-14,P108,19.0,583.52,0
2024-10-15,P108,17.0,583.6,0
2024-10-16,P108,41.0,583.67,1
2024-10-17,P108,17.0,583.74,0
2024-10-18,P108,17.0,583.81,0
2024-10-19,P108,8.0,583.87,0
2024-10-20,P108,4.0,583.94,0
2024-10-21,P108,18.0,584.01,0
2024-10-22,P108,20.0,584.07,0
2024-10-23,P108,18.0,584.13,0
2024-10-24,P108,17.0,584.19,0
2024-10-25,P108,17.0,584.25,0
2024-10-26,P108,10.0,584.31,0
2024-10-27,P108,7.0,584.37,1
2024-10-28,P108,17.0,584.43,0
2024-10-29,P108,14.0,584.48,0
2024-10-30,P108,19.0,584.54,0
2024-10-31,P108,14.0,584.59,0
2024-11-01,P108,16.0,584.64,0
2024-11-02,P108,9.0,584.69,0
2024-11-03,P108,3.0,584.74,0
2024-11-04,P108,18.0,584.79,0
2024-11-05,P108,22.0,584.83,0
2024-11-06,P108,17.0,584.88,0
2024-11-07,P108,19.0,584.92,0
2024-11-08,P108,37.0,584.96,1
2024-11-09,P108,10.0,585.01,0
2024-11-10,P108,3.0,585.05,0
2024-11-11,P108,18.0,585.08,0
2024-11-12,P108,19.0,585.12,0
2024-11-13,P108,21.0,585.16,0
2024-11-14,P108,20.0,585.19,0
2024-11-15,P108,12.0,585.22,0
2024-11-16,P108,8.0,585.25,0
2024-11-17,P108,4.0,585.28,0
2024-11-18,P108,16.0,585.31,0
2024-11-19,P108,11.0,585.34,0
2024-11-20,P108,17.0,585.37,0
2024-11-21,P108,18.0,585.39,0
2024-11-22,P108,16.0,585.41,0
2024-11-23,P108,8.0,585.43,0
2024-11-24,P108,4.0,585.45,0
2024-11-25,P108,19.0,585.47,0
2024-11-26,P108,18.0,585.49,0
2024-11-27,P108,21.0,585.51,0
2024-11-28,P108,18.0,585.52,0
2024-11-29,P108,15.0,585.54,0
2024-11-30,P108,8.0,585.55,0
2024-12-01,P108,4.0,585.56,0
2024-12-02,P108,20.0,585.57,0
2024-12-03,P108,17.0,585.57,0
2024-12-04,P108,20.0,585.58,0
2024-12-05,P108,18.0,585.58,0
2024-12-06,P108,21.0,585.59,0
2024-12-07,P108,10.0,585.59,0
2024-12-08,P108,3.0,585.59,0
2024-12-09,P108,20.0,585.59,0
2024-12-10,P108,20.0,585.59,0
2024-12-11,P108,18.0,585.58,0
2024-12-12,P108,16.0,585.58,0
2024-12-13,P108,18.0,585.57,0
2024-12-14,P108,10.0,585.56,0
2024-12-15,P108,3.0,585.55,0
2024-12-16,P108,19.0,585.54,0
2024-12-17,P108,18.0,585.53,0
2024-12-18,P108,30.0,585.52,1
2024-12-19,P108,17.0,585.5,0
2024-12-20,P108,20.0,585.49,0
2024-12-21,P108,11.0,585.47,0
2024-12-22,P108,4.0,585.45,0
2024-12-23,P108,19.0,585.43,0
2024-12-24,P108,20.0,585.41,0
2024-12-25,P108,19.0,585.38,0
2024-12-26,P108,16.0,585.36,0
2024-12-27,P108,16.0,585.33,0
2024-12-28,P108,9.0,585.3,0
2024-12-29,P108,4.0,585.28,0
2024-12-30,P108,20.0,585.25,0
2024-12-31,P108,17.0,585.21,0
2025-01-01,P108,19.0,585.18,0
2025-01-02,P108,17.0,585.15,0
2025-01-03,P108,17.0,585.11,0
2025-01-04,P108,9.0,585.07,0
2025-01-05,P108,4.0,585.03,0
2025-01-06,P108,18.0,584.99,0
2025-01-07,P108,19.0,584.95,0
2025-01-08,P108,19.0,584.91,0
2025-01-09,P108,16.0,584.87,0
2025-01-10,P108,17.0,584.82,0
2025-01-11,P108,11.0,584.77,0
2025-01-12,P108,4.0,584.73,0
2025-01-13,P108,16.0,584.68,0
2025-01-14,P108,16.0,584.63,0
2025-01-15,P108,19.0,584.57,0
2025-01-16,P108,20.0,584.52,0
2025-01-17,P108,18.0,584.47,0
2025-01-18,P108,10.0,584.41,0
2025-01-19,P108,3.0,584.35,0
2025-01-20,P108,17.0,584.3,0
2025-01-21,P108,14.0,584.24,0
2025-01-22,P108,18.0,584.18,0
2025-01-23,P108,14.0,584.11,0
2025-01-24,P108,19.0,584.05,0
2025-01-25,P108,11.0,583.99,0
2025-01-26,P108,4.0,583.92,0
2025-01-27,P108,15.0,583.85,0
2025-01-28,P108,19.0,583.79,0
2025-01-29,P108,22.0,583.72,0
2025-01-30,P108,19.0,583.65,0
2025-01-31,P108,19.0,583.57,0
2025-02-01,P108,9.0,583.5,0
2025-02-02,P108,3.0,583.43,0
2025-02-03,P108,18.0,583.35,0
2025-02-04,P108,14.0,583.28,0
2025-02-05,P108,22.0,583.2,0
2025-02-06,P108,18.0,583.12,0
2025-02-07,P108,18.0,583.04,0
2025-02-08,P108,9.0,582.96,0
2025-02-09,P108,3.0,582.88,0
2025-02-10,P108,20.0,582.8,0
2025-02-11,P108,16.0,582.71,0
2025-02-12,P108,18.0,582.63,0
2025-02-13,P108,18.0,582.54,0
2025-02-14,P108,17.0,582.45,0
2025-02-15,P108,8.0,582.37,0
2025-02-16,P108,4.0,582.28,0
2025-02-17,P108,15.0,582.19,0
2025-02-18,P108,20.0,582.1,0
2025-02-19,P108,19.0,582.0,0
2025-02-20,P108,17.0,581.91,0
2025-02-21,P108,15.0,581.82,0
2025-02-22,P108,11.0,581.72,0
2025-02-23,P108,3.0,581.62,0
2025-02-24,P108,14.0,581.53,0
2025-02-25,P108,18.0,581.43,0
2025-02-26,P108,17.0,581.33,0
2025-02-27,P108,19.0,581.23,0
2025-02-28,P108,17.0,581.13,0
2025-03-01,P108,9.0,581.03,0
2025-03-02,P108,4.0,580.93,0
2025-03-03,P108,18.0,580.82,0
2025-03-04,P108,21.0,580.72,0
2025-03-05,P108,18.0,580.62,0
2025-03-06,P108,15.0,580.51,0
2025-03-07,P108,16.0,580.4,0
2025-03-08,P108,6.0,580.3,0
2025-03-09,P108,3.0,580.19,0
2025-03-10,P108,19.0,580.08,0
2025-03-11,P108,18.0,579.97,0
2025-03-12,P108,17.0,579.86,0
2025-03-13,P108,17.0,579.75,0
2025-03-14,P108,17.0,579.64,0
2025-03-15,P108,10.0,579.53,0
2025-03-16,P108,4.0,579.41,0
2025-03-17,P108,16.0,579.3,0
2025-03-18,P108,13.0,579.19,0
2025-03-19,P108,18.0,579.07,0
2025-03-20,P108,17.0,578.96,0
2025-03-21,P108,15.0,578.84,0
2025-03-22,P108,8.0,578.72,0
2025-03-23,P108,4.0,578.61,0
2025-03-24,P108,15.0,578.49,0
2025-03-25,P108,16.0,578.37,0
2025-03-26,P108,16.0,578.25,0
2025-03-27,P108,16.0,578.13,0
2025-03-28,P108,13.0,578.01,0
2025-03-29,P108,9.0,577.89,0
2025-03-30,P108,3.0,577.77,0
2025-03-31,P108,14.0,577.65,0
2025-04-01,P108,18.0,577.53,0
2025-04-02,P108,14.0,577.41,0
2025-04-03,P108,17.0,577.29,0
2025-04-04,P108,15.0,577.16,0
2025-04-05,P108,7.0,577.04,0
2025-04-06,P108,4.0,576.92,0
2025-04-07,P108,16.0,576.79,0
2025-04-08,P108,17.0,576.67,0
2025-04-09,P108,17.0,576.54,0
2025-04-10,P108,18.0,576.42,0
2025-04-11,P108,15.0,576.29,0
2025-04-12,P108,8.0,576.17,0
2025-04-13,P108,3.0,576.04,0
2025-04-14,P108,15.0,575.92,0
2025-04-15,P108,13.0,575.79,0
2025-04-16,P108,16.0,575.66,0
2025-04-17,P108,17.0,575.54,0
2025-04-18,P108,15.0,575.41,0
2025-04-19,P108,7.0,575.28,0
2025-04-20,P108,3.0,575.16,0
2025-04-21,P108,14.0,575.03,0
2025-04-22,P108,12.0,574.9,0
2025-04-23,P108,17.0,574.78,0
2025-04-24,P108,13.0,574.65,0
2025-04-25,P108,17.0,574.52,0
2025-04-26,P108,9.0,574.39,0
2025-04-27,P108,3.0,574.27,0
2025-04-28,P108,15.0,574.14,0
2025-04-29,P108,19.0,574.01,0
2025-04-30,P108,29.0,573.88,1
2025-05-01,P108,15.0,573.76,0
2025-05-02,P108,18.0,573.63,0
2025-05-03,P108,8.0,573.5,0
2025-05-04,P108,3.0,573.37,0
2025-05-05,P108,13.0,573.25,0
2025-05-06,P108,12.0,573.12,0
2025-05-07,P108,14.0,572.99,0
2025-05-08,P108,14.0,572.86,0
2025-05-09,P108,14.0,572.74,0
2025-05-10,P108,6.0,572.61,0
2025-05-11,P108,3.0,572.48,0
2025-05-12,P108,13.0,572.36,0
2025-05-13,P108,16.0,572.23,0
2025-05-14,P108,16.0,572.11,0
2025-05-15,P108,13.0,571.98,0
2025-05-16,P108,12.0,571.86,0
2025-05-17,P108,9.0,571.73,0
2025-05-18,P108,3.0,571.61,0
2025-05-19,P108,14.0,571.48,0
2025-05-20,P108,17.0,571.36,0
2025-05-21,P108,23.0,571.23,1
2025-05-22,P108,13.0,571.11,0
2025-05-23,P108,12.0,570.99,0
2025-05-24,P108,7.0,570.87,0
2025-05-25,P108,3.0,570.74,0
2025-05-26,P108,16.0,570.62,0
2025-05-27,P108,14.0,570.5,0
2025-05-28,P108,16.0,570.38,0
2025-05-29,P108,13.0,570.26,0
2025-05-30,P108,12.0,570.14,0
2025-05-31,P108,6.0,570.02,0
2025-06-01,P108,3.0,569.9,0
2025-06-02,P108,12.0,569.78,0
2025-06-03,P108,17.0,569.66,0
2025-06-04,P108,15.0,569.55,0
2025-06-05,P108,13.0,569.43,0
2025-06-06,P108,15.0,569.31,0
2025-06-07,P108,6.0,569.2,0
2025-06-08,P108,6.0,569.08,1
2025-06-09,P108,17.0,568.97,0
2025-06-10,P108,14.0,568.86,0
2025-06-11,P108,18.0,568.74,0
2025-06-12,P108,15.0,568.63,0
2025-06-13,P108,15.0,568.52,0
2025-06-14,P108,8.0,568.41,0
2025-06-15,P108,3.0,568.3,0
2025-06-16,P108,13.0,568.19,0
2025-06-17,P108,14.0,568.08,0
2025-06-18,P108,12.0,567.97,0
2025-06-19,P108,13.0,567.86,0
2025-06-20,P108,13.0,567.76,0
2025-06-21,P108,8.0,567.65,0
2025-06-22,P108,3.0,567.54,0
2025-06-23,P108,17.0,567.44,0
2025-06-24,P108,11.0,567.34,0
2025-06-25,P108,12.0,567.23,0
2025-06-26,P108,13.0,567.13,0
2025-06-27,P108,15.0,567.03,0
2025-06-28,P108,7.0,566.93,0
2025-06-29,P108,2.0,566.83,0
2025-06-30,P108,13.0,566.73,0
2025-07-01,P108,12.0,566.64,0
2025-07-02,P108,12.0,566.54,0
2025-07-03,P108,17.0,566.44,0
2025-07-04,P108,12.0,566.35,0
2025-07-05,P108,7.0,566.26,0
2025-07-06,P108,3.0,566.16,0
2025-07-07,P108,13.0,566.07,0
2025-07-08,P108,13.0,565.98,0
2025-07-09,P108,27.0,565.89,1
2025-07-10,P108,14.0,565.8,0
2025-07-11,P108,15.0,565.72,0
2025-07-12,P108,8.0,565.63,0
2025-07-13,P108,2.0,565.54,0
2025-07-14,P108,15.0,565.46,0
2025-07-15,P108,15.0,565.38,0
2025-07-16,P108,13.0,565.29,0
2025-07-17,P108,14.0,565.21,0
2025-07-18,P108,14.0,565.13,0
2025-07-19,P108,11.0,565.05,1
2025-07-20,P108,3.0,564.98,0
2025-07-21,P108,13.0,564.9,0
2025-07-22,P108,18.0,564.82,0
2025-07-23,P108,11.0,564.75,0
2025-07-24,P108,15.0,564.68,0
2025-07-25,P108,14.0,564.6,0
2025-07-26,P108,8.0,564.53,0
2025-07-27,P108,3.0,564.46,0
2025-07-28,P108,16.0,564.39,0
2025-07-29,P108,15.0,564.33,0
2025-07-30,P108,13.0,564.26,0
2025-07-31,P108,13.0,564.2,0
2025-08-01,P108,14.0,564.13,0
2025-08-02,P108,6.0,564.07,0
2025-08-03,P108,4.0,564.01,0
2025-08-04,P108,27.0,563.95,1
2025-08-05,P108,18.0,563.89,0
2025-08-06,P108,18.0,563.83,0
2025-08-07,P108,14.0,563.78,0
2025-08-08,P108,12.0,563.72,0
2025-08-09,P108,5.0,563.67,0
2025-08-10,P108,3.0,563.61,0
2025-08-11,P108,18.0,563.56,0
2025-08-12,P108,14.0,563.51,0
2025-08-13,P108,15.0,563.46,0
2025-08-14,P108,14.0,563.42,0
2025-08-15,P108,15.0,563.37,0
2025-08-16,P108,9.0,563.33,0
2025-08-17,P108,3.0,563.28,0
2025-08-18,P108,13.0,563.24,0
2025-08-19,P108,18.0,563.2,0
2025-08-20,P108,17.0,563.16,0
2025-08-21,P108,15.0,563.12,0
2025-08-22,P108,36.0,563.09,1
2025-08-23,P108,7.0,563.05,0
2025-08-24,P108,3.0,563.02,0
2025-08-25,P108,15.0,562.99,0
2025-08-26,P108,17.0,562.96,0
2025-08-27,P108,12.0,562.93,0
2025-08-28,P108,15.0,562.9,0
2025-08-29,P108,16.0,562.87,0
2025-08-30,P108,8.0,562.85,0
2025-08-31,P108,4.0,562.82,0
2025-09-01,P108,18.0,562.8,0
2025-09-02,P108,27.0,562.78,1
2025-09-03,P108,17.0,562.76,0
2025-09-04,P108,14.0,562.74,0
2025-09-05,P108,15.0,562.72,0
2025-09-06,P108,9.0,562.71,0
2025-09-07,P108,3.0,562.69,0
2025-09-08,P108,17.0,562.68,0
2025-09-09,P108,16.0,562.67,0
2025-09-10,P108,15.0,562.66,0
2025-09-11,P108,17.0,562.65,0
2025-09-12,P108,14.0,562.64,0
2025-09-13,P108,8.0,562.64,0
2025-09-14,P108,4.0,562.63,0
2025-09-15,P108,16.0,562.63,0
2025-09-16,P108,14.0,562.63,0
2025-09-17,P108,18.0,562.63,0
2025-09-18,P108,16.0,562.63,0
2025-09-19,P108,13.0,562.63,0
2025-09-20,P108,6.0,562.63,0
2025-09-21,P108,4.0,562.64,0
2025-09-22,P108,15.0,562.65,0
2025-09-23,P108,15.0,562.66,0
2025-09-24,P108,18.0,562.67,0
2025-09-25,P108,18.0,562.68,0
2025-09-26,P108,14.0,562.69,0
2025-09-27,P108,10.0,562.7,0
2025-09-28,P108,4.0,562.72,0
2025-09-29,P108,19.0,562.74,0
2025-09-30,P108,20.0,562.75,0
2025-10-01,P108,18.0,562.77,0
2025-10-02,P108,16.0,562.79,0
2025-10-03,P108,16.0,562.82,0
2025-10-04,P108,9.0,562.84,0
2025-10-05,P108,3.0,562.87,0
2025-10-06,P108,16.0,562.89,0
2025-10-07,P108,15.0,562.92,0
2025-10-08,P108,18.0,562.95,0
2025-10-09,P108,17.0,562.98,0
2025-10-10,P108,15.0,563.01,0
2025-10-11,P108,10.0,563.05,0
2025-10-12,P108,3.0,563.08,0
2025-10-13,P108,16.0,563.12,0
2025-10-14,P108,20.0,563.15,0
2025-10-15,P108,20.0,563.19,0
2025-10-16,P108,16.0,563.23,0
2025-10-17,P108,17.0,563.28,0
2025-10-18,P108,8.0,563.32,0
2025-10-19,P108,4.0,563.36,0
2025-10-20,P108,27.0,563.41,1
2025-10-21,P108,20.0,563.45,0
2025-10-22,P108,19.0,563.5,0
2025-10-23,P108,18.0,563.55,0
2025-10-24,P108,15.0,563.6,0
2025-10-25,P108,10.0,563.66,0
2025-10-26,P108,4.0,563.71,0
2025-10-27,P108,20.0,563.76,0
2025-10-28,P108,17.0,563.82,0
2025-10-29,P108,21.0,563.88,0
2025-10-30,P108,16.0,563.94,0
2025-10-31,P108,17.0,564.0,0
2025-11-01,P108,9.0,564.06,0
2025-11-02,P108,3.0,564.12,0
2025-11-03,P108,18.0,564.18,0
2025-11-04,P108,20.0,564.25,0
2025-11-05,P108,15.0,564.31,0
2025-11-06,P108,,564.38,0
2025-11-07,P108,14.0,564.45,0
2025-11-08,P108,12.0,564.52,0
2025-11-09,P108,4.0,564.59,0
2025-11-10,P108,19.0,564.66,0
2025-11-11,P108,20.0,564.73,0
2025-11-12,P108,20.0,564.81,0
2025-11-13,P108,21.0,564.88,0
2025-11-14,P108,15.0,564.96,0
2025-11-15,P108,11.0,565.04,0
2025-11-16,P108,4.0,565.12,0
2025-11-17,P108,19.0,565.2,0
2025-11-18,P108,19.0,565.28,0
2025-11-19,P108,13.0,565.36,0
2025-11-20,P108,16.0,565.44,0
2025-11-21,P108,19.0,565.53,0
2025-11-22,P108,11.0,565.61,0
2025-11-23,P108,4.0,565.7,0
2025-11-24,P108,19.0,565.79,0
2025-11-25,P108,24.0,565.87,0
2025-11-26,P108,22.0,565.96,0
2025-11-27,P108,18.0,566.05,0
2025-11-28,P108,23.0,566.15,0
2025-11-29,P108,9.0,566.24,0
2025-11-30,P108,3.0,566.33,0
2025-12-01,P108,18.0,566.43,0
2025-12-02,P108,18.0,566.52,0
2025-12-03,P108,19.0,566.62,0
2025-12-04,P108,21.0,566.71,0
2025-12-05,P108,18.0,566.81,0
2025-12-06,P108,10.0,566.91,0
2025-12-07,P108,4.0,567.01,0
2025-12-08,P108,14.0,567.11,0
2025-12-09,P108,17.0,567.21,0
2025-12-10,P108,19.0,567.32,0
2025-12-11,P108,17.0,567.42,0
2025-12-12,P108,18.0,567.52,0
2025-12-13,P108,12.0,567.63,0
2025-12-14,P108,4.0,567.73,0
2025-12-15,P108,17.0,567.84,0
2025-12-16,P108,18.0,567.95,0
2025-12-17,P108,24.0,568.06,0
2025-12-18,P108,23.0,568.16,0
2025-12-19,P108,20.0,568.27,0
2025-12-20,P108,8.0,568.38,0
2025-12-21,P108,4.0,568.5,0
2025-12-22,P108,20.0,568.61,0
2025-12-23,P108,20.0,568.72,0
2025-12-24,P108,19.0,568.83,0
2025-12-25,P108,19.0,568.95,0
2025-12-26,P108,29.0,569.06,1
2025-12-27,P108,9.0,569.17,0
2025-12-28,P108,5.0,569.29,0
2025-12-29,P108,21.0,569.41,0
2025-12-30,P108,20.0,569.52,0
2025-12-31,P108,21.0,569.64,0
2023-01-01,P109,17.0,43.93,0
2023-01-02,P109,87.0,43.94,0
2023-01-03,P109,80.0,43.95,0
2023-01-04,P109,77.0,43.96,0
2023-01-05,P109,73.0,43.97,0
2023-01-06,P109,63.0,43.98,0
2023-01-07,P109,36.0,43.99,0
2023-01-08,P109,16.0,44.0,0
2023-01-09,P109,62.0,44.01,0
2023-01-10,P109,63.0,44.02,0
2023-01-11,P109,67.0,44.03,0
2023-01-12,P109,73.0,44.04,0
2023-01-13,P109,58.0,44.05,0
2023-01-14,P109,35.0,44.06,0
2023-01-15,P109,14.0,44.07,0
2023-01-16,P109,60.0,44.08,0
2023-01-17,P109,51.0,44.09,0
2023-01-18,P109,61.0,44.1,0
2023-01-19,P109,69.0,44.11,0
2023-01-20,P109,67.0,44.12,0
2023-01-21,P109,37.0,44.13,0
2023-01-22,P109,15.0,44.14,0
2023-01-23,P109,62.0,44.15,0
2023-01-24,P109,63.0,44.16,0
2023-01-25,P109,70.0,44.17,0
2023-01-26,P109,64.0,44.17,0
2023-01-27,P109,68.0,44.18,0
2023-01-28,P109,36.0,44.19,0
2023-01-29,P109,16.0,44.2,0
2023-01-30,P109,62.0,44.21,0
2023-01-31,P109,76.0,44.22,0
2023-02-01,P109,81.0,44.23,0
2023-02-02,P109,65.0,44.24,0
2023-02-03,P109,64.0,44.25,0
2023-02-04,P109,30.0,44.26,0
2023-02-05,P109,15.0,44.27,0
2023-02-06,P109,72.0,44.28,0
2023-02-07,P109,63.0,44.28,0
2023-02-08,P109,69.0,44.29,0
2023-02-09,P109,65.0,44.3,0
2023-02-10,P109,62.0,44.31,0
2023-02-11,P109,36.0,44.32,0
2023-02-12,P109,24.0,44.33,1
2023-02-13,P109,62.0,44.34,0
2023-02-14,P109,71.0,44.35,0
2023-02-15,P109,71.0,44.35,0
2023-02-16,P109,58.0,44.36,0
2023-02-17,P109,58.0,44.37,0
2023-02-18,P109,26.0,44.38,0
2023-02-19,P109,14.0,44.39,0
2023-02-20,P109,70.0,44.4,0
2023-02-21,P109,62.0,44.41,0
2023-02-22,P109,63.0,44.41,0
2023-02-23,P109,59.0,44.42,0
2023-02-24,P109,55.0,44.43,0
2023-02-25,P109,32.0,44.44,0
2023-02-26,P109,11.0,44.45,0
2023-02-27,P109,58.0,44.45,0
2023-02-28,P109,56.0,44.46,0
2023-03-01,P109,65.0,44.47,0
2023-03-02,P109,60.0,44.48,0
2023-03-03,P109,53.0,44.48,0
2023-03-04,P109,31.0,44.49,0
2023-03-05,P109,12.0,44.5,0
2023-03-06,P109,66.0,44.51,0
2023-03-07,P109,58.0,44.51,0
2023-03-08,P109,63.0,44.52,0
2023-03-09,P109,53.0,44.53,0
2023-03-10,P109,59.0,44.54,0
2023-03-11,P109,33.0,44.54,0
2023-03-12,P109,13.0,44.55,0
2023-03-13,P109,67.0,44.56,0
2023-03-14,P109,61.0,44.56,0
2023-03-15,P109,66.0,44.57,0
2023-03-16,P109,66.0,44.58,0
2023-03-17,P109,47.0,44.58,0
2023-03-18,P109,27.0,44.59,0
2023-03-19,P109,10.0,44.6,0
2023-03-20,P109,63.0,44.6,0
2023-03-21,P109,48.0,44.61,0
2023-03-22,P109,46.0,44.62,0
2023-03-23,P109,48.0,44.62,0
2023-03-24,P109,42.0,44.63,0
2023-03-25,P109,30.0,44.63,0
2023-03-26,P109,10.0,44.64,0
2023-03-27,P109,45.0,44.65,0
2023-03-28,P109,57.0,44.65,0
2023-03-29,P109,56.0,44.66,0
2023-03-30,P109,43.0,44.66,0
2023-03-31,P109,47.0,44.67,0
2023-04-01,P109,28.0,44.67,0
2023-04-02,P109,11.0,44.68,0
2023-04-03,P109,52.0,44.68,0
2023-04-04,P109,63.0,44.69,0
2023-04-05,P109,68.0,44.69,0
2023-04-06,P109,51.0,44.7,0
2023-04-07,P109,43.0,44.7,0
2023-04-08,P109,27.0,44.71,0
2023-04-09,P109,11.0,44.71,0
2023-04-10,P109,53.0,44.72,0
2023-04-11,P109,59.0,44.72,0
2023-04-12,P109,67.0,44.73,0
2023-04-13,P109,42.0,44.73,0
2023-04-14,P109,47.0,44.73,0
2023-04-15,P109,32.0,44.74,0
2023-04-16,P109,10.0,44.74,0
2023-04-17,P109,57.0,44.75,0
2023-04-18,P109,58.0,44.75,0
2023-04-19,P109,60.0,44.75,0
2023-04-20,P109,62.0,44.76,0
2023-04-21,P109,51.0,44.76,0
2023-04-22,P109,22.0,44.76,0
2023-04-23,P109,10.0,44.77,0
2023-04-24,P109,64.0,44.77,0
2023-04-25,P109,45.0,44.77,0
2023-04-26,P109,55.0,44.77,0
2023-04-27,P109,37.0,44.78,0
2023-04-28,P109,41.0,44.78,0
2023-04-29,P109,29.0,44.78,0
2023-04-30,P109,11.0,44.79,0
2023-05-01,P109,49.0,44.79,0
2023-05-02,P109,48.0,44.79,0
2023-05-03,P109,41.0,44.79,0
2023-05-04,P109,55.0,44.79,0
2023-05-05,P109,47.0,44.8,0
2023-05-06,P109,40.0,44.8,1
2023-05-07,P109,11.0,44.8,0
2023-05-08,P109,54.0,44.8,0
2023-05-09,P109,52.0,44.8,0
2023-05-10,P109,53.0,44.8,0
2023-05-11,P109,51.0,44.81,0
2023-05-12,P109,44.0,44.81,0
2023-05-13,P109,27.0,44.81,0
2023-05-14,P109,11.0,44.81,0
2023-05-15,P109,57.0,44.81,0
2023-05-16,P109,57.0,44.81,0
2023-05-17,P109,48.0,44.81,0
2023-05-18,P109,54.0,44.81,0
2023-05-19,P109,51.0,44.81,0
2023-05-20,P109,24.0,44.81,0
2023-05-21,P109,10.0,44.81,0
2023-05-22,P109,55.0,44.81,0
2023-05-23,P109,61.0,44.81,0
2023-05-24,P109,42.0,44.81,0
2023-05-25,P109,60.0,44.81,0
2023-05-26,P109,54.0,44.81,0
2023-05-27,P109,27.0,44.81,0
2023-05-28,P109,10.0,44.81,0
2023-05-29,P109,54.0,44.81,0
2023-05-30,P109,50.0,44.81,0
2023-05-31,P109,51.0,44.81,0
2023-06-01,P109,92.0,44.81,1
2023-06-02,P109,39.0,44.81,0
2023-06-03,P109,34.0,44.8,0
2023-06-04,P109,11.0,44.8,0
2023-06-05,P109,53.0,44.8,0
2023-06-06,P109,54.0,44.8,0
2023-06-07,P109,48.0,44.8,0
2023-06-08,P109,91.0,44.8,1
2023-06-09,P109,50.0,44.8,0
2023-06-10,P109,27.0,44.79,0
2023-06-11,P109,10.0,44.79,0
2023-06-12,P109,55.0,44.79,0
2023-06-13,P109,56.0,44.79,0
2023-06-14,P109,56.0,44.78,0
2023-06-15,P109,56.0,44.78,0
2023-06-16,P109,49.0,44.78,0
2023-06-17,P109,27.0,44.78,0
2023-06-18,P109,13.0,44.77,0
2023-06-19,P109,48.0,44.77,0
2023-06-20,P109,44.0,44.77,0
2023-06-21,P109,58.0,44.77,0
2023-06-22,P109,50.0,44.76,0
2023-06-23,P109,45.0,44.76,0
2023-06-24,P109,31.0,44.76,0
2023-06-25,P109,11.0,44.75,0
2023-06-26,P109,47.0,44.75,0
2023-06-27,P109,69.0,44.74,0
2023-06-28,P109,46.0,44.74,0
2023-06-29,P109,54.0,44.74,0
2023-06-30,P109,41.0,44.73,0
2023-07-01,P109,29.0,44.73,0
2023-07-02,P109,11.0,44.72,0
2023-07-03,P109,123.0,44.72,1
2023-07-04,P109,58.0,44.72,0
2023-07-05,P109,65.0,44.71,0
2023-07-06,P109,53.0,44.71,0
2023-07-07,P109,44.0,44.7,0
2023-07-08,P109,30.0,44.7,0
2023-07-09,P109,11.0,44.69,0
2023-07-10,P109,45.0,44.69,0
2023-07-11,P109,52.0,44.68,0
2023-07-12,P109,53.0,44.68,0
2023-07-13,P109,66.0,44.67,0
2023-07-14,P109,58.0,44.67,0
2023-07-15,P109,29.0,44.66,0
2023-07-16,P109,13.0,44.66,0
2023-07-17,P109,45.0,44.65,0
2023-07-18,P109,57.0,44.64,0
2023-07-19,P109,62.0,44.64,0
2023-07-20,P109,59.0,44.63,0
2023-07-21,P109,52.0,44.63,0
2023-07-22,P109,31.0,44.62,0
2023-07-23,P109,13.0,44.61,0
2023-07-24,P109,60.0,44.61,0
2023-07-25,P109,68.0,44.6,0
2023-07-26,P109,63.0,44.6,0
2023-07-27,P109,63.0,44.59,0
2023-07-28,P109,68.0,44.58,0
2023-07-29,P109,34.0,44.58,0
2023-07-30,P109,15.0,44.57,0
2023-07-31,P109,57.0,44.56,0
2023-08-01,P109,53.0,44.56,0
2023-08-02,P109,62.0,44.55,0
2023-08-03,P109,60.0,44.54,0
2023-08-04,P109,68.0,44.53,0
2023-08-05,P109,28.0,44.53,0
2023-08-06,P109,13.0,44.52,0
2023-08-07,P109,66.0,44.51,0
2023-08-08,P109,66.0,44.51,0
2023-08-09,P109,63.0,44.5,0
2023-08-10,P109,65.0,44.49,0
2023-08-11,P109,67.0,44.48,0
2023-08-12,P109,39.0,44.47,0
2023-08-13,P109,13.0,44.47,0
2023-08-14,P109,59.0,44.46,0
2023-08-15,P109,79.0,44.45,0
2023-08-16,P109,58.0,44.44,0
2023-08-17,P109,77.0,44.44,0
2023-08-18,P109,71.0,44.43,0
2023-08-19,P109,40.0,44.42,0
2023-08-20,P109,15.0,44.41,0
2023-08-21,P109,111.0,44.4,1
2023-08-22,P109,61.0,44.39,0
2023-08-23,P109,70.0,44.39,0
2023-08-24,P109,61.0,44.38,0
2023-08-25,P109,61.0,44.37,0
2023-08-26,P109,37.0,44.36,0
2023-08-27,P109,14.0,44.35,0
2023-08-28,P109,59.0,44.34,0
2023-08-29,P109,78.0,44.34,0
2023-08-30,P109,74.0,44.33,0
2023-08-31,P109,66.0,44.32,0
2023-09-01,P109,70.0,44.31,0
2023-09-02,P109,36.0,44.3,0
2023-09-03,P109,16.0,44.29,0
2023-09-04,P109,71.0,44.28,0
2023-09-05,P109,129.0,44.27,1
2023-09-06,P109,57.0,44.26,0
2023-09-07,P109,73.0,44.26,0
2023-09-08,P109,64.0,44.25,0
2023-09-09,P109,33.0,44.24,0
2023-09-10,P109,17.0,44.23,0
2023-09-11,P109,78.0,44.22,0
2023-09-12,P109,58.0,44.21,0
2023-09-13,P109,79.0,44.2,0
2023-09-14,P109,76.0,44.19,0
2023-09-15,P109,63.0,44.18,0
2023-09-16,P109,34.0,44.17,0
2023-09-17,P109,12.0,44.16,0
2023-09-18,P109,70.0,44.15,0
2023-09-19,P109,74.0,44.14,0
2023-09-20,P109,81.0,44.13,0
2023-09-21,P109,75.0,44.12,0
2023-09-22,P109,61.0,44.12,0
2023-09-23,P109,39.0,44.11,0
2023-09-24,P109,15.0,44.1,0
2023-09-25,P109,66.0,44.09,0
2023-09-26,P109,64.0,44.08,0
2023-09-27,P109,133.0,44.07,1
2023-09-28,P109,78.0,44.06,0
2023-09-29,P109,75.0,44.05,0
2023-09-30,P109,36.0,44.04,0
2023-10-01,P109,16.0,44.03,0
2023-10-02,P109,64.0,44.02,0
2023-10-03,P109,154.0,44.01,1
2023-10-04,P109,77.0,44.0,0
2023-10-05,P109,77.0,43.99,0
2023-10-06,P109,59.0,43.98,0
2023-10-07,P109,35.0,43.97,0
2023-10-08,P109,15.0,43.96,0
2023-10-09,P109,85.0,43.95,0
2023-10-10,P109,73.0,43.94,0
2023-10-11,P109,80.0,43.93,0
2023-10-12,P109,78.0,43.92,0
2023-10-13,P109,71.0,43.91,0
2023-10-14,P109,41.0,43.9,0
2023-10-15,P109,14.0,43.89,0
2023-10-16,P109,72.0,43.88,0
2023-10-17,P109,93.0,43.87,0
2023-10-18,P109,93.0,43.86,0
2023-10-19,P109,84.0,43.85,0
2023-10-20,P109,83.0,43.84,0
2023-10-21,P109,32.0,43.83,0
2023-10-22,P109,15.0,43.82,0
2023-10-23,P109,76.0,43.81,0
2023-10-24,P109,103.0,43.8,0
2023-10-25,P109,77.0,43.79,0
2023-10-26,P109,85.0,43.79,0
2023-10-27,p109 ,78.0,43.78,0
2023-10-28,P109,43.0,43.77,0
2023-10-29,P109,16.0,43.76,0
2023-10-30,P109,69.0,43.75,0
2023-10-31,P109,58.0,43.74,0
2023-11-01,P109,92.0,43.73,0
2023-11-02,P109,73.0,43.72,0
2023-11-03,P109,60.0,43.71,0
2023-11-04,P109,43.0,43.7,0
2023-11-05,P109,17.0,43.69,0
2023-11-06,P109,86.0,43.68,0
2023-11-07,P109,93.0,43.67,0
2023-11-08,P109,73.0,43.66,0
2023-11-09,P109,72.0,43.65,0
2023-11-10,P109,73.0,43.64,0
2023-11-11,P109,45.0,43.63,0
2023-11-12,P109,13.0,43.63,0
2023-11-13,P109,81.0,43.62,0
2023-11-14,P109,92.0,43.61,0
2023-11-15,P109,90.0,43.6,0
2023-11-16,P109,86.0,43.59,0
2023-11-17,P109,85.0,43.58,0
2023-11-18,P109,44.0,43.57,1
2023-11-19,P109,20.0,43.56,0
2023-11-20,P109,83.0,43.55,0
2023-11-21,P109,95.0,43.54,0
2023-11-22,P109,71.0,43.54,0
2023-11-23,P109,64.0,43.53,0
2023-11-24,P109,91.0,43.52,0
2023-11-25,P109,37.0,43.51,0
2023-11-26,P109,16.0,43.5,0
2023-11-27,P109,85.0,43.49,0
2023-11-28,P109,90.0,43.48,0
2023-11-29,P109,91.0,43.48,0
2023-11-30,P109,81.0,43.47,0
2023-12-01,P109,67.0,43.46,0
2023-12-02,P109,45.0,43.45,0
2023-12-03,P109,18.0,43.44,0
2023-12-04,P109,64.0,43.44,0
2023-12-05,P109,96.0,43.43,0
2023-12-06,P109,59.0,43.42,0
2023-12-07,P109,88.0,43.41,0
2023-12-08,P109,70.0,43.4,0
2023-12-09,P109,45.0,43.4,0
2023-12-10,P109,17.0,43.39,0
2023-12-11,P109,79.0,43.38,0
2023-12-12,P109,87.0,43.37,0
2023-12-13,P109,80.0,43.37,0
2023-12-14,P109,85.0,43.36,0
2023-12-15,P109,93.0,43.35,0
2023-12-16,P109,35.0,43.34,0
2023-12-17,P109,11.0,43.34,0
2023-12-18,P109,75.0,43.33,0
2023-12-19,P109,77.0,43.32,0
2023-12-20,P109,77.0,43.32,0
2023-12-21,P109,70.0,43.31,0
2023-12-22,P109,81.0,43.3,0
2023-12-23,P109,34.0,43.29,0
2023-12-24,P109,17.0,43.29,0
2023-12-25,P109,84.0,43.28,0
2023-12-26,P109,84.0,43.27,0
2023-12-27,P109,84.0,43.27,0
2023-12-28,P109,85.0,43.26,0
2023-12-29,P109,74.0,43.26,0
2023-12-30,P109,39.0,43.25,0
2023-12-31,P109,17.0,43.24,0
2024-01-01,P109,82.0,43.24,0
2024-01-02,P109,88.0,43.23,0
2024-01-03,P109,64.0,43.23,0
2024-01-04,P109,74.0,43.22,0
2024-01-05,P109,64.0,43.21,0
2024-01-06,P109,42.0,43.21,0
2024-01-07,P109,17.0,43.2,0
2024-01-08,P109,74.0,43.2,0
2024-01-09,P109,72.0,43.19,0
2024-01-10,P109,82.0,43.19,0
2024-01-11,P109,74.0,43.18,0
2024-01-12,P109,82.0,43.18,0
2024-01-13,P109,47.0,43.17,0
2024-01-14,P109,17.0,43.17,0
2024-01-15,P109,77.0,43.16,0
2024-01-16,P109,93.0,43.16,0
2024-01-17,P109,78.0,43.15,0
2024-01-18,P109,70.0,43.15,0
2024-01-19,P109,65.0,43.14,0
2024-01-20,P109,35.0,43.14,0
2024-01-21,P109,15.0,43.14,0
2024-01-22,P109,77.0,43.13,0
2024-01-23,P109,64.0,43.13,0
2024-01-24,P109,71.0,43.12,0
2024-01-25,P109,74.0,43.12,0
2024-01-26,P109,74.0,43.12,0
2024-01-27,P109,38.0,43.11,0
2024-01-28,P109,15.0,43.11,0
2024-01-29,P109,62.0,43.11,0
2024-01-30,P109,67.0,43.1,0
2024-01-31,P109,73.0,43.1,0
2024-02-01,P109,75.0,43.1,0
2024-02-02,P109,69.0,43.09,0
2024-02-03,P109,33.0,43.09,0
2024-02-04,P109,14.0,43.09,0
2024-02-05,P109,82.0,43.09,0
2024-02-06,P109,78.0,43.08,0
2024-02-07,P109,70.0,43.08,0
2024-02-08,P109,62.0,43.08,0
2024-02-09,P109,61.0,43.08,0
2024-02-10,P109,36.0,43.07,0
2024-02-11,P109,15.0,43.07,0
2024-02-12,P109,73.0,43.07,0
2024-02-13,P109,75.0,43.07,0
2024-02-14,P109,67.0,43.07,0
2024-02-15,P109,64.0,43.07,0
2024-02-16,P109,79.0,43.06,0
2024-02-17,P109,33.0,43.06,0
2024-02-18,P109,12.0,43.06,0
2024-02-19,P109,95.0,43.06,1
2024-02-20,P109,67.0,43.06,0
2024-02-21,P109,76.0,43.06,0
2024-02-22,P109,62.0,43.06,0
2024-02-23,P109,73.0,43.06,0
2024-02-24,P109,35.0,43.06,0
2024-02-25,P109,15.0,43.06,0
2024-02-26,P109,61.0,43.06,0
2024-02-27,P109,63.0,43.06,0
2024-02-28,P109,68.0,43.05,0
2024-02-29,P109,68.0,43.05,0
2024-03-01,P109,60.0,43.05,0
2024-03-02,P109,35.0,43.06,0
2024-03-03,P109,14.0,43.06,0
2024-03-04,P109,55.0,43.06,0
2024-03-05,P109,64.0,43.06,0
2024-03-06,P109,62.0,43.06,0
2024-03-07,P109,60.0,43.06,0
2024-03-08,P109,63.0,43.06,0
2024-03-09,P109,31.0,43.06,0
2024-03-10,P109,20.0,43.06,1
2024-03-11,P109,62.0,43.06,0
2024-03-12,P109,58.0,43.06,0
2024-03-13,P109,68.0,43.06,0
2024-03-14,P109,68.0,43.07,0
2024-03-15,P109,45.0,43.07,0
2024-03-16,P109,30.0,43.07,0
2024-03-17,P109,25.0,43.07,1
2024-03-18,P109,52.0,43.07,0
2024-03-19,P109,70.0,43.07,0
2024-03-20,P109,70.0,43.08,0
2024-03-21,P109,60.0,43.08,0
2024-03-22,P109,53.0,43.08,0
2024-03-23,P109,24.0,43.08,0
2024-03-24,P109,14.0,43.09,0
2024-03-25,P109,74.0,43.09,0
2024-03-26,P109,75.0,43.09,0
2024-03-27,P109,60.0,43.09,0
2024-03-28,P109,52.0,43.1,0
2024-03-29,P109,62.0,43.1,0
2024-03-30,P109,31.0,43.1,0
2024-03-31,P109,13.0,43.11,0
2024-04-01,P109,61.0,43.11,0
2024-04-02,P109,62.0,43.11,0
2024-04-03,P109,67.0,43.12,0
2024-04-04,P109,65.0,43.12,0
2024-04-05,P109,52.0,43.12,0
2024-04-06,P109,27.0,43.13,0
2024-04-07,P109,9.0,43.13,0
2024-04-08,P109,56.0,43.14,0
2024-04-09,P109,53.0,43.14,0
2024-04-10,P109,62.0,43.14,0
2024-04-11,P109,55.0,43.15,0
2024-04-12,P109,53.0,43.15,0
2024-04-13,P109,33.0,43.16,0
2024-04-14,P109,13.0,43.16,0
2024-04-15,P109,57.0,43.17,0
2024-04-16,P109,71.0,43.17,0
2024-04-17,P109,63.0,43.18,0
2024-04-18,P109,54.0,43.18,0
2024-04-19,P109,52.0,43.19,0
2024-04-20,P109,32.0,43.19,0
2024-04-21,P109,12.0,43.2,0
2024-04-22,P109,50.0,43.2,0
2024-04-23,P109,65.0,43.21,0
2024-04-24,P109,66.0,43.21,0
2024-04-25,P109,63.0,43.22,0
2024-04-26,P109,63.0,43.22,0
2024-04-27,P109,36.0,43.23,0
2024-04-28,P109,14.0,43.24,0
2024-04-29,P109,59.0,43.24,0
2024-04-30,P109,57.0,43.25,0
2024-05-01,P109,46.0,43.25,0
2024-05-02,P109,56.0,43.26,0
2024-05-03,P109,56.0,43.27,0
2024-05-04,P109,29.0,43.27,0
2024-05-05,P109,9.0,43.28,0
2024-05-06,P109,54.0,43.29,0
2024-05-07,P109,62.0,43.29,0
2024-05-08,P109,51.0,43.3,0
2024-05-09,P109,57.0,43.31,0
2024-05-10,P109,55.0,43.31,0
2024-05-11,P109,33.0,43.32,0
2024-05-12,P109,14.0,43.33,0
2024-05-13,P109,54.0,43.33,0
2024-05-14,P109,59.0,43.34,0
2024-05-15,P109,58.0,43.35,0
2024-05-16,P109,59.0,43.36,0
2024-05-17,P109,56.0,43.36,0
2024-05-18,P109,34.0,43.37,0
2024-05-19,P109,9.0,43.38,0
2024-05-20,P109,59.0,43.39,0
2024-05-21,P109,61.0,43.39,0
2024-05-22,P109,56.0,43.4,0
2024-05-23,P109,42.0,43.41,0
2024-05-24,P109,53.0,43.42,0
2024-05-25,P109,27.0,43.43,0
2024-05-26,P109,14.0,43.43,0
2024-05-27,P109,59.0,43.44,0
2024-05-28,P109,53.0,43.45,0
2024-05-29,P109,45.0,43.46,0
2024-05-30,P109,60.0,43.47,0
2024-05-31,P109,58.0,43.47,0
2024-06-01,P109,29.0,43.48,0
2024-06-02,P109,13.0,43.49,0
2024-06-03,P109,55.0,43.5,0
2024-06-04,P109,66.0,43.51,0
2024-06-05,P109,65.0,43.52,0
2024-06-06,P109,46.0,43.53,0
2024-06-07,P109,46.0,43.53,0
2024-06-08,P109,36.0,43.54,0
2024-06-09,P109,13.0,43.55,0
2024-06-10,P109,50.0,43.56,0
2024-06-11,P109,94.0,43.57,1
2024-06-12,P109,60.0,43.58,0
2024-06-13,P109,50.0,43.59,0
2024-06-14,P109,53.0,43.6,0
2024-06-15,P109,30.0,43.61,0
2024-06-16,P109,12.0,43.61,0
2024-06-17,P109,66.0,43.62,0
2024-06-18,P109,73.0,43.63,0
2024-06-19,P109,57.0,43.64,0
2024-06-20,P109,51.0,43.65,0
2024-06-21,P109,58.0,43.66,0
2024-06-22,P109,36.0,43.67,0
2024-06-23,P109,12.0,43.68,0
2024-06-24,P109,65.0,43.69,0
2024-06-25,P109,56.0,43.7,0
2024-06-26,P109,61.0,43.71,0
2024-06-27,P109,52.0,43.72,0
2024-06-28,P109,57.0,43.73,0
2024-06-29,P109,31.0,43.74,0
2024-06-30,P109,21.0,43.74,1
2024-07-01,P109,73.0,43.75,0
2024-07-02,P109,61.0,43.76,0
2024-07-03,P109,49.0,43.77,0
2024-07-04,P109,59.0,43.78,0
2024-07-05,P109,60.0,43.79,0
2024-07-06,P109,33.0,43.8,0
2024-07-07,P109,13.0,43.81,0
2024-07-08,P109,72.0,43.82,0
2024-07-09,P109,66.0,43.83,0
2024-07-10,P109,63.0,43.84,0
2024-07-11,P109,57.0,43.85,0
2024-07-12,P109,48.0,43.86,0
2024-07-13,P109,34.0,43.87,0
2024-07-14,P109,14.0,43.88,0
2024-07-15,P109,56.0,43.89,0
2024-07-16,P109,66.0,43.9,0
2024-07-17,P109,64.0,43.91,0
2024-07-18,P109,59.0,43.92,0
2024-07-19,P109,56.0,43.93,0
2024-07-20,P109,35.0,43.94,0
2024-07-21,P109,13.0,43.95,0
2024-07-22,P109,61.0,43.96,0
2024-07-23,P109,62.0,43.97,0
2024-07-24,P109,66.0,43.98,0
2024-07-25,P109,72.0,43.99,0
2024-07-26,P109,64.0,44.0,0
2024-07-27,P109,34.0,44.01,0
2024-07-28,P109,14.0,44.02,0
2024-07-29,P109,77.0,44.03,0
2024-07-30,P109,74.0,44.04,0
2024-07-31,P109,71.0,44.05,0
2024-08-01,P109,72.0,44.06,0
2024-08-02,P109,63.0,44.06,0
2024-08-03,P109,36.0,44.07,0
2024-08-04,P109,13.0,44.08,0
2024-08-05,P109,57.0,44.09,0
2024-08-06,P109,74.0,44.1,0
2024-08-07,P109,73.0,44.11,0
2024-08-08,P109,67.0,44.12,0
2024-08-09,P109,73.0,44.13,0
2024-08-10,P109,34.0,44.14,0
2024-08-11,P109,12.0,44.15,0
2024-08-12,P109,65.0,44.16,0
2024-08-13,P109,61.0,44.17,0
2024-08-14,P109,75.0,44.18,0
2024-08-15,P109,65.0,44.19,0
2024-08-16,P109,75.0,44.2,0
2024-08-17,P109,41.0,44.21,0
2024-08-18,P109,13.0,44.22,0
2024-08-19,P109,66.0,44.23,0
2024-08-20,P109,80.0,44.23,0
2024-08-21,P109,82.0,44.24,0
2024-08-22,P109,57.0,44.25,0
2024-08-23,P109,72.0,44.26,0
2024-08-24,P109,29.0,44.27,0
2024-08-25,P109,14.0,44.28,0
2024-08-26,P109,83.0,44.29,0
2024-08-27,P109,103.0,44.3,0
2024-08-28,P109,74.0,44.31,0
2024-08-29,P109,64.0,44.32,0
2024-08-30,P109,67.0,44.32,0
2024-08-31,P109,40.0,44.33,0
2024-09-01,P109,15.0,44.34,0
2024-09-02,P109,68.0,44.35,0
2024-09-03,P109,76.0,44.36,0
2024-09-04,P109,82.0,44.37,0
2024-09-05,P109,75.0,44.38,0
2024-09-06,P109,66.0,44.38,0
2024-09-07,P109,37.0,44.39,0
2024-09-08,P109,15.0,44.4,0
2024-09-09,P109,69.0,44.41,0
2024-09-10,P109,75.0,44.42,0
2024-09-11,P109,86.0,44.43,0
2024-09-12,P109,76.0,44.43,0
2024-09-13,P109,60.0,44.44,0
2024-09-14,P109,46.0,44.45,0
2024-09-15,P109,17.0,44.46,0
2024-09-16,P109,68.0,44.47,0
2024-09-17,P109,80.0,44.47,0
2024-09-18,P109,75.0,44.48,0
2024-09-19,P109,86.0,44.49,0
2024-09-20,P109,73.0,44.5,0
2024-09-21,P109,42.0,44.5,0
2024-09-22,P109,16.0,44.51,0
2024-09-23,P109,68.0,44.52,0
2024-09-24,P109,98.0,44.53,0
2024-09-25,P109,89.0,44.53,0
2024-09-26,P109,74.0,44.54,0
2024-09-27,P109,79.0,44.55,0
2024-09-28,P109,47.0,44.55,0
2024-09-29,P109,17.0,44.56,0
2024-09-30,P109,97.0,44.57,0
2024-10-01,P109,114.0,44.57,0
2024-10-02,P109,84.0,44.58,0
2024-10-03,P109,77.0,44.59,0
2024-10-04,P109,70.0,44.59,0
2024-10-05,P109,64.0,44.6,1
2024-10-06,P109,20.0,44.61,0
2024-10-07,P109,81.0,44.61,0
2024-10-08,P109,96.0,44.62,0
2024-10-09,P109,96.0,44.62,0
2024-10-10,P109,74.0,44.63,0
2024-10-11,P109,72.0,44.64,0
2024-10-12,P109,53.0,44.64,0
2024-10-13,P109,18.0,44.65,0
2024-10-14,P109,79.0,44.65,0
2024-10-15,P109,78.0,44.66,0
2024-10-16,P109,86.0,44.66,0
2024-10-17,P109,99.0,44.67,0
2024-10-18,P109,87.0,44.68,0
2024-10-19,P109,46.0,44.68,0
2024-10-20,P109,21.0,44.69,0
2024-10-21,P109,99.0,44.69,0
2024-10-22,P109,93.0,44.7,0
2024-10-23,P109,115.0,44.7,0
2024-10-24,P109,83.0,44.71,0
2024-10-25,P109,92.0,44.71,0
2024-10-26,P109,43.0,44.71,0
2024-10-27,P109,20.0,44.72,0
2024-10-28,P109,85.0,44.72,0
2024-10-29,P109,95.0,44.73,0
2024-10-30,P109,112.0,44.73,0
2024-10-31,P109,96.0,44.74,0
2024-11-01,P109,168.0,44.74,1
2024-11-02,P109,42.0,44.74,0
2024-11-03,P109,19.0,44.75,0
2024-11-04,P109,78.0,44.75,0
2024-11-05,P109,100.0,44.75,0
2024-11-06,P109,98.0,44.76,0
2024-11-07,P109,85.0,44.76,0
2024-11-08,P109,98.0,44.76,0
2024-11-09,P109,53.0,44.77,0
2024-11-10,P109,19.0,44.77,0
2024-11-11,P109,94.0,44.77,0
2024-11-12,P109,86.0,44.78,0
2024-11-13,P109,87.0,44.78,0
2024-11-14,P109,77.0,44.78,0
2024-11-15,P109,79.0,44.78,0
2024-11-16,P109,45.0,44.79,0
2024-11-17,P109,15.0,44.79,0
2024-11-18,P109,94.0,44.79,0
2024-11-19,P109,102.0,44.79,0
2024-11-20,P109,90.0,44.79,0
2024-11-21,P109,61.0,44.8,0
2024-11-22,P109,81.0,44.8,0
2024-11-23,P109,39.0,44.8,0
2024-11-24,P109,17.0,44.8,0
2024-11-25,P109,102.0,44.8,0
2024-11-26,P109,67.0,44.8,0
2024-11-27,P109,82.0,44.81,0
2024-11-28,P109,95.0,44.81,0
2024-11-29,P109,77.0,44.81,0
2024-11-30,P109,42.0,44.81,0
2024-12-01,P109,22.0,44.81,0
2024-12-02,P109,195.0,44.81,1
2024-12-03,P109,101.0,44.81,0
2024-12-04,P109,94.0,44.81,0
2024-12-05,P109,89.0,44.81,0
2024-12-06,P109,200.0,44.81,1
2024-12-07,P109,55.0,44.81,0
2024-12-08,P109,15.0,44.81,0
2024-12-09,P109,87.0,44.81,0
2024-12-10,P109,90.0,44.81,0
2024-12-11,P109,85.0,44.81,0
2024-12-12,P109,96.0,44.81,0
2024-12-13,P109,85.0,44.81,0
2024-12-14,P109,55.0,44.81,0
2024-12-15,P109,20.0,44.81,0
2024-12-16,P109,100.0,44.81,0
2024-12-17,P109,78.0,44.81,0
2024-12-18,P109,80.0,44.81,0
2024-12-19,P109,79.0,44.81,0
2024-12-20,P109,93.0,44.8,0
2024-12-21,P109,40.0,44.8,0
2024-12-22,P109,16.0,44.8,0
2024-12-23,P109,118.0,44.8,1
2024-12-24,P109,116.0,44.8,0
2024-12-25,P109,86.0,44.8,0
2024-12-26,P109,90.0,44.79,0
2024-12-27,P109,71.0,44.79,0
2024-12-28,P109,49.0,44.79,0
2024-12-29,P109,14.0,44.79,0
2024-12-30,P109,76.0,44.79,0
2024-12-31,P109,81.0,44.78,0
2025-01-01,P109,89.0,44.78,0
2025-01-02,P109,155.0,44.78,1
2025-01-03,P109,93.0,44.78,0
2025-01-04,P109,46.0,44.77,0
2025-01-05,P109,16.0,44.77,0
2025-01-06,P109,93.0,44.77,0
2025-01-07,P109,83.0,44.76,0
2025-01-08,P109,80.0,44.76,0
2025-01-09,P109,91.0,44.76,0
2025-01-10,P109,57.0,44.75,0
2025-01-11,P109,47.0,44.75,0
2025-01-12,P109,16.0,44.75,0
2025-01-13,P109,76.0,44.74,0
2025-01-14,P109,104.0,44.74,0
2025-01-15,P109,79.0,44.73,0
2025-01-16,P109,90.0,44.73,0
2025-01-17,P109,80.0,44.73,0
2025-01-18,P109,44.0,44.72,0
2025-01-19,P109,16.0,44.72,0
2025-01-20,P109,79.0,44.71,0
2025-01-21,P109,98.0,44.71,0
2025-01-22,P109,91.0,44.7,0
2025-01-23,P109,76.0,44.7,0
2025-01-24,P109,67.0,44.69,0
2025-01-25,P109,39.0,44.69,0
2025-01-26,P109,18.0,44.68,0
2025-01-27,P109,90.0,44.68,0
2025-01-28,P109,88.0,44.67,0
2025-01-29,P109,66.0,44.67,0
2025-01-30,P109,85.0,44.66,0
2025-01-31,P109,85.0,44.66,0
2025-02-01,P109,42.0,44.65,0
2025-02-02,P109,20.0,44.65,0
2025-02-03,P109,67.0,44.64,0
2025-02-04,P109,87.0,44.64,0
2025-02-05,P109,138.0,44.63,1
2025-02-06,P109,86.0,44.62,0
2025-02-07,P109,78.0,44.62,0
2025-02-08,P109,48.0,44.61,0
2025-02-09,P109,17.0,44.6,0
2025-02-10,P109,73.0,44.6,0
2025-02-11,P109,152.0,44.59,1
2025-02-12,P109,75.0,44.59,0
2025-02-13,P109,71.0,44.58,0
2025-02-14,P109,82.0,44.57,0
2025-02-15,P109,45.0,44.57,0
2025-02-16,P109,13.0,44.56,0
2025-02-17,P109,75.0,44.55,0
2025-02-18,P109,78.0,44.54,0
2025-02-19,P109,69.0,44.54,0
2025-02-20,p109 ,77.0,44.53,0
2025-02-21,P109,81.0,44.52,0
2025-02-22,P109,42.0,44.52,0
2025-02-23,P109,18.0,44.51,0
2025-02-24,P109,67.0,44.5,0
2025-02-25,P109,76.0,44.49,0
2025-02-26,P109,68.0,44.49,0
2025-02-27,P109,74.0,44.48,0
2025-02-28,P109,71.0,44.47,0
2025-03-01,P109,41.0,44.46,0
2025-03-02,P109,17.0,44.46,0
2025-03-03,P109,77.0,44.45,0
2025-03-04,P109,67.0,44.44,0
2025-03-05,P109,62.0,44.43,0
2025-03-06,P109,122.0,44.42,1
2025-03-07,P109,78.0,44.42,0
2025-03-08,P109,36.0,44.41,0
2025-03-09,P109,12.0,44.4,0
2025-03-10,P109,86.0,44.39,0
2025-03-11,P109,76.0,44.38,0
2025-03-12,P109,72.0,44.37,0
2025-03-13,P109,60.0,44.37,0
2025-03-14,P109,65.0,44.36,0
2025-03-15,P109,38.0,44.35,0
2025-03-16,P109,15.0,44.34,0
2025-03-17,P109,63.0,44.33,0
2025-03-18,P109,70.0,44.32,0
2025-03-19,P109,65.0,44.31,0
2025-03-20,P109,80.0,44.3,0
2025-03-21,P109,70.0,44.3,0
2025-03-22,P109,33.0,44.29,0
2025-03-23,P109,12.0,44.28,0
2025-03-24,P109,69.0,44.27,0
2025-03-25,P109,66.0,44.26,0
2025-03-26,P109,65.0,44.25,0
2025-03-27,P109,58.0,44.24,0
2025-03-28,P109,56.0,44.23,0
2025-03-29,P109,35.0,44.22,0
2025-03-30,P109,13.0,44.21,0
2025-03-31,P109,84.0,44.2,0
2025-04-01,P109,73.0,44.2,0
2025-04-02,P109,58.0,44.19,0
2025-04-03,P109,54.0,44.18,0
2025-04-04,P109,64.0,44.17,0
2025-04-05,P109,32.0,44.16,0
2025-04-06,P109,15.0,44.15,0
2025-04-07,P109,67.0,44.14,0
2025-04-08,P109,89.0,44.13,1
2025-04-09,P109,58.0,44.12,0
2025-04-10,P109,59.0,44.11,0
2025-04-11,P109,63.0,44.1,0
2025-04-12,P109,29.0,44.09,0
2025-04-13,P109,13.0,44.08,0
2025-04-14,P109,54.0,44.07,0
2025-04-15,P109,66.0,44.06,0
2025-04-16,P109,67.0,44.05,0
2025-04-17,P109,73.0,44.04,0
2025-04-18,P109,61.0,44.03,0
2025-04-19,P109,30.0,44.02,0
2025-04-20,P109,15.0,44.01,0
2025-04-21,P109,96.0,44.0,1
2025-04-22,P109,71.0,43.99,0
2025-04-23,P109,108.0,43.98,1
2025-04-24,P109,63.0,43.97,0
2025-04-25,P109,54.0,43.97,0
2025-04-26,P109,34.0,43.96,0
2025-04-27,P109,14.0,43.95,0
2025-04-28,P109,59.0,43.94,0
2025-04-29,P109,61.0,43.93,0
2025-04-30,P109,66.0,43.92,0
2025-05-01,P109,56.0,43.91,0
2025-05-02,P109,49.0,43.9,0
2025-05-03,P109,33.0,43.89,0
2025-05-04,P109,13.0,43.88,0
2025-05-05,P109,61.0,43.87,0
2025-05-06,P109,68.0,43.86,0
2025-05-07,P109,68.0,43.85,0
2025-05-08,P109,60.0,43.84,0
2025-05-09,P109,99.0,43.83,1
2025-05-10,P109,30.0,43.82,0
2025-05-11,P109,14.0,43.81,0
2025-05-12,P109,63.0,43.8,0
2025-05-13,P109,60.0,43.79,0
2025-05-14,P109,57.0,43.78,0
2025-05-15,P109,65.0,43.77,0
2025-05-16,P109,57.0,43.76,0
2025-05-17,P109,58.0,43.75,1
2025-05-18,P109,14.0,43.74,0
2025-05-19,P109,60.0,43.73,0
2025-05-20,P109,71.0,43.72,0
2025-05-21,P109,64.0,43.71,0
2025-05-22,P109,63.0,43.7,0
2025-05-23,P109,44.0,43.69,0
2025-05-24,P109,29.0,43.69,0
2025-05-25,P109,12.0,43.68,0
2025-05-26,P109,60.0,43.67,0
2025-05-27,P109,65.0,43.66,0
2025-05-28,P109,111.0,43.65,1
2025-05-29,P109,63.0,43.64,0
2025-05-30,P109,,43.63,0
2025-05-31,P109,35.0,43.62,0
2025-06-01,P109,16.0,43.61,0
2025-06-02,P109,60.0,43.6,0
2025-06-03,P109,95.0,43.59,1
2025-06-04,P109,129.0,43.58,1
2025-06-05,P109,63.0,43.58,0
2025-06-06,P109,56.0,43.57,0
2025-06-07,P109,26.0,43.56,0
2025-06-08,P109,11.0,43.55,0
2025-06-09,P109,70.0,43.54,0
2025-06-10,P109,75.0,43.53,0
2025-06-11,P109,76.0,43.52,0
2025-06-12,P109,113.0,43.51,1
2025-06-13,P109,54.0,43.51,0
2025-06-14,P109,32.0,43.5,0
2025-06-15,P109,11.0,43.49,0
2025-06-16,P109,53.0,43.48,0
2025-06-17,P109,69.0,43.47,0
2025-06-18,P109,69.0,43.46,0
2025-06-19,P109,-78.0,43.46,0
2025-06-20,P109,60.0,43.45,0
2025-06-21,P109,29.0,43.44,0
2025-06-22,P109,13.0,43.43,0
2025-06-23,P109,63.0,43.42,0
2025-06-24,P109,107.0,43.42,1
2025-06-25,P109,69.0,43.41,0
2025-06-26,P109,56.0,43.4,0
2025-06-27,P109,63.0,43.39,0
2025-06-28,P109,37.0,43.38,0
2025-06-29,P109,16.0,43.38,0
2025-06-30,P109,69.0,43.37,0
2025-07-01,P109,77.0,43.36,0
2025-07-02,P109,65.0,43.35,0
2025-07-03,P109,64.0,43.35,0
2025-07-04,P109,73.0,43.34,0
2025-07-05,P109,30.0,43.33,0
2025-07-06,P109,13.0,43.33,0
2025-07-07,P109,76.0,43.32,0
2025-07-08,P109,69.0,43.31,0
2025-07-09,P109,68.0,43.3,0
2025-07-10,P109,66.0,43.3,0
2025-07-11,P109,66.0,43.29,0
2025-07-12,P109,40.0,43.28,0
2025-07-13,P109,16.0,43.28,0
2025-07-14,P109,70.0,43.27,0
2025-07-15,P109,81.0,43.27,0
2025-07-16,P109,74.0,43.26,0
2025-07-17,P109,76.0,43.25,0
2025-07-18,P109,59.0,43.25,0
2025-07-19,P109,44.0,43.24,0
2025-07-20,P109,15.0,43.23,0
2025-07-21,P109,50.0,43.23,0
2025-07-22,P109,184.0,43.22,1
2025-07-23,P109,73.0,43.22,0
2025-07-24,P109,68.0,43.21,0
2025-07-25,P109,64.0,43.21,0
2025-07-26,P109,40.0,43.2,0
2025-07-27,P109,14.0,43.2,0
2025-07-28,P109,69.0,43.19,0
2025-07-29,P109,72.0,43.18,0
2025-07-30,P109,73.0,43.18,0
2025-07-31,P109,69.0,43.17,0
2025-08-01,P109,77.0,43.17,0
2025-08-02,P109,40.0,43.17,0
2025-08-03,P109,32.0,43.16,1
2025-08-04,P109,80.0,43.16,0
2025-08-05,P109,78.0,43.15,0
2025-08-06,P109,69.0,43.15,0
2025-08-07,P109,90.0,43.14,0
2025-08-08,P109,79.0,43.14,0
2025-08-09,P109,47.0,43.13,0
2025-08-10,P109,18.0,43.13,0
2025-08-11,P109,73.0,43.13,0
2025-08-12,P109,60.0,43.12,0
2025-08-13,P109,69.0,43.12,0
2025-08-14,P109,83.0,43.12,0
2025-08-15,P109,73.0,43.11,0
2025-08-16,P109,39.0,43.11,0
2025-08-17,P109,12.0,43.11,0
2025-08-18,P109,79.0,43.1,0
2025-08-19,P109,73.0,43.1,0
2025-08-20,P109,75.0,43.1,0
2025-08-21,P109,87.0,43.09,0
2025-08-22,P109,67.0,43.09,0
2025-08-23,P109,38.0,43.09,0
2025-08-24,P109,17.0,43.08,0
2025-08-25,P109,89.0,43.08,0
2025-08-26,P109,81.0,43.08,0
2025-08-27,P109,97.0,43.08,0
2025-08-28,P109,70.0,43.08,0
2025-08-29,P109,65.0,43.07,0
2025-08-30,P109,36.0,43.07,0
2025-08-31,P109,14.0,43.07,0
2025-09-01,P109,86.0,43.07,0
2025-09-02,P109,77.0,43.07,0
2025-09-03,P109,72.0,43.06,0
2025-09-04,P109,87.0,43.06,0
2025-09-05,P109,87.0,43.06,0
2025-09-06,P109,49.0,43.06,0
2025-09-07,P109,19.0,43.06,0
2025-09-08,P109,77.0,43.06,0
2025-09-09,P109,91.0,43.06,0
2025-09-10,P109,92.0,43.06,0
2025-09-11,P109,81.0,43.06,0
2025-09-12,P109,83.0,43.06,0
2025-09-13,P109,39.0,43.06,0
2025-09-14,P109,17.0,43.06,0
2025-09-15,P109,91.0,43.06,0
2025-09-16,P109,106.0,43.05,0
2025-09-17,P109,101.0,43.05,0
2025-09-18,P109,93.0,43.05,0
2025-09-19,P109,84.0,43.06,0
2025-09-20,P109,46.0,43.06,0
2025-09-21,P109,15.0,43.06,0
2025-09-22,P109,81.0,43.06,0
2025-09-23,P109,84.0,43.06,0
2025-09-24,P109,97.0,43.06,0
2025-09-25,P109,98.0,43.06,0
2025-09-26,P109,92.0,43.06,0
2025-09-27,P109,53.0,43.06,0
2025-09-28,P109,19.0,43.06,0
2025-09-29,P109,81.0,43.06,0
2025-09-30,P109,94.0,43.06,0
2025-10-01,P109,85.0,43.07,0
2025-10-02,P109,168.0,43.07,1
2025-10-03,P109,83.0,43.07,0
2025-10-04,P109,47.0,43.07,0
2025-10-05,P109,21.0,43.07,0
2025-10-06,P109,85.0,43.08,0
2025-10-07,P109,106.0,43.08,0
2025-10-08,P109,80.0,43.08,0
2025-10-09,P109,95.0,43.08,0
2025-10-10,P109,87.0,43.08,0
2025-10-11,P109,53.0,43.09,0
2025-10-12,P109,16.0,43.09,0
2025-10-13,P109,78.0,43.09,0
2025-10-14,P109,105.0,43.1,0
2025-10-15,P109,91.0,43.1,0
2025-10-16,P109,92.0,43.1,0
2025-10-17,P109,82.0,43.1,0
2025-10-18,P109,54.0,43.11,0
2025-10-19,P109,20.0,43.11,0
2025-10-20,P109,97.0,43.11,0
2025-10-21,P109,86.0,43.12,0
2025-10-22,P109,102.0,43.12,0
2025-10-23,P109,84.0,43.13,0
2025-10-24,P109,83.0,43.13,0
2025-10-25,P109,42.0,43.13,0
2025-10-26,P109,19.0,43.14,0
2025-10-27,P109,107.0,43.14,0
2025-10-28,P109,102.0,43.15,0
2025-10-29,P109,93.0,43.15,0
2025-10-30,P109,96.0,43.16,0
2025-10-31,P109,92.0,43.16,0
2025-11-01,P109,50.0,43.16,0
2025-11-02,P109,20.0,43.17,0
2025-11-03,P109,85.0,43.17,0
2025-11-04,P109,101.0,43.18,0
2025-11-05,P109,79.0,43.18,0
2025-11-06,P109,102.0,43.19,0
2025-11-07,P109,80.0,43.19,0
2025-11-08,P109,57.0,43.2,0
2025-11-09,P109,15.0,43.21,0
2025-11-10,P109,115.0,43.21,0
2025-11-11,P109,82.0,43.22,0
2025-11-12,P109,133.0,43.22,1
2025-11-13,P109,99.0,43.23,0
2025-11-14,P109,98.0,43.23,0
2025-11-15,P109,49.0,43.24,0
2025-11-16,P109,22.0,43.25,0
2025-11-17,P109,89.0,43.25,0
2025-11-18,P109,96.0,43.26,0
2025-11-19,P109,96.0,43.26,0
2025-11-20,P109,90.0,43.27,0
2025-11-21,P109,72.0,43.28,0
2025-11-22,P109,50.0,43.28,0
2025-11-23,P109,20.0,43.29,0
2025-11-24,P109,109.0,43.3,0
2025-11-25,P109,86.0,43.3,0
2025-11-26,P109,-92.0,43.31,0
2025-11-27,P109,109.0,43.32,0
2025-11-28,P109,94.0,43.32,0
2025-11-29,P109,53.0,43.33,0
2025-11-30,P109,21.0,43.34,0
2025-12-01,P109,102.0,43.35,0
2025-12-02,P109,121.0,43.35,0
2025-12-03,P109,100.0,43.36,0
2025-12-04,P109,85.0,43.37,0
2025-12-05,P109,98.0,43.38,0
2025-12-06,P109,47.0,43.38,0
2025-12-07,P109,20.0,43.39,0
2025-12-08,P109,100.0,43.4,0
2025-12-09,P109,91.0,43.41,0
2025-12-10,P109,93.0,43.41,0
2025-12-11,P109,100.0,43.42,0
2025-12-12,P109,85.0,43.43,0
2025-12-13,P109,55.0,43.44,0
2025-12-14,P109,18.0,43.45,0
2025-12-15,P109,85.0,43.45,0
2025-12-16,P109,120.0,43.46,0
2025-12-17,P109,81.0,43.47,0
2025-12-18,P109,94.0,43.48,0
2025-12-19,P109,108.0,43.49,0
2025-12-20,P109,49.0,43.5,0
2025-12-21,P109,23.0,43.5,0
2025-12-22,P109,102.0,43.51,0
2025-12-23,P109,98.0,43.52,0
2025-12-24,P109,95.0,43.53,0
2025-12-25,P109,72.0,43.54,0
2025-12-26,P109,86.0,43.55,0
2025-12-27,P109,50.0,43.56,0
2025-12-28,P109,20.0,43.56,0
2025-12-29,P109,119.0,43.57,0
2025-12-30,P109,100.0,43.58,0
2025-12-31,P109,102.0,43.59,0
2023-01-01,P110,5.0,236.6,0
2023-01-02,P110,26.0,236.65,0
2023-01-03,P110,23.0,236.71,0
2023-01-04,P110,23.0,236.76,0
2023-01-05,P110,23.0,236.81,0
2023-01-06,P110,19.0,236.86,0
2023-01-07,P110,12.0,236.92,0
2023-01-08,P110,5.0,236.97,0
2023-01-09,P110,23.0,237.02,0
2023-01-10,P110,26.0,237.07,0
2023-01-11,P110,26.0,237.13,0
2023-01-12,P110,24.0,237.18,0
2023-01-13,P110,19.0,237.23,0
2023-01-14,P110,11.0,237.28,0
2023-01-15,P110,6.0,237.33,0
2023-01-16,P110,23.0,237.39,0
2023-01-17,P110,24.0,237.44,0
2023-01-18,P110,41.0,237.49,1
2023-01-19,P110,22.0,237.54,0
2023-01-20,P110,22.0,237.59,0
2023-01-21,P110,11.0,237.64,0
2023-01-22,P110,4.0,237.7,0
2023-01-23,P110,21.0,237.75,0
2023-01-24,P110,26.0,237.8,0
2023-01-25,P110,24.0,237.85,0
2023-01-26,P110,23.0,237.9,0
2023-01-27,P110,21.0,237.95,0
2023-01-28,P110,10.0,238.0,0
2023-01-29,P110,5.0,238.05,0
2023-01-30,P110,24.0,238.1,0
2023-01-31,P110,22.0,238.15,0
2023-02-01,P110,24.0,238.2,0
2023-02-02,P110,22.0,238.25,0
2023-02-03,P110,22.0,238.3,0
2023-02-04,P110,11.0,238.35,0
2023-02-05,P110,5.0,238.4,0
2023-02-06,P110,18.0,238.44,0
2023-02-07,P110,22.0,238.49,0
2023-02-08,P110,23.0,238.54,0
2023-02-09,P110,21.0,238.59,0
2023-02-10,P110,22.0,238.64,0
2023-02-11,P110,11.0,238.68,0
2023-02-12,P110,4.0,238.73,0
2023-02-13,P110,17.0,238.78,0
2023-02-14,P110,21.0,238.82,0
2023-02-15,P110,22.0,238.87,0
2023-02-16,P110,22.0,238.92,0
2023-02-17,P110,16.0,238.96,0
2023-02-18,P110,12.0,239.01,0
2023-02-19,P110,4.0,239.05,0
2023-02-20,P110,20.0,239.1,0
2023-02-21,P110,20.0,239.14,0
2023-02-22,P110,21.0,239.19,0
2023-02-23,P110,20.0,239.23,0
2023-02-24,P110,20.0,239.27,0
2023-02-25,P110,12.0,239.32,0
2023-02-26,P110,4.0,239.36,0
2023-02-27,P110,18.0,239.4,0
2023-02-28,P110,21.0,239.44,0
2023-03-01,P110,24.0,239.49,0
2023-03-02,P110,21.0,239.53,0
2023-03-03,P110,20.0,239.57,0
2023-03-04,P110,8.0,239.61,0
2023-03-05,P110,4.0,239.65,0
2023-03-06,P110,19.0,239.69,0
2023-03-07,P110,18.0,239.73,0
2023-03-08,P110,19.0,239.77,0
2023-03-09,P110,19.0,239.81,0
2023-03-10,P110,17.0,239.85,0
2023-03-11,P110,18.0,239.88,1
2023-03-12,P110,4.0,239.92,0
2023-03-13,P110,20.0,239.96,0
2023-03-14,P110,20.0,240.0,0
2023-03-15,P110,20.0,240.03,0
2023-03-16,P110,20.0,240.07,0
2023-03-17,P110,19.0,240.1,0
2023-03-18,P110,10.0,240.14,0
2023-03-19,P110,3.0,240.17,0
2023-03-20,P110,19.0,240.21,0
2023-03-21,P110,17.0,240.24,0
2023-03-22,P110,19.0,240.28,0
2023-03-23,P110,19.0,240.31,0
2023-03-24,P110,20.0,240.34,0
2023-03-25,P110,11.0,240.37,0
2023-03-26,P110,3.0,240.4,0
2023-03-27,P110,15.0,240.44,0
2023-03-28,P110,19.0,240.47,0
2023-03-29,P110,19.0,240.5,0
2023-03-30,P110,15.0,240.53,0
2023-03-31,P110,17.0,240.55,0
2023-04-01,P110,10.0,240.58,0
2023-04-02,P110,3.0,240.61,0
2023-04-03,P110,16.0,240.64,0
2023-04-04,P110,17.0,240.67,0
2023-04-05,P110,18.0,240.69,0
2023-04-06,P110,19.0,240.72,0
2023-04-07,P110,16.0,240.74,0
2023-04-08,P110,9.0,240.77,0
2023-04-09,P110,5.0,240.79,0
2023-04-10,P110,16.0,240.82,0
2023-04-11,P110,17.0,240.84,0
2023-04-12,P110,19.0,240.87,0
2023-04-13,P110,19.0,240.89,0
2023-04-14,P110,17.0,240.91,0
2023-04-15,P110,11.0,240.93,0
2023-04-16,P110,4.0,240.95,0
2023-04-17,P110,13.0,240.97,0
2023-04-18,P110,18.0,240.99,0
2023-04-19,P110,16.0,241.01,0
2023-04-20,P110,20.0,241.03,0
2023-04-21,P110,18.0,241.05,0
2023-04-22,P110,7.0,241.07,0
2023-04-23,P110,4.0,241.08,0
2023-04-24,P110,19.0,241.1,0
2023-04-25,P110,17.0,241.12,0
2023-04-26,P110,17.0,241.13,0
2023-04-27,P110,19.0,241.15,0
2023-04-28,P110,13.0,241.16,0
2023-04-29,P110,9.0,241.17,0
2023-04-30,P110,4.0,241.19,0
2023-05-01,P110,17.0,241.2,0
2023-05-02,P110,19.0,241.21,0
2023-05-03,P110,17.0,241.22,0
2023-05-04,P110,15.0,241.24,0
2023-05-05,P110,14.0,241.25,0
2023-05-06,P110,9.0,241.26,0
2023-05-07,P110,3.0,241.26,0
2023-05-08,P110,14.0,241.27,0
2023-05-09,P110,18.0,241.28,0
2023-05-10,P110,16.0,241.29,0
2023-05-11,P110,14.0,241.3,0
2023-05-12,P110,16.0,241.3,0
2023-05-13,P110,9.0,241.31,0
2023-05-14,P110,3.0,241.31,0
2023-05-15,P110,15.0,241.32,0
2023-05-16,P110,18.0,241.32,0
2023-05-17,P110,19.0,241.33,0
2023-05-18,P110,21.0,241.33,0
2023-05-19,P110,18.0,241.33,0
2023-05-20,P110,8.0,241.33,0
2023-05-21,P110,4.0,241.33,0
2023-05-22,P110,17.0,241.33,0
2023-05-23,P110,15.0,241.33,0
2023-05-24,P110,18.0,241.33,0
2023-05-25,P110,20.0,241.33,0
2023-05-26,P110,18.0,241.33,0
2023-05-27,P110,8.0,241.33,0
2023-05-28,P110,4.0,241.32,0
2023-05-29,P110,18.0,241.32,0
2023-05-30,P110,14.0,241.32,0
2023-05-31,P110,14.0,241.31,0
2023-06-01,P110,17.0,241.31,0
2023-06-02,P110,16.0,241.3,0
2023-06-03,P110,7.0,241.29,0
2023-06-04,P110,4.0,241.29,0
2023-06-05,P110,19.0,241.28,0
2023-06-06,P110,17.0,241.27,0
2023-06-07,P110,18.0,241.26,0
2023-06-08,P110,18.0,241.25,0
2023-06-09,P110,17.0,241.24,0
2023-06-10,P110,7.0,241.23,0
2023-06-11,P110,3.0,241.22,0
2023-06-12,P110,17.0,241.21,0
2023-06-13,P110,16.0,241.2,0
2023-06-14,P110,21.0,241.18,0
2023-06-15,P110,18.0,241.17,0
2023-06-16,P110,14.0,241.16,0
2023-06-17,P110,9.0,241.14,0
2023-06-18,P110,4.0,241.13,0
2023-06-19,P110,16.0,241.11,0
2023-06-20,P110,20.0,241.1,0
2023-06-21,P110,43.0,241.08,1
2023-06-22,P110,20.0,241.06,0
2023-06-23,P110,17.0,241.04,0
2023-06-24,P110,11.0,241.03,0
2023-06-25,P110,4.0,241.01,0
2023-06-26,P110,40.0,240.99,1
2023-06-27,P110,19.0,240.97,0
2023-06-28,P110,37.0,240.95,1
2023-06-29,P110,17.0,240.93,0
2023-06-30,P110,18.0,240.9,0
2023-07-01,P110,10.0,240.88,0
2023-07-02,P110,3.0,240.86,0
2023-07-03,P110,16.0,240.84,0
2023-07-04,P110,19.0,240.81,0
2023-07-05,P110,21.0,240.79,0
2023-07-06,P110,15.0,240.76,0
2023-07-07,P110,17.0,240.74,0
2023-07-08,P110,11.0,240.71,0
2023-07-09,P110,3.0,240.69,0
2023-07-10,P110,21.0,240.66,0
2023-07-11,P110,17.0,240.63,0
2023-07-12,P110,17.0,240.6,0
2023-07-13,P110,18.0,240.58,0
2023-07-14,P110,22.0,240.55,0
2023-07-15,P110,9.0,240.52,0
2023-07-16,P110,3.0,240.49,0
2023-07-17,P110,16.0,240.46,0
2023-07-18,P110,22.0,240.43,0
2023-07-19,P110,17.0,240.4,0
2023-07-20,P110,22.0,240.36,0
2023-07-21,P110,19.0,240.33,0
2023-07-22,P110,10.0,240.3,0
2023-07-23,P110,4.0,240.27,0
2023-07-24,P110,18.0,240.23,0
2023-07-25,P110,21.0,240.2,0
2023-07-26,P110,18.0,240.17,0
2023-07-27,P110,23.0,240.13,0
2023-07-28,P110,17.0,240.1,0
2023-07-29,P110,11.0,240.06,0
2023-07-30,P110,4.0,240.02,0
2023-07-31,P110,19.0,239.99,0
2023-08-01,P110,20.0,239.95,0
2023-08-02,P110,28.0,239.91,0
2023-08-03,P110,20.0,239.87,0
2023-08-04,P110,18.0,239.84,0
2023-08-05,P110,10.0,239.8,0
2023-08-06,P110,4.0,239.76,0
2023-08-07,P110,20.0,239.72,0
2023-08-08,P110,26.0,239.68,0
2023-08-09,P110,22.0,239.64,0
2023-08-10,P110,23.0,239.6,0
2023-08-11,P110,18.0,239.56,0
2023-08-12,P110,11.0,239.52,0
2023-08-13,P110,5.0,239.48,0
2023-08-14,P110,20.0,239.43,0
2023-08-15,P110,23.0,239.39,0
2023-08-16,P110,23.0,239.35,0
2023-08-17,P110,23.0,239.31,0
2023-08-18,P110,20.0,239.26,0
2023-08-19,P110,13.0,239.22,0
2023-08-20,P110,4.0,239.17,0
2023-08-21,P110,21.0,239.13,0
2023-08-22,P110,26.0,239.09,0
2023-08-23,P110,20.0,239.04,0
2023-08-24,P110,18.0,239.0,0
2023-08-25,P110,19.0,238.95,0
2023-08-26,P110,12.0,238.9,0
2023-08-27,P110,5.0,238.86,0
2023-08-28,P110,21.0,238.81,0
2023-08-29,P110,28.0,238.77,0
2023-08-30,P110,36.0,238.72,1
2023-08-31,P110,22.0,238.67,0
2023-09-01,P110,20.0,238.62,0
2023-09-02,P110,14.0,238.58,0
2023-09-03,P110,5.0,238.53,0
2023-09-04,P110,38.0,238.48,1
2023-09-05,P110,30.0,238.43,0
2023-09-06,P110,25.0,238.38,0
2023-09-07,P110,25.0,238.33,0
2023-09-08,P110,26.0,238.29,0
2023-09-09,P110,13.0,238.24,0
2023-09-10,P110,5.0,238.19,0
2023-09-11,P110,24.0,238.14,0
2023-09-12,P110,27.0,238.09,0
2023-09-13,P110,24.0,238.04,0
2023-09-14,P110,24.0,237.99,0
2023-09-15,P110,23.0,237.94,0
2023-09-16,P110,12.0,237.89,0
2023-09-17,P110,5.0,237.84,0
2023-09-18,P110,25.0,237.78,0
2023-09-19,P110,27.0,237.73,0
2023-09-20,P110,26.0,237.68,0
2023-09-21,P110,29.0,237.63,0
2023-09-22,P110,26.0,237.58,0
2023-09-23,P110,12.0,237.53,0
2023-09-24,P110,5.0,237.48,0
2023-09-25,P110,28.0,237.43,0
2023-09-26,P110,23.0,237.37,0
2023-09-27,P110,31.0,237.32,0
2023-09-28,P110,22.0,237.27,0
2023-09-29,P110,26.0,237.22,0
2023-09-30,P110,13.0,237.17,0
2023-10-01,P110,5.0,237.11,0
2023-10-02,P110,21.0,237.06,0
2023-10-03,P110,29.0,237.01,0
2023-10-04,P110,22.0,236.96,0
2023-10-05,P110,21.0,236.9,0
2023-10-06,P110,27.0,236.85,0
2023-10-07,P110,16.0,236.8,0
2023-10-08,P110,5.0,236.75,0
2023-10-09,P110,28.0,236.69,0
2023-10-10,P110,29.0,236.64,0
2023-10-11,P110,26.0,236.59,0
2023-10-12,P110,45.0,236.54,1
2023-10-13,P110,42.0,236.48,1
2023-10-14,P110,14.0,236.43,0
2023-10-15,P110,5.0,236.38,0
2023-10-16,P110,42.0,236.33,1
2023-10-17,P110,30.0,236.27,0
2023-10-18,P110,28.0,236.22,0
2023-10-19,P110,25.0,236.17,0
2023-10-20,P110,30.0,236.12,0
2023-10-21,P110,25.0,236.06,1
2023-10-22,P110,6.0,236.01,0
2023-10-23,P110,22.0,235.96,0
2023-10-24,P110,27.0,235.91,0
2023-10-25,P110,24.0,235.86,0
2023-10-26,P110,26.0,235.8,0
2023-10-27,P110,22.0,235.75,0
2023-10-28,P110,12.0,235.7,0
2023-10-29,P110,4.0,235.65,0
2023-10-30,P110,27.0,235.6,0
2023-10-31,P110,20.0,235.55,0
2023-11-01,P110,26.0,235.49,0
2023-11-02,P110,28.0,235.44,0
2023-11-03,P110,44.0,235.39,1
2023-11-04,P110,12.0,235.34,0
2023-11-05,P110,5.0,235.29,0
2023-11-06,P110,24.0,235.24,0
2023-11-07,P110,28.0,235.19,0
2023-11-08,P110,24.0,235.14,0
2023-11-09,P110,26.0,235.09,0
2023-11-10,P110,24.0,235.04,0
2023-11-11,P110,14.0,234.99,0
2023-11-12,P110,7.0,234.94,0
2023-11-13,P110,27.0,234.89,0
2023-11-14,P110,29.0,234.84,0
2023-11-15,P110,25.0,234.79,0
2023-11-16,P110,27.0,234.75,0
2023-11-17,P110,24.0,234.7,0
2023-11-18,P110,14.0,234.65,0
2023-11-19,P110,6.0,234.6,0
2023-11-20,P110,25.0,234.55,0
2023-11-21,P110,27.0,234.51,0
2023-11-22,P110,26.0,234.46,0
2023-11-23,P110,25.0,234.41,0
2023-11-24,P110,26.0,234.37,0
2023-11-25,P110,13.0,234.32,0
2023-11-26,P110,6.0,234.28,0
2023-11-27,P110,35.0,234.23,0
2023-11-28,P110,26.0,234.18,0
2023-11-29,P110,60.0,234.14,1
2023-11-30,P110,29.0,234.09,0
2023-12-01,P110,24.0,234.05,0
2023-12-02,P110,12.0,234.01,0
2023-12-03,P110,7.0,233.96,0
2023-12-04,P110,29.0,233.92,0
2023-12-05,P110,29.0,233.88,0
2023-12-06,P110,31.0,233.83,0
2023-12-07,P110,29.0,233.79,0
2023-12-08,P110,25.0,233.75,0
2023-12-09,P110,12.0,233.71,0
2023-12-10,P110,5.0,233.66,0
2023-12-11,P110,30.0,233.62,0
2023-12-12,P110,30.0,233.58,0
2023-12-13,P110,26.0,233.54,0
2023-12-14,P110,31.0,233.5,0
2023-12-15,P110,24.0,233.46,0
2023-12-16,P110,15.0,233.42,0
2023-12-17,P110,6.0,233.39,0
2023-12-18,P110,32.0,233.35,0
2023-12-19,P110,30.0,233.31,0
2023-12-20,P110,27.0,233.27,0
2023-12-21,P110,25.0,233.23,0
2023-12-22,P110,25.0,233.2,0
2023-12-23,P110,12.0,233.16,0
2023-12-24,P110,5.0,233.13,0
2023-12-25,P110,27.0,233.09,0
2023-12-26,P110,25.0,233.05,0
2023-12-27,P110,25.0,233.02,0
2023-12-28,P110,25.0,232.99,0
2023-12-29,P110,25.0,232.95,0
2023-12-30,P110,13.0,232.92,0
2023-12-31,P110,6.0,232.89,0
2024-01-01,P110,28.0,232.85,0
2024-01-02,P110,33.0,232.82,0
2024-01-03,P110,50.0,232.79,1
2024-01-04,P110,28.0,232.76,0
2024-01-05,P110,23.0,232.73,0
2024-01-06,P110,22.0,232.7,1
2024-01-07,P110,7.0,232.67,0
2024-01-08,P110,23.0,232.64,0
2024-01-09,P110,20.0,232.61,0
2024-01-10,P110,24.0,232.58,0
2024-01-11,P110,19.0,232.56,0
2024-01-12,P110,21.0,232.53,0
2024-01-13,P110,12.0,232.5,0
2024-01-14,P110,5.0,232.48,0
2024-01-15,P110,19.0,232.45,0
2024-01-16,P110,29.0,232.43,0
2024-01-17,P110,20.0,232.4,0
2024-01-18,P110,24.0,232.38,0
2024-01-19,P110,23.0,232.35,0
2024-01-20,P110,14.0,232.33,0
2024-01-21,P110,5.0,232.31,0
2024-01-22,P110,28.0,232.29,0
2024-01-23,P110,24.0,232.27,0
2024-01-24,P110,24.0,232.25,0
2024-01-25,P110,25.0,232.23,0
2024-01-26,P110,26.0,232.21,0
2024-01-27,P110,14.0,232.19,0
2024-01-28,P110,5.0,232.17,0
2024-01-29,P110,25.0,232.15,0
2024-01-30,P110,25.0,232.13,0
2024-01-31,P110,26.0,232.12,0
2024-02-01,P110,29.0,232.1,0
2024-02-02,P110,22.0,232.08,0
2024-02-03,P110,12.0,232.07,0
2024-02-04,P110,5.0,232.05,0
2024-02-05,P110,25.0,232.04,0
2024-02-06,P110,19.0,232.02,0
2024-02-07,P110,24.0,232.01,0
2024-02-08,P110,25.0,232.0,0
2024-02-09,P110,21.0,231.99,0
2024-02-10,P110,12.0,231.98,0
2024-02-11,P110,6.0,231.97,0
2024-02-12,P110,24.0,231.95,0
2024-02-13,P110,18.0,231.95,0
2024-02-14,P110,20.0,231.94,0
2024-02-15,P110,22.0,231.93,0
2024-02-16,P110,20.0,231.92,0
2024-02-17,P110,12.0,231.91,0
2024-02-18,P110,5.0,231.91,0
2024-02-19,P110,26.0,231.9,0
2024-02-20,P110,21.0,231.89,0
2024-02-21,P110,22.0,231.89,0
2024-02-22,P110,23.0,231.88,0
2024-02-23,P110,22.0,231.88,0
2024-02-24,P110,12.0,231.88,0
2024-02-25,P110,3.0,231.87,0
2024-02-26,P110,22.0,231.87,0
2024-02-27,P110,23.0,231.87,0
2024-02-28,P110,25.0,231.87,0
2024-02-29,P110,23.0,231.87,0
2024-03-01,P110,21.0,231.87,0
2024-03-02,P110,12.0,231.87,0
2024-03-03,P110,5.0,231.87,0
2024-03-04,P110,45.0,231.87,1
2024-03-05,P110,23.0,231.88,0
2024-03-06,P110,27.0,231.88,0
2024-03-07,P110,20.0,231.88,0
2024-03-08,P110,18.0,231.89,0
2024-03-09,P110,11.0,231.89,0
2024-03-10,P110,4.0,231.9,0
2024-03-11,P110,15.0,231.9,0
2024-03-12,P110,20.0,231.91,0
2024-03-13,P110,22.0,231.92,0
2024-03-14,P110,21.0,231.93,0
2024-03-15,P110,18.0,231.93,0
2024-03-16,P110,11.0,231.94,0
2024-03-17,P110,4.0,231.95,0
2024-03-18,P110,22.0,231.96,0
2024-03-19,P110,20.0,231.97,0
2024-03-20,P110,23.0,231.98,0
2024-03-21,P110,18.0,232.0,0
2024-03-22,P110,18.0,232.01,0
2024-03-23,P110,13.0,232.02,0
2024-03-24,P110,4.0,232.04,0
2024-03-25,P110,19.0,232.05,0
2024-03-26,P110,18.0,232.06,0
2024-03-27,P110,19.0,232.08,0
2024-03-28,P110,20.0,232.09,0
2024-03-29,P110,20.0,232.11,0
2024-03-30,P110,10.0,232.13,0
2024-03-31,P110,4.0,232.15,0
2024-04-01,P110,17.0,232.16,0
2024-04-02,P110,19.0,232.18,0
2024-04-03,P110,17.0,232.2,0
2024-04-04,P110,21.0,232.22,0
2024-04-05,P110,20.0,232.24,0
2024-04-06,P110,10.0,232.26,0
2024-04-07,P110,4.0,232.28,0
2024-04-08,P110,21.0,232.3,0
2024-04-09,P110,21.0,232.33,0
2024-04-10,P110,23.0,232.35,0
2024-04-11,P110,17.0,232.37,0
2024-04-12,P110,18.0,232.4,0
2024-04-13,P110,10.0,232.42,0
2024-04-14,P110,4.0,232.45,0
2024-04-15,P110,16.0,232.47,0
2024-04-16,P110,23.0,232.5,0
2024-04-17,P110,21.0,232.52,0
2024-04-18,P110,23.0,232.55,0
2024-04-19,P110,18.0,232.58,0
2024-04-20,P110,9.0,232.61,0
2024-04-21,P110,9.0,232.63,1
2024-04-22,P110,21.0,232.66,0
2024-04-23,P110,18.0,232.69,0
2024-04-24,P110,15.0,232.72,0
2024-04-25,P110,15.0,232.75,0
2024-04-26,P110,18.0,232.78,0
2024-04-27,P110,12.0,232.82,0
2024-04-28,P110,3.0,232.85,0
2024-04-29,P110,18.0,232.88,0
2024-04-30,P110,19.0,232.91,0
2024-05-01,P110,23.0,232.94,0
2024-05-02,P110,23.0,232.98,0
2024-05-03,P110,19.0,233.01,0
2024-05-04,P110,11.0,233.05,0
2024-05-05,P110,4.0,233.08,0
2024-05-06,P110,16.0,233.12,0
2024-05-07,P110,21.0,233.15,0
2024-05-08,P110,17.0,233.19,0
2024-05-09,P110,18.0,233.23,0
2024-05-10,P110,20.0,233.26,0
2024-05-11,P110,10.0,233.3,0
2024-05-12,P110,4.0,233.34,0
2024-05-13,P110,22.0,233.38,0
2024-05-14,P110,16.0,233.42,0
2024-05-15,P110,15.0,233.45,0
2024-05-16,P110,45.0,233.49,1
2024-05-17,P110,20.0,233.53,0
2024-05-18,P110,10.0,233.57,0
2024-05-19,P110,4.0,233.61,0
2024-05-20,P110,21.0,233.66,0
2024-05-21,P110,21.0,233.7,0
2024-05-22,P110,19.0,233.74,0
2024-05-23,P110,21.0,233.78,0
2024-05-24,P110,17.0,233.82,0
2024-05-25,P110,10.0,233.87,0
2024-05-26,P110,4.0,233.91,0
2024-05-27,P110,17.0,233.95,0
2024-05-28,P110,18.0,234.0,0
2024-05-29,P110,24.0,234.04,0
2024-05-30,P110,17.0,234.08,0
2024-05-31,P110,19.0,234.13,0
2024-06-01,P110,11.0,234.17,0
2024-06-02,P110,4.0,234.22,0
2024-06-03,P110,21.0,234.26,0
2024-06-04,P110,21.0,234.31,0
2024-06-05,P110,18.0,234.36,0
2024-06-06,P110,20.0,234.4,0
2024-06-07,P110,17.0,234.45,0
2024-06-08,P110,12.0,234.5,0
2024-06-09,P110,4.0,234.54,0
2024-06-10,P110,18.0,234.59,0
2024-06-11,P110,21.0,234.64,0
2024-06-12,P110,18.0,234.69,0
2024-06-13,P110,20.0,234.74,0
2024-06-14,P110,18.0,234.78,0
2024-06-15,P110,9.0,234.83,0
2024-06-16,P110,4.0,234.88,0
2024-06-17,P110,25.0,234.93,0
2024-06-18,P110,21.0,234.98,0
2024-06-19,P110,19.0,235.03,0
2024-06-20,P110,18.0,235.08,0
2024-06-21,P110,36.0,235.13,1
2024-06-22,P110,10.0,235.18,0
2024-06-23,P110,4.0,235.23,0
2024-06-24,P110,20.0,235.28,0
2024-06-25,P110,21.0,235.33,0
2024-06-26,P110,20.0,235.38,0
2024-06-27,P110,18.0,235.43,0
2024-06-28,P110,18.0,235.48,0
2024-06-29,P110,10.0,235.53,0
2024-06-30,P110,4.0,235.59,0
2024-07-01,P110,21.0,235.64,0
2024-07-02,P110,44.0,235.69,1
2024-07-03,P110,24.0,235.74,0
2024-07-04,P110,25.0,235.79,0
2024-07-05,P110,18.0,235.84,0
2024-07-06,P110,13.0,235.9,0
2024-07-07,P110,4.0,235.95,0
2024-07-08,P110,23.0,236.0,0
2024-07-09,P110,23.0,236.05,0
2024-07-10,P110,21.0,236.1,0
2024-07-11,P110,23.0,236.16,0
2024-07-12,P110,21.0,236.21,0
2024-07-13,P110,9.0,236.26,0
2024-07-14,P110,4.0,236.31,0
2024-07-15,P110,24.0,236.37,0
2024-07-16,P110,23.0,236.42,0
2024-07-17,P110,23.0,236.47,0
2024-07-18,P110,20.0,236.52,0
2024-07-19,P110,21.0,236.58,0
2024-07-20,P110,11.0,236.63,0
2024-07-21,P110,4.0,236.68,0
2024-07-22,P110,20.0,236.73,0
2024-07-23,P110,25.0,236.79,0
2024-07-24,P110,23.0,236.84,0
2024-07-25,P110,40.0,236.89,1
2024-07-26,P110,26.0,236.94,0
2024-07-27,P110,12.0,237.0,0
2024-07-28,P110,5.0,237.05,0
2024-07-29,P110,23.0,237.1,0
2024-07-30,P110,23.0,237.15,0
2024-07-31,P110,20.0,237.21,0
2024-08-01,P110,23.0,237.26,0
2024-08-02,P110,15.0,237.31,0
2024-08-03,P110,12.0,237.36,0
2024-08-04,P110,5.0,237.41,0
2024-08-05,P110,23.0,237.46,0
2024-08-06,P110,24.0,237.52,0
2024-08-07,P110,21.0,237.57,0
2024-08-08,P110,27.0,237.62,0
2024-08-09,P110,21.0,237.67,0
2024-08-10,P110,18.0,237.72,1
2024-08-11,P110,5.0,237.77,0
2024-08-12,P110,24.0,237.82,0
2024-08-13,P110,24.0,237.87,0
2024-08-14,P110,23.0,237.93,0
2024-08-15,P110,24.0,237.98,0
2024-08-16,P110,26.0,238.03,0
2024-08-17,P110,13.0,238.08,0
2024-08-18,P110,5.0,238.13,0
2024-08-19,P110,27.0,238.18,0
2024-08-20,P110,26.0,238.22,0
2024-08-21,P110,26.0,238.27,0
2024-08-22,P110,25.0,238.32,0
2024-08-23,P110,25.0,238.37,0
2024-08-24,P110,12.0,238.42,0
2024-08-25,P110,5.0,238.47,0
2024-08-26,P110,28.0,238.52,0
2024-08-27,P110,30.0,238.57,0
2024-08-28,P110,23.0,238.61,0
2024-08-29,P110,26.0,238.66,0
2024-08-30,P110,23.0,238.71,0
2024-08-31,P110,15.0,238.75,0
2024-09-01,P110,5.0,238.8,0
2024-09-02,P110,35.0,238.85,0
2024-09-03,P110,26.0,238.89,0
2024-09-04,P110,31.0,238.94,0
2024-09-05,P110,30.0,238.99,0
2024-09-06,P110,26.0,239.03,0
2024-09-07,P110,14.0,239.08,0
2024-09-08,P110,6.0,239.12,0
2024-09-09,P110,26.0,239.16,0
2024-09-10,P110,63.0,239.21,1
2024-09-11,P110,24.0,239.25,0
2024-09-12,P110,26.0,239.3,0
2024-09-13,P110,24.0,239.34,0
2024-09-14,P110,11.0,239.38,0
2024-09-15,P110,6.0,239.42,0
2024-09-16,P110,30.0,239.47,0
2024-09-17,P110,26.0,239.51,0
2024-09-18,P110,31.0,239.55,0
2024-09-19,P110,22.0,239.59,0
2024-09-20,P110,26.0,239.63,0
2024-09-21,P110,14.0,239.67,0
2024-09-22,P110,6.0,239.71,0
2024-09-23,P110,28.0,239.75,0
2024-09-24,P110,28.0,239.79,0
2024-09-25,P110,27.0,239.83,0
2024-09-26,P110,27.0,239.87,0
2024-09-27,P110,30.0,239.9,0
2024-09-28,P110,14.0,239.94,0
2024-09-29,P110,7.0,239.98,0
2024-09-30,P110,26.0,240.01,0
2024-10-01,P110,30.0,240.05,0
2024-10-02,P110,30.0,240.09,0
2024-10-03,P110,27.0,240.12,0
2024-10-04,P110,31.0,240.16,0
2024-10-05,P110,16.0,240.19,0
2024-10-06,P110,6.0,240.23,0
2024-10-07,P110,33.0,240.26,0
2024-10-08,P110,26.0,240.29,0
2024-10-09,P110,27.0,240.33,0
2024-10-10,P110,30.0,240.36,0
2024-10-11,P110,29.0,240.39,0
2024-10-12,P110,15.0,240.42,0
2024-10-13,P110,6.0,240.45,0
2024-10-14,P110,28.0,240.48,0
2024-10-15,P110,34.0,240.51,0
2024-10-16,P110,30.0,240.54,0
2024-10-17,P110,26.0,240.57,0
2024-10-18,P110,25.0,240.6,0
2024-10-19,P110,18.0,240.63,0
2024-10-20,P110,6.0,240.65,0
2024-10-21,P110,30.0,240.68,0
2024-10-22,P110,35.0,240.71,0
2024-10-23,P110,32.0,240.73,0
2024-10-24,P110,27.0,240.76,0
2024-10-25,P110,25.0,240.78,0
2024-10-26,P110,18.0,240.81,0
2024-10-27,P110,5.0,240.83,0
2024-10-28,P110,28.0,240.85,0
2024-10-29,P110,32.0,240.88,0
2024-10-30,P110,29.0,240.9,0
2024-10-31,P110,31.0,240.92,0
2024-11-01,P110,23.0,240.94,0
2024-11-02,P110,15.0,240.96,0
2024-11-03,P110,7.0,240.98,0
2024-11-04,P110,32.0,241.0,0
2024-11-05,P110,29.0,241.02,0
2024-11-06,P110,27.0,241.04,0
2024-11-07,P110,30.0,241.06,0
2024-11-08,P110,24.0,241.08,0
2024-11-09,P110,18.0,241.09,0
2024-11-10,P110,6.0,241.11,0
2024-11-11,P110,28.0,241.12,0
2024-11-12,P110,27.0,241.14,0
2024-11-13,P110,28.0,241.15,0
2024-11-14,P110,25.0,241.17,0
2024-11-15,P110,30.0,241.18,0
2024-11-16,P110,14.0,241.19,0
2024-11-17,P110,6.0,241.21,0
2024-11-18,P110,32.0,241.22,0
2024-11-19,P110,34.0,241.23,0
2024-11-20,P110,31.0,241.24,0
2024-11-21,P110,33.0,241.25,0
2024-11-22,P110,33.0,241.26,0
2024-11-23,P110,16.0,241.27,0
2024-11-24,P110,6.0,241.28,0
2024-11-25,P110,28.0,241.29,0
2024-11-26,P110,28.0,241.29,0
2024-11-27,P110,35.0,241.3,0
2024-11-28,P110,32.0,241.31,0
2024-11-29,P110,30.0,241.31,0
2024-11-30,P110,14.0,241.32,0
2024-12-01,P110,7.0,241.32,0
2024-12-02,P110,29.0,241.32,0
2024-12-03,P110,28.0,241.33,0
2024-12-04,P110,28.0,241.33,0
2024-12-05,P110,35.0,241.33,0
2024-12-06,P110,25.0,241.33,0
2024-12-07,P110,14.0,241.33,0
2024-12-08,P110,8.0,241.33,0
2024-12-09,P110,33.0,241.33,0
2024-12-10,P110,28.0,241.33,0
2024-12-11,P110,27.0,241.33,0
2024-12-12,P110,24.0,241.33,0
2024-12-13,P110,28.0,241.33,0
2024-12-14,P110,17.0,241.32,0
2024-12-15,P110,7.0,241.32,0
2024-12-16,P110,23.0,241.31,0
2024-12-17,P110,26.0,241.31,0
2024-12-18,P110,30.0,241.3,0
2024-12-19,P110,38.0,241.3,0
2024-12-20,P110,30.0,241.29,0
2024-12-21,P110,16.0,241.28,0
2024-12-22,P110,5.0,241.28,0
2024-12-23,P110,22.0,241.27,0
2024-12-24,P110,30.0,241.26,0
2024-12-25,P110,29.0,241.25,0
2024-12-26,P110,28.0,241.24,0
2024-12-27,P110,26.0,241.23,0
2024-12-28,P110,14.0,241.22,0
2024-12-29,P110,9.0,241.2,1
2024-12-30,P110,33.0,241.19,0
2024-12-31,P110,27.0,241.18,0
2025-01-01,P110,28.0,241.16,0
2025-01-02,P110,28.0,241.15,0
2025-01-03,P110,61.0,241.14,1
2025-01-04,P110,13.0,241.12,0
2025-01-05,P110,7.0,241.1,0
2025-01-06,P110,27.0,241.09,0
2025-01-07,P110,29.0,241.07,0
2025-01-08,P110,34.0,241.05,0
2025-01-09,P110,25.0,241.04,0
2025-01-10,P110,29.0,241.02,0
2025-01-11,P110,16.0,241.0,0
2025-01-12,P110,6.0,240.98,0
2025-01-13,P110,28.0,240.96,0
2025-01-14,P110,36.0,240.94,0
2025-01-15,P110,28.0,240.92,0
2025-01-16,P110,28.0,240.89,0
2025-01-17,P110,25.0,240.87,0
2025-01-18,P110,15.0,240.85,0
2025-01-19,P110,6.0,240.82,0
2025-01-20,P110,27.0,240.8,0
2025-01-21,P110,22.0,240.78,0
2025-01-22,P110,30.0,240.75,0
2025-01-23,P110,24.0,240.73,0
2025-01-24,P110,28.0,240.7,0
2025-01-25,P110,14.0,240.67,0
2025-01-26,P110,6.0,240.65,0
2025-01-27,P110,24.0,240.62,0
2025-01-28,p110 ,26.0,240.59,0
2025-01-29,P110,26.0,240.56,0
2025-01-30,P110,22.0,240.53,0
2025-01-31,P110,28.0,240.5,0
2025-02-01,P110,11.0,240.47,0
2025-02-02,P110,6.0,240.44,0
2025-02-03,P110,28.0,240.41,0
2025-02-04,P110,27.0,240.38,0
2025-02-05,P110,28.0,240.35,0
2025-02-06,P110,27.0,240.32,0
2025-02-07,P110,24.0,240.28,0
2025-02-08,P110,14.0,240.25,0
2025-02-09,P110,6.0,240.22,0
2025-02-10,P110,23.0,240.18,0
2025-02-11,P110,28.0,240.15,0
2025-02-12,P110,19.0,240.11,0
2025-02-13,P110,20.0,240.08,0
2025-02-14,P110,26.0,240.04,0
2025-02-15,P110,13.0,240.0,0
2025-02-16,P110,8.0,239.97,1
2025-02-17,P110,25.0,239.93,0
2025-02-18,P110,25.0,239.89,0
2025-02-19,P110,23.0,239.86,0
2025-02-20,P110,21.0,239.82,0
2025-02-21,P110,19.0,239.78,0
2025-02-22,P110,14.0,239.74,0
2025-02-23,P110,5.0,239.7,0
2025-02-24,P110,28.0,239.66,0
2025-02-25,P110,25.0,239.62,0
2025-02-26,P110,26.0,239.58,0
2025-02-27,P110,24.0,239.54,0
2025-02-28,P110,23.0,239.5,0
2025-03-01,P110,13.0,239.45,0
2025-03-02,P110,5.0,239.41,0
2025-03-03,P110,21.0,239.37,0
2025-03-04,P110,27.0,239.33,0
2025-03-05,P110,29.0,239.28,0
2025-03-06,P110,28.0,239.24,0
2025-03-07,P110,21.0,239.2,0
2025-03-08,P110,11.0,239.15,0
2025-03-09,P110,5.0,239.11,0
2025-03-10,P110,23.0,239.06,0
2025-03-11,P110,25.0,239.02,0
2025-03-12,P110,22.0,238.97,0
2025-03-13,P110,20.0,238.93,0
2025-03-14,P110,22.0,238.88,0
2025-03-15,P110,7.0,238.83,0
2025-03-16,P110,5.0,238.79,0
2025-03-17,P110,21.0,238.74,0
2025-03-18,P110,26.0,238.69,0
2025-03-19,P110,26.0,238.65,0
2025-03-20,P110,26.0,238.6,0
2025-03-21,P110,21.0,238.55,0
2025-03-22,P110,10.0,238.5,0
2025-03-23,P110,4.0,238.46,0
2025-03-24,P110,24.0,238.41,0
2025-03-25,P110,19.0,238.36,0
2025-03-26,P110,27.0,238.31,0
2025-03-27,P110,22.0,238.26,0
2025-03-28,P110,23.0,238.21,0
2025-03-29,P110,15.0,238.16,1
2025-03-30,P110,7.0,238.11,1
2025-03-31,P110,18.0,238.06,0
2025-04-01,P110,47.0,238.01,1
2025-04-02,P110,44.0,237.96,1
2025-04-03,P110,23.0,237.91,0
2025-04-04,P110,21.0,237.86,0
2025-04-05,P110,12.0,237.81,0
2025-04-06,P110,4.0,237.76,0
2025-04-07,P110,22.0,237.71,0
2025-04-08,P110,23.0,237.66,0
2025-04-09,P110,23.0,237.61,0
2025-04-10,P110,23.0,237.55,0
2025-04-11,P110,27.0,237.5,0
2025-04-12,P110,13.0,237.45,0
2025-04-13,P110,4.0,237.4,0
2025-04-14,P110,21.0,237.35,0
2025-04-15,P110,21.0,237.29,0
2025-04-16,P110,25.0,237.24,0
2025-04-17,P110,21.0,237.19,0
2025-04-18,P110,21.0,237.14,0
2025-04-19,P110,8.0,237.09,0
2025-04-20,P110,4.0,237.03,0
2025-04-21,P110,26.0,236.98,0
2025-04-22,P110,22.0,236.93,0
2025-04-23,P110,19.0,236.88,0
2025-04-24,P110,22.0,236.82,0
2025-04-25,P110,18.0,236.77,0
2025-04-26,P110,11.0,236.72,0
2025-04-27,P110,4.0,236.67,0
2025-04-28,P110,19.0,236.61,0
2025-04-29,P110,21.0,236.56,0
2025-04-30,P110,24.0,236.51,0
2025-05-01,P110,22.0,236.46,0
2025-05-02,P110,21.0,236.4,0
2025-05-03,P110,11.0,236.35,0
2025-05-04,P110,5.0,236.3,0
2025-05-05,P110,19.0,236.25,0
2025-05-06,P110,20.0,236.19,0
2025-05-07,P110,22.0,236.14,0
2025-05-08,P110,20.0,236.09,0
2025-05-09,P110,20.0,236.04,0
2025-05-10,P110,11.0,235.98,0
2025-05-11,P110,5.0,235.93,0
2025-05-12,P110,24.0,235.88,0
2025-05-13,P110,20.0,235.83,0
2025-05-14,P110,17.0,235.78,0
2025-05-15,P110,19.0,235.72,0
2025-05-16,P110,18.0,235.67,0
2025-05-17,P110,12.0,235.62,0
2025-05-18,P110,5.0,235.57,0
2025-05-19,P110,19.0,235.52,0
2025-05-20,P110,20.0,235.47,0
2025-05-21,P110,35.0,235.42,1
2025-05-22,P110,21.0,235.37,0
2025-05-23,P110,20.0,235.32,0
2025-05-24,P110,12.0,235.27,0
2025-05-25,P110,5.0,235.21,0
2025-05-26,P110,23.0,235.16,0
2025-05-27,P110,18.0,235.11,0
2025-05-28,P110,20.0,235.06,0
2025-05-29,P110,23.0,235.02,0
2025-05-30,P110,19.0,234.97,0
2025-05-31,P110,9.0,234.92,0
2025-06-01,P110,5.0,234.87,0
2025-06-02,P110,20.0,234.82,0
2025-06-03,P110,25.0,234.77,0
2025-06-04,P110,22.0,234.72,0
2025-06-05,P110,21.0,234.67,0
2025-06-06,P110,23.0,234.63,0
2025-06-07,P110,10.0,234.58,0
2025-06-08,P110,5.0,234.53,0
2025-06-09,P110,20.0,234.48,0
2025-06-10,P110,23.0,234.44,0
2025-06-11,P110,23.0,234.39,0
2025-06-12,P110,21.0,234.34,0
2025-06-13,P110,19.0,234.3,0
2025-06-14,P110,11.0,234.25,0
2025-06-15,P110,4.0,234.21,0
2025-06-16,P110,27.0,234.16,0
2025-06-17,P110,22.0,234.12,0
2025-06-18,P110,46.0,234.07,1
2025-06-19,P110,38.0,234.03,1
2025-06-20,P110,22.0,233.98,0
2025-06-21,P110,11.0,233.94,0
2025-06-22,P110,5.0,233.9,0
2025-06-23,P110,24.0,233.85,0
2025-06-24,P110,23.0,233.81,0
2025-06-25,P110,19.0,233.77,0
2025-06-26,P110,18.0,233.73,0
2025-06-27,P110,25.0,233.68,0
2025-06-28,P110,8.0,233.64,0
2025-06-29,P110,5.0,233.6,0
2025-06-30,P110,22.0,233.56,0
2025-07-01,P110,24.0,233.52,0
2025-07-02,P110,20.0,233.48,0
2025-07-03,P110,24.0,233.44,0
2025-07-04,P110,22.0,233.4,0
2025-07-05,P110,16.0,233.37,0
2025-07-06,P110,5.0,233.33,0
2025-07-07,P110,27.0,233.29,0
2025-07-08,P110,20.0,233.25,0
2025-07-09,P110,27.0,233.22,0
2025-07-10,P110,50.0,233.18,1
2025-07-11,P110,23.0,233.14,0
2025-07-12,P110,13.0,233.11,0
2025-07-13,P110,6.0,233.07,0
2025-07-14,P110,25.0,233.04,0
2025-07-15,P110,23.0,233.0,0
2025-07-16,P110,23.0,232.97,0
2025-07-17,P110,26.0,232.94,0
2025-07-18,P110,24.0,232.9,0
2025-07-19,P110,10.0,232.87,0
2025-07-20,P110,5.0,232.84,0
2025-07-21,P110,22.0,232.81,0
2025-07-22,P110,27.0,232.77,0
2025-07-23,P110,23.0,232.74,0
2025-07-24,P110,24.0,232.71,0
2025-07-25,P110,22.0,232.68,0
2025-07-26,P110,15.0,232.66,0
2025-07-27,P110,5.0,232.63,0
2025-07-28,P110,29.0,232.6,0
2025-07-29,P110,35.0,232.57,0
2025-07-30,P110,26.0,232.54,0
2025-07-31,P110,29.0,232.52,0
2025-08-01,P110,22.0,232.49,0
2025-08-02,P110,15.0,232.46,0
2025-08-03,P110,5.0,232.44,0
2025-08-04,P110,26.0,232.41,0
2025-08-05,P110,28.0,232.39,0
2025-08-06,P110,29.0,232.37,0
2025-08-07,P110,22.0,232.34,0
2025-08-08,P110,22.0,232.32,0
2025-08-09,P110,15.0,232.3,0
2025-08-10,P110,5.0,232.28,0
2025-08-11,P110,22.0,232.26,0
2025-08-12,P110,27.0,232.24,0
2025-08-13,P110,27.0,232.22,0
2025-08-14,P110,27.0,232.2,0
2025-08-15,P110,27.0,232.18,0
2025-08-16,P110,15.0,232.16,0
2025-08-17,P110,5.0,232.14,0
2025-08-18,P110,26.0,232.12,0
2025-08-19,P110,31.0,232.11,0
2025-08-20,P110,26.0,232.09,0
2025-08-21,P110,26.0,232.07,0
2025-08-22,P110,22.0,232.06,0
2025-08-23,P110,14.0,232.05,0
2025-08-24,P110,6.0,232.03,0
2025-08-25,P110,22.0,232.02,0
2025-08-26,P110,26.0,232.01,0
2025-08-27,P110,24.0,231.99,0
2025-08-28,P110,30.0,231.98,0
2025-08-29,P110,21.0,231.97,0
2025-08-30,P110,15.0,231.96,0
2025-08-31,P110,6.0,231.95,0
2025-09-01,P110,29.0,231.94,0
2025-09-02,P110,28.0,231.93,0
2025-09-03,P110,30.0,231.92,0
2025-09-04,P110,32.0,231.92,0
2025-09-05,P110,27.0,231.91,0
2025-09-06,P110,11.0,231.9,0
2025-09-07,P110,7.0,231.9,0
2025-09-08,P110,31.0,231.89,0
2025-09-09,P110,30.0,231.89,0
2025-09-10,P110,24.0,231.88,0
2025-09-11,P110,28.0,231.88,0
2025-09-12,P110,25.0,231.88,0
2025-09-13,P110,13.0,231.87,0
2025-09-14,P110,6.0,231.87,0
2025-09-15,P110,28.0,231.87,0
2025-09-16,P110,30.0,231.87,0
2025-09-17,P110,33.0,231.87,0
2025-09-18,P110,31.0,231.87,0
2025-09-19,P110,27.0,231.87,0
2025-09-20,P110,15.0,231.87,0
2025-09-21,P110,6.0,231.88,0
2025-09-22,P110,30.0,231.88,0
2025-09-23,P110,34.0,231.88,0
2025-09-24,P110,28.0,231.89,0
2025-09-25,P110,35.0,231.89,0
2025-09-26,P110,31.0,231.9,0
2025-09-27,P110,11.0,231.9,0
2025-09-28,P110,7.0,231.91,0
2025-09-29,P110,35.0,231.91,0
2025-09-30,P110,34.0,231.92,0
2025-10-01,P110,30.0,231.93,0
2025-10-02,P110,31.0,231.94,0
2025-10-03,P110,30.0,231.95,0
2025-10-04,P110,18.0,231.96,0
2025-10-05,P110,6.0,231.97,0
2025-10-06,P110,30.0,231.98,0
2025-10-07,P110,39.0,231.99,0
2025-10-08,P110,33.0,232.0,0
2025-10-09,P110,37.0,232.02,0
2025-10-10,P110,40.0,232.03,0
2025-10-11,P110,16.0,232.04,0
2025-10-12,P110,6.0,232.06,0
2025-10-13,P110,31.0,232.07,0
2025-10-14,P110,38.0,232.09,0
2025-10-15,P110,37.0,232.1,0
2025-10-16,P110,40.0,232.12,0
2025-10-17,P110,30.0,232.14,0
2025-10-18,P110,35.0,232.15,1
2025-10-19,P110,6.0,232.17,0
2025-10-20,P110,24.0,232.19,0
2025-10-21,P110,34.0,232.21,0
2025-10-22,P110,29.0,232.23,0
2025-10-23,P110,35.0,232.25,0
2025-10-24,P110,25.0,232.27,0
2025-10-25,P110,16.0,232.29,0
2025-10-26,P110,7.0,232.32,0
2025-10-27,P110,34.0,232.34,0
2025-10-28,P110,34.0,232.36,0
2025-10-29,P110,41.0,232.39,0
2025-10-30,P110,38.0,232.41,0
2025-10-31,P110,29.0,232.43,0
2025-11-01,P110,20.0,232.46,0
2025-11-02,P110,8.0,232.48,0
2025-11-03,P110,33.0,232.51,0
2025-11-04,P110,35.0,232.54,0
2025-11-05,P110,34.0,232.56,0
2025-11-06,P110,31.0,232.59,0
2025-11-07,P110,30.0,232.62,0
2025-11-08,P110,20.0,232.65,0
2025-11-09,P110,14.0,232.68,1
2025-11-10,P110,31.0,232.71,0
2025-11-11,P110,31.0,232.74,0
2025-11-12,P110,31.0,232.77,0
2025-11-13,P110,33.0,232.8,0
2025-11-14,P110,35.0,232.83,0
2025-11-15,P110,16.0,232.86,0
2025-11-16,P110,8.0,232.9,0
2025-11-17,P110,34.0,232.93,0
2025-11-18,P110,35.0,232.96,0
2025-11-19,P110,38.0,233.0,0
2025-11-20,P110,36.0,233.03,0
2025-11-21,P110,27.0,233.06,0
2025-11-22,P110,15.0,233.1,0
2025-11-23,P110,7.0,233.14,0
2025-11-24,P110,35.0,233.17,0
2025-11-25,P110,40.0,233.21,0
2025-11-26,P110,34.0,233.24,0
2025-11-27,P110,39.0,233.28,0
2025-11-28,P110,46.0,233.32,1
2025-11-29,P110,34.0,233.36,1
2025-11-30,P110,7.0,233.4,0
2025-12-01,P110,30.0,233.44,0
2025-12-02,P110,39.0,233.47,0
2025-12-03,P110,24.0,233.51,0
2025-12-04,P110,31.0,233.55,0
2025-12-05,P110,35.0,233.59,0
2025-12-06,P110,17.0,233.64,0
2025-12-07,P110,8.0,233.68,0
2025-12-08,P110,41.0,233.72,0
2025-12-09,P110,35.0,233.76,0
2025-12-10,P110,38.0,233.8,0
2025-12-11,P110,42.0,233.84,0
2025-12-12,P110,33.0,233.89,0
2025-12-13,P110,17.0,233.93,0
2025-12-14,P110,8.0,233.97,0
2025-12-15,P110,37.0,234.02,0
2025-12-16,P110,34.0,234.06,0
2025-12-17,P110,32.0,234.11,0
2025-12-18,P110,39.0,234.15,0
2025-12-19,P110,30.0,234.2,0
2025-12-20,P110,19.0,234.24,0
2025-12-21,P110,7.0,234.29,0
2025-12-22,P110,39.0,234.33,0
2025-12-23,P110,31.0,234.38,0
2025-12-24,P110,30.0,234.43,0
2025-12-25,P110,35.0,234.47,0
2025-12-26,P110,27.0,234.52,0
2025-12-27,P110,17.0,234.57,0
2025-12-28,P110,8.0,234.62,0
2025-12-29,P110,26.0,234.66,0
2025-12-30,P110,35.0,234.71,0
2025-12-31,P110,37.0,234.76,0
2023-01-01,P111,20.0,99.48,0
2023-01-02,P111,142.0,99.51,0
2023-01-03,P111,272.0,99.53,1
2023-01-04,P111,134.0,99.55,0
2023-01-05,P111,147.0,99.57,0
2023-01-06,P111,150.0,99.59,0
2023-01-07,P111,102.0,99.62,1
2023-01-08,P111,28.0,99.64,0
2023-01-09,P111,311.0,99.66,1
2023-01-10,P111,119.0,99.68,0
2023-01-11,P111,133.0,99.7,0
2023-01-12,P111,125.0,99.73,0
2023-01-13,P111,139.0,99.75,0
2023-01-14,P111,77.0,99.77,0
2023-01-15,P111,28.0,99.79,0
2023-01-16,P111,131.0,99.81,0
2023-01-17,P111,110.0,99.84,0
2023-01-18,P111,154.0,99.86,0
2023-01-19,P111,124.0,99.88,0
2023-01-20,P111,120.0,99.9,0
2023-01-21,P111,74.0,99.92,0
2023-01-22,P111,27.0,99.94,0
2023-01-23,P111,143.0,99.96,0
2023-01-24,P111,142.0,99.99,0
2023-01-25,P111,133.0,100.01,0
2023-01-26,P111,131.0,100.03,0
2023-01-27,P111,105.0,100.05,0
2023-01-28,P111,65.0,100.07,0
2023-01-29,P111,29.0,100.09,0
2023-01-30,P111,114.0,100.11,0
2023-01-31,P111,120.0,100.13,0
2023-02-01,P111,115.0,100.16,0
2023-02-02,P111,126.0,100.18,0
2023-02-03,P111,136.0,100.2,0
2023-02-04,P111,68.0,100.22,0
2023-02-05,P111,20.0,100.24,0
2023-02-06,P111,132.0,100.26,0
2023-02-07,P111,122.0,100.28,0
2023-02-08,P111,132.0,100.3,0
2023-02-09,P111,119.0,100.32,0
2023-02-10,P111,104.0,100.34,0
2023-02-11,P111,63.0,100.36,0
2023-02-12,P111,24.0,100.38,0
2023-02-13,P111,125.0,100.4,0
2023-02-14,P111,113.0,100.42,0
2023-02-15,P111,107.0,100.44,0
2023-02-16,P111,128.0,100.46,0
2023-02-17,P111,126.0,100.48,0
2023-02-18,P111,66.0,100.49,0
2023-02-19,P111,23.0,100.51,0
2023-02-20,P111,108.0,100.53,0
2023-02-21,P111,113.0,100.55,0
2023-02-22,P111,131.0,100.57,0
2023-02-23,P111,105.0,100.59,0
2023-02-24,P111,121.0,100.61,0
2023-02-25,P111,65.0,100.62,0
2023-02-26,P111,27.0,100.64,0
2023-02-27,P111,129.0,100.66,0
2023-02-28,P111,127.0,100.68,0
2023-03-01,P111,98.0,100.7,0
2023-03-02,P111,121.0,100.71,0
2023-03-03,P111,109.0,100.73,0
2023-03-04,P111,56.0,100.75,0
2023-03-05,P111,27.0,100.76,0
2023-03-06,P111,111.0,100.78,0
2023-03-07,P111,110.0,100.8,0
2023-03-08,P111,128.0,100.81,0
2023-03-09,P111,106.0,100.83,0
2023-03-10,P111,98.0,100.85,0
2023-03-11,P111,50.0,100.86,0
2023-03-12,P111,21.0,100.88,0
2023-03-13,P111,101.0,100.89,0
2023-03-14,P111,122.0,100.91,0
2023-03-15,P111,99.0,100.93,0
2023-03-16,P111,86.0,100.94,0
2023-03-17,P111,106.0,100.96,0
2023-03-18,P111,52.0,100.97,0
2023-03-19,P111,22.0,100.99,0
2023-03-20,P111,123.0,101.0,0
2023-03-21,P111,112.0,101.01,0
2023-03-22,P111,127.0,101.03,0
2023-03-23,P111,105.0,101.04,0
2023-03-24,P111,112.0,101.06,0
2023-03-25,P111,52.0,101.07,0
2023-03-26,P111,22.0,101.08,0
2023-03-27,P111,95.0,101.1,0
2023-03-28,P111,100.0,101.11,0
2023-03-29,P111,104.0,101.12,0
2023-03-30,P111,89.0,101.13,0
2023-03-31,P111,100.0,101.15,0
2023-04-01,P111,52.0,101.16,0
2023-04-02,P111,22.0,101.17,0
2023-04-03,P111,89.0,101.18,0
2023-04-04,P111,116.0,101.19,0
2023-04-05,P111,125.0,101.2,0
2023-04-06,P111,119.0,101.21,0
2023-04-07,P111,117.0,101.23,0
2023-04-08,P111,53.0,101.24,0
2023-04-09,P111,20.0,101.25,0
2023-04-10,P111,107.0,101.26,0
2023-04-11,P111,103.0,101.27,0
2023-04-12,P111,84.0,101.28,0
2023-04-13,P111,109.0,101.29,0
2023-04-14,P111,93.0,101.29,0
2023-04-15,P111,44.0,101.3,0
2023-04-16,P111,20.0,101.31,0
2023-04-17,P111,98.0,101.32,0
2023-04-18,P111,104.0,101.33,0
2023-04-19,P111,102.0,101.34,0
2023-04-20,P111,114.0,101.35,0
2023-04-21,P111,81.0,101.35,0
2023-04-22,P111,51.0,101.36,0
2023-04-23,P111,19.0,101.37,0
2023-04-24,P111,113.0,101.37,0
2023-04-25,P111,97.0,101.38,0
2023-04-26,P111,97.0,101.39,0
2023-04-27,P111,174.0,101.39,1
2023-04-28,P111,107.0,101.4,0
2023-04-29,P111,59.0,101.41,0
2023-04-30,P111,17.0,101.41,0
2023-05-01,P111,104.0,101.42,0
2023-05-02,P111,105.0,101.42,0
2023-05-03,P111,100.0,101.43,0
2023-05-04,P111,98.0,101.43,0
2023-05-05,P111,106.0,101.44,0
2023-05-06,P111,57.0,101.44,0
2023-05-07,P111,22.0,101.44,0
2023-05-08,P111,210.0,101.45,1
2023-05-09,P111,127.0,101.45,0
2023-05-10,P111,95.0,101.45,0
2023-05-11,P111,80.0,101.46,0
2023-05-12,P111,90.0,101.46,0
2023-05-13,P111,51.0,101.46,0
2023-05-14,P111,23.0,101.46,0
2023-05-15,P111,92.0,101.47,0
2023-05-16,P111,107.0,101.47,0
2023-05-17,P111,83.0,101.47,0
2023-05-18,P111,108.0,101.47,0
2023-05-19,P111,93.0,101.47,0
2023-05-20,P111,85.0,101.47,1
2023-05-21,P111,25.0,101.47,0
2023-05-22,P111,109.0,101.47,0
2023-05-23,P111,90.0,101.47,0
2023-05-24,P111,99.0,101.47,0
2023-05-25,P111,126.0,101.47,0
2023-05-26,P111,113.0,101.47,0
2023-05-27,P111,56.0,101.47,0
2023-05-28,P111,16.0,101.47,0
2023-05-29,P111,113.0,101.47,0
2023-05-30,P111,95.0,101.47,0
2023-05-31,P111,115.0,101.46,0
2023-06-01,P111,90.0,101.46,0
2023-06-02,P111,98.0,101.46,0
2023-06-03,P111,48.0,101.46,0
2023-06-04,P111,20.0,101.45,0
2023-06-05,P111,106.0,101.45,0
2023-06-06,P111,88.0,101.45,0
2023-06-07,P111,128.0,101.44,0
2023-06-08,P111,88.0,101.44,0
2023-06-09,P111,83.0,101.43,0
2023-06-10,P111,56.0,101.43,0
2023-06-11,P111,24.0,101.43,0
2023-06-12,P111,97.0,101.42,0
2023-06-13,P111,92.0,101.42,0
2023-06-14,P111,92.0,101.41,0
2023-06-15,P111,89.0,101.4,0
2023-06-16,P111,99.0,101.4,0
2023-06-17,P111,52.0,101.39,0
2023-06-18,P111,22.0,101.39,0
2023-06-19,P111,106.0,101.38,0
2023-06-20,P111,116.0,101.37,0
2023-06-21,P111,100.0,101.37,0
2023-06-22,P111,94.0,101.36,0
2023-06-23,P111,99.0,101.35,0
2023-06-24,P111,53.0,101.34,0
2023-06-25,P111,22.0,101.34,0
2023-06-26,P111,96.0,101.33,0
2023-06-27,P111,116.0,101.32,0
2023-06-28,P111,93.0,101.31,0
2023-06-29,P111,99.0,101.3,0
2023-06-30,P111,192.0,101.29,1
2023-07-01,P111,48.0,101.28,0
2023-07-02,P111,24.0,101.27,0
2023-07-03,P111,90.0,101.26,0
2023-07-04,P111,91.0,101.25,0
2023-07-05,P111,91.0,101.24,0
2023-07-06,P111,107.0,101.23,0
2023-07-07,P111,109.0,101.22,0
2023-07-08,P111,64.0,101.21,0
2023-07-09,P111,25.0,101.2,0
2023-07-10,P111,119.0,101.19,0
2023-07-11,P111,103.0,101.18,0
2023-07-12,P111,101.0,101.17,0
2023-07-13,P111,118.0,101.15,0
2023-07-14,P111,120.0,101.14,0
2023-07-15,P111,51.0,101.13,0
2023-07-16,P111,26.0,101.12,0
2023-07-17,P111,88.0,101.1,0
2023-07-18,P111,121.0,101.09,0
2023-07-19,P111,113.0,101.08,0
2023-07-20,P111,109.0,101.07,0
2023-07-21,P111,107.0,101.05,0
2023-07-22,P111,53.0,101.04,0
2023-07-23,P111,25.0,101.02,0
2023-07-24,P111,115.0,101.01,0
2023-07-25,P111,131.0,101.0,0
2023-07-26,P111,137.0,100.98,0
2023-07-27,P111,116.0,100.97,0
2023-07-28,P111,99.0,100.95,0
2023-07-29,P111,53.0,100.94,0
2023-07-30,P111,29.0,100.92,0
2023-07-31,P111,137.0,100.91,0
2023-08-01,P111,134.0,100.89,0
2023-08-02,P111,121.0,100.88,0
2023-08-03,P111,128.0,100.86,0
2023-08-04,P111,128.0,100.84,0
2023-08-05,P111,58.0,100.83,0
2023-08-06,P111,25.0,100.81,0
2023-08-07,P111,105.0,100.79,0
2023-08-08,P111,123.0,100.78,0
2023-08-09,P111,144.0,100.76,0
2023-08-10,P111,250.0,100.74,1
2023-08-11,P111,117.0,100.73,0
2023-08-12,P111,69.0,100.71,1
2023-08-13,P111,24.0,100.69,0
2023-08-14,P111,125.0,100.67,0
2023-08-15,P111,125.0,100.66,0
2023-08-16,P111,127.0,100.64,0
2023-08-17,P111,127.0,100.62,0
2023-08-18,P111,111.0,100.6,0
2023-08-19,P111,65.0,100.58,0
2023-08-20,P111,26.0,100.57,0
2023-08-21,P111,117.0,100.55,0
2023-08-22,P111,158.0,100.53,0
2023-08-23,P111,123.0,100.51,0
2023-08-24,P111,95.0,100.49,0
2023-08-25,P111,145.0,100.47,0
2023-08-26,P111,61.0,100.45,0
2023-08-27,P111,29.0,100.43,0
2023-08-28,P111,120.0,100.41,0
2023-08-29,P111,143.0,100.39,0
2023-08-30,P111,132.0,100.37,0
2023-08-31,P111,144.0,100.35,0
2023-09-01,P111,121.0,100.33,0
2023-09-02,P111,63.0,100.31,0
2023-09-03,P111,28.0,100.29,0
2023-09-04,P111,127.0,100.27,0
2023-09-05,P111,109.0,100.25,0
2023-09-06,P111,127.0,100.23,0
2023-09-07,P111,175.0,100.21,0
2023-09-08,P111,101.0,100.19,0
2023-09-09,P111,72.0,100.17,0
2023-09-10,P111,27.0,100.15,0
2023-09-11,P111,163.0,100.13,0
2023-09-12,P111,124.0,100.11,0
2023-09-13,P111,141.0,100.09,0
2023-09-14,P111,146.0,100.07,0
2023-09-15,P111,127.0,100.04,0
2023-09-16,P111,65.0,100.02,0
2023-09-17,P111,29.0,100.0,0
2023-09-18,P111,134.0,99.98,0
2023-09-19,P111,139.0,99.96,0
2023-09-20,P111,156.0,99.94,0
2023-09-21,P111,144.0,99.92,0
2023-09-22,P111,140.0,99.89,0
2023-09-23,P111,76.0,99.87,0
2023-09-24,P111,32.0,99.85,0
2023-09-25,P111,161.0,99.83,0
2023-09-26,P111,142.0,99.81,0
2023-09-27,P111,158.0,99.79,0
2023-09-28,P111,121.0,99.76,0
2023-09-29,P111,101.0,99.74,0
2023-09-30,P111,89.0,99.72,0
2023-10-01,P111,29.0,99.7,0
2023-10-02,P111,148.0,99.68,0
2023-10-03,P111,129.0,99.65,0
2023-10-04,P111,126.0,99.63,0
2023-10-05,P111,132.0,99.61,0
2023-10-06,P111,146.0,99.59,0
2023-10-07,P111,71.0,99.57,0
2023-10-08,P111,29.0,99.54,0
2023-10-09,P111,134.0,99.52,0
2023-10-10,P111,171.0,99.5,0
2023-10-11,P111,163.0,99.48,0
2023-10-12,P111,138.0,99.46,0
2023-10-13,P111,149.0,99.43,0
2023-10-14,P111,74.0,99.41,0
2023-10-15,P111,29.0,99.39,0
2023-10-16,P111,238.0,99.37,1
2023-10-17,P111,164.0,99.34,0
2023-10-18,P111,136.0,99.32,0
2023-10-19,P111,155.0,99.3,0
2023-10-20,P111,179.0,99.28,0
2023-10-21,P111,79.0,99.26,0
2023-10-22,P111,55.0,99.23,1
2023-10-23,P111,148.0,99.21,0
2023-10-24,P111,163.0,99.19,0
2023-10-25,P111,126.0,99.17,0
2023-10-26,P111,176.0,99.15,0
2023-10-27,P111,157.0,99.13,0
2023-10-28,P111,72.0,99.1,0
2023-10-29,P111,31.0,99.08,0
2023-10-30,P111,141.0,99.06,0
2023-10-31,P111,162.0,99.04,0
2023-11-01,P111,155.0,99.02,0
2023-11-02,P111,153.0,99.0,0
2023-11-03,P111,127.0,98.97,0
2023-11-04,P111,74.0,98.95,0
2023-11-05,P111,35.0,98.93,0
2023-11-06,P111,143.0,98.91,0
2023-11-07,P111,112.0,98.89,0
2023-11-08,P111,152.0,98.87,0
2023-11-09,P111,190.0,98.85,0
2023-11-10,P111,157.0,98.83,0
2023-11-11,P111,74.0,98.81,0
2023-11-12,P111,31.0,98.79,0
2023-11-13,P111,164.0,98.76,0
2023-11-14,P111,251.0,98.74,1
2023-11-15,P111,141.0,98.72,0
2023-11-16,P111,158.0,98.7,0
2023-11-17,P111,169.0,98.68,0
2023-11-18,P111,75.0,98.66,0
2023-11-19,P111,37.0,98.64,0
2023-11-20,P111,140.0,98.62,0
2023-11-21,P111,99.0,98.6,0
2023-11-22,P111,168.0,98.58,0
2023-11-23,P111,160.0,98.56,0
2023-11-24,P111,155.0,98.54,0
2023-11-25,P111,85.0,98.52,0
2023-11-26,P111,32.0,98.5,0
2023-11-27,P111,148.0,98.49,0
2023-11-28,P111,154.0,98.47,0
2023-11-29,P111,147.0,98.45,0
2023-11-30,P111,144.0,98.43,0
2023-12-01,P111,115.0,98.41,0
2023-12-02,P111,68.0,98.39,0
2023-12-03,P111,31.0,98.37,0
2023-12-04,P111,114.0,98.36,0
2023-12-05,P111,123.0,98.34,0
2023-12-06,P111,149.0,98.32,0
2023-12-07,P111,148.0,98.3,0
2023-12-08,P111,138.0,98.28,0
2023-12-09,P111,58.0,98.27,0
2023-12-10,P111,37.0,98.25,0
2023-12-11,P111,127.0,98.23,0
2023-12-12,P111,142.0,98.21,0
2023-12-13,P111,132.0,98.2,0
2023-12-14,P111,344.0,98.18,1
2023-12-15,P111,148.0,98.16,0
2023-12-16,P111,74.0,98.15,0
2023-12-17,P111,29.0,98.13,0
2023-12-18,P111,153.0,98.11,0
2023-12-19,P111,134.0,98.1,0
2023-12-20,P111,159.0,98.08,0
2023-12-21,P111,139.0,98.07,0
2023-12-22,P111,148.0,98.05,0
2023-12-23,P111,81.0,98.04,0
2023-12-24,P111,29.0,98.02,0
2023-12-25,P111,115.0,98.01,0
2023-12-26,P111,149.0,97.99,0
2023-12-27,P111,126.0,97.98,0
2023-12-28,P111,147.0,97.96,0
2023-12-29,P111,135.0,97.95,0
2023-12-30,P111,71.0,97.93,0
2023-12-31,P111,26.0,97.92,0
2024-01-01,P111,165.0,97.91,0
2024-01-02,P111,144.0,97.89,0
2024-01-03,P111,187.0,97.88,0
2024-01-04,P111,276.0,97.87,1
2024-01-05,P111,142.0,97.86,0
2024-01-06,P111,75.0,97.84,0
2024-01-07,P111,31.0,97.83,0
2024-01-08,P111,162.0,97.82,0
2024-01-09,P111,167.0,97.81,0
2024-01-10,P111,118.0,97.79,0
2024-01-11,P111,155.0,97.78,0
2024-01-12,P111,142.0,97.77,0
2024-01-13,P111,74.0,97.76,0
2024-01-14,P111,35.0,97.75,0
2024-01-15,P111,280.0,97.74,1
2024-01-16,P111,161.0,97.73,0
2024-01-17,P111,135.0,97.72,0
2024-01-18,P111,121.0,97.71,0
2024-01-19,P111,143.0,97.7,0
2024-01-20,P111,158.0,97.69,1
2024-01-21,P111,23.0,97.68,0
2024-01-22,P111,156.0,97.67,0
2024-01-23,P111,140.0,97.66,0
2024-01-24,P111,113.0,97.65,0
2024-01-25,P111,310.0,97.64,1
2024-01-26,P111,143.0,97.63,0
2024-01-27,P111,69.0,97.63,0
2024-01-28,P111,25.0,97.62,0
2024-01-29,P111,162.0,97.61,0
2024-01-30,P111,131.0,97.6,0
2024-01-31,P111,156.0,97.6,0
2024-02-01,P111,112.0,97.59,0
2024-02-02,P111,133.0,97.58,0
2024-02-03,P111,73.0,97.58,0
2024-02-04,P111,31.0,97.57,0
2024-02-05,P111,156.0,97.56,0
2024-02-06,P111,126.0,97.56,0
2024-02-07,P111,143.0,97.55,0
2024-02-08,P111,112.0,97.55,0
2024-02-09,P111,106.0,97.54,0
2024-02-10,P111,64.0,97.54,0
2024-02-11,P111,28.0,97.53,0
2024-02-12,P111,155.0,97.53,0
2024-02-13,P111,163.0,97.53,0
2024-02-14,P111,127.0,97.52,0
2024-02-15,P111,133.0,97.52,0
2024-02-16,P111,135.0,97.51,0
2024-02-17,P111,72.0,97.51,0
2024-02-18,P111,26.0,97.51,0
2024-02-19,P111,129.0,97.51,0
2024-02-20,P111,131.0,97.5,0
2024-02-21,P111,127.0,97.5,0
2024-02-22,P111,121.0,97.5,0
2024-02-23,P111,118.0,97.5,0
2024-02-24,P111,62.0,97.5,0
2024-02-25,P111,23.0,97.5,0
2024-02-26,P111,137.0,97.49,0
2024-02-27,P111,137.0,97.49,0
2024-02-28,P111,153.0,97.49,0
2024-02-29,P111,128.0,97.49,0
2024-03-01,P111,111.0,97.49,0
2024-03-02,P111,59.0,97.49,0
2024-03-03,P111,26.0,97.49,0
2024-03-04,P111,130.0,97.5,0
2024-03-05,P111,123.0,97.5,0
2024-03-06,P111,104.0,97.5,0
2024-03-07,P111,110.0,97.5,0
2024-03-08,P111,114.0,97.5,0
2024-03-09,P111,67.0,97.5,0
2024-03-10,P111,21.0,97.51,0
2024-03-11,P111,123.0,97.51,0
2024-03-12,P111,127.0,97.51,0
2024-03-13,P111,115.0,97.51,0
2024-03-14,P111,110.0,97.52,0
2024-03-15,P111,102.0,97.52,0
2024-03-16,P111,62.0,97.52,0
2024-03-17,P111,27.0,97.53,0
2024-03-18,P111,132.0,97.53,0
2024-03-19,P111,106.0,97.54,0
2024-03-20,P111,116.0,97.54,0
2024-03-21,P111,87.0,97.55,0
2024-03-22,P111,110.0,97.55,0
2024-03-23,P111,64.0,97.56,0
2024-03-24,P111,28.0,97.56,0
2024-03-25,P111,92.0,97.57,0
2024-03-26,P111,160.0,97.58,1
2024-03-27,P111,118.0,97.58,0
2024-03-28,P111,92.0,97.59,0
2024-03-29,P111,109.0,97.6,0
2024-03-30,P111,63.0,97.6,0
2024-03-31,P111,20.0,97.61,0
2024-04-01,P111,114.0,97.62,0
2024-04-02,P111,101.0,97.62,0
2024-04-03,P111,131.0,97.63,0
2024-04-04,P111,226.0,97.64,1
2024-04-05,P111,97.0,97.65,0
2024-04-06,P111,50.0,97.66,0
2024-04-07,P111,24.0,97.67,0
2024-04-08,P111,127.0,97.68,0
2024-04-09,P111,105.0,97.69,0
2024-04-10,P111,106.0,97.7,0
2024-04-11,P111,100.0,97.71,0
2024-04-12,P111,121.0,97.72,0
2024-04-13,P111,45.0,97.73,0
2024-04-14,P111,26.0,97.74,0
2024-04-15,P111,104.0,97.75,0
2024-04-16,P111,112.0,97.76,0
2024-04-17,P111,106.0,97.77,0
2024-04-18,P111,110.0,97.78,0
2024-04-19,P111,94.0,97.79,0
2024-04-20,P111,62.0,97.8,0
2024-04-21,P111,25.0,97.82,0
2024-04-22,P111,96.0,97.83,0
2024-04-23,P111,119.0,97.84,0
2024-04-24,P111,105.0,97.85,0
2024-04-25,P111,107.0,97.86,0
2024-04-26,P111,118.0,97.88,0
2024-04-27,P111,51.0,97.89,0
2024-04-28,P111,24.0,97.9,0
2024-04-29,P111,112.0,97.92,0
2024-04-30,P111,108.0,97.93,0
2024-05-01,P111,113.0,97.95,0
2024-05-02,P111,108.0,97.96,0
2024-05-03,P111,87.0,97.97,0
2024-05-04,P111,51.0,97.99,0
2024-05-05,P111,19.0,98.0,0
2024-05-06,P111,103.0,98.02,0
2024-05-07,P111,126.0,98.03,0
2024-05-08,P111,115.0,98.05,0
2024-05-09,P111,88.0,98.06,0
2024-05-10,P111,97.0,98.08,0
2024-05-11,P111,56.0,98.1,0
2024-05-12,P111,24.0,98.11,0
2024-05-13,P111,98.0,98.13,0
2024-05-14,P111,95.0,98.14,0
2024-05-15,P111,107.0,98.16,0
2024-05-16,P111,111.0,98.18,0
2024-05-17,P111,102.0,98.19,0
2024-05-18,P111,49.0,98.21,0
2024-05-19,P111,26.0,98.23,0
2024-05-20,P111,105.0,98.24,0
2024-05-21,P111,112.0,98.26,0
2024-05-22,P111,100.0,98.28,0
2024-05-23,P111,118.0,98.3,0
2024-05-24,P111,106.0,98.31,0
2024-05-25,P111,107.0,98.33,1
2024-05-26,P111,41.0,98.35,1
2024-05-27,P111,119.0,98.37,0
2024-05-28,P111,120.0,98.39,0
2024-05-29,P111,121.0,98.41,0
2024-05-30,P111,106.0,98.42,0
2024-05-31,P111,100.0,98.44,0
2024-06-01,P111,54.0,98.46,0
2024-06-02,P111,28.0,98.48,0
2024-06-03,P111,101.0,98.5,0
2024-06-04,P111,97.0,98.52,0
2024-06-05,P111,105.0,98.54,0
2024-06-06,P111,100.0,98.56,0
2024-06-07,P111,116.0,98.58,0
2024-06-08,P111,48.0,98.6,0
2024-06-09,P111,21.0,98.62,0
2024-06-10,P111,111.0,98.64,0
2024-06-11,P111,128.0,98.66,0
2024-06-12,P111,120.0,98.68,0
2024-06-13,P111,127.0,98.7,0
2024-06-14,P111,107.0,98.72,0
2024-06-15,P111,56.0,98.74,0
2024-06-16,P111,25.0,98.76,0
2024-06-17,P111,93.0,98.78,0
2024-06-18,P111,93.0,98.8,0
2024-06-19,P111,125.0,98.82,0
2024-06-20,P111,231.0,98.84,1
2024-06-21,P111,116.0,98.86,0
2024-06-22,P111,52.0,98.88,0
2024-06-23,P111,26.0,98.91,0
2024-06-24,P111,120.0,98.93,0
2024-06-25,P111,116.0,98.95,0
2024-06-26,P111,117.0,98.97,0
2024-06-27,P111,116.0,98.99,0
2024-06-28,P111,97.0,99.01,0
2024-06-29,P111,56.0,99.03,0
2024-06-30,P111,24.0,99.06,0
2024-07-01,P111,215.0,99.08,1
2024-07-02,P111,100.0,99.1,0
2024-07-03,P111,121.0,99.12,0
2024-07-04,P111,125.0,99.14,0
2024-07-05,P111,122.0,99.16,0
2024-07-06,P111,64.0,99.19,0
2024-07-07,P111,26.0,99.21,0
2024-07-08,P111,129.0,99.23,0
2024-07-09,P111,123.0,99.25,0
2024-07-10,P111,92.0,99.27,0
2024-07-11,P111,132.0,99.3,0
2024-07-12,P111,101.0,99.32,0
2024-07-13,P111,54.0,99.34,0
2024-07-14,P111,22.0,99.36,0
2024-07-15,P111,152.0,99.38,0
2024-07-16,P111,131.0,99.41,0
2024-07-17,P111,109.0,99.43,0
2024-07-18,P111,111.0,99.45,0
2024-07-19,P111,114.0,99.47,0
2024-07-20,P111,67.0,99.49,0
2024-07-21,P111,26.0,99.52,0
2024-07-22,P111,110.0,99.54,0
2024-07-23,P111,132.0,99.56,0
2024-07-24,P111,117.0,99.58,0
2024-07-25,P111,137.0,99.6,0
2024-07-26,P111,118.0,99.63,0
2024-07-27,P111,59.0,99.65,0
2024-07-28,P111,28.0,99.67,0
2024-07-29,P111,131.0,99.69,0
2024-07-30,P111,124.0,99.72,0
2024-07-31,P111,139.0,99.74,0
2024-08-01,P111,135.0,99.76,0
2024-08-02,P111,136.0,99.78,0
2024-08-03,P111,72.0,99.8,0
2024-08-04,P111,26.0,99.82,0
2024-08-05,P111,105.0,99.85,0
2024-08-06,P111,247.0,99.87,1
2024-08-07,P111,138.0,99.89,0
2024-08-08,P111,130.0,99.91,0
2024-08-09,P111,83.0,99.93,0
2024-08-10,P111,73.0,99.95,0
2024-08-11,P111,25.0,99.98,0
2024-08-12,P111,143.0,100.0,0
2024-08-13,P111,164.0,100.02,0
2024-08-14,P111,132.0,100.04,0
2024-08-15,P111,139.0,100.06,0
2024-08-16,P111,127.0,100.08,0
2024-08-17,P111,74.0,100.1,0
2024-08-18,P111,28.0,100.12,0
2024-08-19,P111,128.0,100.14,0
2024-08-20,P111,127.0,100.17,0
2024-08-21,P111,164.0,100.19,0
2024-08-22,P111,143.0,100.21,0
2024-08-23,P111,142.0,100.23,0
2024-08-24,P111,75.0,100.25,0
2024-08-25,P111,32.0,100.27,0
2024-08-26,P111,126.0,100.29,0
2024-08-27,P111,146.0,100.31,0
2024-08-28,P111,151.0,100.33,0
2024-08-29,P111,159.0,100.35,0
2024-08-30,P111,173.0,100.37,0
2024-08-31,P111,77.0,100.39,0
2024-09-01,P111,27.0,100.41,0
2024-09-02,P111,124.0,100.43,0
2024-09-03,P111,134.0,100.45,0
2024-09-04,P111,134.0,100.47,0
2024-09-05,P111,97.0,100.49,0
2024-09-06,P111,126.0,100.5,0
2024-09-07,P111,81.0,100.52,0
2024-09-08,P111,30.0,100.54,0
2024-09-09,P111,142.0,100.56,0
2024-09-10,P111,125.0,100.58,0
2024-09-11,P111,167.0,100.6,0
2024-09-12,P111,154.0,100.62,0
2024-09-13,P111,139.0,100.63,0
2024-09-14,P111,58.0,100.65,0
2024-09-15,P111,29.0,100.67,0
2024-09-16,P111,156.0,100.69,0
2024-09-17,P111,155.0,100.71,0
2024-09-18,P111,156.0,100.72,0
2024-09-19,P111,160.0,100.74,0
2024-09-20,P111,145.0,100.76,0
2024-09-21,P111,84.0,100.77,0
2024-09-22,P111,29.0,100.79,0
2024-09-23,P111,132.0,100.81,0
2024-09-24,P111,167.0,100.82,0
2024-09-25,P111,167.0,100.84,0
2024-09-26,P111,160.0,100.86,0
2024-09-27,P111,147.0,100.87,0
2024-09-28,P111,77.0,100.89,0
2024-09-29,P111,33.0,100.9,0
2024-09-30,P111,161.0,100.92,0
2024-10-01,P111,169.0,100.93,0
2024-10-02,P111,204.0,100.95,0
2024-10-03,P111,139.0,100.96,0
2024-10-04,P111,200.0,100.98,0
2024-10-05,P111,70.0,100.99,0
2024-10-06,P111,34.0,101.01,0
2024-10-07,P111,137.0,101.02,0
2024-10-08,P111,169.0,101.03,0
2024-10-09,P111,178.0,101.05,0
2024-10-10,P111,157.0,101.06,0
2024-10-11,P111,165.0,101.08,0
2024-10-12,P111,79.0,101.09,0
2024-10-13,P111,26.0,101.1,0
2024-10-14,P111,170.0,101.11,0
2024-10-15,P111,166.0,101.13,0
2024-10-16,P111,154.0,101.14,0
2024-10-17,P111,151.0,101.15,0
2024-10-18,P111,158.0,101.16,0
2024-10-19,P111,76.0,101.18,0
2024-10-20,P111,35.0,101.19,0
2024-10-21,P111,182.0,101.2,0
2024-10-22,P111,205.0,101.21,0
2024-10-23,P111,190.0,101.22,0
2024-10-24,P111,163.0,101.23,0
2024-10-25,P111,157.0,101.24,0
2024-10-26,P111,80.0,101.25,0
2024-10-27,P111,32.0,101.26,0
2024-10-28,P111,178.0,101.27,0
2024-10-29,P111,163.0,101.28,0
2024-10-30,P111,173.0,101.29,0
2024-10-31,P111,144.0,101.3,0
2024-11-01,P111,177.0,101.31,0
2024-11-02,P111,82.0,101.32,0
2024-11-03,P111,38.0,101.33,0
2024-11-04,P111,151.0,101.33,0
2024-11-05,P111,156.0,101.34,0
2024-11-06,P111,191.0,101.35,0
2024-11-07,P111,151.0,101.36,0
2024-11-08,P111,128.0,101.36,0
2024-11-09,P111,75.0,101.37,0
2024-11-10,P111,37.0,101.38,0
2024-11-11,P111,178.0,101.38,0
2024-11-12,P111,156.0,101.39,0
2024-11-13,P111,156.0,101.4,0
2024-11-14,P111,175.0,101.4,0
2024-11-15,P111,272.0,101.41,1
2024-11-16,P111,85.0,101.41,0
2024-11-17,P111,36.0,101.42,0
2024-11-18,P111,276.0,101.42,1
2024-11-19,P111,211.0,101.43,0
2024-11-20,P111,146.0,101.43,0
2024-11-21,P111,151.0,101.44,0
2024-11-22,P111,147.0,101.44,0
2024-11-23,P111,93.0,101.45,0
2024-11-24,P111,33.0,101.45,0
2024-11-25,P111,170.0,101.45,0
2024-11-26,P111,173.0,101.46,0
2024-11-27,P111,168.0,101.46,0
2024-11-28,P111,165.0,101.46,0
2024-11-29,P111,173.0,101.46,0
2024-11-30,P111,118.0,101.47,1
2024-12-01,P111,34.0,101.47,0
2024-12-02,P111,142.0,101.47,0
2024-12-03,P111,174.0,101.47,0
2024-12-04,P111,163.0,101.47,0
2024-12-05,P111,181.0,101.47,0
2024-12-06,P111,154.0,101.47,0
2024-12-07,P111,81.0,101.47,0
2024-12-08,P111,33.0,101.47,0
2024-12-09,P111,303.0,101.47,1
2024-12-10,P111,140.0,101.47,0
2024-12-11,P111,154.0,101.47,0
2024-12-12,P111,162.0,101.47,0
2024-12-13,P111,143.0,101.47,0
2024-12-14,P111,89.0,101.47,0
2024-12-15,P111,33.0,101.47,0
2024-12-16,P111,166.0,101.46,0
2024-12-17,P111,170.0,101.46,0
2024-12-18,P111,163.0,101.46,0
2024-12-19,P111,137.0,101.46,0
2024-12-20,P111,155.0,101.45,0
2024-12-21,P111,67.0,101.45,0
2024-12-22,P111,31.0,101.45,0
2024-12-23,P111,169.0,101.44,0
2024-12-24,P111,188.0,101.44,0
2024-12-25,P111,205.0,101.44,0
2024-12-26,P111,151.0,101.43,0
2024-12-27,P111,136.0,101.43,0
2024-12-28,P111,87.0,101.42,0
2024-12-29,P111,40.0,101.42,0
2024-12-30,P111,185.0,101.41,0
2024-12-31,P111,145.0,101.41,0
2025-01-01,P111,159.0,101.4,0
2025-01-02,P111,171.0,101.4,0
2025-01-03,P111,164.0,101.39,0
2025-01-04,P111,87.0,101.38,0
2025-01-05,P111,31.0,101.38,0
2025-01-06,P111,166.0,101.37,0
2025-01-07,P111,179.0,101.36,0
2025-01-08,P111,142.0,101.35,0
2025-01-09,P111,176.0,101.35,0
2025-01-10,P111,162.0,101.34,0
2025-01-11,P111,74.0,101.33,0
2025-01-12,P111,35.0,101.32,0
2025-01-13,P111,168.0,101.31,0
2025-01-14,P111,174.0,101.31,0
2025-01-15,P111,183.0,101.3,0
2025-01-16,P111,151.0,101.29,0
2025-01-17,P111,149.0,101.28,0
2025-01-18,P111,56.0,101.27,0
2025-01-19,P111,35.0,101.26,0
2025-01-20,P111,168.0,101.25,0
2025-01-21,P111,287.0,101.24,1
2025-01-22,P111,138.0,101.23,0
2025-01-23,P111,164.0,101.22,0
2025-01-24,P111,157.0,101.21,0
2025-01-25,P111,72.0,101.19,0
2025-01-26,P111,34.0,101.18,0
2025-01-27,P111,156.0,101.17,0
2025-01-28,P111,125.0,101.16,0
2025-01-29,P111,160.0,101.15,0
2025-01-30,P111,133.0,101.14,0
2025-01-31,P111,113.0,101.12,0
2025-02-01,P111,79.0,101.11,0
2025-02-02,P111,30.0,101.1,0
2025-02-03,P111,168.0,101.09,0
2025-02-04,P111,153.0,101.07,0
2025-02-05,P111,160.0,101.06,0
2025-02-06,P111,151.0,101.04,0
2025-02-07,P111,151.0,101.03,0
2025-02-08,P111,115.0,101.02,1
2025-02-09,P111,30.0,101.0,0
2025-02-10,P111,140.0,100.99,0
2025-02-11,P111,158.0,100.97,0
2025-02-12,P111,148.0,100.96,0
2025-02-13,P111,130.0,100.94,0
2025-02-14,P111,128.0,100.93,0
2025-02-15,P111,86.0,100.91,0
2025-02-16,P111,24.0,100.9,0
2025-02-17,P111,150.0,100.88,0
2025-02-18,P111,164.0,100.87,0
2025-02-19,P111,150.0,100.85,0
2025-02-20,P111,166.0,100.84,0
2025-02-21,P111,143.0,100.82,0
2025-02-22,P111,74.0,100.8,0
2025-02-23,P111,27.0,100.79,0
2025-02-24,P111,142.0,100.77,0
2025-02-25,P111,,100.75,0
2025-02-26,P111,138.0,100.73,0
2025-02-27,P111,122.0,100.72,0
2025-02-28,P111,110.0,100.7,0
2025-03-01,P111,71.0,100.68,0
2025-03-02,P111,23.0,100.66,0
2025-03-03,P111,126.0,100.65,0
2025-03-04,P111,101.0,100.63,0
2025-03-05,P111,147.0,100.61,0
2025-03-06,P111,147.0,100.59,0
2025-03-07,P111,125.0,100.57,0
2025-03-08,P111,81.0,100.56,0
2025-03-09,P111,31.0,100.54,0
2025-03-10,P111,137.0,100.52,0
2025-03-11,P111,133.0,100.5,0
2025-03-12,P111,126.0,100.48,0
2025-03-13,P111,135.0,100.46,0
2025-03-14,P111,119.0,100.44,0
2025-03-15,P111,70.0,100.42,0
2025-03-16,P111,28.0,100.4,0
2025-03-17,P111,124.0,100.38,0
2025-03-18,P111,147.0,100.36,0
2025-03-19,P111,125.0,100.34,0
2025-03-20,P111,125.0,100.32,0
2025-03-21,P111,106.0,100.3,0
2025-03-22,P111,63.0,100.28,0
2025-03-23,P111,32.0,100.26,0
2025-03-24,P111,112.0,100.24,0
2025-03-25,P111,135.0,100.22,0
2025-03-26,P111,120.0,100.2,0
2025-03-27,P111,92.0,100.18,0
2025-03-28,P111,123.0,100.16,0
2025-03-29,P111,60.0,100.14,0
2025-03-30,P111,26.0,100.12,0
2025-03-31,P111,135.0,100.1,0
2025-04-01,P111,129.0,100.08,0
2025-04-02,P111,128.0,100.05,0
2025-04-03,P111,108.0,100.03,0
2025-04-04,P111,123.0,100.01,0
2025-04-05,P111,61.0,99.99,0
2025-04-06,P111,19.0,99.97,0
2025-04-07,P111,131.0,99.95,0
2025-04-08,P111,139.0,99.93,0
2025-04-09,P111,141.0,99.91,0
2025-04-10,P111,146.0,99.88,0
2025-04-11,P111,121.0,99.86,0
2025-04-12,P111,65.0,99.84,0
2025-04-13,P111,27.0,99.82,0
2025-04-14,P111,106.0,99.8,0
2025-04-15,P111,100.0,99.77,0
2025-04-16,P111,113.0,99.75,0
2025-04-17,P111,132.0,99.73,0
2025-04-18,P111,102.0,99.71,0
2025-04-19,P111,64.0,99.69,0
2025-04-20,P111,26.0,99.66,0
2025-04-21,P111,119.0,99.64,0
2025-04-22,P111,104.0,99.62,0
2025-04-23,P111,123.0,99.6,0
2025-04-24,P111,109.0,99.58,0
2025-04-25,P111,130.0,99.55,0
2025-04-26,P111,67.0,99.53,0
2025-04-27,P111,23.0,99.51,0
2025-04-28,P111,138.0,99.49,0
2025-04-29,P111,124.0,99.47,0
2025-04-30,P111,96.0,99.44,0
2025-05-01,P111,113.0,99.42,0
2025-05-02,P111,128.0,99.4,0
2025-05-03,P111,54.0,99.38,0
2025-05-04,P111,24.0,99.36,0
2025-05-05,P111,97.0,99.33,0
2025-05-06,P111,103.0,99.31,0
2025-05-07,P111,106.0,99.29,0
2025-05-08,P111,98.0,99.27,0
2025-05-09,P111,100.0,99.25,0
2025-05-10,P111,71.0,99.22,0
2025-05-11,P111,24.0,99.2,0
2025-05-12,P111,124.0,99.18,0
2025-05-13,P111,133.0,99.16,0
2025-05-14,P111,102.0,99.14,0
2025-05-15,P111,103.0,99.11,0
2025-05-16,P111,117.0,99.09,0
2025-05-17,P111,55.0,99.07,0
2025-05-18,P111,25.0,99.05,0
2025-05-19,P111,135.0,99.03,0
2025-05-20,P111,99.0,99.01,0
2025-05-21,P111,112.0,98.99,0
2025-05-22,P111,111.0,98.96,0
2025-05-23,P111,102.0,98.94,0
2025-05-24,P111,55.0,98.92,0
2025-05-25,P111,22.0,98.9,0
2025-05-26,P111,114.0,98.88,0
2025-05-27,P111,121.0,98.86,0
2025-05-28,P111,129.0,98.84,0
2025-05-29,P111,195.0,98.82,1
2025-05-30,P111,122.0,98.8,0
2025-05-31,P111,56.0,98.77,0
2025-06-01,P111,21.0,98.75,0
2025-06-02,P111,112.0,98.73,0
2025-06-03,P111,126.0,98.71,0
2025-06-04,P111,129.0,98.69,0
2025-06-05,P111,133.0,98.67,0
2025-06-06,P111,113.0,98.65,0
2025-06-07,P111,65.0,98.63,0
2025-06-08,P111,28.0,98.61,0
2025-06-09,P111,107.0,98.59,0
2025-06-10,P111,118.0,98.57,0
2025-06-11,P111,156.0,98.55,0
2025-06-12,P111,127.0,98.53,0
2025-06-13,P111,117.0,98.51,0
2025-06-14,P111,,98.5,0
2025-06-15,P111,21.0,98.48,0
2025-06-16,P111,110.0,98.46,0
2025-06-17,P111,109.0,98.44,0
2025-06-18,P111,237.0,98.42,1
2025-06-19,P111,113.0,98.4,0
2025-06-20,P111,114.0,98.38,0
2025-06-21,P111,60.0,98.36,0
2025-06-22,P111,20.0,98.35,0
2025-06-23,P111,132.0,98.33,0
2025-06-24,P111,101.0,98.31,0
2025-06-25,P111,113.0,98.29,0
2025-06-26,P111,103.0,98.27,0
2025-06-27,P111,104.0,98.26,0
2025-06-28,P111,65.0,98.24,0
2025-06-29,P111,29.0,98.22,0
2025-06-30,P111,102.0,98.21,0
2025-07-01,P111,120.0,98.19,0
2025-07-02,P111,217.0,98.17,1
2025-07-03,P111,114.0,98.16,0
2025-07-04,P111,118.0,98.14,0
2025-07-05,P111,70.0,98.12,0
2025-07-06,P111,20.0,98.11,0
2025-07-07,P111,133.0,98.09,0
2025-07-08,P111,117.0,98.07,0
2025-07-09,P111,111.0,98.06,0
2025-07-10,P111,126.0,98.04,0
2025-07-11,P111,128.0,98.03,0
2025-07-12,P111,65.0,98.01,0
2025-07-13,P111,23.0,98.0,0
2025-07-14,P111,127.0,97.98,0
2025-07-15,P111,123.0,97.97,0
2025-07-16,P111,140.0,97.96,0
2025-07-17,P111,144.0,97.94,0
2025-07-18,P111,136.0,97.93,0
2025-07-19,P111,68.0,97.91,0
2025-07-20,P111,31.0,97.9,0
2025-07-21,P111,117.0,97.89,0
2025-07-22,P111,164.0,97.87,0
2025-07-23,P111,120.0,97.86,0
2025-07-24,P111,102.0,97.85,0
2025-07-25,P111,145.0,97.84,0
2025-07-26,P111,64.0,97.82,0
2025-07-27,P111,59.0,97.81,1
2025-07-28,P111,120.0,97.8,0
2025-07-29,P111,177.0,97.79,0
2025-07-30,P111,166.0,97.78,0
2025-07-31,P111,158.0,97.77,0
2025-08-01,P111,130.0,97.75,0
2025-08-02,P111,79.0,97.74,0
2025-08-03,P111,28.0,97.73,0
2025-08-04,P111,156.0,97.72,0
2025-08-05,P111,138.0,97.71,0
2025-08-06,P111,167.0,97.7,0
2025-08-07,P111,132.0,97.69,0
2025-08-08,P111,198.0,97.68,1
2025-08-09,P111,69.0,97.67,0
2025-08-10,P111,30.0,97.66,0
2025-08-11,P111,136.0,97.66,0
2025-08-12,P111,156.0,97.65,0
2025-08-13,P111,138.0,97.64,0
2025-08-14,P111,155.0,97.63,0
2025-08-15,P111,159.0,97.62,0
2025-08-16,P111,76.0,97.61,0
2025-08-17,P111,38.0,97.61,0
2025-08-18,P111,164.0,97.6,0
2025-08-19,P111,188.0,97.59,0
2025-08-20,P111,149.0,97.59,0
2025-08-21,P111,119.0,97.58,0
2025-08-22,P111,129.0,97.57,0
2025-08-23,P111,72.0,97.57,0
2025-08-24,P111,28.0,97.56,0
2025-08-25,P111,113.0,97.56,0
2025-08-26,P111,173.0,97.55,0
2025-08-27,P111,122.0,97.55,0
2025-08-28,P111,165.0,97.54,0
2025-08-29,P111,177.0,97.54,0
2025-08-30,P111,72.0,97.53,0
2025-08-31,P111,33.0,97.53,0
2025-09-01,P111,146.0,97.52,0
2025-09-02,P111,174.0,97.52,0
2025-09-03,P111,136.0,97.52,0
2025-09-04,P111,151.0,97.51,0
2025-09-05,P111,164.0,97.51,0
2025-09-06,P111,80.0,97.51,0
2025-09-07,P111,27.0,97.5,0
2025-09-08,P111,178.0,97.5,0
2025-09-09,P111,140.0,97.5,0
2025-09-10,P111,162.0,97.5,0
2025-09-11,P111,167.0,97.5,0
2025-09-12,P111,152.0,97.5,0
2025-09-13,P111,106.0,97.5,0
2025-09-14,P111,36.0,97.49,0
2025-09-15,P111,157.0,97.49,0
2025-09-16,P111,178.0,97.49,0
2025-09-17,P111,168.0,97.49,0
2025-09-18,P111,161.0,97.49,0
2025-09-19,P111,157.0,97.49,0
2025-09-20,P111,80.0,97.49,0
2025-09-21,P111,35.0,97.5,0
2025-09-22,P111,154.0,97.5,0
2025-09-23,P111,135.0,97.5,0
2025-09-24,P111,188.0,97.5,0
2025-09-25,P111,153.0,97.5,0
2025-09-26,P111,158.0,97.5,0
2025-09-27,P111,79.0,97.51,0
2025-09-28,P111,32.0,97.51,0
2025-09-29,P111,147.0,97.51,0
2025-09-30,P111,191.0,97.52,0
2025-10-01,P111,193.0,97.52,0
2025-10-02,P111,166.0,97.52,0
2025-10-03,P111,149.0,97.53,0
2025-10-04,P111,139.0,97.53,1
2025-10-05,P111,38.0,97.53,0
2025-10-06,P111,156.0,97.54,0
2025-10-07,P111,154.0,97.54,0
2025-10-08,P111,174.0,97.55,0
2025-10-09,P111,162.0,97.55,0
2025-10-10,P111,134.0,97.56,0
2025-10-11,P111,75.0,97.57,0
2025-10-12,P111,37.0,97.57,0
2025-10-13,P111,159.0,97.58,0
2025-10-14,P111,188.0,97.58,0
2025-10-15,P111,178.0,97.59,0
2025-10-16,P111,190.0,97.6,0
2025-10-17,P111,148.0,97.61,0
2025-10-18,P111,92.0,97.61,0
2025-10-19,P111,38.0,97.62,0
2025-10-20,P111,162.0,97.63,0
2025-10-21,P111,203.0,97.64,0
2025-10-22,P111,145.0,97.65,0
2025-10-23,P111,157.0,97.65,0
2025-10-24,P111,134.0,97.66,0
2025-10-25,P111,83.0,97.67,0
2025-10-26,P111,36.0,97.68,0
2025-10-27,P111,191.0,97.69,0
2025-10-28,P111,179.0,97.7,0
2025-10-29,P111,167.0,97.71,0
2025-10-30,P111,144.0,97.72,0
2025-10-31,P111,144.0,97.73,0
2025-11-01,P111,95.0,97.74,0
2025-11-02,P111,40.0,97.75,0
2025-11-03,P111,168.0,97.76,0
2025-11-04,P111,208.0,97.77,0
2025-11-05,P111,161.0,97.79,0
2025-11-06,P111,168.0,97.8,0
2025-11-07,P111,161.0,97.81,0
2025-11-08,P111,107.0,97.82,0
2025-11-09,P111,37.0,97.83,0
2025-11-10,P111,142.0,97.85,0
2025-11-11,P111,203.0,97.86,0
2025-11-12,P111,218.0,97.87,0
2025-11-13,P111,171.0,97.88,0
2025-11-14,P111,151.0,97.9,0
2025-11-15,P111,101.0,97.91,0
2025-11-16,P111,45.0,97.92,0
2025-11-17,P111,194.0,97.94,0
2025-11-18,P111,152.0,97.95,0
2025-11-19,P111,196.0,97.97,0
2025-11-20,P111,184.0,97.98,0
2025-11-21,P111,150.0,98.0,0
2025-11-22,P111,105.0,98.01,0
2025-11-23,P111,84.0,98.03,1
2025-11-24,P111,420.0,98.04,1
2025-11-25,P111,163.0,98.06,0
2025-11-26,P111,189.0,98.07,0
2025-11-27,P111,159.0,98.09,0
2025-11-28,P111,172.0,98.1,0
2025-11-29,P111,107.0,98.12,0
2025-11-30,P111,31.0,98.14,0
2025-12-01,P111,151.0,98.15,0
2025-12-02,P111,203.0,98.17,0
2025-12-03,P111,180.0,98.18,0
2025-12-04,P111,198.0,98.2,0
2025-12-05,P111,152.0,98.22,0
2025-12-06,P111,92.0,98.24,0
2025-12-07,P111,39.0,98.25,0
2025-12-08,P111,181.0,98.27,0
2025-12-09,P111,147.0,98.29,0
2025-12-10,P111,235.0,98.31,0
2025-12-11,P111,178.0,98.32,0
2025-12-12,P111,141.0,98.34,0
2025-12-13,P111,94.0,98.36,0
2025-12-14,P111,38.0,98.38,0
2025-12-15,P111,194.0,98.4,0
2025-12-16,P111,200.0,98.42,0
2025-12-17,P111,174.0,98.43,0
2025-12-18,P111,140.0,98.45,0
2025-12-19,P111,173.0,98.47,0
2025-12-20,P111,74.0,98.49,0
2025-12-21,P111,41.0,98.51,0
2025-12-22,P111,160.0,98.53,0
2025-12-23,P111,193.0,98.55,0
2025-12-24,P111,164.0,98.57,0
2025-12-25,P111,162.0,98.59,0
2025-12-26,P111,148.0,98.61,0
2025-12-27,P111,96.0,98.63,0
2025-12-28,P111,33.0,98.65,0
2025-12-29,P111,186.0,98.67,0
2025-12-30,P111,166.0,98.69,0
2025-12-31,P111,170.0,98.71,0
2023-01-01,P112,6.0,174.92,0
2023-01-02,P112,26.0,174.96,0
2023-01-03,P112,37.0,175.0,0
2023-01-04,P112,31.0,175.04,0
2023-01-05,P112,39.0,175.08,0
2023-01-06,P112,35.0,175.12,0
2023-01-07,P112,15.0,175.15,0
2023-01-08,P112,8.0,175.19,0
2023-01-09,P112,38.0,175.23,0
2023-01-10,P112,31.0,175.27,0
2023-01-11,P112,29.0,175.31,0
2023-01-12,P112,24.0,175.35,0
2023-01-13,P112,31.0,175.39,0
2023-01-14,P112,15.0,175.43,0
2023-01-15,P112,7.0,175.46,0
2023-01-16,P112,30.0,175.5,0
2023-01-17,P112,30.0,175.54,0
2023-01-18,P112,30.0,175.58,0
2023-01-19,P112,27.0,175.62,0
2023-01-20,P112,28.0,175.65,0
2023-01-21,P112,15.0,175.69,0
2023-01-22,P112,6.0,175.73,0
2023-01-23,P112,31.0,175.77,0
2023-01-24,P112,28.0,175.81,0
2023-01-25,P112,60.0,175.84,1
2023-01-26,P112,30.0,175.88,0
2023-01-27,P112,34.0,175.92,0
2023-01-28,P112,16.0,175.96,0
2023-01-29,P112,6.0,175.99,0
2023-01-30,P112,29.0,176.03,0
2023-01-31,P112,34.0,176.07,0
2023-02-01,P112,31.0,176.1,0
2023-02-02,P112,33.0,176.14,0
2023-02-03,P112,33.0,176.18,0
2023-02-04,P112,32.0,176.21,1
2023-02-05,P112,7.0,176.25,0
2023-02-06,P112,32.0,176.28,0
2023-02-07,P112,32.0,176.32,0
2023-02-08,P112,29.0,176.36,0
2023-02-09,P112,28.0,176.39,0
2023-02-10,P112,45.0,176.43,1
2023-02-11,P112,14.0,176.46,0
2023-02-12,P112,6.0,176.5,0
2023-02-13,P112,29.0,176.53,0
2023-02-14,P112,28.0,176.56,0
2023-02-15,P112,31.0,176.6,0
2023-02-16,P112,29.0,176.63,0
2023-02-17,P112,28.0,176.67,0
2023-02-18,P112,14.0,176.7,0
2023-02-19,P112,6.0,176.73,0
2023-02-20,P112,28.0,176.77,0
2023-02-21,P112,32.0,176.8,0
2023-02-22,P112,28.0,176.83,0
2023-02-23,P112,29.0,176.86,0
2023-02-24,P112,23.0,176.9,0
2023-02-25,P112,31.0,176.93,1
2023-02-26,P112,5.0,176.96,0
2023-02-27,P112,25.0,176.99,0
2023-02-28,P112,25.0,177.02,0
2023-03-01,P112,24.0,177.05,0
2023-03-02,P112,26.0,177.08,0
2023-03-03,P112,30.0,177.12,0
2023-03-04,P112,13.0,177.15,0
2023-03-05,P112,4.0,177.18,0
2023-03-06,P112,28.0,177.21,0
2023-03-07,P112,25.0,177.23,0
2023-03-08,P112,30.0,177.26,0
2023-03-09,P112,26.0,177.29,0
2023-03-10,P112,25.0,177.32,0
2023-03-11,P112,16.0,177.35,0
2023-03-12,P112,6.0,177.38,0
2023-03-13,P112,23.0,177.4,0
2023-03-14,P112,24.0,177.43,0
2023-03-15,P112,22.0,177.46,0
2023-03-16,P112,34.0,177.48,0
2023-03-17,P112,23.0,177.51,0
2023-03-18,P112,15.0,177.54,0
2023-03-19,P112,5.0,177.56,0
2023-03-20,P112,23.0,177.59,0
2023-03-21,P112,27.0,177.61,0
2023-03-22,P112,26.0,177.64,0
2023-03-23,P112,28.0,177.66,0
2023-03-24,P112,27.0,177.69,0
2023-03-25,P112,13.0,177.71,0
2023-03-26,P112,8.0,177.73,1
2023-03-27,P112,22.0,177.76,0
2023-03-28,P112,20.0,177.78,0
2023-03-29,P112,25.0,177.8,0
2023-03-30,P112,25.0,177.82,0
2023-03-31,P112,21.0,177.84,0
2023-04-01,P112,11.0,177.87,0
2023-04-02,P112,5.0,177.89,0
2023-04-03,P112,23.0,177.91,0
2023-04-04,P112,25.0,177.93,0
2023-04-05,P112,24.0,177.95,0
2023-04-06,P112,25.0,177.97,0
2023-04-07,P112,22.0,177.98,0
2023-04-08,P112,12.0,178.0,0
2023-04-09,P112,4.0,178.02,0
2023-04-10,P112,25.0,178.04,0
2023-04-11,P112,26.0,178.06,0
2023-04-12,P112,25.0,178.07,0
2023-04-13,P112,29.0,178.09,0
2023-04-14,P112,24.0,178.11,0
2023-04-15,P112,12.0,178.12,0
2023-04-16,P112,5.0,178.14,0
2023-04-17,P112,30.0,178.15,0
2023-04-18,P112,26.0,178.17,0
2023-04-19,P112,19.0,178.18,0
2023-04-20,P112,25.0,178.2,0
2023-04-21,P112,21.0,178.21,0
2023-04-22,P112,10.0,178.22,0
2023-04-23,P112,6.0,178.24,0
2023-04-24,P112,28.0,178.25,0
2023-04-25,P112,23.0,178.26,0
2023-04-26,P112,22.0,178.27,0
2023-04-27,P112,24.0,178.28,0
2023-04-28,P112,20.0,178.29,0
2023-04-29,P112,12.0,178.3,0
2023-04-30,P112,8.0,178.31,1
2023-05-01,P112,23.0,178.32,0
2023-05-02,P112,40.0,178.33,1
2023-05-03,P112,27.0,178.34,0
2023-05-04,P112,27.0,178.35,0
2023-05-05,P112,22.0,178.36,0
2023-05-06,P112,12.0,178.36,0
2023-05-07,P112,5.0,178.37,0
2023-05-08,P112,24.0,178.38,0
2023-05-09,P112,29.0,178.38,0
2023-05-10,P112,21.0,178.39,0
2023-05-11,P112,26.0,178.39,0
2023-05-12,P112,22.0,178.4,0
2023-05-13,P112,11.0,178.4,0
2023-05-14,p112 ,13.0,178.4,1
2023-05-15,P112,30.0,178.41,0
2023-05-16,P112,24.0,178.41,0
2023-05-17,P112,25.0,178.41,0
2023-05-18,P112,22.0,178.42,0
2023-05-19,P112,22.0,178.42,0
2023-05-20,P112,11.0,178.42,0
2023-05-21,P112,4.0,178.42,0
2023-05-22,P112,29.0,178.42,0
2023-05-23,P112,25.0,178.42,0
2023-05-24,P112,24.0,178.42,0
2023-05-25,P112,22.0,178.42,0
2023-05-26,P112,41.0,178.42,1
2023-05-27,P112,10.0,178.42,0
2023-05-28,P112,5.0,178.41,0
2023-05-29,P112,21.0,178.41,0
2023-05-30,P112,28.0,178.41,0
2023-05-31,P112,20.0,178.4,0
2023-06-01,P112,21.0,178.4,0
2023-06-02,P112,18.0,178.4,0
2023-06-03,P112,11.0,178.39,0
2023-06-04,P112,5.0,178.39,0
2023-06-05,P112,27.0,178.38,0
2023-06-06,P112,25.0,178.37,0
2023-06-07,P112,24.0,178.37,0
2023-06-08,P112,25.0,178.36,0
2023-06-09,P112,22.0,178.35,0
2023-06-10,P112,16.0,178.35,0
2023-06-11,P112,5.0,178.34,0
2023-06-12,P112,26.0,178.33,0
2023-06-13,P112,28.0,178.32,0
2023-06-14,P112,23.0,178.31,0
2023-06-15,P112,25.0,178.3,0
2023-06-16,P112,48.0,178.29,1
2023-06-17,P112,13.0,178.28,0
2023-06-18,P112,5.0,178.27,0
2023-06-19,P112,25.0,178.26,0
2023-06-20,P112,23.0,178.24,0
2023-06-21,P112,31.0,178.23,0
2023-06-22,P112,26.0,178.22,0
2023-06-23,P112,20.0,178.21,0
2023-06-24,P112,12.0,178.19,0
2023-06-25,P112,4.0,178.18,0
2023-06-26,P112,28.0,178.16,0
2023-06-27,P112,26.0,178.15,0
2023-06-28,P112,26.0,178.13,0
2023-06-29,P112,23.0,178.12,0
2023-06-30,P112,23.0,178.1,0
2023-07-01,P112,15.0,178.09,0
2023-07-02,P112,6.0,178.07,0
2023-07-03,P112,28.0,178.05,0
2023-07-04,P112,22.0,178.03,0
2023-07-05,P112,26.0,178.02,0
2023-07-06,P112,27.0,178.0,0
2023-07-07,P112,23.0,177.98,0
2023-07-08,P112,11.0,177.96,0
2023-07-09,P112,5.0,177.94,0
2023-07-10,P112,31.0,177.92,0
2023-07-11,P112,24.0,177.9,0
2023-07-12,P112,27.0,177.88,0
2023-07-13,P112,26.0,177.86,0
2023-07-14,P112,25.0,177.84,0
2023-07-15,P112,14.0,177.82,0
2023-07-16,P112,6.0,177.8,0
2023-07-17,P112,45.0,177.77,1
2023-07-18,P112,26.0,177.75,0
2023-07-19,P112,28.0,177.73,0
2023-07-20,P112,23.0,177.7,0
2023-07-21,P112,27.0,177.68,0
2023-07-22,P112,13.0,177.66,0
2023-07-23,P112,5.0,177.63,0
2023-07-24,P112,29.0,177.61,0
2023-07-25,P112,28.0,177.58,0
2023-07-26,P112,28.0,177.56,0
2023-07-27,P112,32.0,177.53,0
2023-07-28,P112,24.0,177.5,0
2023-07-29,P112,16.0,177.48,0
2023-07-30,P112,7.0,177.45,0
2023-07-31,P112,32.0,177.42,0
2023-08-01,P112,37.0,177.4,0
2023-08-02,P112,27.0,177.37,0
2023-08-03,P112,26.0,177.34,0
2023-08-04,P112,30.0,177.31,0
2023-08-05,P112,17.0,177.28,0
2023-08-06,P112,6.0,177.26,0
2023-08-07,P112,31.0,177.23,0
2023-08-08,P112,40.0,177.2,0
2023-08-09,P112,31.0,177.17,0
2023-08-10,P112,32.0,177.14,0
2023-08-11,P112,57.0,177.11,1
2023-08-12,P112,20.0,177.08,0
2023-08-13,P112,6.0,177.05,0
2023-08-14,P112,34.0,177.02,0
2023-08-15,P112,29.0,176.98,0
2023-08-16,P112,31.0,176.95,0
2023-08-17,P112,29.0,176.92,0
2023-08-18,P112,23.0,176.89,0
2023-08-19,P112,13.0,176.86,0
2023-08-20,P112,7.0,176.82,0
2023-08-21,P112,33.0,176.79,0
2023-08-22,P112,29.0,176.76,0
2023-08-23,P112,37.0,176.73,0
2023-08-24,P112,27.0,176.69,0
2023-08-25,P112,31.0,176.66,0
2023-08-26,P112,16.0,176.62,0
2023-08-27,P112,7.0,176.59,0
2023-08-28,P112,35.0,176.56,0
2023-08-29,P112,36.0,176.52,0
2023-08-30,P112,35.0,176.49,0
2023-08-31,P112,34.0,176.45,0
2023-09-01,P112,26.0,176.42,0
2023-09-02,P112,19.0,176.38,0
2023-09-03,P112,6.0,176.35,0
2023-09-04,P112,32.0,176.31,0
2023-09-05,P112,33.0,176.27,0
2023-09-06,P112,35.0,176.24,0
2023-09-07,P112,31.0,176.2,0
2023-09-08,P112,31.0,176.17,0
2023-09-09,P112,20.0,176.13,0
2023-09-10,P112,6.0,176.09,0
2023-09-11,P112,33.0,176.06,0
2023-09-12,P112,30.0,176.02,0
2023-09-13,P112,37.0,175.98,0
2023-09-14,P112,31.0,175.95,0
2023-09-15,P112,49.0,175.91,1
2023-09-16,P112,15.0,175.87,0
2023-09-17,P112,8.0,175.83,0
2023-09-18,P112,34.0,175.8,0
2023-09-19,P112,36.0,175.76,0
2023-09-20,P112,61.0,175.72,1
2023-09-21,P112,29.0,175.68,0
2023-09-22,P112,30.0,175.64,0
2023-09-23,P112,18.0,175.61,0
2023-09-24,P112,6.0,175.57,0
2023-09-25,P112,28.0,175.53,0
2023-09-26,P112,33.0,175.49,0
2023-09-27,P112,31.0,175.45,0
2023-09-28,P112,33.0,175.42,0
2023-09-29,P112,35.0,175.38,0
2023-09-30,P112,20.0,175.34,0
2023-10-01,P112,9.0,175.3,0
2023-10-02,P112,35.0,175.26,0
2023-10-03,P112,37.0,175.22,0
2023-10-04,P112,36.0,175.18,0
2023-10-05,P112,37.0,175.14,0
2023-10-06,P112,35.0,175.11,0
2023-10-07,P112,20.0,175.07,0
2023-10-08,P112,8.0,175.03,0
2023-10-09,P112,38.0,174.99,0
2023-10-10,P112,44.0,174.95,0
2023-10-11,P112,37.0,174.91,0
2023-10-12,P112,33.0,174.87,0
2023-10-13,P112,32.0,174.83,0
2023-10-14,P112,19.0,174.8,0
2023-10-15,P112,7.0,174.76,0
2023-10-16,P112,34.0,174.72,0
2023-10-17,P112,33.0,174.68,0
2023-10-18,P112,75.0,174.64,1
2023-10-19,P112,38.0,174.6,0
2023-10-20,P112,28.0,174.56,0
2023-10-21,P112,18.0,174.52,0
2023-10-22,P112,9.0,174.49,0
2023-10-23,P112,39.0,174.45,0
2023-10-24,P112,40.0,174.41,0
2023-10-25,P112,35.0,174.37,0
2023-10-26,P112,38.0,174.33,0
2023-10-27,P112,35.0,174.29,0
2023-10-28,P112,18.0,174.25,0
2023-10-29,P112,7.0,174.22,0
2023-10-30,P112,35.0,174.18,0
2023-10-31,P112,32.0,174.14,0
2023-11-01,P112,32.0,174.1,0
2023-11-02,P112,36.0,174.07,0
2023-11-03,P112,32.0,174.03,0
2023-11-04,P112,19.0,173.99,0
2023-11-05,P112,6.0,173.95,0
2023-11-06,P112,41.0,173.92,0
2023-11-07,P112,48.0,173.88,0
2023-11-08,P112,42.0,173.84,0
2023-11-09,P112,42.0,173.8,0
2023-11-10,P112,38.0,173.77,0
2023-11-11,P112,20.0,173.73,0
2023-11-12,P112,8.0,173.69,0
2023-11-13,P112,34.0,173.66,0
2023-11-14,P112,65.0,173.62,1
2023-11-15,P112,41.0,173.59,0
2023-11-16,P112,35.0,173.55,0
2023-11-17,P112,38.0,173.51,0
2023-11-18,P112,18.0,173.48,0
2023-11-19,P112,7.0,173.44,0
2023-11-20,P112,41.0,173.41,0
2023-11-21,P112,41.0,173.37,0
2023-11-22,P112,37.0,173.34,0
2023-11-23,P112,36.0,173.3,0
2023-11-24,P112,36.0,173.27,0
2023-11-25,P112,16.0,173.24,0
2023-11-26,P112,7.0,173.2,0
2023-11-27,P112,32.0,173.17,0
2023-11-28,P112,39.0,173.13,0
2023-11-29,P112,43.0,173.1,0
2023-11-30,P112,39.0,173.07,0
2023-12-01,P112,33.0,173.04,0
2023-12-02,P112,35.0,173.0,1
2023-12-03,P112,7.0,172.97,0
2023-12-04,P112,46.0,172.94,0
2023-12-05,P112,39.0,172.91,0
2023-12-06,P112,39.0,172.87,0
2023-12-07,P112,28.0,172.84,0
2023-12-08,P112,31.0,172.81,0
2023-12-09,P112,19.0,172.78,0
2023-12-10,P112,7.0,172.75,0
2023-12-11,P112,38.0,172.72,0
2023-12-12,P112,39.0,172.69,0
2023-12-13,P112,40.0,172.66,0
2023-12-14,P112,29.0,172.63,0
2023-12-15,P112,31.0,172.6,0
2023-12-16,P112,19.0,172.57,0
2023-12-17,P112,7.0,172.54,0
2023-12-18,P112,36.0,172.52,0
2023-12-19,P112,39.0,172.49,0
2023-12-20,P112,35.0,172.46,0
2023-12-21,P112,37.0,172.43,0
2023-12-22,P112,37.0,172.41,0
2023-12-23,P112,19.0,172.38,0
2023-12-24,P112,8.0,172.35,0
2023-12-25,P112,49.0,172.33,1
2023-12-26,P112,36.0,172.3,0
2023-12-27,P112,41.0,172.27,0
2023-12-28,P112,33.0,172.25,0
2023-12-29,P112,31.0,172.22,0
2023-12-30,P112,19.0,172.2,0
2023-12-31,P112,8.0,172.18,0
2024-01-01,P112,34.0,172.15,0
2024-01-02,P112,45.0,172.13,0
2024-01-03,P112,38.0,172.1,0
2024-01-04,P112,32.0,172.08,0
2024-01-05,P112,29.0,172.06,0
2024-01-06,P112,19.0,172.04,0
2024-01-07,P112,7.0,172.02,0
2024-01-08,P112,71.0,171.99,1
2024-01-09,P112,39.0,171.97,0
2024-01-10,P112,38.0,171.95,0
2024-01-11,P112,36.0,171.93,0
2024-01-12,P112,38.0,171.91,0
2024-01-13,P112,14.0,171.89,0
2024-01-14,P112,6.0,171.87,0
2024-01-15,P112,39.0,171.85,0
2024-01-16,P112,42.0,171.84,0
2024-01-17,P112,31.0,171.82,0
2024-01-18,P112,28.0,171.8,0
2024-01-19,P112,33.0,171.78,0
2024-01-20,P112,19.0,171.77,0
2024-01-21,P112,7.0,171.75,0
2024-01-22,P112,34.0,171.73,0
2024-01-23,P112,28.0,171.72,0
2024-01-24,P112,34.0,171.7,0
2024-01-25,P112,33.0,171.69,0
2024-01-26,P112,30.0,171.67,0
2024-01-27,P112,14.0,171.66,0
2024-01-28,P112,8.0,171.64,0
2024-01-29,P112,37.0,171.63,0
2024-01-30,P112,32.0,171.62,0
2024-01-31,P112,34.0,171.6,0
2024-02-01,P112,31.0,171.59,0
2024-02-02,P112,30.0,171.58,0
2024-02-03,P112,18.0,171.57,0
2024-02-04,P112,7.0,171.56,0
2024-02-05,P112,37.0,171.55,0
2024-02-06,P112,38.0,171.54,0
2024-02-07,P112,33.0,171.53,0
2024-02-08,P112,43.0,171.52,0
2024-02-09,P112,36.0,171.51,0
2024-02-10,P112,16.0,171.5,0
2024-02-11,P112,7.0,171.49,0
2024-02-12,P112,25.0,171.49,0
2024-02-13,P112,34.0,171.48,0
2024-02-14,P112,39.0,171.47,0
2024-02-15,P112,42.0,171.47,0
2024-02-16,P112,30.0,171.46,0
2024-02-17,P112,17.0,171.45,0
2024-02-18,P112,7.0,171.45,0
2024-02-19,P112,39.0,171.45,0
2024-02-20,P112,29.0,171.44,0
2024-02-21,P112,42.0,171.44,0
2024-02-22,P112,30.0,171.43,0
2024-02-23,P112,26.0,171.43,0
2024-02-24,P112,16.0,171.43,0
2024-02-25,P112,6.0,171.43,0
2024-02-26,P112,33.0,171.43,0
2024-02-27,P112,26.0,171.42,0
2024-02-28,P112,32.0,171.42,0
2024-02-29,P112,33.0,171.42,0
2024-03-01,P112,34.0,171.42,0
2024-03-02,P112,17.0,171.42,0
2024-03-03,P112,7.0,171.43,0
2024-03-04,P112,28.0,171.43,0
2024-03-05,P112,33.0,171.43,0
2024-03-06,P112,23.0,171.43,0
2024-03-07,P112,29.0,171.43,0
2024-03-08,P112,30.0,171.44,0
2024-03-09,P112,16.0,171.44,0
2024-03-10,P112,5.0,171.44,0
2024-03-11,P112,28.0,171.45,0
2024-03-12,P112,30.0,171.45,0
2024-03-13,P112,29.0,171.46,0
2024-03-14,P112,32.0,171.46,0
2024-03-15,P112,27.0,171.47,0
2024-03-16,P112,15.0,171.48,0
2024-03-17,P112,6.0,171.48,0
2024-03-18,P112,33.0,171.49,0
2024-03-19,P112,34.0,171.5,0
2024-03-20,P112,28.0,171.51,0
2024-03-21,P112,38.0,171.52,0
2024-03-22,P112,25.0,171.53,0
2024-03-23,P112,17.0,171.54,0
2024-03-24,P112,5.0,171.55,0
2024-03-25,P112,31.0,171.56,0
2024-03-26,P112,32.0,171.57,0
2024-03-27,P112,26.0,171.58,0
2024-03-28,P112,28.0,171.59,0
2024-03-29,P112,32.0,171.6,0
2024-03-30,P112,13.0,171.61,0
2024-03-31,P112,6.0,171.63,0
2024-04-01,P112,29.0,171.64,0
2024-04-02,P112,29.0,171.65,0
2024-04-03,P112,23.0,171.67,0
2024-04-04,P112,30.0,171.68,0
2024-04-05,P112,26.0,171.7,0
2024-04-06,P112,16.0,171.71,0
2024-04-07,P112,6.0,171.73,0
2024-04-08,P112,28.0,171.74,0
2024-04-09,P112,58.0,171.76,1
2024-04-10,P112,25.0,171.78,0
2024-04-11,P112,32.0,171.8,0
2024-04-12,P112,25.0,171.81,0
2024-04-13,P112,14.0,171.83,0
2024-04-14,P112,10.0,171.85,1
2024-04-15,P112,28.0,171.87,0
2024-04-16,P112,27.0,171.89,0
2024-04-17,P112,62.0,171.91,1
2024-04-18,P112,29.0,171.93,0
2024-04-19,P112,25.0,171.95,0
2024-04-20,P112,15.0,171.97,0
2024-04-21,P112,5.0,171.99,0
2024-04-22,P112,28.0,172.01,0
2024-04-23,P112,30.0,172.03,0
2024-04-24,P112,29.0,172.05,0
2024-04-25,P112,20.0,172.08,0
2024-04-26,P112,25.0,172.1,0
2024-04-27,P112,12.0,172.12,0
2024-04-28,P112,6.0,172.15,0
2024-04-29,P112,25.0,172.17,0
2024-04-30,P112,31.0,172.19,0
2024-05-01,P112,23.0,172.22,0
2024-05-02,P112,27.0,172.24,0
2024-05-03,P112,25.0,172.27,0
2024-05-04,P112,18.0,172.29,0
2024-05-05,P112,6.0,172.32,0
2024-05-06,P112,30.0,172.35,0
2024-05-07,P112,34.0,172.37,0
2024-05-08,P112,28.0,172.4,0
2024-05-09,P112,26.0,172.43,0
2024-05-10,P112,24.0,172.45,0
2024-05-11,P112,14.0,172.48,0
2024-05-12,P112,4.0,172.51,0
2024-05-13,P112,26.0,172.54,0
2024-05-14,P112,28.0,172.57,0
2024-05-15,P112,26.0,172.59,0
2024-05-16,P112,22.0,172.62,0
2024-05-17,P112,25.0,172.65,0
2024-05-18,P112,11.0,172.68,0
2024-05-19,P112,7.0,172.71,0
2024-05-20,P112,26.0,172.74,0
2024-05-21,P112,21.0,172.77,0
2024-05-22,P112,26.0,172.8,0
2024-05-23,P112,29.0,172.84,0
2024-05-24,P112,26.0,172.87,0
2024-05-25,P112,12.0,172.9,0
2024-05-26,P112,5.0,172.93,0
2024-05-27,P112,26.0,172.96,0
2024-05-28,P112,26.0,173.0,0
2024-05-29,P112,45.0,173.03,1
2024-05-30,P112,26.0,173.06,0
2024-05-31,P112,22.0,173.09,0
2024-06-01,P112,15.0,173.13,0
2024-06-02,P112,6.0,173.16,0
2024-06-03,P112,24.0,173.19,0
2024-06-04,P112,26.0,173.23,0
2024-06-05,P112,26.0,173.26,0
2024-06-06,P112,27.0,173.3,0
2024-06-07,P112,26.0,173.33,0
2024-06-08,P112,15.0,173.37,0
2024-06-09,P112,6.0,173.4,0
2024-06-10,P112,32.0,173.44,0
2024-06-11,P112,28.0,173.47,0
2024-06-12,P112,24.0,173.51,0
2024-06-13,P112,22.0,173.54,0
2024-06-14,P112,31.0,173.58,0
2024-06-15,P112,15.0,173.61,0
2024-06-16,P112,6.0,173.65,0
2024-06-17,P112,29.0,173.69,0
2024-06-18,P112,29.0,173.72,0
2024-06-19,P112,30.0,173.76,0
2024-06-20,P112,26.0,173.8,0
2024-06-21,P112,29.0,173.83,0
2024-06-22,P112,14.0,173.87,0
2024-06-23,P112,5.0,173.91,0
2024-06-24,P112,23.0,173.94,0
2024-06-25,P112,28.0,173.98,0
2024-06-26,P112,33.0,174.02,0
2024-06-27,P112,27.0,174.06,0
2024-06-28,P112,23.0,174.09,0
2024-06-29,P112,15.0,174.13,0
2024-06-30,P112,6.0,174.17,0
2024-07-01,P112,34.0,174.21,0
2024-07-02,P112,33.0,174.25,0
2024-07-03,P112,25.0,174.28,0
2024-07-04,P112,28.0,174.32,0
2024-07-05,P112,25.0,174.36,0
2024-07-06,P112,13.0,174.4,0
2024-07-07,P112,6.0,174.44,0
2024-07-08,P112,32.0,174.48,0
2024-07-09,P112,30.0,174.51,0
2024-07-10,P112,28.0,174.55,0
2024-07-11,P112,22.0,174.59,0
2024-07-12,P112,26.0,174.63,0
2024-07-13,P112,16.0,174.67,0
2024-07-14,P112,5.0,174.71,0
2024-07-15,P112,34.0,174.75,0
2024-07-16,P112,29.0,174.79,0
2024-07-17,P112,32.0,174.83,0
2024-07-18,P112,29.0,174.86,0
2024-07-19,P112,25.0,174.9,0
2024-07-20,P112,17.0,174.94,0
2024-07-21,P112,12.0,174.98,1
2024-07-22,P112,28.0,175.02,0
2024-07-23,P112,24.0,175.06,0
2024-07-24,P112,36.0,175.1,0
2024-07-25,P112,31.0,175.14,0
2024-07-26,P112,33.0,175.17,0
2024-07-27,P112,17.0,175.21,0
2024-07-28,P112,7.0,175.25,0
2024-07-29,P112,30.0,175.29,0
2024-07-30,P112,28.0,175.33,0
2024-07-31,P112,35.0,175.37,0
2024-08-01,P112,32.0,175.41,0
2024-08-02,P112,29.0,175.44,0
2024-08-03,P112,18.0,175.48,0
2024-08-04,P112,7.0,175.52,0
2024-08-05,P112,35.0,175.56,0
2024-08-06,P112,30.0,175.6,0
2024-08-07,P112,37.0,175.64,0
2024-08-08,P112,33.0,175.67,0
2024-08-09,P112,35.0,175.71,0
2024-08-10,P112,19.0,175.75,0
2024-08-11,P112,7.0,175.79,0
2024-08-12,P112,33.0,175.83,0
2024-08-13,P112,37.0,175.86,0
2024-08-14,P112,38.0,175.9,0
2024-08-15,P112,36.0,175.94,0
2024-08-16,P112,33.0,175.97,0
2024-08-17,P112,19.0,176.01,0
2024-08-18,P112,7.0,176.05,0
2024-08-19,P112,40.0,176.09,0
2024-08-20,P112,29.0,176.12,0
2024-08-21,P112,35.0,176.16,0
2024-08-22,P112,33.0,176.19,0
2024-08-23,P112,30.0,176.23,0
2024-08-24,P112,19.0,176.27,0
2024-08-25,P112,6.0,176.3,0
2024-08-26,P112,43.0,176.34,0
2024-08-27,P112,31.0,176.37,0
2024-08-28,P112,32.0,176.41,0
2024-08-29,P112,31.0,176.44,0
2024-08-30,P112,34.0,176.48,0
2024-08-31,P112,21.0,176.51,0
2024-09-01,P112,8.0,176.55,0
2024-09-02,P112,42.0,176.58,0
2024-09-03,P112,34.0,176.62,0
2024-09-04,P112,40.0,176.65,0
2024-09-05,P112,35.0,176.68,0
2024-09-06,P112,35.0,176.72,0
2024-09-07,P112,21.0,176.75,0
2024-09-08,P112,6.0,176.78,0
2024-09-09,P112,45.0,176.82,0
2024-09-10,P112,38.0,176.85,0
2024-09-11,P112,31.0,176.88,0
2024-09-12,P112,34.0,176.91,0
2024-09-13,P112,36.0,176.95,0
2024-09-14,P112,18.0,176.98,0
2024-09-15,P112,6.0,177.01,0
2024-09-16,P112,38.0,177.04,0
2024-09-17,P112,36.0,177.07,0
2024-09-18,P112,41.0,177.1,0
2024-09-19,P112,33.0,177.13,0
2024-09-20,P112,45.0,177.16,0
2024-09-21,P112,21.0,177.19,0
2024-09-22,P112,8.0,177.22,0
2024-09-23,P112,41.0,177.25,0
2024-09-24,P112,32.0,177.28,0
2024-09-25,P112,37.0,177.31,0
2024-09-26,P112,46.0,177.34,0
2024-09-27,P112,35.0,177.36,0
2024-09-28,P112,20.0,177.39,0
2024-09-29,P112,8.0,177.42,0
2024-09-30,P112,45.0,177.45,0
2024-10-01,P112,40.0,177.47,0
2024-10-02,P112,35.0,177.5,0
2024-10-03,P112,50.0,177.52,0
2024-10-04,P112,32.0,177.55,0
2024-10-05,P112,20.0,177.58,0
2024-10-06,P112,7.0,177.6,0
2024-10-07,P112,37.0,177.63,0
2024-10-08,P112,37.0,177.65,0
2024-10-09,P112,38.0,177.67,0
2024-10-10,P112,44.0,177.7,0
2024-10-11,P112,30.0,177.72,0
2024-10-12,P112,24.0,177.74,0
2024-10-13,P112,9.0,177.77,0
2024-10-14,P112,43.0,177.79,0
2024-10-15,P112,43.0,177.81,0
2024-10-16,P112,42.0,177.83,0
2024-10-17,P112,46.0,177.86,0
2024-10-18,P112,31.0,177.88,0
2024-10-19,P112,23.0,177.9,0
2024-10-20,P112,8.0,177.92,0
2024-10-21,P112,45.0,177.94,0
2024-10-22,P112,40.0,177.96,0
2024-10-23,P112,45.0,177.98,0
2024-10-24,P112,34.0,177.99,0
2024-10-25,P112,32.0,178.01,0
2024-10-26,P112,21.0,178.03,0
2024-10-27,P112,10.0,178.05,0
2024-10-28,P112,44.0,178.07,0
2024-10-29,P112,45.0,178.08,0
2024-10-30,P112,46.0,178.1,0
2024-10-31,P112,39.0,178.12,0
2024-11-01,P112,67.0,178.13,1
2024-11-02,P112,34.0,178.15,1
2024-11-03,P112,8.0,178.16,0
2024-11-04,P112,41.0,178.18,0
2024-11-05,P112,41.0,178.19,0
2024-11-06,P112,42.0,178.2,0
2024-11-07,P112,40.0,178.22,0
2024-11-08,P112,36.0,178.23,0
2024-11-09,P112,21.0,178.24,0
2024-11-10,P112,9.0,178.25,0
2024-11-11,P112,37.0,178.27,0
2024-11-12,P112,45.0,178.28,0
2024-11-13,P112,40.0,178.29,0
2024-11-14,P112,42.0,178.3,0
2024-11-15,P112,37.0,178.31,0
2024-11-16,P112,24.0,178.32,0
2024-11-17,P112,10.0,178.33,0
2024-11-18,P112,37.0,178.34,0
2024-11-19,P112,46.0,178.34,0
2024-11-20,P112,49.0,178.35,0
2024-11-21,P112,37.0,178.36,0
2024-11-22,P112,36.0,178.37,0
2024-11-23,P112,23.0,178.37,0
2024-11-24,P112,7.0,178.38,0
2024-11-25,P112,38.0,178.38,0
2024-11-26,P112,39.0,178.39,0
2024-11-27,P112,46.0,178.39,0
2024-11-28,P112,38.0,178.4,0
2024-11-29,P112,38.0,178.4,0
2024-11-30,P112,20.0,178.41,0
2024-12-01,P112,10.0,178.41,0
2024-12-02,P112,38.0,178.41,0
2024-12-03,P112,37.0,178.42,0
2024-12-04,P112,36.0,178.42,0
2024-12-05,P112,44.0,178.42,0
2024-12-06,P112,43.0,178.42,0
2024-12-07,P112,25.0,178.42,0
2024-12-08,P112,7.0,178.42,0
2024-12-09,P112,40.0,178.42,0
2024-12-10,P112,54.0,178.42,0
2024-12-11,P112,41.0,178.42,0
2024-12-12,P112,38.0,178.42,0
2024-12-13,P112,39.0,178.41,0
2024-12-14,P112,23.0,178.41,0
2024-12-15,P112,9.0,178.41,0
2024-12-16,P112,38.0,178.41,0
2024-12-17,P112,40.0,178.4,0
2024-12-18,P112,40.0,178.4,0
2024-12-19,P112,37.0,178.39,0
2024-12-20,P112,33.0,178.39,0
2024-12-21,P112,25.0,178.38,0
2024-12-22,P112,8.0,178.38,0
2024-12-23,P112,39.0,178.37,0
2024-12-24,P112,41.0,178.36,0
2024-12-25,P112,41.0,178.36,0
2024-12-26,P112,42.0,178.35,0
2024-12-27,P112,36.0,178.34,0
2024-12-28,P112,24.0,178.33,0
2024-12-29,P112,9.0,178.32,0
2024-12-30,P112,39.0,178.31,0
2024-12-31,P112,39.0,178.31,0
2025-01-01,P112,46.0,178.29,0
2025-01-02,P112,39.0,178.28,0
2025-01-03,P112,33.0,178.27,0
2025-01-04,P112,23.0,178.26,0
2025-01-05,P112,8.0,178.25,0
2025-01-06,P112,44.0,178.24,0
2025-01-07,P112,64.0,178.23,1
2025-01-08,P112,39.0,178.21,0
2025-01-09,P112,44.0,178.2,0
2025-01-10,P112,37.0,178.19,0
2025-01-11,P112,22.0,178.17,0
2025-01-12,P112,7.0,178.16,0
2025-01-13,P112,41.0,178.14,0
2025-01-14,P112,41.0,178.13,0
2025-01-15,P112,41.0,178.11,0
2025-01-16,P112,47.0,178.09,0
2025-01-17,P112,42.0,178.08,0
2025-01-18,P112,22.0,178.06,0
2025-01-19,P112,9.0,178.04,0
2025-01-20,P112,35.0,178.03,0
2025-01-21,P112,38.0,178.01,0
2025-01-22,P112,33.0,177.99,0
2025-01-23,P112,33.0,177.97,0
2025-01-24,P112,33.0,177.95,0
2025-01-25,P112,20.0,177.93,0
2025-01-26,P112,11.0,177.91,1
2025-01-27,P112,38.0,177.89,0
2025-01-28,P112,39.0,177.87,0
2025-01-29,P112,34.0,177.85,0
2025-01-30,P112,43.0,177.83,0
2025-01-31,P112,30.0,177.81,0
2025-02-01,P112,22.0,177.78,0
2025-02-02,P112,6.0,177.76,0
2025-02-03,P112,37.0,177.74,0
2025-02-04,P112,33.0,177.72,0
2025-02-05,P112,35.0,177.69,0
2025-02-06,P112,44.0,177.67,0
2025-02-07,P112,33.0,177.64,0
2025-02-08,P112,17.0,177.62,0
2025-02-09,P112,8.0,177.59,0
2025-02-10,P112,35.0,177.57,0
2025-02-11,P112,38.0,177.54,0
2025-02-12,P112,33.0,177.52,0
2025-02-13,P112,32.0,177.49,0
2025-02-14,P112,31.0,177.46,0
2025-02-15,P112,20.0,177.44,0
2025-02-16,P112,7.0,177.41,0
2025-02-17,P112,31.0,177.38,0
2025-02-18,P112,37.0,177.36,0
2025-02-19,P112,55.0,177.33,1
2025-02-20,P112,37.0,177.3,0
2025-02-21,P112,31.0,177.27,0
2025-02-22,P112,18.0,177.24,0
2025-02-23,P112,8.0,177.21,0
2025-02-24,P112,31.0,177.18,0
2025-02-25,P112,39.0,177.15,0
2025-02-26,P112,35.0,177.12,0
2025-02-27,P112,30.0,177.09,0
2025-02-28,P112,28.0,177.06,0
2025-03-01,P112,18.0,177.03,0
2025-03-02,P112,7.0,177.0,0
2025-03-03,P112,37.0,176.97,0
2025-03-04,P112,34.0,176.94,0
2025-03-05,P112,36.0,176.9,0
2025-03-06,P112,30.0,176.87,0
2025-03-07,P112,32.0,176.84,0
2025-03-08,P112,20.0,176.81,0
2025-03-09,P112,7.0,176.77,0
2025-03-10,P112,31.0,176.74,0
2025-03-11,P112,31.0,176.71,0
2025-03-12,P112,34.0,176.67,0
2025-03-13,P112,77.0,176.64,1
2025-03-14,P112,26.0,176.61,0
2025-03-15,P112,17.0,176.57,0
2025-03-16,P112,5.0,176.54,0
2025-03-17,P112,31.0,176.5,0
2025-03-18,P112,35.0,176.47,0
2025-03-19,P112,27.0,176.43,0
2025-03-20,P112,30.0,176.4,0
2025-03-21,P112,53.0,176.36,1
2025-03-22,P112,17.0,176.33,0
2025-03-23,P112,7.0,176.29,0
2025-03-24,P112,28.0,176.26,0
2025-03-25,P112,34.0,176.22,0
2025-03-26,P112,30.0,176.18,0
2025-03-27,P112,34.0,176.15,0
2025-03-28,P112,22.0,176.11,0
2025-03-29,P112,16.0,176.07,0
2025-03-30,P112,7.0,176.04,0
2025-03-31,P112,36.0,176.0,0
2025-04-01,P112,33.0,175.96,0
2025-04-02,P112,32.0,175.93,0
2025-04-03,P112,32.0,175.89,0
2025-04-04,P112,33.0,175.85,0
2025-04-05,P112,15.0,175.81,0
2025-04-06,P112,5.0,175.78,0
2025-04-07,P112,25.0,175.74,0
2025-04-08,P112,34.0,175.7,0
2025-04-09,P112,32.0,175.66,0
2025-04-10,P112,29.0,175.63,0
2025-04-11,P112,27.0,175.59,0
2025-04-12,P112,16.0,175.55,0
2025-04-13,P112,6.0,175.51,0
2025-04-14,P112,32.0,175.47,0
2025-04-15,P112,28.0,175.43,0
2025-04-16,P112,25.0,175.4,0
2025-04-17,P112,27.0,175.36,0
2025-04-18,P112,24.0,175.32,0
2025-04-19,P112,13.0,175.28,0
2025-04-20,P112,7.0,175.24,0
2025-04-21,P112,22.0,175.2,0
2025-04-22,P112,33.0,175.16,0
2025-04-23,P112,33.0,175.12,0
2025-04-24,P112,33.0,175.09,0
2025-04-25,P112,29.0,175.05,0
2025-04-26,P112,18.0,175.01,0
2025-04-27,P112,7.0,174.97,0
2025-04-28,P112,29.0,174.93,0
2025-04-29,P112,32.0,174.89,0
2025-04-30,P112,34.0,174.85,0
2025-05-01,P112,26.0,174.81,0
2025-05-02,P112,27.0,174.78,0
2025-05-03,P112,14.0,174.74,0
2025-05-04,P112,6.0,174.7,0
2025-05-05,P112,23.0,174.66,0
2025-05-06,P112,35.0,174.62,0
2025-05-07,P112,32.0,174.58,0
2025-05-08,P112,31.0,174.54,0
2025-05-09,P112,20.0,174.5,0
2025-05-10,P112,13.0,174.47,0
2025-05-11,P112,7.0,174.43,0
2025-05-12,P112,29.0,174.39,0
2025-05-13,P112,25.0,174.35,0
2025-05-14,P112,31.0,174.31,0
2025-05-15,P112,31.0,174.27,0
2025-05-16,P112,29.0,174.24,0
2025-05-17,P112,15.0,174.2,0
2025-05-18,P112,7.0,174.16,0
2025-05-19,P112,27.0,174.12,0
2025-05-20,P112,32.0,174.08,0
2025-05-21,P112,30.0,174.05,0
2025-05-22,P112,29.0,174.01,0
2025-05-23,P112,27.0,173.97,0
2025-05-24,P112,15.0,173.93,0
2025-05-25,P112,6.0,173.9,0
2025-05-26,P112,29.0,173.86,0
2025-05-27,P112,33.0,173.82,0
2025-05-28,P112,28.0,173.79,0
2025-05-29,P112,34.0,173.75,0
2025-05-30,P112,26.0,173.71,0
2025-05-31,P112,17.0,173.68,0
2025-06-01,P112,7.0,173.64,0
2025-06-02,P112,61.0,173.6,1
2025-06-03,P112,31.0,173.57,0
2025-06-04,P112,28.0,173.53,0
2025-06-05,P112,28.0,173.5,0
2025-06-06,P112,29.0,173.46,0
2025-06-07,P112,15.0,173.43,0
2025-06-08,P112,7.0,173.39,0
2025-06-09,P112,29.0,173.36,0
2025-06-10,P112,30.0,173.32,0
2025-06-11,P112,25.0,173.29,0
2025-06-12,P112,32.0,173.25,0
2025-06-13,P112,30.0,173.22,0
2025-06-14,P112,17.0,173.18,0
2025-06-15,P112,15.0,173.15,1
2025-06-16,P112,33.0,173.12,0
2025-06-17,P112,35.0,173.08,0
2025-06-18,P112,33.0,173.05,0
2025-06-19,P112,33.0,173.02,0
2025-06-20,P112,23.0,172.99,0
2025-06-21,P112,14.0,172.95,0
2025-06-22,P112,6.0,172.92,0
2025-06-23,P112,35.0,172.89,0
2025-06-24,P112,30.0,172.86,0
2025-06-25,P112,30.0,172.83,0
2025-06-26,P112,31.0,172.8,0
2025-06-27,P112,26.0,172.77,0
2025-06-28,P112,17.0,172.73,0
2025-06-29,P112,5.0,172.7,0
2025-06-30,P112,28.0,172.67,0
2025-07-01,P112,34.0,172.65,0
2025-07-02,P112,28.0,172.62,0
2025-07-03,P112,36.0,172.59,0
2025-07-04,P112,30.0,172.56,0
2025-07-05,P112,19.0,172.53,0
2025-07-06,P112,7.0,172.5,0
2025-07-07,P112,32.0,172.47,0
2025-07-08,P112,30.0,172.45,0
2025-07-09,P112,37.0,172.42,0
2025-07-10,P112,34.0,172.39,0
2025-07-11,P112,38.0,172.36,0
2025-07-12,P112,19.0,172.34,0
2025-07-13,P112,7.0,172.31,0
2025-07-14,P112,34.0,172.29,0
2025-07-15,P112,36.0,172.26,0
2025-07-16,P112,38.0,172.24,0
2025-07-17,P112,38.0,172.21,0
2025-07-18,P112,31.0,172.19,0
2025-07-19,P112,15.0,172.16,0
2025-07-20,P112,6.0,172.14,0
2025-07-21,P112,30.0,172.12,0
2025-07-22,P112,33.0,172.09,0
2025-07-23,P112,41.0,172.07,0
2025-07-24,P112,40.0,172.05,0
2025-07-25,P112,36.0,172.03,0
2025-07-26,P112,20.0,172.0,0
2025-07-27,P112,7.0,171.98,0
2025-07-28,P112,29.0,171.96,0
2025-07-29,P112,32.0,171.94,0
2025-07-30,P112,28.0,171.92,0
2025-07-31,P112,31.0,171.9,0
2025-08-01,P112,32.0,171.88,0
2025-08-02,P112,19.0,171.86,0
2025-08-03,P112,8.0,171.84,0
2025-08-04,P112,33.0,171.83,0
2025-08-05,P112,40.0,171.81,0
2025-08-06,P112,34.0,171.79,0
2025-08-07,P112,36.0,171.77,0
2025-08-08,P112,30.0,171.76,0
2025-08-09,P112,21.0,171.74,0
2025-08-10,P112,8.0,171.72,0
2025-08-11,P112,40.0,171.71,0
2025-08-12,P112,33.0,171.69,0
2025-08-13,P112,38.0,171.68,0
2025-08-14,P112,39.0,171.66,0
2025-08-15,P112,27.0,171.65,0
2025-08-16,P112,22.0,171.64,0
2025-08-17,P112,7.0,171.62,0
2025-08-18,P112,39.0,171.61,0
2025-08-19,P112,47.0,171.6,0
2025-08-20,P112,43.0,171.59,0
2025-08-21,P112,32.0,171.57,0
2025-08-22,P112,35.0,171.56,0
2025-08-23,P112,23.0,171.55,0
2025-08-24,P112,7.0,171.54,0
2025-08-25,P112,37.0,171.53,0
2025-08-26,P112,39.0,171.52,0
2025-08-27,P112,72.0,171.51,1
2025-08-28,P112,32.0,171.51,0
2025-08-29,P112,40.0,171.5,0
2025-08-30,P112,19.0,171.49,0
2025-08-31,P112,8.0,171.48,0
2025-09-01,P112,39.0,171.48,0
2025-09-02,P112,44.0,171.47,0
2025-09-03,P112,41.0,171.46,0
2025-09-04,P112,46.0,171.46,0
2025-09-05,P112,42.0,171.45,0
2025-09-06,P112,36.0,171.45,1
2025-09-07,P112,10.0,171.44,0
2025-09-08,P112,42.0,171.44,0
2025-09-09,P112,43.0,171.44,0
2025-09-10,P112,46.0,171.43,0
2025-09-11,P112,36.0,171.43,0
2025-09-12,P112,33.0,171.43,0
2025-09-13,P112,21.0,171.43,0
2025-09-14,P112,8.0,171.42,0
2025-09-15,P112,51.0,171.42,0
2025-09-16,P112,40.0,171.42,0
2025-09-17,P112,43.0,171.42,0
2025-09-18,P112,42.0,171.42,0
2025-09-19,P112,45.0,171.42,0
2025-09-20,P112,19.0,171.43,0
2025-09-21,P112,-7.0,171.43,0
2025-09-22,P112,49.0,171.43,0
2025-09-23,P112,45.0,171.43,0
2025-09-24,P112,47.0,171.44,0
2025-09-25,P112,46.0,171.44,0
2025-09-26,P112,45.0,171.44,0
2025-09-27,P112,21.0,171.45,0
2025-09-28,P112,8.0,171.45,0
2025-09-29,P112,34.0,171.46,0
2025-09-30,P112,40.0,171.46,0
2025-10-01,P112,45.0,171.47,0
2025-10-02,P112,40.0,171.47,0
2025-10-03,P112,36.0,171.48,0
2025-10-04,P112,23.0,171.49,0
2025-10-05,P112,10.0,171.5,0
2025-10-06,P112,44.0,171.5,0
2025-10-07,P112,40.0,171.51,0
2025-10-08,P112,51.0,171.52,0
2025-10-09,P112,40.0,171.53,0
2025-10-10,P112,81.0,171.54,1
2025-10-11,P112,22.0,171.55,0
2025-10-12,P112,9.0,171.56,0
2025-10-13,P112,52.0,171.57,0
2025-10-14,P112,39.0,171.58,0
2025-10-15,P112,40.0,171.6,0
2025-10-16,P112,43.0,171.61,0
2025-10-17,P112,42.0,171.62,0
2025-10-18,P112,30.0,171.63,0
2025-10-19,P112,8.0,171.65,0
2025-10-20,P112,39.0,171.66,0
2025-10-21,P112,42.0,171.68,0
2025-10-22,P112,47.0,171.69,0
2025-10-23,P112,47.0,171.71,0
2025-10-24,P112,40.0,171.72,0
2025-10-25,P112,39.0,171.74,1
2025-10-26,P112,11.0,171.75,0
2025-10-27,P112,46.0,171.77,0
2025-10-28,P112,49.0,171.79,0
2025-10-29,P112,56.0,171.8,0
2025-10-30,P112,42.0,171.82,0
2025-10-31,P112,40.0,171.84,0
2025-11-01,P112,23.0,171.86,0
2025-11-02,P112,9.0,171.88,0
2025-11-03,P112,37.0,171.9,0
2025-11-04,P112,48.0,171.92,0
2025-11-05,P112,48.0,171.94,0
2025-11-06,P112,45.0,171.96,0
2025-11-07,P112,45.0,171.98,0
2025-11-08,P112,25.0,172.0,0
2025-11-09,P112,8.0,172.02,0
2025-11-10,P112,48.0,172.04,0
2025-11-11,P112,51.0,172.07,0
2025-11-12,P112,39.0,172.09,0
2025-11-13,P112,53.0,172.11,0
2025-11-14,P112,38.0,172.13,0
2025-11-15,P112,21.0,172.16,0
2025-11-16,P112,10.0,172.18,0
2025-11-17,P112,49.0,172.21,0
2025-11-18,P112,52.0,172.23,0
2025-11-19,P112,50.0,172.26,0
2025-11-20,P112,43.0,172.28,0
2025-11-21,P112,44.0,172.31,0
2025-11-22,P112,23.0,172.33,0
2025-11-23,P112,10.0,172.36,0
2025-11-24,P112,47.0,172.39,0
2025-11-25,P112,45.0,172.41,0
2025-11-26,P112,45.0,172.44,0
2025-11-27,P112,37.0,172.47,0
2025-11-28,P112,48.0,172.5,0
2025-11-29,P112,25.0,172.52,0
2025-11-30,P112,7.0,172.55,0
2025-12-01,P112,50.0,172.58,0
2025-12-02,P112,48.0,172.61,0
2025-12-03,P112,42.0,172.64,0
2025-12-04,P112,41.0,172.67,0
2025-12-05,P112,40.0,172.7,0
2025-12-06,P112,22.0,172.73,0
2025-12-07,P112,9.0,172.76,0
2025-12-08,P112,55.0,172.79,0
2025-12-09,P112,50.0,172.82,0
2025-12-10,P112,57.0,172.85,0
2025-12-11,P112,47.0,172.88,0
2025-12-12,P112,46.0,172.92,0
2025-12-13,P112,22.0,172.95,0
2025-12-14,P112,9.0,172.98,0
2025-12-15,P112,45.0,173.01,0
2025-12-16,P112,51.0,173.04,0
2025-12-17,P112,46.0,173.08,0
2025-12-18,P112,47.0,173.11,0
2025-12-19,P112,45.0,173.14,0
2025-12-20,P112,23.0,173.18,0
2025-12-21,P112,9.0,173.21,0
2025-12-22,P112,42.0,173.25,0
2025-12-23,P112,53.0,173.28,0
2025-12-24,P112,45.0,173.31,0
2025-12-25,P112,46.0,173.35,0
2025-12-26,P112,42.0,173.38,0
2025-12-27,P112,26.0,173.42,0
2025-12-28,P112,7.0,173.45,0
2025-12-29,P112,78.0,173.49,1
2025-12-30,P112,40.0,173.52,0
2025-12-31,P112,48.0,173.56,0
2025-12-11,P103,48.0,37.52,0
2024-04-02,P105,35.0,202.36,0
2023-04-15,P111,44.0,101.3,0
2024-10-08,P103,74.0,38.55,1
2025-06-25,P105,37.0,203.74,0
2023-12-19,P106,77.0,25.85,0
2025-05-23,P109,44.0,43.69,0
2024-10-14,P109,79.0,44.65,0
2025-05-03,P103,29.0,37.92,0
2024-11-14,P107,30.0,136.52,0
